campaign_id,role,pair_id,run_id,load,policy,rng_seed,rng_run,crn_stream_base,expected_stream_contract_hash,expected_config_hash,output_directory,git_commit,git_tag,analysis_version,status,reserve_rank,attempt,failure_reason
followup_status_priority_evaluation_v1_20260904,EVALUATION,LOW-E1001,eval-low-fifo-e1001,LOW,FIFO,20260904,1001,1001000000,38924f1ccd42081e729bafba082abe42d90f5bc289eab9f2bb4842db0aa91b42,5bb85e4ad0dc97e9871bb0d3889184dbeab46162e37e842525c575066d929250,external_inputs/eval-low-fifo-e1001,ec84414f367b0f525a700c30d13986667e17e1d8,followup-status-priority-production-freeze-v2,fixed-sequence-v1,VALIDATED,,1,
followup_status_priority_evaluation_v1_20260904,EVALUATION,LOW-E1001,eval-low-policy-e1001,LOW,STATUS_PRIORITY_NON_DROPPING,20260904,1001,1001000000,38924f1ccd42081e729bafba082abe42d90f5bc289eab9f2bb4842db0aa91b42,7c5068e1ce22c1cae1ac765a3c5da4b6f59774672baf0344bf2db3575da4b6a2,external_inputs/eval-low-policy-e1001,ec84414f367b0f525a700c30d13986667e17e1d8,followup-status-priority-production-freeze-v2,fixed-sequence-v1,VALIDATED,,1,
followup_status_priority_evaluation_v1_20260904,EVALUATION,LOW-E1002,eval-low-fifo-e1002,LOW,FIFO,20260904,1002,1002000000,e8f6338310b68787ca61fee716f9d1b25535cab7caff962ce74418a03c89b459,6f1ab19a43a894a670ad71f23c88b3281a9f0d893238225460d3986933a05bc7,external_inputs/eval-low-fifo-e1002,ec84414f367b0f525a700c30d13986667e17e1d8,followup-status-priority-production-freeze-v2,fixed-sequence-v1,VALIDATED,,1,
followup_status_priority_evaluation_v1_20260904,EVALUATION,LOW-E1002,eval-low-policy-e1002,LOW,STATUS_PRIORITY_NON_DROPPING,20260904,1002,1002000000,e8f6338310b68787ca61fee716f9d1b25535cab7caff962ce74418a03c89b459,1883bc72bf3643cb905603052daddbdcc59c624161d90bdadda92130a35caeb3,external_inputs/eval-low-policy-e1002,ec84414f367b0f525a700c30d13986667e17e1d8,followup-status-priority-production-freeze-v2,fixed-sequence-v1,VALIDATED,,1,
followup_status_priority_evaluation_v1_20260904,EVALUATION,LOW-E1003,eval-low-fifo-e1003,LOW,FIFO,20260904,1003,1003000000,64730724b31c7dd2f0bcc9abfcf14f25d3710635624a281280ed1d3959a4375a,0c435763d0e4c5a0da753b02bde465faeccc22051ef0a9251b6e4f54357b01dc,external_inputs/eval-low-fifo-e1003,ec84414f367b0f525a700c30d13986667e17e1d8,followup-status-priority-production-freeze-v2,fixed-sequence-v1,VALIDATED,,1,
followup_status_priority_evaluation_v1_20260904,EVALUATION,LOW-E1003,eval-low-policy-e1003,LOW,STATUS_PRIORITY_NON_DROPPING,20260904,1003,1003000000,64730724b31c7dd2f0bcc9abfcf14f25d3710635624a281280ed1d3959a4375a,1cc4960c608f8d989e04fbf9a200c1b0d150e9cc9870c92cd0234e4b107bf825,external_inputs/eval-low-policy-e1003,ec84414f367b0f525a700c30d13986667e17e1d8,followup-status-priority-production-freeze-v2,fixed-sequence-v1,VALIDATED,,1,
followup_status_priority_evaluation_v1_20260904,EVALUATION,LOW-E1004,eval-low-fifo-e1004,LOW,FIFO,20260904,1004,1004000000,97996cafd5deed3eeeb13e802048489d2a01567ea4a307b590145344c5a0a25c,cd2e7b5fcaf83a57134a77e0cb1e21cde2bb9c8aff711dcb7465080147721314,external_inputs/eval-low-fifo-e1004,ec84414f367b0f525a700c30d13986667e17e1d8,followup-status-priority-production-freeze-v2,fixed-sequence-v1,VALIDATED,,1,
followup_status_priority_evaluation_v1_20260904,EVALUATION,LOW-E1004,eval-low-policy-e1004,LOW,STATUS_PRIORITY_NON_DROPPING,20260904,1004,1004000000,97996cafd5deed3eeeb13e802048489d2a01567ea4a307b590145344c5a0a25c,48243634bb4411ff64797c69c0257223cc3ffae7958d7409d8064c18d239ec6b,external_inputs/eval-low-policy-e1004,ec84414f367b0f525a700c30d13986667e17e1d8,followup-status-priority-production-freeze-v2,fixed-sequence-v1,VALIDATED,,1,
followup_status_priority_evaluation_v1_20260904,EVALUATION,LOW-E1005,eval-low-fifo-e1005,LOW,FIFO,20260904,1005,1005000000,e0fe80c8fe0dfb4b3ee7bca313e523081a68d3eca065df789c1a06175b6cec41,c1da816c661ec48eb8e217019dc187ef9ee929eb37afc7902faf9b86152bc30a,external_inputs/eval-low-fifo-e1005,ec84414f367b0f525a700c30d13986667e17e1d8,followup-status-priority-production-freeze-v2,fixed-sequence-v1,VALIDATED,,1,
followup_status_priority_evaluation_v1_20260904,EVALUATION,LOW-E1005,eval-low-policy-e1005,LOW,STATUS_PRIORITY_NON_DROPPING,20260904,1005,1005000000,e0fe80c8fe0dfb4b3ee7bca313e523081a68d3eca065df789c1a06175b6cec41,1a0152b1b568d71d9870af82e77950880a3f261f9c782f14a1a77ac50ad0ba87,external_inputs/eval-low-policy-e1005,ec84414f367b0f525a700c30d13986667e17e1d8,followup-status-priority-production-freeze-v2,fixed-sequence-v1,VALIDATED,,1,
followup_status_priority_evaluation_v1_20260904,EVALUATION,LOW-E1006,eval-low-fifo-e1006,LOW,FIFO,20260904,1006,1006000000,9c4e78a2427671796c0798961816d157392dc1b65eb0c6827ef9c4b29f6e4843,564ff72143336f60dcc460e346f634d4ffa9f74016b8e934e4e0230e4a720fe0,external_inputs/eval-low-fifo-e1006,ec84414f367b0f525a700c30d13986667e17e1d8,followup-status-priority-production-freeze-v2,fixed-sequence-v1,VALIDATED,,1,
followup_status_priority_evaluation_v1_20260904,EVALUATION,LOW-E1006,eval-low-policy-e1006,LOW,STATUS_PRIORITY_NON_DROPPING,20260904,1006,1006000000,9c4e78a2427671796c0798961816d157392dc1b65eb0c6827ef9c4b29f6e4843,4611c226f42ea30f8bea8b045402bd32b4a41d36f1a2ba9986fd0d0381b1af9f,external_inputs/eval-low-policy-e1006,ec84414f367b0f525a700c30d13986667e17e1d8,followup-status-priority-production-freeze-v2,fixed-sequence-v1,VALIDATED,,1,
followup_status_priority_evaluation_v1_20260904,EVALUATION,LOW-E1007,eval-low-fifo-e1007,LOW,FIFO,20260904,1007,1007000000,a42126bb010b80925d200dfa8b49d09534a988ba78ef1692ae94be6b38fefcd5,efc648da4f4e41f284acbdfb58c3918f190397ed4b889dcc4a1011636565c9f8,external_inputs/eval-low-fifo-e1007,ec84414f367b0f525a700c30d13986667e17e1d8,followup-status-priority-production-freeze-v2,fixed-sequence-v1,VALIDATED,,1,
followup_status_priority_evaluation_v1_20260904,EVALUATION,LOW-E1007,eval-low-policy-e1007,LOW,STATUS_PRIORITY_NON_DROPPING,20260904,1007,1007000000,a42126bb010b80925d200dfa8b49d09534a988ba78ef1692ae94be6b38fefcd5,040d54a9517a825342c5dc59b379f2a768028c4dc6da7f160cd8cef6c675c18c,external_inputs/eval-low-policy-e1007,ec84414f367b0f525a700c30d13986667e17e1d8,followup-status-priority-production-freeze-v2,fixed-sequence-v1,VALIDATED,,1,
followup_status_priority_evaluation_v1_20260904,EVALUATION,LOW-E1008,eval-low-fifo-e1008,LOW,FIFO,20260904,1008,1008000000,a49db8372f30560e31ecf18c6e99b68a32f62ea401fa9e5e07c07878d6c500d7,4eb2052a0131969e4a5a9059b1ea87a5a4f0c6879378d134eddbb268b1f58b84,external_inputs/eval-low-fifo-e1008,ec84414f367b0f525a700c30d13986667e17e1d8,followup-status-priority-production-freeze-v2,fixed-sequence-v1,VALIDATED,,1,
followup_status_priority_evaluation_v1_20260904,EVALUATION,LOW-E1008,eval-low-policy-e1008,LOW,STATUS_PRIORITY_NON_DROPPING,20260904,1008,1008000000,a49db8372f30560e31ecf18c6e99b68a32f62ea401fa9e5e07c07878d6c500d7,79f22b9f54f726f3b7070c8ccbfa04f36b0d35a4f6487f3e9eb4232e9cc49eb4,external_inputs/eval-low-policy-e1008,ec84414f367b0f525a700c30d13986667e17e1d8,followup-status-priority-production-freeze-v2,fixed-sequence-v1,VALIDATED,,1,
followup_status_priority_evaluation_v1_20260904,EVALUATION,LOW-E1009,eval-low-fifo-e1009,LOW,FIFO,20260904,1009,1009000000,e0c90fb81b2237de7a78dab5ff3d9305f8da1bf7e1a78c302a8192d36f193cf2,4ecb2751df2e1b6d53045a393147f1ff91a30106ee4e2ebd134372ede24e2808,external_inputs/eval-low-fifo-e1009,ec84414f367b0f525a700c30d13986667e17e1d8,followup-status-priority-production-freeze-v2,fixed-sequence-v1,VALIDATED,,1,
followup_status_priority_evaluation_v1_20260904,EVALUATION,LOW-E1009,eval-low-policy-e1009,LOW,STATUS_PRIORITY_NON_DROPPING,20260904,1009,1009000000,e0c90fb81b2237de7a78dab5ff3d9305f8da1bf7e1a78c302a8192d36f193cf2,90d96070ea04a1b93c9302a06685118a395e1578bac7ae6497aa2551c07d73ad,external_inputs/eval-low-policy-e1009,ec84414f367b0f525a700c30d13986667e17e1d8,followup-status-priority-production-freeze-v2,fixed-sequence-v1,VALIDATED,,1,
followup_status_priority_evaluation_v1_20260904,EVALUATION,LOW-E1010,eval-low-fifo-e1010,LOW,FIFO,20260904,1010,1010000000,a6f3ccda2fabd2f7a31c007f561a620355d188490e900e7125c38db8d71cfc5c,c32725f9b40fecb70bb926f06286a20c80e7b6d1000562c38724f5cd5f54c3be,external_inputs/eval-low-fifo-e1010,ec84414f367b0f525a700c30d13986667e17e1d8,followup-status-priority-production-freeze-v2,fixed-sequence-v1,VALIDATED,,1,
followup_status_priority_evaluation_v1_20260904,EVALUATION,LOW-E1010,eval-low-policy-e1010,LOW,STATUS_PRIORITY_NON_DROPPING,20260904,1010,1010000000,a6f3ccda2fabd2f7a31c007f561a620355d188490e900e7125c38db8d71cfc5c,d3059d597631fb8e5791e9b5284b8bd8ebd3c3a2d3d6458c0c277a78f37a7f99,external_inputs/eval-low-policy-e1010,ec84414f367b0f525a700c30d13986667e17e1d8,followup-status-priority-production-freeze-v2,fixed-sequence-v1,VALIDATED,,1,
followup_status_priority_evaluation_v1_20260904,EVALUATION,LOW-E1011,eval-low-fifo-e1011,LOW,FIFO,20260904,1011,1011000000,2a39602e76d483f7a7cc1688955440bb236bd5599e92f416921246d4fac4b4e0,0aa70c23741dc89e96527a5c7ec31e809e28556bf089eaa8ca11baa9167ea530,external_inputs/eval-low-fifo-e1011,ec84414f367b0f525a700c30d13986667e17e1d8,followup-status-priority-production-freeze-v2,fixed-sequence-v1,VALIDATED,,1,
followup_status_priority_evaluation_v1_20260904,EVALUATION,LOW-E1011,eval-low-policy-e1011,LOW,STATUS_PRIORITY_NON_DROPPING,20260904,1011,1011000000,2a39602e76d483f7a7cc1688955440bb236bd5599e92f416921246d4fac4b4e0,41f8c642233bf7e68af35b93da0fab7e516b8438043b7fd5623be467ea1bf47d,external_inputs/eval-low-policy-e1011,ec84414f367b0f525a700c30d13986667e17e1d8,followup-status-priority-production-freeze-v2,fixed-sequence-v1,VALIDATED,,1,
followup_status_priority_evaluation_v1_20260904,EVALUATION,LOW-E1012,eval-low-fifo-e1012,LOW,FIFO,20260904,1012,1012000000,95c58ade964b203767a9f62f6a5fb663b1a9ec094dec5a6defd8026ca9f89106,963aa8edeadec666c9d9f9b08fed7294d1d453b19118a3636027c5f80e208d57,external_inputs/eval-low-fifo-e1012,ec84414f367b0f525a700c30d13986667e17e1d8,followup-status-priority-production-freeze-v2,fixed-sequence-v1,VALIDATED,,1,
followup_status_priority_evaluation_v1_20260904,EVALUATION,LOW-E1012,eval-low-policy-e1012,LOW,STATUS_PRIORITY_NON_DROPPING,20260904,1012,1012000000,95c58ade964b203767a9f62f6a5fb663b1a9ec094dec5a6defd8026ca9f89106,0333b7ebd212f2b9115ecff2f99aa3593fbbbe1cd2af7599fad20c783e6bb978,external_inputs/eval-low-policy-e1012,ec84414f367b0f525a700c30d13986667e17e1d8,followup-status-priority-production-freeze-v2,fixed-sequence-v1,VALIDATED,,1,
followup_status_priority_evaluation_v1_20260904,EVALUATION,LOW-E1013,eval-low-fifo-e1013,LOW,FIFO,20260904,1013,1013000000,ccb7322f61a1cf1ea591cea92d13dc69ea3d8ee1ac6fc381b3cca672b411b7f6,2b5902dab2cfe9a94fe8cd564b3a30ef24ca8991622121e4717a1ed1ec0ab3a9,external_inputs/eval-low-fifo-e1013,ec84414f367b0f525a700c30d13986667e17e1d8,followup-status-priority-production-freeze-v2,fixed-sequence-v1,VALIDATED,,1,
followup_status_priority_evaluation_v1_20260904,EVALUATION,LOW-E1013,eval-low-policy-e1013,LOW,STATUS_PRIORITY_NON_DROPPING,20260904,1013,1013000000,ccb7322f61a1cf1ea591cea92d13dc69ea3d8ee1ac6fc381b3cca672b411b7f6,36421ea90215fa7494df15664a7f7161db58c123608a30541b972e5ce699db80,external_inputs/eval-low-policy-e1013,ec84414f367b0f525a700c30d13986667e17e1d8,followup-status-priority-production-freeze-v2,fixed-sequence-v1,VALIDATED,,1,
followup_status_priority_evaluation_v1_20260904,EVALUATION,LOW-E1014,eval-low-fifo-e1014,LOW,FIFO,20260904,1014,1014000000,ab284e898a2e612bd8db54db4da0a1016903ebd873c59b7706d334217b37c960,e7010163208f404d95aac5d68ca19a303b933c8dcf5206af1f7fb5f38404220c,external_inputs/eval-low-fifo-e1014,ec84414f367b0f525a700c30d13986667e17e1d8,followup-status-priority-production-freeze-v2,fixed-sequence-v1,VALIDATED,,1,
followup_status_priority_evaluation_v1_20260904,EVALUATION,LOW-E1014,eval-low-policy-e1014,LOW,STATUS_PRIORITY_NON_DROPPING,20260904,1014,1014000000,ab284e898a2e612bd8db54db4da0a1016903ebd873c59b7706d334217b37c960,635a2ebf2bf83b1989a5dae9b66ac9a89a7ad4d34914884ab37a746641e3a8c3,external_inputs/eval-low-policy-e1014,ec84414f367b0f525a700c30d13986667e17e1d8,followup-status-priority-production-freeze-v2,fixed-sequence-v1,VALIDATED,,1,
followup_status_priority_evaluation_v1_20260904,EVALUATION,LOW-E1015,eval-low-fifo-e1015,LOW,FIFO,20260904,1015,1015000000,67d1304a0c09dfaf9a5be8218ced47a970048a0f9d68fca38f87c1478b9dfbe8,86ecd78fc800637255708c2329aad1349cfeb4ad2f294772250c9e2679ded565,external_inputs/eval-low-fifo-e1015,ec84414f367b0f525a700c30d13986667e17e1d8,followup-status-priority-production-freeze-v2,fixed-sequence-v1,VALIDATED,,1,
followup_status_priority_evaluation_v1_20260904,EVALUATION,LOW-E1015,eval-low-policy-e1015,LOW,STATUS_PRIORITY_NON_DROPPING,20260904,1015,1015000000,67d1304a0c09dfaf9a5be8218ced47a970048a0f9d68fca38f87c1478b9dfbe8,854236497993d06ff9ac446a55545758e686d832cbb8906f84bff64f9ec2bfa1,external_inputs/eval-low-policy-e1015,ec84414f367b0f525a700c30d13986667e17e1d8,followup-status-priority-production-freeze-v2,fixed-sequence-v1,VALIDATED,,1,
followup_status_priority_evaluation_v1_20260904,EVALUATION,LOW-E1016,eval-low-fifo-e1016,LOW,FIFO,20260904,1016,1016000000,3e891ccfc6e60a349beec8c5285773b7c9978bb4724213e85a384f900e5b5a1c,c1715b7e8136e9e62130913632c59e63b3cc1d537af3c8450e98881095df3fa7,external_inputs/eval-low-fifo-e1016,ec84414f367b0f525a700c30d13986667e17e1d8,followup-status-priority-production-freeze-v2,fixed-sequence-v1,VALIDATED,,1,
followup_status_priority_evaluation_v1_20260904,EVALUATION,LOW-E1016,eval-low-policy-e1016,LOW,STATUS_PRIORITY_NON_DROPPING,20260904,1016,1016000000,3e891ccfc6e60a349beec8c5285773b7c9978bb4724213e85a384f900e5b5a1c,8e14506660776be15f8136ae61690f5056896168c61f2eda851879004094d6d3,external_inputs/eval-low-policy-e1016,ec84414f367b0f525a700c30d13986667e17e1d8,followup-status-priority-production-freeze-v2,fixed-sequence-v1,VALIDATED,,1,
followup_status_priority_evaluation_v1_20260904,EVALUATION,LOW-E1017,eval-low-fifo-e1017,LOW,FIFO,20260904,1017,1017000000,71505e14c0dd5cf4e8634828b351ac75e0e2dbe811ee0b896732c650b352a066,07734ccf99acf3cd2bd8f8a42a4f15b2d9496b659bb85c1de668278972c62963,external_inputs/eval-low-fifo-e1017,ec84414f367b0f525a700c30d13986667e17e1d8,followup-status-priority-production-freeze-v2,fixed-sequence-v1,VALIDATED,,1,
followup_status_priority_evaluation_v1_20260904,EVALUATION,LOW-E1017,eval-low-policy-e1017,LOW,STATUS_PRIORITY_NON_DROPPING,20260904,1017,1017000000,71505e14c0dd5cf4e8634828b351ac75e0e2dbe811ee0b896732c650b352a066,0e747b27b4db9eccc3ba8ec37efe1c03c90bcfc5a743fe6a0b4fe34b92272ffd,external_inputs/eval-low-policy-e1017,ec84414f367b0f525a700c30d13986667e17e1d8,followup-status-priority-production-freeze-v2,fixed-sequence-v1,VALIDATED,,1,
followup_status_priority_evaluation_v1_20260904,EVALUATION,LOW-E1018,eval-low-fifo-e1018,LOW,FIFO,20260904,1018,1018000000,39d0f8275ea0902cfa9b23aaa9ad1d0ccf4a0c7562c356cf0a0530c42bea7e6e,0e2b57167c88dad78d8ccb99531c84b16164c86679543f4698f0b3d4018ec947,external_inputs/eval-low-fifo-e1018,ec84414f367b0f525a700c30d13986667e17e1d8,followup-status-priority-production-freeze-v2,fixed-sequence-v1,VALIDATED,,1,
followup_status_priority_evaluation_v1_20260904,EVALUATION,LOW-E1018,eval-low-policy-e1018,LOW,STATUS_PRIORITY_NON_DROPPING,20260904,1018,1018000000,39d0f8275ea0902cfa9b23aaa9ad1d0ccf4a0c7562c356cf0a0530c42bea7e6e,5a2c4ce68ca626b66e0a5212ce54aca8a571d65e4c3aa579fcaa34ae84efac85,external_inputs/eval-low-policy-e1018,ec84414f367b0f525a700c30d13986667e17e1d8,followup-status-priority-production-freeze-v2,fixed-sequence-v1,VALIDATED,,1,
followup_status_priority_evaluation_v1_20260904,EVALUATION,LOW-E1019,eval-low-fifo-e1019,LOW,FIFO,20260904,1019,1019000000,7b1a842c293ccb65ee2c27cbf90ec07374c1e5b87bd07743152dd68444611035,21944bf37a933618c3a0be3acd826b48e3cb0b87b878e9567b0f30d604d86257,external_inputs/eval-low-fifo-e1019,ec84414f367b0f525a700c30d13986667e17e1d8,followup-status-priority-production-freeze-v2,fixed-sequence-v1,VALIDATED,,1,
followup_status_priority_evaluation_v1_20260904,EVALUATION,LOW-E1019,eval-low-policy-e1019,LOW,STATUS_PRIORITY_NON_DROPPING,20260904,1019,1019000000,7b1a842c293ccb65ee2c27cbf90ec07374c1e5b87bd07743152dd68444611035,e02926e9bbe962503126eb2792d02172ec1e64bc06773654eb88dc4a36e4cd3a,external_inputs/eval-low-policy-e1019,ec84414f367b0f525a700c30d13986667e17e1d8,followup-status-priority-production-freeze-v2,fixed-sequence-v1,VALIDATED,,1,
followup_status_priority_evaluation_v1_20260904,EVALUATION,LOW-E1020,eval-low-fifo-e1020,LOW,FIFO,20260904,1020,1020000000,0be6c2d89efc455016d2caf812474338098ae493a8abfef5979ff2344cc9f327,47b69d331826754ec4415c5d96e85505a598a84be368b5535dd496b7d3b881c0,external_inputs/eval-low-fifo-e1020,ec84414f367b0f525a700c30d13986667e17e1d8,followup-status-priority-production-freeze-v2,fixed-sequence-v1,VALIDATED,,1,
followup_status_priority_evaluation_v1_20260904,EVALUATION,LOW-E1020,eval-low-policy-e1020,LOW,STATUS_PRIORITY_NON_DROPPING,20260904,1020,1020000000,0be6c2d89efc455016d2caf812474338098ae493a8abfef5979ff2344cc9f327,0d2bdfa75352574de611dd465c579d24a3d8e6974947c8a0a7000ccb2d854413,external_inputs/eval-low-policy-e1020,ec84414f367b0f525a700c30d13986667e17e1d8,followup-status-priority-production-freeze-v2,fixed-sequence-v1,VALIDATED,,1,
followup_status_priority_evaluation_v1_20260904,EVALUATION,LOW-E1021,eval-low-fifo-e1021,LOW,FIFO,20260904,1021,1021000000,78b04eb00542aa1b509aafd9aa32031a3fcda5da978dc0f2c67a06b66f7799c3,cb6791620c49627c08d6d5d1a524cd1620659d984a404aadc1f9e0a42fa68914,external_inputs/eval-low-fifo-e1021,ec84414f367b0f525a700c30d13986667e17e1d8,followup-status-priority-production-freeze-v2,fixed-sequence-v1,VALIDATED,,1,
followup_status_priority_evaluation_v1_20260904,EVALUATION,LOW-E1021,eval-low-policy-e1021,LOW,STATUS_PRIORITY_NON_DROPPING,20260904,1021,1021000000,78b04eb00542aa1b509aafd9aa32031a3fcda5da978dc0f2c67a06b66f7799c3,fef47042a3fa3c88d023b1983f79f38d97046ae9d0486c7caeb3f2333fe88ca0,external_inputs/eval-low-policy-e1021,ec84414f367b0f525a700c30d13986667e17e1d8,followup-status-priority-production-freeze-v2,fixed-sequence-v1,VALIDATED,,1,
followup_status_priority_evaluation_v1_20260904,EVALUATION,LOW-E1022,eval-low-fifo-e1022,LOW,FIFO,20260904,1022,1022000000,29acf5d2193e72d93748a81ce619826f3f9b4c524b21cabc2565bd45edba1754,3fc59c57889dbc1d8b3d3e4d91bdba0d6adafad77ddba577d882dcfbc4072b6f,external_inputs/eval-low-fifo-e1022,ec84414f367b0f525a700c30d13986667e17e1d8,followup-status-priority-production-freeze-v2,fixed-sequence-v1,VALIDATED,,1,
followup_status_priority_evaluation_v1_20260904,EVALUATION,LOW-E1022,eval-low-policy-e1022,LOW,STATUS_PRIORITY_NON_DROPPING,20260904,1022,1022000000,29acf5d2193e72d93748a81ce619826f3f9b4c524b21cabc2565bd45edba1754,b2b6bed7e89835d36708f0d9771681112b1ac185137dfc270ff6cbae0af85ec7,external_inputs/eval-low-policy-e1022,ec84414f367b0f525a700c30d13986667e17e1d8,followup-status-priority-production-freeze-v2,fixed-sequence-v1,VALIDATED,,1,
followup_status_priority_evaluation_v1_20260904,EVALUATION,LOW-E1023,eval-low-fifo-e1023,LOW,FIFO,20260904,1023,1023000000,ddee5b8ae9384cd97aceca50b5d7731bba08b8f70fc89390e7163a1f14345715,a79cd1862a1ae4bc38e2395f8d70366ab6893bef99322c9789f73bf82aa10d0b,external_inputs/eval-low-fifo-e1023,ec84414f367b0f525a700c30d13986667e17e1d8,followup-status-priority-production-freeze-v2,fixed-sequence-v1,VALIDATED,,1,
followup_status_priority_evaluation_v1_20260904,EVALUATION,LOW-E1023,eval-low-policy-e1023,LOW,STATUS_PRIORITY_NON_DROPPING,20260904,1023,1023000000,ddee5b8ae9384cd97aceca50b5d7731bba08b8f70fc89390e7163a1f14345715,2826b11f2d50f13ff95a84a5384b8baa4083d4c4a73ccc0b836a1f0952fd3a47,external_inputs/eval-low-policy-e1023,ec84414f367b0f525a700c30d13986667e17e1d8,followup-status-priority-production-freeze-v2,fixed-sequence-v1,VALIDATED,,1,
followup_status_priority_evaluation_v1_20260904,EVALUATION,LOW-E1024,eval-low-fifo-e1024,LOW,FIFO,20260904,1024,1024000000,95a64a32311a310a055fbd8eff153e9bab8f11c6c9132f5551caceeb2c2f0ac5,1463b1ab997f71b5b0806b5fe8256926abf9bccbaebdc828b8b6a7356a635903,external_inputs/eval-low-fifo-e1024,ec84414f367b0f525a700c30d13986667e17e1d8,followup-status-priority-production-freeze-v2,fixed-sequence-v1,VALIDATED,,1,
followup_status_priority_evaluation_v1_20260904,EVALUATION,LOW-E1024,eval-low-policy-e1024,LOW,STATUS_PRIORITY_NON_DROPPING,20260904,1024,1024000000,95a64a32311a310a055fbd8eff153e9bab8f11c6c9132f5551caceeb2c2f0ac5,316edff1b735c1036766eef9ffbcb0cee75d993582f2ddbac61c7521cde1e778,external_inputs/eval-low-policy-e1024,ec84414f367b0f525a700c30d13986667e17e1d8,followup-status-priority-production-freeze-v2,fixed-sequence-v1,VALIDATED,,1,
followup_status_priority_evaluation_v1_20260904,EVALUATION,LOW-E1025,eval-low-fifo-e1025,LOW,FIFO,20260904,1025,1025000000,44911b494cf543833a1f39b78edd9653a274fc28a3551886068f6b0ceeece0be,30d8d4e320c23f6cf7686769abe553f5ff0c46827f9deb0c44826c46c60bc159,external_inputs/eval-low-fifo-e1025,ec84414f367b0f525a700c30d13986667e17e1d8,followup-status-priority-production-freeze-v2,fixed-sequence-v1,VALIDATED,,1,
followup_status_priority_evaluation_v1_20260904,EVALUATION,LOW-E1025,eval-low-policy-e1025,LOW,STATUS_PRIORITY_NON_DROPPING,20260904,1025,1025000000,44911b494cf543833a1f39b78edd9653a274fc28a3551886068f6b0ceeece0be,b44ffcca790e364660032f31a394a1b77a7c5ed7d375a25ce1f103848a54c8e8,external_inputs/eval-low-policy-e1025,ec84414f367b0f525a700c30d13986667e17e1d8,followup-status-priority-production-freeze-v2,fixed-sequence-v1,VALIDATED,,1,
followup_status_priority_evaluation_v1_20260904,EVALUATION,LOW-E1026,eval-low-fifo-e1026,LOW,FIFO,20260904,1026,1026000000,cf3911879d91d228bf8b436bf0a1216b90177e544be90020b3b734769de0492b,f934c75b272253c58d7199ca73faee1d4f7c038d8ecd6263353b904fca075bf2,external_inputs/eval-low-fifo-e1026,ec84414f367b0f525a700c30d13986667e17e1d8,followup-status-priority-production-freeze-v2,fixed-sequence-v1,VALIDATED,,1,
followup_status_priority_evaluation_v1_20260904,EVALUATION,LOW-E1026,eval-low-policy-e1026,LOW,STATUS_PRIORITY_NON_DROPPING,20260904,1026,1026000000,cf3911879d91d228bf8b436bf0a1216b90177e544be90020b3b734769de0492b,eef1959e46bdbb0414dd09fa471118ff0f6b382d896b59c3224e5dcf56131a1a,external_inputs/eval-low-policy-e1026,ec84414f367b0f525a700c30d13986667e17e1d8,followup-status-priority-production-freeze-v2,fixed-sequence-v1,VALIDATED,,1,
followup_status_priority_evaluation_v1_20260904,EVALUATION,LOW-E1027,eval-low-fifo-e1027,LOW,FIFO,20260904,1027,1027000000,1bf37f304d2c01d9c2af45a92dc6ceccfd3bbea77d29d9f55b39b3a01bc02f3c,dbce28ba863fa73adeacc25c4faf3486e14217458efe0738f19674839fc78157,external_inputs/eval-low-fifo-e1027,ec84414f367b0f525a700c30d13986667e17e1d8,followup-status-priority-production-freeze-v2,fixed-sequence-v1,VALIDATED,,1,
followup_status_priority_evaluation_v1_20260904,EVALUATION,LOW-E1027,eval-low-policy-e1027,LOW,STATUS_PRIORITY_NON_DROPPING,20260904,1027,1027000000,1bf37f304d2c01d9c2af45a92dc6ceccfd3bbea77d29d9f55b39b3a01bc02f3c,c7e1ef7dfcee2d4de89ef1a227be86ce08a6733bcdbda8385dc04ce0de1c4836,external_inputs/eval-low-policy-e1027,ec84414f367b0f525a700c30d13986667e17e1d8,followup-status-priority-production-freeze-v2,fixed-sequence-v1,VALIDATED,,1,
followup_status_priority_evaluation_v1_20260904,EVALUATION,LOW-E1028,eval-low-fifo-e1028,LOW,FIFO,20260904,1028,1028000000,346f759128cc1fdf1ed65d17a2fc55170210ea49fbc38d1f7e340b299cb308ce,52b2b834d8f7a2abb0f5dadccaaa9d3a9b174c76e6b560c26b5fc17fc5f9f5c8,external_inputs/eval-low-fifo-e1028,ec84414f367b0f525a700c30d13986667e17e1d8,followup-status-priority-production-freeze-v2,fixed-sequence-v1,VALIDATED,,1,
followup_status_priority_evaluation_v1_20260904,EVALUATION,LOW-E1028,eval-low-policy-e1028,LOW,STATUS_PRIORITY_NON_DROPPING,20260904,1028,1028000000,346f759128cc1fdf1ed65d17a2fc55170210ea49fbc38d1f7e340b299cb308ce,2e7eaf23018ab54f58fca000c9ad9d33d09cc64ab15a626ada75be2aaf22bee9,external_inputs/eval-low-policy-e1028,ec84414f367b0f525a700c30d13986667e17e1d8,followup-status-priority-production-freeze-v2,fixed-sequence-v1,VALIDATED,,1,
followup_status_priority_evaluation_v1_20260904,EVALUATION,LOW-E1029,eval-low-fifo-e1029,LOW,FIFO,20260904,1029,1029000000,f50352876e78e64977d144afb83ed5cc3ec5c4cb0ae84764573adf0c0eba0fa6,5b1e1b8153fd23aff2e85eaf730e0c9d3cf48590629ee067f5c76099cd93931c,external_inputs/eval-low-fifo-e1029,ec84414f367b0f525a700c30d13986667e17e1d8,followup-status-priority-production-freeze-v2,fixed-sequence-v1,VALIDATED,,1,
followup_status_priority_evaluation_v1_20260904,EVALUATION,LOW-E1029,eval-low-policy-e1029,LOW,STATUS_PRIORITY_NON_DROPPING,20260904,1029,1029000000,f50352876e78e64977d144afb83ed5cc3ec5c4cb0ae84764573adf0c0eba0fa6,2b8ca8009edcf726f33cb06f54d6a9115538a21555248cc8fa26a326590e6b58,external_inputs/eval-low-policy-e1029,ec84414f367b0f525a700c30d13986667e17e1d8,followup-status-priority-production-freeze-v2,fixed-sequence-v1,VALIDATED,,1,
followup_status_priority_evaluation_v1_20260904,EVALUATION,LOW-E1030,eval-low-fifo-e1030,LOW,FIFO,20260904,1030,1030000000,3206d24fb638756ffdb8cd9a7c082c76c9b08e87cb4cc411f0bec191b4805408,f4b1ef568a99df8203dfe9505ec13039e96d9f60da364ed35046e3eb0ce7016f,external_inputs/eval-low-fifo-e1030,ec84414f367b0f525a700c30d13986667e17e1d8,followup-status-priority-production-freeze-v2,fixed-sequence-v1,VALIDATED,,1,
followup_status_priority_evaluation_v1_20260904,EVALUATION,LOW-E1030,eval-low-policy-e1030,LOW,STATUS_PRIORITY_NON_DROPPING,20260904,1030,1030000000,3206d24fb638756ffdb8cd9a7c082c76c9b08e87cb4cc411f0bec191b4805408,ffb8521d98cea0583515410bec62e8afc9cfdc1ef0b439e6d0853a198627edce,external_inputs/eval-low-policy-e1030,ec84414f367b0f525a700c30d13986667e17e1d8,followup-status-priority-production-freeze-v2,fixed-sequence-v1,VALIDATED,,1,
followup_status_priority_evaluation_v1_20260904,EVALUATION,LOW-E1031,eval-low-fifo-e1031,LOW,FIFO,20260904,1031,1031000000,fe86965e122cfed3f66a399869f13257aff27a347bc0f16b4d604b9be0641b79,b1eb12b0eba12b1fdedaab3170fe82113b18e7418f2e721c181132abfa532240,external_inputs/eval-low-fifo-e1031,ec84414f367b0f525a700c30d13986667e17e1d8,followup-status-priority-production-freeze-v2,fixed-sequence-v1,VALIDATED,,1,
followup_status_priority_evaluation_v1_20260904,EVALUATION,LOW-E1031,eval-low-policy-e1031,LOW,STATUS_PRIORITY_NON_DROPPING,20260904,1031,1031000000,fe86965e122cfed3f66a399869f13257aff27a347bc0f16b4d604b9be0641b79,029080baf0f94ea80bbc247222839c01d73c07348acf84472653d256ee9eba9a,external_inputs/eval-low-policy-e1031,ec84414f367b0f525a700c30d13986667e17e1d8,followup-status-priority-production-freeze-v2,fixed-sequence-v1,VALIDATED,,1,
followup_status_priority_evaluation_v1_20260904,EVALUATION,LOW-E1032,eval-low-fifo-e1032,LOW,FIFO,20260904,1032,1032000000,0f7711453bf0e9cbf976318afcf62400929447d39e58af62231dd70f3e25b949,210991443e0e686be529c5c13b4df0c2c834191a707d1166df0f9c96c2115add,external_inputs/eval-low-fifo-e1032,ec84414f367b0f525a700c30d13986667e17e1d8,followup-status-priority-production-freeze-v2,fixed-sequence-v1,VALIDATED,,1,
followup_status_priority_evaluation_v1_20260904,EVALUATION,LOW-E1032,eval-low-policy-e1032,LOW,STATUS_PRIORITY_NON_DROPPING,20260904,1032,1032000000,0f7711453bf0e9cbf976318afcf62400929447d39e58af62231dd70f3e25b949,4eddb76e479ae01523a74fc0fe00c2a5613cd28f1d6e1f57ed97b00f43281149,external_inputs/eval-low-policy-e1032,ec84414f367b0f525a700c30d13986667e17e1d8,followup-status-priority-production-freeze-v2,fixed-sequence-v1,VALIDATED,,1,
followup_status_priority_evaluation_v1_20260904,EVALUATION,LOW-E1033,eval-low-fifo-e1033,LOW,FIFO,20260904,1033,1033000000,a8bf28a76ee1e7fa2143e8352752e78e1e9c43bf712c1d7445a1b1d29244562e,ddcac08d9e25fc8c435c70662781d399f65f61311c5393301556fb669635d3f1,external_inputs/eval-low-fifo-e1033,ec84414f367b0f525a700c30d13986667e17e1d8,followup-status-priority-production-freeze-v2,fixed-sequence-v1,VALIDATED,,1,
followup_status_priority_evaluation_v1_20260904,EVALUATION,LOW-E1033,eval-low-policy-e1033,LOW,STATUS_PRIORITY_NON_DROPPING,20260904,1033,1033000000,a8bf28a76ee1e7fa2143e8352752e78e1e9c43bf712c1d7445a1b1d29244562e,a3c6bd427e92498936335f40e512f34d20faa06d3b894a846beb947cdeb86828,external_inputs/eval-low-policy-e1033,ec84414f367b0f525a700c30d13986667e17e1d8,followup-status-priority-production-freeze-v2,fixed-sequence-v1,VALIDATED,,1,
followup_status_priority_evaluation_v1_20260904,EVALUATION,LOW-E1034,eval-low-fifo-e1034,LOW,FIFO,20260904,1034,1034000000,71e5ae82676b17d8897aa54e2e1df12fa41d293fb7c8a9895b769b5bb6e5d364,1823ebb51c925fac70a0478b75e269c3aea796ad146540a8e8058b7695d8b977,external_inputs/eval-low-fifo-e1034,ec84414f367b0f525a700c30d13986667e17e1d8,followup-status-priority-production-freeze-v2,fixed-sequence-v1,VALIDATED,,1,
followup_status_priority_evaluation_v1_20260904,EVALUATION,LOW-E1034,eval-low-policy-e1034,LOW,STATUS_PRIORITY_NON_DROPPING,20260904,1034,1034000000,71e5ae82676b17d8897aa54e2e1df12fa41d293fb7c8a9895b769b5bb6e5d364,81793a1916cdbb576020dcdac8c092ad764160b82c6f19232b4be946262a368d,external_inputs/eval-low-policy-e1034,ec84414f367b0f525a700c30d13986667e17e1d8,followup-status-priority-production-freeze-v2,fixed-sequence-v1,VALIDATED,,1,
followup_status_priority_evaluation_v1_20260904,EVALUATION,LOW-E1035,eval-low-fifo-e1035,LOW,FIFO,20260904,1035,1035000000,c226a36b13816f88804ba0e347791da004594aaf1ced4d38d88487828bd073a2,3d258b718c8ed27ad1a477dee800db7ada97ece5b6df523fe4b4bee2749004ba,external_inputs/eval-low-fifo-e1035,ec84414f367b0f525a700c30d13986667e17e1d8,followup-status-priority-production-freeze-v2,fixed-sequence-v1,VALIDATED,,1,
followup_status_priority_evaluation_v1_20260904,EVALUATION,LOW-E1035,eval-low-policy-e1035,LOW,STATUS_PRIORITY_NON_DROPPING,20260904,1035,1035000000,c226a36b13816f88804ba0e347791da004594aaf1ced4d38d88487828bd073a2,5ad69764a85668a241cb03ad71def6fc067fdba527619331ac49cb4ea88560d7,external_inputs/eval-low-policy-e1035,ec84414f367b0f525a700c30d13986667e17e1d8,followup-status-priority-production-freeze-v2,fixed-sequence-v1,VALIDATED,,1,
followup_status_priority_evaluation_v1_20260904,EVALUATION,LOW-E1036,eval-low-fifo-e1036,LOW,FIFO,20260904,1036,1036000000,5fa807df52c57a51548e66d5f6165f6fab7fe0e30ec4277c550fada78e2e4b05,09fc34f81827dd34200a8cde1e37f1ad2e671f3d1d4e652fd934c5949e6bdf87,external_inputs/eval-low-fifo-e1036,ec84414f367b0f525a700c30d13986667e17e1d8,followup-status-priority-production-freeze-v2,fixed-sequence-v1,VALIDATED,,1,
followup_status_priority_evaluation_v1_20260904,EVALUATION,LOW-E1036,eval-low-policy-e1036,LOW,STATUS_PRIORITY_NON_DROPPING,20260904,1036,1036000000,5fa807df52c57a51548e66d5f6165f6fab7fe0e30ec4277c550fada78e2e4b05,03a0e9f82961bcef5da4a128231f58f89d3f2397176ae92e8fd90dde8519bef7,external_inputs/eval-low-policy-e1036,ec84414f367b0f525a700c30d13986667e17e1d8,followup-status-priority-production-freeze-v2,fixed-sequence-v1,VALIDATED,,1,
followup_status_priority_evaluation_v1_20260904,EVALUATION,LOW-E1037,eval-low-fifo-e1037,LOW,FIFO,20260904,1037,1037000000,d6a4eff72667f94b6e7f81a08f8b8104a5976359a30ebdb229d1aaedd59f6f99,623ab318b6afa66070ff8be2e7dee68b9a23a5e7446e52433127105c7d33ae86,external_inputs/eval-low-fifo-e1037,ec84414f367b0f525a700c30d13986667e17e1d8,followup-status-priority-production-freeze-v2,fixed-sequence-v1,VALIDATED,,1,
followup_status_priority_evaluation_v1_20260904,EVALUATION,LOW-E1037,eval-low-policy-e1037,LOW,STATUS_PRIORITY_NON_DROPPING,20260904,1037,1037000000,d6a4eff72667f94b6e7f81a08f8b8104a5976359a30ebdb229d1aaedd59f6f99,58c4260a9ad1e899509f93deaae60d7395465523761eb4dbed4bd0e911dfe04b,external_inputs/eval-low-policy-e1037,ec84414f367b0f525a700c30d13986667e17e1d8,followup-status-priority-production-freeze-v2,fixed-sequence-v1,VALIDATED,,1,
followup_status_priority_evaluation_v1_20260904,EVALUATION,LOW-E1038,eval-low-fifo-e1038,LOW,FIFO,20260904,1038,1038000000,c78413a9c65631ff8908e5d2234aefcf5815a506ae16b2b35a7b9d94bb8074f9,82e387d37eca040d441e329264521ed9aebba90187039bfd441751a3b949368e,external_inputs/eval-low-fifo-e1038,ec84414f367b0f525a700c30d13986667e17e1d8,followup-status-priority-production-freeze-v2,fixed-sequence-v1,VALIDATED,,1,
followup_status_priority_evaluation_v1_20260904,EVALUATION,LOW-E1038,eval-low-policy-e1038,LOW,STATUS_PRIORITY_NON_DROPPING,20260904,1038,1038000000,c78413a9c65631ff8908e5d2234aefcf5815a506ae16b2b35a7b9d94bb8074f9,08ff4dd49e653d3562f417b6a6385c357b0ffbca8973736c76127d22750a2287,external_inputs/eval-low-policy-e1038,ec84414f367b0f525a700c30d13986667e17e1d8,followup-status-priority-production-freeze-v2,fixed-sequence-v1,VALIDATED,,1,
followup_status_priority_evaluation_v1_20260904,EVALUATION,LOW-E1039,eval-low-fifo-e1039,LOW,FIFO,20260904,1039,1039000000,0f4731859238940f0bc4df3de75a79f5f2241c4a48c44531ef930b749b0577d2,eb2a9645c4742cef57ab276ab08fa1a2fa92275ab64bd1e6edfd5ad80c788c1f,external_inputs/eval-low-fifo-e1039,ec84414f367b0f525a700c30d13986667e17e1d8,followup-status-priority-production-freeze-v2,fixed-sequence-v1,VALIDATED,,1,
followup_status_priority_evaluation_v1_20260904,EVALUATION,LOW-E1039,eval-low-policy-e1039,LOW,STATUS_PRIORITY_NON_DROPPING,20260904,1039,1039000000,0f4731859238940f0bc4df3de75a79f5f2241c4a48c44531ef930b749b0577d2,8f52b812c810afb031fcec1674f9e19fbda56acf15ead252ab9c64cf88a90da1,external_inputs/eval-low-policy-e1039,ec84414f367b0f525a700c30d13986667e17e1d8,followup-status-priority-production-freeze-v2,fixed-sequence-v1,VALIDATED,,1,
followup_status_priority_evaluation_v1_20260904,EVALUATION,LOW-E1040,eval-low-fifo-e1040,LOW,FIFO,20260904,1040,1040000000,df79944ee200c45b6e694a3e9c8d18520c47f579d3e202bf44a9897229379341,201c5a6561da64322c5826cbcd3ca2f40f21ec608bdb56e099148f671cccda2d,external_inputs/eval-low-fifo-e1040,ec84414f367b0f525a700c30d13986667e17e1d8,followup-status-priority-production-freeze-v2,fixed-sequence-v1,VALIDATED,,1,
followup_status_priority_evaluation_v1_20260904,EVALUATION,LOW-E1040,eval-low-policy-e1040,LOW,STATUS_PRIORITY_NON_DROPPING,20260904,1040,1040000000,df79944ee200c45b6e694a3e9c8d18520c47f579d3e202bf44a9897229379341,56389ee6d5d77ad65abe271ea39fa5dc1506326ae6b5fb57b98a7377f9e1b77a,external_inputs/eval-low-policy-e1040,ec84414f367b0f525a700c30d13986667e17e1d8,followup-status-priority-production-freeze-v2,fixed-sequence-v1,VALIDATED,,1,
followup_status_priority_evaluation_v1_20260904,EVALUATION,LOW-E1041,eval-low-fifo-e1041,LOW,FIFO,20260904,1041,1041000000,0fecc66f18bfac8866078cd7e213b24d38fbab5ef7962fb9ca6984ccc2ec41cc,91201b0959b50d3ec62fdbea0d2c326af36c329e5381e6b2876b01008b759fc1,external_inputs/eval-low-fifo-e1041,ec84414f367b0f525a700c30d13986667e17e1d8,followup-status-priority-production-freeze-v2,fixed-sequence-v1,VALIDATED,,1,
followup_status_priority_evaluation_v1_20260904,EVALUATION,LOW-E1041,eval-low-policy-e1041,LOW,STATUS_PRIORITY_NON_DROPPING,20260904,1041,1041000000,0fecc66f18bfac8866078cd7e213b24d38fbab5ef7962fb9ca6984ccc2ec41cc,75f10bfbd54399e7a83842e11c376b7bad5f129d8378eb031403098d20eee550,external_inputs/eval-low-policy-e1041,ec84414f367b0f525a700c30d13986667e17e1d8,followup-status-priority-production-freeze-v2,fixed-sequence-v1,VALIDATED,,1,
followup_status_priority_evaluation_v1_20260904,EVALUATION,LOW-E1042,eval-low-fifo-e1042,LOW,FIFO,20260904,1042,1042000000,81ab0915f2bf5cc5e76d14530f55b7b4f979ae7c02945e4bd556b9a847419834,a96ccf8a9ecf846b3fc5fe574685fb7fdadf5eef752d538e04abbc71a7f88c12,external_inputs/eval-low-fifo-e1042,ec84414f367b0f525a700c30d13986667e17e1d8,followup-status-priority-production-freeze-v2,fixed-sequence-v1,VALIDATED,,1,
followup_status_priority_evaluation_v1_20260904,EVALUATION,LOW-E1042,eval-low-policy-e1042,LOW,STATUS_PRIORITY_NON_DROPPING,20260904,1042,1042000000,81ab0915f2bf5cc5e76d14530f55b7b4f979ae7c02945e4bd556b9a847419834,616b6649af980f5c01ab796b0a0c5e2a578648f30f72a8aee538677d0fc7f341,external_inputs/eval-low-policy-e1042,ec84414f367b0f525a700c30d13986667e17e1d8,followup-status-priority-production-freeze-v2,fixed-sequence-v1,VALIDATED,,1,
followup_status_priority_evaluation_v1_20260904,EVALUATION,LOW-E1043,eval-low-fifo-e1043,LOW,FIFO,20260904,1043,1043000000,2362883b89920be4349e99d43311c02690c3a422bd175205994063d7cd2d8417,4279a3c8fcdb33a6868526cb3a53ca8baa58a906f3d946d18bf043657d599007,external_inputs/eval-low-fifo-e1043,ec84414f367b0f525a700c30d13986667e17e1d8,followup-status-priority-production-freeze-v2,fixed-sequence-v1,VALIDATED,,1,
followup_status_priority_evaluation_v1_20260904,EVALUATION,LOW-E1043,eval-low-policy-e1043,LOW,STATUS_PRIORITY_NON_DROPPING,20260904,1043,1043000000,2362883b89920be4349e99d43311c02690c3a422bd175205994063d7cd2d8417,4cf15a2b00c2f35bc7b7a31b65d8e17efe36a8515f7610931e57b18b7c548454,external_inputs/eval-low-policy-e1043,ec84414f367b0f525a700c30d13986667e17e1d8,followup-status-priority-production-freeze-v2,fixed-sequence-v1,VALIDATED,,1,
followup_status_priority_evaluation_v1_20260904,EVALUATION,LOW-E1044,eval-low-fifo-e1044,LOW,FIFO,20260904,1044,1044000000,9f09cd9fa947e74053d2761ece87abdc4d9bba1ccec0786bee77b119d0a994f0,528e24e22fae6346e756222ca299c30c6d3c3888687506df8972bc4558a09fb4,external_inputs/eval-low-fifo-e1044,ec84414f367b0f525a700c30d13986667e17e1d8,followup-status-priority-production-freeze-v2,fixed-sequence-v1,VALIDATED,,1,
followup_status_priority_evaluation_v1_20260904,EVALUATION,LOW-E1044,eval-low-policy-e1044,LOW,STATUS_PRIORITY_NON_DROPPING,20260904,1044,1044000000,9f09cd9fa947e74053d2761ece87abdc4d9bba1ccec0786bee77b119d0a994f0,08f9817b63162f191e56e2a4d72bd3dc67359d73b432d3ee910890979f275341,external_inputs/eval-low-policy-e1044,ec84414f367b0f525a700c30d13986667e17e1d8,followup-status-priority-production-freeze-v2,fixed-sequence-v1,VALIDATED,,1,
followup_status_priority_evaluation_v1_20260904,EVALUATION,LOW-E1045,eval-low-fifo-e1045,LOW,FIFO,20260904,1045,1045000000,a6f8e501e9a0bd38f38ec3b372f737f1760e03971a0ab12dde3847242c4eb3ae,c46feec01f242bd5ae4113f648a01dbb93502f385f87b3f859e740997ea032be,external_inputs/eval-low-fifo-e1045,ec84414f367b0f525a700c30d13986667e17e1d8,followup-status-priority-production-freeze-v2,fixed-sequence-v1,VALIDATED,,1,
followup_status_priority_evaluation_v1_20260904,EVALUATION,LOW-E1045,eval-low-policy-e1045,LOW,STATUS_PRIORITY_NON_DROPPING,20260904,1045,1045000000,a6f8e501e9a0bd38f38ec3b372f737f1760e03971a0ab12dde3847242c4eb3ae,13449b6850e9bb1593c003c4ab2795a37c8a0030cf89870794d9339945f89882,external_inputs/eval-low-policy-e1045,ec84414f367b0f525a700c30d13986667e17e1d8,followup-status-priority-production-freeze-v2,fixed-sequence-v1,VALIDATED,,1,
followup_status_priority_evaluation_v1_20260904,EVALUATION,LOW-E1046,eval-low-fifo-e1046,LOW,FIFO,20260904,1046,1046000000,eb1ee6d10b8265c0fa20496a89c7f676fab62f1dafb68d57fb83118b69ce2e47,8dc305395536f0ec35101c825ff2c3c1bf2eb159c31daaa663fcc707d9b74ebc,external_inputs/eval-low-fifo-e1046,ec84414f367b0f525a700c30d13986667e17e1d8,followup-status-priority-production-freeze-v2,fixed-sequence-v1,VALIDATED,,1,
followup_status_priority_evaluation_v1_20260904,EVALUATION,LOW-E1046,eval-low-policy-e1046,LOW,STATUS_PRIORITY_NON_DROPPING,20260904,1046,1046000000,eb1ee6d10b8265c0fa20496a89c7f676fab62f1dafb68d57fb83118b69ce2e47,6b0c79e336299e6e4aa788b32c205ba405f80488dd4adc4abac70a904420fc47,external_inputs/eval-low-policy-e1046,ec84414f367b0f525a700c30d13986667e17e1d8,followup-status-priority-production-freeze-v2,fixed-sequence-v1,VALIDATED,,1,
followup_status_priority_evaluation_v1_20260904,EVALUATION,LOW-E1047,eval-low-fifo-e1047,LOW,FIFO,20260904,1047,1047000000,a50196bb043433006fa8abd2e3f8e2cb5c97fc266fbe675f5a6481c227723217,788622ed66ec41c9d663bf900d01d759e1570fa4863623e02117ddf66cb80897,external_inputs/eval-low-fifo-e1047,ec84414f367b0f525a700c30d13986667e17e1d8,followup-status-priority-production-freeze-v2,fixed-sequence-v1,VALIDATED,,1,
followup_status_priority_evaluation_v1_20260904,EVALUATION,LOW-E1047,eval-low-policy-e1047,LOW,STATUS_PRIORITY_NON_DROPPING,20260904,1047,1047000000,a50196bb043433006fa8abd2e3f8e2cb5c97fc266fbe675f5a6481c227723217,fb5080eb32b86b708ab9c1b0fb9d0324878983a4e718f1eed07ed04188d394c1,external_inputs/eval-low-policy-e1047,ec84414f367b0f525a700c30d13986667e17e1d8,followup-status-priority-production-freeze-v2,fixed-sequence-v1,VALIDATED,,1,
followup_status_priority_evaluation_v1_20260904,EVALUATION,LOW-E1048,eval-low-fifo-e1048,LOW,FIFO,20260904,1048,1048000000,5b0e1deb6ec3c0f52a18036901bab5b7116a2f7e8a2cc7d300bb2ede663984a3,ab01d60e4257360db2b213b4c067d8e8538e2192d1bd4821a7a091b3ba1cae4c,external_inputs/eval-low-fifo-e1048,ec84414f367b0f525a700c30d13986667e17e1d8,followup-status-priority-production-freeze-v2,fixed-sequence-v1,VALIDATED,,1,
followup_status_priority_evaluation_v1_20260904,EVALUATION,LOW-E1048,eval-low-policy-e1048,LOW,STATUS_PRIORITY_NON_DROPPING,20260904,1048,1048000000,5b0e1deb6ec3c0f52a18036901bab5b7116a2f7e8a2cc7d300bb2ede663984a3,3bf00fe35fdb321f5154a5868fb109292f5b26ddf3a0cecfa1821beedbdb2db8,external_inputs/eval-low-policy-e1048,ec84414f367b0f525a700c30d13986667e17e1d8,followup-status-priority-production-freeze-v2,fixed-sequence-v1,VALIDATED,,1,
followup_status_priority_evaluation_v1_20260904,EVALUATION,LOW-E1049,eval-low-fifo-e1049,LOW,FIFO,20260904,1049,1049000000,62d7d9ae89161bc247d4d1ed8849775ba62625af9046253b2ea75cadfd45e901,58d9cefc02126e847f058139e95877665dea1b8e2a4e499fe8e80da48eb0d889,external_inputs/eval-low-fifo-e1049,ec84414f367b0f525a700c30d13986667e17e1d8,followup-status-priority-production-freeze-v2,fixed-sequence-v1,VALIDATED,,1,
followup_status_priority_evaluation_v1_20260904,EVALUATION,LOW-E1049,eval-low-policy-e1049,LOW,STATUS_PRIORITY_NON_DROPPING,20260904,1049,1049000000,62d7d9ae89161bc247d4d1ed8849775ba62625af9046253b2ea75cadfd45e901,ca74c1b102f8d1308b4b8f503a9ad63efe3e049968c6337faea319bce4a79a0d,external_inputs/eval-low-policy-e1049,ec84414f367b0f525a700c30d13986667e17e1d8,followup-status-priority-production-freeze-v2,fixed-sequence-v1,VALIDATED,,1,
followup_status_priority_evaluation_v1_20260904,EVALUATION,LOW-E1050,eval-low-fifo-e1050,LOW,FIFO,20260904,1050,1050000000,e9042e75cd8647271d79e58d0555eb6c8196a00d4e210ac59ebff191cb5a0f20,6de9c4a3624ca70f94ccc07620e2c1448a660ac8c908c273b8259ef805dc836d,external_inputs/eval-low-fifo-e1050,ec84414f367b0f525a700c30d13986667e17e1d8,followup-status-priority-production-freeze-v2,fixed-sequence-v1,VALIDATED,,1,
followup_status_priority_evaluation_v1_20260904,EVALUATION,LOW-E1050,eval-low-policy-e1050,LOW,STATUS_PRIORITY_NON_DROPPING,20260904,1050,1050000000,e9042e75cd8647271d79e58d0555eb6c8196a00d4e210ac59ebff191cb5a0f20,8a78477af1e580234216c2d38466ed5a5332598bad79013007ef44c429c99532,external_inputs/eval-low-policy-e1050,ec84414f367b0f525a700c30d13986667e17e1d8,followup-status-priority-production-freeze-v2,fixed-sequence-v1,VALIDATED,,1,
followup_status_priority_evaluation_v1_20260904,EVALUATION,LOW-E1051,eval-low-fifo-e1051,LOW,FIFO,20260904,1051,1051000000,35149950eda9962e57c9a7851fafd3697e01f4da7ee109c66e145d141863157c,1c95125ca2a6b379a87b06426fc06b9848f60d5ba6d787c5bea515554c114e73,external_inputs/eval-low-fifo-e1051,ec84414f367b0f525a700c30d13986667e17e1d8,followup-status-priority-production-freeze-v2,fixed-sequence-v1,VALIDATED,,1,
followup_status_priority_evaluation_v1_20260904,EVALUATION,LOW-E1051,eval-low-policy-e1051,LOW,STATUS_PRIORITY_NON_DROPPING,20260904,1051,1051000000,35149950eda9962e57c9a7851fafd3697e01f4da7ee109c66e145d141863157c,f1e45df8f586fbe76882dd03fb22c2fa1bb0e41457d8299c5e4bdf8114d41d94,external_inputs/eval-low-policy-e1051,ec84414f367b0f525a700c30d13986667e17e1d8,followup-status-priority-production-freeze-v2,fixed-sequence-v1,VALIDATED,,1,
followup_status_priority_evaluation_v1_20260904,EVALUATION,LOW-E1052,eval-low-fifo-e1052,LOW,FIFO,20260904,1052,1052000000,8262240562cc4837aa3e1bd0be2370cf35b7ba5a8120b098a63994575d65f4dc,9ba5cda8347abca26787321051f8d8bcf8574029ec3e54be03a0a36810ce834a,external_inputs/eval-low-fifo-e1052,ec84414f367b0f525a700c30d13986667e17e1d8,followup-status-priority-production-freeze-v2,fixed-sequence-v1,VALIDATED,,1,
followup_status_priority_evaluation_v1_20260904,EVALUATION,LOW-E1052,eval-low-policy-e1052,LOW,STATUS_PRIORITY_NON_DROPPING,20260904,1052,1052000000,8262240562cc4837aa3e1bd0be2370cf35b7ba5a8120b098a63994575d65f4dc,a0e088b80114602d2ad446621d47966864d36ef43603e1286ab3ac5d310dd1f7,external_inputs/eval-low-policy-e1052,ec84414f367b0f525a700c30d13986667e17e1d8,followup-status-priority-production-freeze-v2,fixed-sequence-v1,VALIDATED,,1,
followup_status_priority_evaluation_v1_20260904,EVALUATION,LOW-E1053,eval-low-fifo-e1053,LOW,FIFO,20260904,1053,1053000000,c45abc0656c70b83299a33fb13bbec001e68774e43bbc3594396b3fabb7ff19f,aa3e1fadf7659eb18ae266ec0c00855732b1f30ee5b59f4f9d5b6025add5f26c,external_inputs/eval-low-fifo-e1053,ec84414f367b0f525a700c30d13986667e17e1d8,followup-status-priority-production-freeze-v2,fixed-sequence-v1,VALIDATED,,1,
followup_status_priority_evaluation_v1_20260904,EVALUATION,LOW-E1053,eval-low-policy-e1053,LOW,STATUS_PRIORITY_NON_DROPPING,20260904,1053,1053000000,c45abc0656c70b83299a33fb13bbec001e68774e43bbc3594396b3fabb7ff19f,d567a8798545ee5a57195790a7639a9ebda694d859f9c2c1042aee33a98c27cf,external_inputs/eval-low-policy-e1053,ec84414f367b0f525a700c30d13986667e17e1d8,followup-status-priority-production-freeze-v2,fixed-sequence-v1,VALIDATED,,1,
followup_status_priority_evaluation_v1_20260904,EVALUATION,LOW-E1054,eval-low-fifo-e1054,LOW,FIFO,20260904,1054,1054000000,08065a4195c6bcd6b39e7242d39be3b90939ea2b2d2ca4106d3a631def123ef0,0b8d117919390bd4cce98cd4351f89f285ffbeb86c54da073a80d90391d9d158,external_inputs/eval-low-fifo-e1054,ec84414f367b0f525a700c30d13986667e17e1d8,followup-status-priority-production-freeze-v2,fixed-sequence-v1,VALIDATED,,1,
followup_status_priority_evaluation_v1_20260904,EVALUATION,LOW-E1054,eval-low-policy-e1054,LOW,STATUS_PRIORITY_NON_DROPPING,20260904,1054,1054000000,08065a4195c6bcd6b39e7242d39be3b90939ea2b2d2ca4106d3a631def123ef0,740ec25e5b73b5567c92b0239755c57d465f59a4ababa443a03f15f53b1a7a74,external_inputs/eval-low-policy-e1054,ec84414f367b0f525a700c30d13986667e17e1d8,followup-status-priority-production-freeze-v2,fixed-sequence-v1,VALIDATED,,1,
followup_status_priority_evaluation_v1_20260904,EVALUATION,LOW-E1055,eval-low-fifo-e1055,LOW,FIFO,20260904,1055,1055000000,59ef42d0f2989a097959e9ca6e90b970a0c091c46db652dc36d7671e3ee0ac8d,7277f2afffa0c004023c16ba7b8d266190d9d1a0795ac3be983fcb6595c8239d,external_inputs/eval-low-fifo-e1055,ec84414f367b0f525a700c30d13986667e17e1d8,followup-status-priority-production-freeze-v2,fixed-sequence-v1,VALIDATED,,1,
followup_status_priority_evaluation_v1_20260904,EVALUATION,LOW-E1055,eval-low-policy-e1055,LOW,STATUS_PRIORITY_NON_DROPPING,20260904,1055,1055000000,59ef42d0f2989a097959e9ca6e90b970a0c091c46db652dc36d7671e3ee0ac8d,f998f073fbcb25eabc0269ae161dd45c6bed64ef458215a30767f47e837d552a,external_inputs/eval-low-policy-e1055,ec84414f367b0f525a700c30d13986667e17e1d8,followup-status-priority-production-freeze-v2,fixed-sequence-v1,VALIDATED,,1,
followup_status_priority_evaluation_v1_20260904,EVALUATION,LOW-E1056,eval-low-fifo-e1056,LOW,FIFO,20260904,1056,1056000000,564c7fefbe6523022ad9ec76e8896e4d58424e4f6c8b62649eb6462806e1874e,129d7ce434066e6cb0c79a2ed1258344b3e0fa0fdbce65320b0a4520ed476365,external_inputs/eval-low-fifo-e1056,ec84414f367b0f525a700c30d13986667e17e1d8,followup-status-priority-production-freeze-v2,fixed-sequence-v1,VALIDATED,,1,
followup_status_priority_evaluation_v1_20260904,EVALUATION,LOW-E1056,eval-low-policy-e1056,LOW,STATUS_PRIORITY_NON_DROPPING,20260904,1056,1056000000,564c7fefbe6523022ad9ec76e8896e4d58424e4f6c8b62649eb6462806e1874e,baee3af78a9f9a1e27a7c942d540d14070b9abad7f49064437806a3e953b00bf,external_inputs/eval-low-policy-e1056,ec84414f367b0f525a700c30d13986667e17e1d8,followup-status-priority-production-freeze-v2,fixed-sequence-v1,VALIDATED,,1,
followup_status_priority_evaluation_v1_20260904,EVALUATION,LOW-E1057,eval-low-fifo-e1057,LOW,FIFO,20260904,1057,1057000000,54011fee3aaeaed90c8b8c0efdbf63fd7492e4a10abc2f67093bf299764ef446,e55c7282a651cb4bba1a98f51b321bfa1e3337218feb7de66403c4fd30c2d11b,external_inputs/eval-low-fifo-e1057,ec84414f367b0f525a700c30d13986667e17e1d8,followup-status-priority-production-freeze-v2,fixed-sequence-v1,VALIDATED,,1,
followup_status_priority_evaluation_v1_20260904,EVALUATION,LOW-E1057,eval-low-policy-e1057,LOW,STATUS_PRIORITY_NON_DROPPING,20260904,1057,1057000000,54011fee3aaeaed90c8b8c0efdbf63fd7492e4a10abc2f67093bf299764ef446,151c4eb622d352eb78eb26a4f69a3e47897d171bfa1b1036d6a6af48644177cc,external_inputs/eval-low-policy-e1057,ec84414f367b0f525a700c30d13986667e17e1d8,followup-status-priority-production-freeze-v2,fixed-sequence-v1,VALIDATED,,1,
followup_status_priority_evaluation_v1_20260904,EVALUATION,LOW-E1058,eval-low-fifo-e1058,LOW,FIFO,20260904,1058,1058000000,0d5aafe8dc0ac2b93abb1061f7fb29026dc342948737a1c02b454248297bc102,9d483536578c3be003119b473758880954c2ffef7fcd1fb2aad26770b4db7a91,external_inputs/eval-low-fifo-e1058,ec84414f367b0f525a700c30d13986667e17e1d8,followup-status-priority-production-freeze-v2,fixed-sequence-v1,VALIDATED,,1,
followup_status_priority_evaluation_v1_20260904,EVALUATION,LOW-E1058,eval-low-policy-e1058,LOW,STATUS_PRIORITY_NON_DROPPING,20260904,1058,1058000000,0d5aafe8dc0ac2b93abb1061f7fb29026dc342948737a1c02b454248297bc102,6be95fde018eb80a7bce1a8151a62518f14e248b7f270f8a7237cd959653534c,external_inputs/eval-low-policy-e1058,ec84414f367b0f525a700c30d13986667e17e1d8,followup-status-priority-production-freeze-v2,fixed-sequence-v1,VALIDATED,,1,
followup_status_priority_evaluation_v1_20260904,EVALUATION,LOW-E1059,eval-low-fifo-e1059,LOW,FIFO,20260904,1059,1059000000,bf66157c5b01c053966eadd727ded6a929b707389509861db3f2bb516cc289aa,ed4ba70c2d1337cf2b16cb8b84b5284d6c9325fb93069b4c8ae5a4e4825cbfd9,external_inputs/eval-low-fifo-e1059,ec84414f367b0f525a700c30d13986667e17e1d8,followup-status-priority-production-freeze-v2,fixed-sequence-v1,VALIDATED,,1,
followup_status_priority_evaluation_v1_20260904,EVALUATION,LOW-E1059,eval-low-policy-e1059,LOW,STATUS_PRIORITY_NON_DROPPING,20260904,1059,1059000000,bf66157c5b01c053966eadd727ded6a929b707389509861db3f2bb516cc289aa,6d32ada2f271edbcb0522e952941166c42290663b26b4c1a19489c7f6ede673b,external_inputs/eval-low-policy-e1059,ec84414f367b0f525a700c30d13986667e17e1d8,followup-status-priority-production-freeze-v2,fixed-sequence-v1,VALIDATED,,1,
followup_status_priority_evaluation_v1_20260904,EVALUATION,LOW-E1060,eval-low-fifo-e1060,LOW,FIFO,20260904,1060,1060000000,896c55eb48186cecbde3279464353d3d0d7c22df7d93a8602c88cd7bc8aa4347,78c638e44ec4d0e8e357fd36228378623d3f6502d8286e6d249c1fff675870e2,external_inputs/eval-low-fifo-e1060,ec84414f367b0f525a700c30d13986667e17e1d8,followup-status-priority-production-freeze-v2,fixed-sequence-v1,VALIDATED,,1,
followup_status_priority_evaluation_v1_20260904,EVALUATION,LOW-E1060,eval-low-policy-e1060,LOW,STATUS_PRIORITY_NON_DROPPING,20260904,1060,1060000000,896c55eb48186cecbde3279464353d3d0d7c22df7d93a8602c88cd7bc8aa4347,f479e8cecf7c5c480b0a5c892d2f200d0fe29ea2ae23903715c6db20ea63c9dd,external_inputs/eval-low-policy-e1060,ec84414f367b0f525a700c30d13986667e17e1d8,followup-status-priority-production-freeze-v2,fixed-sequence-v1,VALIDATED,,1,
followup_status_priority_evaluation_v1_20260904,EVALUATION,LOW-E1061,eval-low-fifo-e1061,LOW,FIFO,20260904,1061,1061000000,ea258548ab272df956e4a93a2fe1f7b40f27101607c1ed6c8efd9f2e4812a915,d1e0f61d42adfcf97b8f166a0055ebf3a5231b8f0947bb79d5043df5bef002ab,external_inputs/eval-low-fifo-e1061,ec84414f367b0f525a700c30d13986667e17e1d8,followup-status-priority-production-freeze-v2,fixed-sequence-v1,VALIDATED,,1,
followup_status_priority_evaluation_v1_20260904,EVALUATION,LOW-E1061,eval-low-policy-e1061,LOW,STATUS_PRIORITY_NON_DROPPING,20260904,1061,1061000000,ea258548ab272df956e4a93a2fe1f7b40f27101607c1ed6c8efd9f2e4812a915,814f437ee4e959dc63de53749b2431f4f0848942bafe2656a29e884ba00253cb,external_inputs/eval-low-policy-e1061,ec84414f367b0f525a700c30d13986667e17e1d8,followup-status-priority-production-freeze-v2,fixed-sequence-v1,VALIDATED,,1,
followup_status_priority_evaluation_v1_20260904,EVALUATION,LOW-E1062,eval-low-fifo-e1062,LOW,FIFO,20260904,1062,1062000000,52a06da04a860937e6ef7d83ea8718a9cef50979748acffb84a7458e4e5ddb9c,0e8e736703f8848804b0c1d93da127b5da6af723f5ec67bf248031bd855f5bd4,external_inputs/eval-low-fifo-e1062,ec84414f367b0f525a700c30d13986667e17e1d8,followup-status-priority-production-freeze-v2,fixed-sequence-v1,VALIDATED,,1,
followup_status_priority_evaluation_v1_20260904,EVALUATION,LOW-E1062,eval-low-policy-e1062,LOW,STATUS_PRIORITY_NON_DROPPING,20260904,1062,1062000000,52a06da04a860937e6ef7d83ea8718a9cef50979748acffb84a7458e4e5ddb9c,441647c19c082b30639a76b052f8326e14a080a23d205c670b6bfbeb82f4cfba,external_inputs/eval-low-policy-e1062,ec84414f367b0f525a700c30d13986667e17e1d8,followup-status-priority-production-freeze-v2,fixed-sequence-v1,VALIDATED,,1,
followup_status_priority_evaluation_v1_20260904,EVALUATION,LOW-E1063,eval-low-fifo-e1063,LOW,FIFO,20260904,1063,1063000000,d010892e1ea5b83d7d8522fbaf666e6cddd289f0f93ac5769d510714da4e1e6f,3224c33f426491ae175f972b9fa24a0406ef845d36f0decf8a6450cf11fe23c1,external_inputs/eval-low-fifo-e1063,ec84414f367b0f525a700c30d13986667e17e1d8,followup-status-priority-production-freeze-v2,fixed-sequence-v1,VALIDATED,,1,
followup_status_priority_evaluation_v1_20260904,EVALUATION,LOW-E1063,eval-low-policy-e1063,LOW,STATUS_PRIORITY_NON_DROPPING,20260904,1063,1063000000,d010892e1ea5b83d7d8522fbaf666e6cddd289f0f93ac5769d510714da4e1e6f,34b8fdd07b055e56f11d241a315803aa280024466e0402393f2d9424104ab87b,external_inputs/eval-low-policy-e1063,ec84414f367b0f525a700c30d13986667e17e1d8,followup-status-priority-production-freeze-v2,fixed-sequence-v1,VALIDATED,,1,
followup_status_priority_evaluation_v1_20260904,EVALUATION,LOW-E1064,eval-low-fifo-e1064,LOW,FIFO,20260904,1064,1064000000,8eec5d5455a1cb25c91e519fccab8772203e95f463f6cebf13d78b3d236197e5,db938804226f60117176a2882e9c64367bf80ef626bcd732387ccf3641685609,external_inputs/eval-low-fifo-e1064,ec84414f367b0f525a700c30d13986667e17e1d8,followup-status-priority-production-freeze-v2,fixed-sequence-v1,VALIDATED,,1,
followup_status_priority_evaluation_v1_20260904,EVALUATION,LOW-E1064,eval-low-policy-e1064,LOW,STATUS_PRIORITY_NON_DROPPING,20260904,1064,1064000000,8eec5d5455a1cb25c91e519fccab8772203e95f463f6cebf13d78b3d236197e5,9b4a65296a34268646c86448f463514615a2d7274614cff2b36d0116a5f01d69,external_inputs/eval-low-policy-e1064,ec84414f367b0f525a700c30d13986667e17e1d8,followup-status-priority-production-freeze-v2,fixed-sequence-v1,VALIDATED,,1,
followup_status_priority_evaluation_v1_20260904,EVALUATION,LOW-E1065,eval-low-fifo-e1065,LOW,FIFO,20260904,1065,1065000000,d9fae9653c501fa405a69e0db97b650683c5bd4473933f2abab0f78aeab6789c,8d19a96c15b6ad2800460d9931a2d0e783cd1be894a391cca1fe3ddc78a1f98d,external_inputs/eval-low-fifo-e1065,ec84414f367b0f525a700c30d13986667e17e1d8,followup-status-priority-production-freeze-v2,fixed-sequence-v1,VALIDATED,,1,
followup_status_priority_evaluation_v1_20260904,EVALUATION,LOW-E1065,eval-low-policy-e1065,LOW,STATUS_PRIORITY_NON_DROPPING,20260904,1065,1065000000,d9fae9653c501fa405a69e0db97b650683c5bd4473933f2abab0f78aeab6789c,0fabd764412beda4e6556be92b2767d1b97fc86dcc3be3fe982b8713c968421c,external_inputs/eval-low-policy-e1065,ec84414f367b0f525a700c30d13986667e17e1d8,followup-status-priority-production-freeze-v2,fixed-sequence-v1,VALIDATED,,1,
followup_status_priority_evaluation_v1_20260904,EVALUATION,LOW-E1066,eval-low-fifo-e1066,LOW,FIFO,20260904,1066,1066000000,850d4de1169ddb5833cf34e17c702dc3312e343ee26b8b145a12701c05314854,a21fe51a1bad7eb1f1a94e06930dc5c663f187224fa3c0dcb46bcff843a43767,external_inputs/eval-low-fifo-e1066,ec84414f367b0f525a700c30d13986667e17e1d8,followup-status-priority-production-freeze-v2,fixed-sequence-v1,VALIDATED,,1,
followup_status_priority_evaluation_v1_20260904,EVALUATION,LOW-E1066,eval-low-policy-e1066,LOW,STATUS_PRIORITY_NON_DROPPING,20260904,1066,1066000000,850d4de1169ddb5833cf34e17c702dc3312e343ee26b8b145a12701c05314854,6679054e093d57ad271a6d0a327c811ce1de225e0c13b350403ffee57f1f31d0,external_inputs/eval-low-policy-e1066,ec84414f367b0f525a700c30d13986667e17e1d8,followup-status-priority-production-freeze-v2,fixed-sequence-v1,VALIDATED,,1,
followup_status_priority_evaluation_v1_20260904,EVALUATION,LOW-E1067,eval-low-fifo-e1067,LOW,FIFO,20260904,1067,1067000000,ef46504128f6a4b92159ba482e6bd2e39896d12f11fbdde63d278ef1c0df69d3,5e1519372a84f01c3fabcdfe44f51a2aca96be1f99192591fabff9e439530a68,external_inputs/eval-low-fifo-e1067,ec84414f367b0f525a700c30d13986667e17e1d8,followup-status-priority-production-freeze-v2,fixed-sequence-v1,VALIDATED,,1,
followup_status_priority_evaluation_v1_20260904,EVALUATION,LOW-E1067,eval-low-policy-e1067,LOW,STATUS_PRIORITY_NON_DROPPING,20260904,1067,1067000000,ef46504128f6a4b92159ba482e6bd2e39896d12f11fbdde63d278ef1c0df69d3,bc6166b0871ebeac90b1b0c75708c03d267c913fe01fcb8ad3a97207f80f4a64,external_inputs/eval-low-policy-e1067,ec84414f367b0f525a700c30d13986667e17e1d8,followup-status-priority-production-freeze-v2,fixed-sequence-v1,VALIDATED,,1,
followup_status_priority_evaluation_v1_20260904,EVALUATION,LOW-E1068,eval-low-fifo-e1068,LOW,FIFO,20260904,1068,1068000000,274b41046e8cf2bddd7aef819867c2876cfa6e2c2fd6c01ad6f358f543df63e3,e4fa31731a554144a62a2ad8c36f70d6dc5e33ff343b3728fbbf648e82d25f3f,external_inputs/eval-low-fifo-e1068,ec84414f367b0f525a700c30d13986667e17e1d8,followup-status-priority-production-freeze-v2,fixed-sequence-v1,VALIDATED,,1,
followup_status_priority_evaluation_v1_20260904,EVALUATION,LOW-E1068,eval-low-policy-e1068,LOW,STATUS_PRIORITY_NON_DROPPING,20260904,1068,1068000000,274b41046e8cf2bddd7aef819867c2876cfa6e2c2fd6c01ad6f358f543df63e3,3cfea4e78ee46de66ebed306fa94892f0acf1215a2708cfc9861ede698796a62,external_inputs/eval-low-policy-e1068,ec84414f367b0f525a700c30d13986667e17e1d8,followup-status-priority-production-freeze-v2,fixed-sequence-v1,VALIDATED,,1,
followup_status_priority_evaluation_v1_20260904,EVALUATION,LOW-E1069,eval-low-fifo-e1069,LOW,FIFO,20260904,1069,1069000000,c10fa49cb540606961a08e99b6865ebf6956237eec85b1f95f51075d5835dac2,8e5fe97ae2d37d5e5ae35293417b9f2e555f111079d15928d2f8e5d06158a58e,external_inputs/eval-low-fifo-e1069,ec84414f367b0f525a700c30d13986667e17e1d8,followup-status-priority-production-freeze-v2,fixed-sequence-v1,VALIDATED,,1,
followup_status_priority_evaluation_v1_20260904,EVALUATION,LOW-E1069,eval-low-policy-e1069,LOW,STATUS_PRIORITY_NON_DROPPING,20260904,1069,1069000000,c10fa49cb540606961a08e99b6865ebf6956237eec85b1f95f51075d5835dac2,bc90586260cf035198986e970acea274b8b768b63e1c1b1d937a49dc5e1898c5,external_inputs/eval-low-policy-e1069,ec84414f367b0f525a700c30d13986667e17e1d8,followup-status-priority-production-freeze-v2,fixed-sequence-v1,VALIDATED,,1,
followup_status_priority_evaluation_v1_20260904,EVALUATION,LOW-E1070,eval-low-fifo-e1070,LOW,FIFO,20260904,1070,1070000000,9f81b942e53f52cb9d7485e708757d90165c698e54ef6b62f82ea6b8b0ea4e64,160956674fda2d5a6382a80272d5a936e50baad7bdf45f4bf796ec9ecbf1e4dc,external_inputs/eval-low-fifo-e1070,ec84414f367b0f525a700c30d13986667e17e1d8,followup-status-priority-production-freeze-v2,fixed-sequence-v1,VALIDATED,,1,
followup_status_priority_evaluation_v1_20260904,EVALUATION,LOW-E1070,eval-low-policy-e1070,LOW,STATUS_PRIORITY_NON_DROPPING,20260904,1070,1070000000,9f81b942e53f52cb9d7485e708757d90165c698e54ef6b62f82ea6b8b0ea4e64,ee82da956c51cc98549bc9f0c54ce4e14dee5aa8d8db3eb7941812e1b1f6e8d9,external_inputs/eval-low-policy-e1070,ec84414f367b0f525a700c30d13986667e17e1d8,followup-status-priority-production-freeze-v2,fixed-sequence-v1,VALIDATED,,1,
followup_status_priority_evaluation_v1_20260904,EVALUATION,LOW-E1071,eval-low-fifo-e1071,LOW,FIFO,20260904,1071,1071000000,788cead02dd01d53aa4cabf81305d855ab702e9710e38a6abd485126527ff50f,d9599f4ad945c5ba9dc8e8dc7e0fca87ee070dea5fbcb9804ffc9538311f9218,external_inputs/eval-low-fifo-e1071,ec84414f367b0f525a700c30d13986667e17e1d8,followup-status-priority-production-freeze-v2,fixed-sequence-v1,VALIDATED,,1,
followup_status_priority_evaluation_v1_20260904,EVALUATION,LOW-E1071,eval-low-policy-e1071,LOW,STATUS_PRIORITY_NON_DROPPING,20260904,1071,1071000000,788cead02dd01d53aa4cabf81305d855ab702e9710e38a6abd485126527ff50f,614dcd4b78f54ff2900ccfd0388de7c546e367b658cf50ebcd9c139bdb075430,external_inputs/eval-low-policy-e1071,ec84414f367b0f525a700c30d13986667e17e1d8,followup-status-priority-production-freeze-v2,fixed-sequence-v1,VALIDATED,,1,
followup_status_priority_evaluation_v1_20260904,EVALUATION,LOW-E1072,eval-low-fifo-e1072,LOW,FIFO,20260904,1072,1072000000,8383e7e8441fbade895a3b7b83ccbbac78b0d5dbdff1a6339dc5552b17ef8493,4c7ca2f8805552e4a14567d27fabe5613feb55d8d8cdd78b9935eb2dbb83d12e,external_inputs/eval-low-fifo-e1072,ec84414f367b0f525a700c30d13986667e17e1d8,followup-status-priority-production-freeze-v2,fixed-sequence-v1,VALIDATED,,1,
followup_status_priority_evaluation_v1_20260904,EVALUATION,LOW-E1072,eval-low-policy-e1072,LOW,STATUS_PRIORITY_NON_DROPPING,20260904,1072,1072000000,8383e7e8441fbade895a3b7b83ccbbac78b0d5dbdff1a6339dc5552b17ef8493,484fab966bbcf7d6040ae70981c0ac8e92b8a9ae47dc7ad28d93e1926a8964d7,external_inputs/eval-low-policy-e1072,ec84414f367b0f525a700c30d13986667e17e1d8,followup-status-priority-production-freeze-v2,fixed-sequence-v1,VALIDATED,,1,
followup_status_priority_evaluation_v1_20260904,EVALUATION,LOW-E1073,eval-low-fifo-e1073,LOW,FIFO,20260904,1073,1073000000,37fe83b81193866aa6f4eff71a4bfe632605a114be46c1d033975cd07e33e352,0e7fd003703e764528f6f5d4d2943e3e1dee00439ecce2cbb32283fe834a3c2b,external_inputs/eval-low-fifo-e1073,ec84414f367b0f525a700c30d13986667e17e1d8,followup-status-priority-production-freeze-v2,fixed-sequence-v1,VALIDATED,,1,
followup_status_priority_evaluation_v1_20260904,EVALUATION,LOW-E1073,eval-low-policy-e1073,LOW,STATUS_PRIORITY_NON_DROPPING,20260904,1073,1073000000,37fe83b81193866aa6f4eff71a4bfe632605a114be46c1d033975cd07e33e352,be7f87984b77f31e79ef97d5dab7a3c14e5292d829e5ebfe09c18ee0834087f1,external_inputs/eval-low-policy-e1073,ec84414f367b0f525a700c30d13986667e17e1d8,followup-status-priority-production-freeze-v2,fixed-sequence-v1,VALIDATED,,1,
followup_status_priority_evaluation_v1_20260904,EVALUATION,LOW-E1074,eval-low-fifo-e1074,LOW,FIFO,20260904,1074,1074000000,ea6ca4da0f231e732ff0d924930dc59eb497f5c314b0095b0c2082214ac06c25,4bda9a52a7d7344ab702182f3dcdd0b4ec2611092f53cddd942a6debf3128add,external_inputs/eval-low-fifo-e1074,ec84414f367b0f525a700c30d13986667e17e1d8,followup-status-priority-production-freeze-v2,fixed-sequence-v1,VALIDATED,,1,
followup_status_priority_evaluation_v1_20260904,EVALUATION,LOW-E1074,eval-low-policy-e1074,LOW,STATUS_PRIORITY_NON_DROPPING,20260904,1074,1074000000,ea6ca4da0f231e732ff0d924930dc59eb497f5c314b0095b0c2082214ac06c25,26bcda0d39e2817eeef5930f2d5295cb24c7f5dfb1b1e234b72a1479d44608fc,external_inputs/eval-low-policy-e1074,ec84414f367b0f525a700c30d13986667e17e1d8,followup-status-priority-production-freeze-v2,fixed-sequence-v1,VALIDATED,,1,
followup_status_priority_evaluation_v1_20260904,EVALUATION,LOW-E1075,eval-low-fifo-e1075,LOW,FIFO,20260904,1075,1075000000,75b49cb4c533f4c6dc497c2978cca550a414118b9c666854864490fec93ecd13,6a18087a7d51dd9fb8613d8b3788c5cd318c4bcd1c3a2f324b9fc74399b592ce,external_inputs/eval-low-fifo-e1075,ec84414f367b0f525a700c30d13986667e17e1d8,followup-status-priority-production-freeze-v2,fixed-sequence-v1,VALIDATED,,1,
followup_status_priority_evaluation_v1_20260904,EVALUATION,LOW-E1075,eval-low-policy-e1075,LOW,STATUS_PRIORITY_NON_DROPPING,20260904,1075,1075000000,75b49cb4c533f4c6dc497c2978cca550a414118b9c666854864490fec93ecd13,f4ef757a405c10f9b3194e2b2c69a9e22c06c409e84311dac5775802bd2761c3,external_inputs/eval-low-policy-e1075,ec84414f367b0f525a700c30d13986667e17e1d8,followup-status-priority-production-freeze-v2,fixed-sequence-v1,VALIDATED,,1,
followup_status_priority_evaluation_v1_20260904,EVALUATION,LOW-E1076,eval-low-fifo-e1076,LOW,FIFO,20260904,1076,1076000000,aab91cd75d68e78ffaf638c1fcb412b55e6a4005203b1bbb31edeca57395e675,bdefdbe6e20c89f33425c21ea9a8aa9a03d82e4c52ff97ce00a0c1c163f839ad,external_inputs/eval-low-fifo-e1076,ec84414f367b0f525a700c30d13986667e17e1d8,followup-status-priority-production-freeze-v2,fixed-sequence-v1,VALIDATED,,1,
followup_status_priority_evaluation_v1_20260904,EVALUATION,LOW-E1076,eval-low-policy-e1076,LOW,STATUS_PRIORITY_NON_DROPPING,20260904,1076,1076000000,aab91cd75d68e78ffaf638c1fcb412b55e6a4005203b1bbb31edeca57395e675,2f77dc0334536e19f8d8cfb8fb176a387142f2978583dc599a80f7e1fbae2049,external_inputs/eval-low-policy-e1076,ec84414f367b0f525a700c30d13986667e17e1d8,followup-status-priority-production-freeze-v2,fixed-sequence-v1,VALIDATED,,1,
followup_status_priority_evaluation_v1_20260904,EVALUATION,LOW-E1077,eval-low-fifo-e1077,LOW,FIFO,20260904,1077,1077000000,161fa20e7bb855edc84de7b44356913b9688b628c75471f966f9b604e3117d85,bbd2b86f44cce30b097fc80b33b0820bf72873dad77d0fc2468db277dd308dcc,external_inputs/eval-low-fifo-e1077,ec84414f367b0f525a700c30d13986667e17e1d8,followup-status-priority-production-freeze-v2,fixed-sequence-v1,VALIDATED,,1,
followup_status_priority_evaluation_v1_20260904,EVALUATION,LOW-E1077,eval-low-policy-e1077,LOW,STATUS_PRIORITY_NON_DROPPING,20260904,1077,1077000000,161fa20e7bb855edc84de7b44356913b9688b628c75471f966f9b604e3117d85,2bbeb1756e3df98291bfa409eef8a4277111f6c21be0c933b86dfc46061c305f,external_inputs/eval-low-policy-e1077,ec84414f367b0f525a700c30d13986667e17e1d8,followup-status-priority-production-freeze-v2,fixed-sequence-v1,VALIDATED,,1,
followup_status_priority_evaluation_v1_20260904,EVALUATION,LOW-E1078,eval-low-fifo-e1078,LOW,FIFO,20260904,1078,1078000000,2b4a72c811fffbe0bf85c545900fd4d70d2513d467e17851928a80c54c6c6440,4c724db300da37b44e07e759debc4d0d1e71e5c8b21598b8da150dcaf4fb7549,external_inputs/eval-low-fifo-e1078,ec84414f367b0f525a700c30d13986667e17e1d8,followup-status-priority-production-freeze-v2,fixed-sequence-v1,VALIDATED,,1,
followup_status_priority_evaluation_v1_20260904,EVALUATION,LOW-E1078,eval-low-policy-e1078,LOW,STATUS_PRIORITY_NON_DROPPING,20260904,1078,1078000000,2b4a72c811fffbe0bf85c545900fd4d70d2513d467e17851928a80c54c6c6440,eb1dc2ad7520b2b027f38e667cbff82299e36e3c8faa727b0012f6c0f5574e73,external_inputs/eval-low-policy-e1078,ec84414f367b0f525a700c30d13986667e17e1d8,followup-status-priority-production-freeze-v2,fixed-sequence-v1,VALIDATED,,1,
followup_status_priority_evaluation_v1_20260904,EVALUATION,LOW-E1079,eval-low-fifo-e1079,LOW,FIFO,20260904,1079,1079000000,e5957360a8d73b4ea4f85e5592846b61e680d54aef8a7b9048afa3417d667a11,abe7f352e371ce10372babcf9f11624efc53f09a230c729389995c1657432c80,external_inputs/eval-low-fifo-e1079,ec84414f367b0f525a700c30d13986667e17e1d8,followup-status-priority-production-freeze-v2,fixed-sequence-v1,VALIDATED,,1,
followup_status_priority_evaluation_v1_20260904,EVALUATION,LOW-E1079,eval-low-policy-e1079,LOW,STATUS_PRIORITY_NON_DROPPING,20260904,1079,1079000000,e5957360a8d73b4ea4f85e5592846b61e680d54aef8a7b9048afa3417d667a11,8e6b82afa57127c3e7ac1082fca6acdd26082c222fb39547d4984ba82f356ee9,external_inputs/eval-low-policy-e1079,ec84414f367b0f525a700c30d13986667e17e1d8,followup-status-priority-production-freeze-v2,fixed-sequence-v1,VALIDATED,,1,
followup_status_priority_evaluation_v1_20260904,EVALUATION,LOW-E1080,eval-low-fifo-e1080,LOW,FIFO,20260904,1080,1080000000,2c1fc470f302e8ddad48844b4ee43eaf08223710e70b9411d284d285d9c8f29b,853cf1eacff0fc2bef7a4be9b463c04afd1ddfefbe3adfb6e52565f78f833fd5,external_inputs/eval-low-fifo-e1080,ec84414f367b0f525a700c30d13986667e17e1d8,followup-status-priority-production-freeze-v2,fixed-sequence-v1,VALIDATED,,1,
followup_status_priority_evaluation_v1_20260904,EVALUATION,LOW-E1080,eval-low-policy-e1080,LOW,STATUS_PRIORITY_NON_DROPPING,20260904,1080,1080000000,2c1fc470f302e8ddad48844b4ee43eaf08223710e70b9411d284d285d9c8f29b,06854b62e9ef52bd853e7fb7706580f41e5062b9cf0ccfb1671c2194b26d5122,external_inputs/eval-low-policy-e1080,ec84414f367b0f525a700c30d13986667e17e1d8,followup-status-priority-production-freeze-v2,fixed-sequence-v1,VALIDATED,,1,
followup_status_priority_evaluation_v1_20260904,EVALUATION,LOW-E1081,eval-low-fifo-e1081,LOW,FIFO,20260904,1081,1081000000,6ec5136156b9d437ac7d914fcf96b64381bf1a67b74b0672c836f4c80fdd9424,04e80382775cc4135154ef68a4000c20d51e691676cd287a1b859aaaf0972cc8,external_inputs/eval-low-fifo-e1081,ec84414f367b0f525a700c30d13986667e17e1d8,followup-status-priority-production-freeze-v2,fixed-sequence-v1,VALIDATED,,1,
followup_status_priority_evaluation_v1_20260904,EVALUATION,LOW-E1081,eval-low-policy-e1081,LOW,STATUS_PRIORITY_NON_DROPPING,20260904,1081,1081000000,6ec5136156b9d437ac7d914fcf96b64381bf1a67b74b0672c836f4c80fdd9424,2c698cd7627749f87412be84118100e099ae1a86b8d1b50a9a5bda4228d7cbaa,external_inputs/eval-low-policy-e1081,ec84414f367b0f525a700c30d13986667e17e1d8,followup-status-priority-production-freeze-v2,fixed-sequence-v1,VALIDATED,,1,
followup_status_priority_evaluation_v1_20260904,EVALUATION,LOW-E1082,eval-low-fifo-e1082,LOW,FIFO,20260904,1082,1082000000,a3c0b65ba040b165898a264bbb8b17f78806ae837daaa7d269977ae46201483b,7b19feaec66c8715fa1f5ce189eeaec1b2df995dd39a4149854fec46213a75d0,external_inputs/eval-low-fifo-e1082,ec84414f367b0f525a700c30d13986667e17e1d8,followup-status-priority-production-freeze-v2,fixed-sequence-v1,VALIDATED,,1,
followup_status_priority_evaluation_v1_20260904,EVALUATION,LOW-E1082,eval-low-policy-e1082,LOW,STATUS_PRIORITY_NON_DROPPING,20260904,1082,1082000000,a3c0b65ba040b165898a264bbb8b17f78806ae837daaa7d269977ae46201483b,3b7adfac62e23ec5674cbe695c8e0e78da7a699255c2043d5e2eb9d01b199190,external_inputs/eval-low-policy-e1082,ec84414f367b0f525a700c30d13986667e17e1d8,followup-status-priority-production-freeze-v2,fixed-sequence-v1,VALIDATED,,1,
followup_status_priority_evaluation_v1_20260904,EVALUATION,LOW-E1083,eval-low-fifo-e1083,LOW,FIFO,20260904,1083,1083000000,04fd48e6447e2fcb9ebbe3fe5a532ae2727c64a2dec66ee06d376fb446fce3bd,d17f5dfc0ef89ccb58ba9d368dd81cd4ce31e7d5b6f2bd2d4bb0781a52ebe44d,external_inputs/eval-low-fifo-e1083,ec84414f367b0f525a700c30d13986667e17e1d8,followup-status-priority-production-freeze-v2,fixed-sequence-v1,VALIDATED,,1,
followup_status_priority_evaluation_v1_20260904,EVALUATION,LOW-E1083,eval-low-policy-e1083,LOW,STATUS_PRIORITY_NON_DROPPING,20260904,1083,1083000000,04fd48e6447e2fcb9ebbe3fe5a532ae2727c64a2dec66ee06d376fb446fce3bd,dfaa16fcea7df5641977e77dd80fb06d0b42babc608d17a6a594ac26c80d9e87,external_inputs/eval-low-policy-e1083,ec84414f367b0f525a700c30d13986667e17e1d8,followup-status-priority-production-freeze-v2,fixed-sequence-v1,VALIDATED,,1,
followup_status_priority_evaluation_v1_20260904,EVALUATION,LOW-E1084,eval-low-fifo-e1084,LOW,FIFO,20260904,1084,1084000000,86aca0b2e7d91b75bb7cbd23caf45c376a4e9145d6337c7142312f6151d45676,84d3e263c9a11f9151dbc67013beb197f876dd1ceaf58ba0b7117c11725761e8,external_inputs/eval-low-fifo-e1084,ec84414f367b0f525a700c30d13986667e17e1d8,followup-status-priority-production-freeze-v2,fixed-sequence-v1,VALIDATED,,1,
followup_status_priority_evaluation_v1_20260904,EVALUATION,LOW-E1084,eval-low-policy-e1084,LOW,STATUS_PRIORITY_NON_DROPPING,20260904,1084,1084000000,86aca0b2e7d91b75bb7cbd23caf45c376a4e9145d6337c7142312f6151d45676,8b1b487809ce4c3630a21c5e034317457859e26454b991c4202862a344e69f2b,external_inputs/eval-low-policy-e1084,ec84414f367b0f525a700c30d13986667e17e1d8,followup-status-priority-production-freeze-v2,fixed-sequence-v1,VALIDATED,,1,
followup_status_priority_evaluation_v1_20260904,EVALUATION,LOW-E1085,eval-low-fifo-e1085,LOW,FIFO,20260904,1085,1085000000,97eb00e6441aba8f2cd966ed7465282a6a997299ff14830e2b444912eed3c9ac,290edfe27414f60ba34979e02ce4586975a92612d0278c212684ceb1fd04f561,external_inputs/eval-low-fifo-e1085,ec84414f367b0f525a700c30d13986667e17e1d8,followup-status-priority-production-freeze-v2,fixed-sequence-v1,VALIDATED,,1,
followup_status_priority_evaluation_v1_20260904,EVALUATION,LOW-E1085,eval-low-policy-e1085,LOW,STATUS_PRIORITY_NON_DROPPING,20260904,1085,1085000000,97eb00e6441aba8f2cd966ed7465282a6a997299ff14830e2b444912eed3c9ac,fc565c942f8d1a07a7311c37558df1a18e9e99454baf023f8e43c5963c612167,external_inputs/eval-low-policy-e1085,ec84414f367b0f525a700c30d13986667e17e1d8,followup-status-priority-production-freeze-v2,fixed-sequence-v1,VALIDATED,,1,
followup_status_priority_evaluation_v1_20260904,EVALUATION,LOW-E1086,eval-low-fifo-e1086,LOW,FIFO,20260904,1086,1086000000,534e28a8fb5c2ee479779b28c6175b9cd8dd34541850fcf14ed15161bd9ad734,11bfa82e8ee7008b2bed8a5c7086738a69c13f4f70a7a23bc8fbbf65732cd40f,external_inputs/eval-low-fifo-e1086,ec84414f367b0f525a700c30d13986667e17e1d8,followup-status-priority-production-freeze-v2,fixed-sequence-v1,VALIDATED,,1,
followup_status_priority_evaluation_v1_20260904,EVALUATION,LOW-E1086,eval-low-policy-e1086,LOW,STATUS_PRIORITY_NON_DROPPING,20260904,1086,1086000000,534e28a8fb5c2ee479779b28c6175b9cd8dd34541850fcf14ed15161bd9ad734,b1127969857a34377251287089a00783de1cb5c5f13ed76a6a66f4172fed57a5,external_inputs/eval-low-policy-e1086,ec84414f367b0f525a700c30d13986667e17e1d8,followup-status-priority-production-freeze-v2,fixed-sequence-v1,VALIDATED,,1,
followup_status_priority_evaluation_v1_20260904,EVALUATION,LOW-E1087,eval-low-fifo-e1087,LOW,FIFO,20260904,1087,1087000000,a62d479aeed95d8b767f0f9bffc9718820e28c82e9b4530548f50df826882147,4a8b775387c08b27762b67d44e8a093db6b04c6b012c8baf0056722021c71618,external_inputs/eval-low-fifo-e1087,ec84414f367b0f525a700c30d13986667e17e1d8,followup-status-priority-production-freeze-v2,fixed-sequence-v1,VALIDATED,,1,
followup_status_priority_evaluation_v1_20260904,EVALUATION,LOW-E1087,eval-low-policy-e1087,LOW,STATUS_PRIORITY_NON_DROPPING,20260904,1087,1087000000,a62d479aeed95d8b767f0f9bffc9718820e28c82e9b4530548f50df826882147,80814887d70b709e9c34f219b3a2a8048199fe0363701a7deb6b4d18aba5dd28,external_inputs/eval-low-policy-e1087,ec84414f367b0f525a700c30d13986667e17e1d8,followup-status-priority-production-freeze-v2,fixed-sequence-v1,VALIDATED,,1,
followup_status_priority_evaluation_v1_20260904,EVALUATION,LOW-E1088,eval-low-fifo-e1088,LOW,FIFO,20260904,1088,1088000000,45b5725d88acb313cf1a7c8a5d9d361c31d134ea7f282bf0d78f260cebfce691,e5c9dbe84f04a7fe336e40681108151828ffd9cd7b544d3bc2dc03fe9920ddc2,external_inputs/eval-low-fifo-e1088,ec84414f367b0f525a700c30d13986667e17e1d8,followup-status-priority-production-freeze-v2,fixed-sequence-v1,VALIDATED,,1,
followup_status_priority_evaluation_v1_20260904,EVALUATION,LOW-E1088,eval-low-policy-e1088,LOW,STATUS_PRIORITY_NON_DROPPING,20260904,1088,1088000000,45b5725d88acb313cf1a7c8a5d9d361c31d134ea7f282bf0d78f260cebfce691,a7c4f998264c9099b564530890265bd0ec9bbb0dbc8f75f37fa63fc702255f5d,external_inputs/eval-low-policy-e1088,ec84414f367b0f525a700c30d13986667e17e1d8,followup-status-priority-production-freeze-v2,fixed-sequence-v1,VALIDATED,,1,
followup_status_priority_evaluation_v1_20260904,EVALUATION,LOW-E1089,eval-low-fifo-e1089,LOW,FIFO,20260904,1089,1089000000,0cfe5ac72b5c7d79f3329d842b5ea86b0795aec6e2f00e7cbdf059011189c947,9ba81b6eceff45e16c28a4697fe77c5e368a45dbcd34215088b0d94434eb6b0c,external_inputs/eval-low-fifo-e1089,ec84414f367b0f525a700c30d13986667e17e1d8,followup-status-priority-production-freeze-v2,fixed-sequence-v1,RESERVE_TECHNICAL_ONLY,1,1,
followup_status_priority_evaluation_v1_20260904,EVALUATION,LOW-E1089,eval-low-policy-e1089,LOW,STATUS_PRIORITY_NON_DROPPING,20260904,1089,1089000000,0cfe5ac72b5c7d79f3329d842b5ea86b0795aec6e2f00e7cbdf059011189c947,9ebd43bc8b74bec915472b0a5a0e6d8df74b7f9d6d89a12ffe2d91e7bc0198dc,external_inputs/eval-low-policy-e1089,ec84414f367b0f525a700c30d13986667e17e1d8,followup-status-priority-production-freeze-v2,fixed-sequence-v1,RESERVE_TECHNICAL_ONLY,1,1,
followup_status_priority_evaluation_v1_20260904,EVALUATION,LOW-E1090,eval-low-fifo-e1090,LOW,FIFO,20260904,1090,1090000000,9a790396fd2d80d39603a14cf13ca68fec9d58e983a5a5c0d78a677b00456e30,93e3e4c9b2d71f1064a2a46c2aca670201e5009a788534545d6de5d5f6340ab3,external_inputs/eval-low-fifo-e1090,ec84414f367b0f525a700c30d13986667e17e1d8,followup-status-priority-production-freeze-v2,fixed-sequence-v1,RESERVE_TECHNICAL_ONLY,2,1,
followup_status_priority_evaluation_v1_20260904,EVALUATION,LOW-E1090,eval-low-policy-e1090,LOW,STATUS_PRIORITY_NON_DROPPING,20260904,1090,1090000000,9a790396fd2d80d39603a14cf13ca68fec9d58e983a5a5c0d78a677b00456e30,67248203ab6c32a7066bb93f29962e3ca65934c34da08db759c18b6f169e8145,external_inputs/eval-low-policy-e1090,ec84414f367b0f525a700c30d13986667e17e1d8,followup-status-priority-production-freeze-v2,fixed-sequence-v1,RESERVE_TECHNICAL_ONLY,2,1,
followup_status_priority_evaluation_v1_20260904,EVALUATION,LOW-E1091,eval-low-fifo-e1091,LOW,FIFO,20260904,1091,1091000000,3f641f6204160174126a2da07a67b0d0ca2f6d0eee073507870bf8de562619fb,de7590971bef080f31c1e97e008c8bfcdad79190aa6bce1efa7d1cd279eb0fdb,external_inputs/eval-low-fifo-e1091,ec84414f367b0f525a700c30d13986667e17e1d8,followup-status-priority-production-freeze-v2,fixed-sequence-v1,RESERVE_TECHNICAL_ONLY,3,1,
followup_status_priority_evaluation_v1_20260904,EVALUATION,LOW-E1091,eval-low-policy-e1091,LOW,STATUS_PRIORITY_NON_DROPPING,20260904,1091,1091000000,3f641f6204160174126a2da07a67b0d0ca2f6d0eee073507870bf8de562619fb,f42e09e9cad7b66c22a6f15a5baac263fa63f9bd46426cab305faf7db4797fb8,external_inputs/eval-low-policy-e1091,ec84414f367b0f525a700c30d13986667e17e1d8,followup-status-priority-production-freeze-v2,fixed-sequence-v1,RESERVE_TECHNICAL_ONLY,3,1,
followup_status_priority_evaluation_v1_20260904,EVALUATION,LOW-E1092,eval-low-fifo-e1092,LOW,FIFO,20260904,1092,1092000000,d0f9687eb267353211d09a041211e6a4de30ca245977fe6a2fa25ab53cb77f73,47cf2b4f2054270615d501d2dae11ef0df09e0ea930be570a000e74c0477a7d6,external_inputs/eval-low-fifo-e1092,ec84414f367b0f525a700c30d13986667e17e1d8,followup-status-priority-production-freeze-v2,fixed-sequence-v1,RESERVE_TECHNICAL_ONLY,4,1,
followup_status_priority_evaluation_v1_20260904,EVALUATION,LOW-E1092,eval-low-policy-e1092,LOW,STATUS_PRIORITY_NON_DROPPING,20260904,1092,1092000000,d0f9687eb267353211d09a041211e6a4de30ca245977fe6a2fa25ab53cb77f73,c1de0cd32cb4b77d723dcd04c2c6d23957d52fa2c9fcf803f2ca64f9212b84e4,external_inputs/eval-low-policy-e1092,ec84414f367b0f525a700c30d13986667e17e1d8,followup-status-priority-production-freeze-v2,fixed-sequence-v1,RESERVE_TECHNICAL_ONLY,4,1,
followup_status_priority_evaluation_v1_20260904,EVALUATION,LOW-E1093,eval-low-fifo-e1093,LOW,FIFO,20260904,1093,1093000000,a16ed6c784cdb2e2c000090c8e76f360a289b0edc0ebd69e6a364f10616e8e3e,a3b96cef16776b31b2dd4cdabb4e7a4997c1f4a427386732da9d5d47d8050e43,external_inputs/eval-low-fifo-e1093,ec84414f367b0f525a700c30d13986667e17e1d8,followup-status-priority-production-freeze-v2,fixed-sequence-v1,RESERVE_TECHNICAL_ONLY,5,1,
followup_status_priority_evaluation_v1_20260904,EVALUATION,LOW-E1093,eval-low-policy-e1093,LOW,STATUS_PRIORITY_NON_DROPPING,20260904,1093,1093000000,a16ed6c784cdb2e2c000090c8e76f360a289b0edc0ebd69e6a364f10616e8e3e,d035ebdfcd8c7db1114f68905978614f7d1c9831c678f787ed9820b6f1832ed4,external_inputs/eval-low-policy-e1093,ec84414f367b0f525a700c30d13986667e17e1d8,followup-status-priority-production-freeze-v2,fixed-sequence-v1,RESERVE_TECHNICAL_ONLY,5,1,
followup_status_priority_evaluation_v1_20260904,EVALUATION,HEAVY-E1001,eval-heavy-fifo-e1001,HEAVY,FIFO,20260904,1001,1001000000,38924f1ccd42081e729bafba082abe42d90f5bc289eab9f2bb4842db0aa91b42,4d7add4e815c03055628aa0aacc02d6ea455784152a3d055948bb8e3be35e4fe,external_inputs/eval-heavy-fifo-e1001,ec84414f367b0f525a700c30d13986667e17e1d8,followup-status-priority-production-freeze-v2,fixed-sequence-v1,VALIDATED,,1,
followup_status_priority_evaluation_v1_20260904,EVALUATION,HEAVY-E1001,eval-heavy-policy-e1001,HEAVY,STATUS_PRIORITY_NON_DROPPING,20260904,1001,1001000000,38924f1ccd42081e729bafba082abe42d90f5bc289eab9f2bb4842db0aa91b42,9a24599a247acb24cadc0f4fa37f0967048b6a7a4fa1e217e5d640556fe471bb,external_inputs/eval-heavy-policy-e1001,ec84414f367b0f525a700c30d13986667e17e1d8,followup-status-priority-production-freeze-v2,fixed-sequence-v1,VALIDATED,,1,
followup_status_priority_evaluation_v1_20260904,EVALUATION,HEAVY-E1002,eval-heavy-fifo-e1002,HEAVY,FIFO,20260904,1002,1002000000,e8f6338310b68787ca61fee716f9d1b25535cab7caff962ce74418a03c89b459,bbcb3c381586534a4c51a77c1a7db2b59eee643c021e2d4da6c162585b3b7147,external_inputs/eval-heavy-fifo-e1002,ec84414f367b0f525a700c30d13986667e17e1d8,followup-status-priority-production-freeze-v2,fixed-sequence-v1,VALIDATED,,1,
followup_status_priority_evaluation_v1_20260904,EVALUATION,HEAVY-E1002,eval-heavy-policy-e1002,HEAVY,STATUS_PRIORITY_NON_DROPPING,20260904,1002,1002000000,e8f6338310b68787ca61fee716f9d1b25535cab7caff962ce74418a03c89b459,5bfffd030859a834af6c0688ba865de54c1c880a6dcd4d72959af3a2e6eb0284,external_inputs/eval-heavy-policy-e1002,ec84414f367b0f525a700c30d13986667e17e1d8,followup-status-priority-production-freeze-v2,fixed-sequence-v1,VALIDATED,,1,
followup_status_priority_evaluation_v1_20260904,EVALUATION,HEAVY-E1003,eval-heavy-fifo-e1003,HEAVY,FIFO,20260904,1003,1003000000,64730724b31c7dd2f0bcc9abfcf14f25d3710635624a281280ed1d3959a4375a,1d6f6439ce1dc4ee39f47a2663bb106d2219479edb862e8291809da4b8f9ecf4,external_inputs/eval-heavy-fifo-e1003,ec84414f367b0f525a700c30d13986667e17e1d8,followup-status-priority-production-freeze-v2,fixed-sequence-v1,VALIDATED,,1,
followup_status_priority_evaluation_v1_20260904,EVALUATION,HEAVY-E1003,eval-heavy-policy-e1003,HEAVY,STATUS_PRIORITY_NON_DROPPING,20260904,1003,1003000000,64730724b31c7dd2f0bcc9abfcf14f25d3710635624a281280ed1d3959a4375a,d03016827b2c7d7facce5a6373a53365979983727fb1515d1f52b021cae98be6,external_inputs/eval-heavy-policy-e1003,ec84414f367b0f525a700c30d13986667e17e1d8,followup-status-priority-production-freeze-v2,fixed-sequence-v1,VALIDATED,,1,
followup_status_priority_evaluation_v1_20260904,EVALUATION,HEAVY-E1004,eval-heavy-fifo-e1004,HEAVY,FIFO,20260904,1004,1004000000,97996cafd5deed3eeeb13e802048489d2a01567ea4a307b590145344c5a0a25c,457cd7410c4ed535a2088ef19320a59a8d27ccec8d39d38c80cd11c0959a6b3b,external_inputs/eval-heavy-fifo-e1004,ec84414f367b0f525a700c30d13986667e17e1d8,followup-status-priority-production-freeze-v2,fixed-sequence-v1,VALIDATED,,1,
followup_status_priority_evaluation_v1_20260904,EVALUATION,HEAVY-E1004,eval-heavy-policy-e1004,HEAVY,STATUS_PRIORITY_NON_DROPPING,20260904,1004,1004000000,97996cafd5deed3eeeb13e802048489d2a01567ea4a307b590145344c5a0a25c,b29edf2ceb370bf3fb0934f49ee823c9e08f320fbe46d60367fad46120ebdd71,external_inputs/eval-heavy-policy-e1004,ec84414f367b0f525a700c30d13986667e17e1d8,followup-status-priority-production-freeze-v2,fixed-sequence-v1,VALIDATED,,1,
followup_status_priority_evaluation_v1_20260904,EVALUATION,HEAVY-E1005,eval-heavy-fifo-e1005,HEAVY,FIFO,20260904,1005,1005000000,e0fe80c8fe0dfb4b3ee7bca313e523081a68d3eca065df789c1a06175b6cec41,39a6ae13b73f8ff3435e5fa3af82aa1c700cb2183908ae59f390f98898984fc0,external_inputs/eval-heavy-fifo-e1005,ec84414f367b0f525a700c30d13986667e17e1d8,followup-status-priority-production-freeze-v2,fixed-sequence-v1,VALIDATED,,1,
followup_status_priority_evaluation_v1_20260904,EVALUATION,HEAVY-E1005,eval-heavy-policy-e1005,HEAVY,STATUS_PRIORITY_NON_DROPPING,20260904,1005,1005000000,e0fe80c8fe0dfb4b3ee7bca313e523081a68d3eca065df789c1a06175b6cec41,ebcb94829d113b3d4e76060906300f0796be875f8b7054586500d651286c7bcd,external_inputs/eval-heavy-policy-e1005,ec84414f367b0f525a700c30d13986667e17e1d8,followup-status-priority-production-freeze-v2,fixed-sequence-v1,VALIDATED,,1,
followup_status_priority_evaluation_v1_20260904,EVALUATION,HEAVY-E1006,eval-heavy-fifo-e1006,HEAVY,FIFO,20260904,1006,1006000000,9c4e78a2427671796c0798961816d157392dc1b65eb0c6827ef9c4b29f6e4843,09358d2fdfa0139cf8bb7d513fd0d3ff8e139a84eab107d1b7b0bfbd6353954b,external_inputs/eval-heavy-fifo-e1006,ec84414f367b0f525a700c30d13986667e17e1d8,followup-status-priority-production-freeze-v2,fixed-sequence-v1,VALIDATED,,1,
followup_status_priority_evaluation_v1_20260904,EVALUATION,HEAVY-E1006,eval-heavy-policy-e1006,HEAVY,STATUS_PRIORITY_NON_DROPPING,20260904,1006,1006000000,9c4e78a2427671796c0798961816d157392dc1b65eb0c6827ef9c4b29f6e4843,8a40adf45568edd095464bea3b1f7ae6c8945dcf8b24d57dcb0b3a0d00fa3ebc,external_inputs/eval-heavy-policy-e1006,ec84414f367b0f525a700c30d13986667e17e1d8,followup-status-priority-production-freeze-v2,fixed-sequence-v1,VALIDATED,,1,
followup_status_priority_evaluation_v1_20260904,EVALUATION,HEAVY-E1007,eval-heavy-fifo-e1007,HEAVY,FIFO,20260904,1007,1007000000,a42126bb010b80925d200dfa8b49d09534a988ba78ef1692ae94be6b38fefcd5,778fdaa06ae6f8ba05614ffeb7c096a4b06cb1994644dfe904869aba4eb73ec8,external_inputs/eval-heavy-fifo-e1007,ec84414f367b0f525a700c30d13986667e17e1d8,followup-status-priority-production-freeze-v2,fixed-sequence-v1,VALIDATED,,1,
followup_status_priority_evaluation_v1_20260904,EVALUATION,HEAVY-E1007,eval-heavy-policy-e1007,HEAVY,STATUS_PRIORITY_NON_DROPPING,20260904,1007,1007000000,a42126bb010b80925d200dfa8b49d09534a988ba78ef1692ae94be6b38fefcd5,17329316577f73b57e1a7d5178204c9ff5c93e2a246213b5e18c5ce6c2c4bd63,external_inputs/eval-heavy-policy-e1007,ec84414f367b0f525a700c30d13986667e17e1d8,followup-status-priority-production-freeze-v2,fixed-sequence-v1,VALIDATED,,1,
followup_status_priority_evaluation_v1_20260904,EVALUATION,HEAVY-E1008,eval-heavy-fifo-e1008,HEAVY,FIFO,20260904,1008,1008000000,a49db8372f30560e31ecf18c6e99b68a32f62ea401fa9e5e07c07878d6c500d7,36cce91f9982f968d1cdddc913bd48ff423b682323ed3fb86765aab786db8b70,external_inputs/eval-heavy-fifo-e1008,ec84414f367b0f525a700c30d13986667e17e1d8,followup-status-priority-production-freeze-v2,fixed-sequence-v1,VALIDATED,,1,
followup_status_priority_evaluation_v1_20260904,EVALUATION,HEAVY-E1008,eval-heavy-policy-e1008,HEAVY,STATUS_PRIORITY_NON_DROPPING,20260904,1008,1008000000,a49db8372f30560e31ecf18c6e99b68a32f62ea401fa9e5e07c07878d6c500d7,8ae508b7df397ea34df15a0256e7420ca1bb112a113b0a3989f44a0b5b44e2bf,external_inputs/eval-heavy-policy-e1008,ec84414f367b0f525a700c30d13986667e17e1d8,followup-status-priority-production-freeze-v2,fixed-sequence-v1,VALIDATED,,1,
followup_status_priority_evaluation_v1_20260904,EVALUATION,HEAVY-E1009,eval-heavy-fifo-e1009,HEAVY,FIFO,20260904,1009,1009000000,e0c90fb81b2237de7a78dab5ff3d9305f8da1bf7e1a78c302a8192d36f193cf2,b0b86dbe2c134811d6f05555b4eccbe41d417b11fbe61a0ffe9ee10bd768bcb8,external_inputs/eval-heavy-fifo-e1009,ec84414f367b0f525a700c30d13986667e17e1d8,followup-status-priority-production-freeze-v2,fixed-sequence-v1,VALIDATED,,1,
followup_status_priority_evaluation_v1_20260904,EVALUATION,HEAVY-E1009,eval-heavy-policy-e1009,HEAVY,STATUS_PRIORITY_NON_DROPPING,20260904,1009,1009000000,e0c90fb81b2237de7a78dab5ff3d9305f8da1bf7e1a78c302a8192d36f193cf2,00cb080792fc08fafbbb4b36a7a62e93ef030acb9339f89336884a55796943e0,external_inputs/eval-heavy-policy-e1009,ec84414f367b0f525a700c30d13986667e17e1d8,followup-status-priority-production-freeze-v2,fixed-sequence-v1,VALIDATED,,1,
followup_status_priority_evaluation_v1_20260904,EVALUATION,HEAVY-E1010,eval-heavy-fifo-e1010,HEAVY,FIFO,20260904,1010,1010000000,a6f3ccda2fabd2f7a31c007f561a620355d188490e900e7125c38db8d71cfc5c,bc684b80e86f3b25992a126316dbe736b7d01bbf342594e4d7c2a3118d4f45d6,external_inputs/eval-heavy-fifo-e1010,ec84414f367b0f525a700c30d13986667e17e1d8,followup-status-priority-production-freeze-v2,fixed-sequence-v1,VALIDATED,,1,
followup_status_priority_evaluation_v1_20260904,EVALUATION,HEAVY-E1010,eval-heavy-policy-e1010,HEAVY,STATUS_PRIORITY_NON_DROPPING,20260904,1010,1010000000,a6f3ccda2fabd2f7a31c007f561a620355d188490e900e7125c38db8d71cfc5c,6ac2b78d98878e5615287054e8e5f2d36dc3413a83f1b2bf785c9ff4614deef5,external_inputs/eval-heavy-policy-e1010,ec84414f367b0f525a700c30d13986667e17e1d8,followup-status-priority-production-freeze-v2,fixed-sequence-v1,VALIDATED,,1,
followup_status_priority_evaluation_v1_20260904,EVALUATION,HEAVY-E1011,eval-heavy-fifo-e1011,HEAVY,FIFO,20260904,1011,1011000000,2a39602e76d483f7a7cc1688955440bb236bd5599e92f416921246d4fac4b4e0,2fe71b8c6afc9866f8865c05954ed06968fcf23d18530320370dc8497f778bf9,external_inputs/eval-heavy-fifo-e1011,ec84414f367b0f525a700c30d13986667e17e1d8,followup-status-priority-production-freeze-v2,fixed-sequence-v1,VALIDATED,,1,
followup_status_priority_evaluation_v1_20260904,EVALUATION,HEAVY-E1011,eval-heavy-policy-e1011,HEAVY,STATUS_PRIORITY_NON_DROPPING,20260904,1011,1011000000,2a39602e76d483f7a7cc1688955440bb236bd5599e92f416921246d4fac4b4e0,0af36a78733cb2468e1ef62831c90d859f081eb86b6dac7f93f6b3fd15bfe141,external_inputs/eval-heavy-policy-e1011,ec84414f367b0f525a700c30d13986667e17e1d8,followup-status-priority-production-freeze-v2,fixed-sequence-v1,VALIDATED,,1,
followup_status_priority_evaluation_v1_20260904,EVALUATION,HEAVY-E1012,eval-heavy-fifo-e1012,HEAVY,FIFO,20260904,1012,1012000000,95c58ade964b203767a9f62f6a5fb663b1a9ec094dec5a6defd8026ca9f89106,3a96dd7b35d2cf574971e070fc21d2d0a8c076f7885abf30cc31160bec0e6fb9,external_inputs/eval-heavy-fifo-e1012,ec84414f367b0f525a700c30d13986667e17e1d8,followup-status-priority-production-freeze-v2,fixed-sequence-v1,VALIDATED,,1,
followup_status_priority_evaluation_v1_20260904,EVALUATION,HEAVY-E1012,eval-heavy-policy-e1012,HEAVY,STATUS_PRIORITY_NON_DROPPING,20260904,1012,1012000000,95c58ade964b203767a9f62f6a5fb663b1a9ec094dec5a6defd8026ca9f89106,8cc41e37c37f9bae4fcf50e7b52a59ac1d073f917be16509125b8c251c99c401,external_inputs/eval-heavy-policy-e1012,ec84414f367b0f525a700c30d13986667e17e1d8,followup-status-priority-production-freeze-v2,fixed-sequence-v1,VALIDATED,,1,
followup_status_priority_evaluation_v1_20260904,EVALUATION,HEAVY-E1013,eval-heavy-fifo-e1013,HEAVY,FIFO,20260904,1013,1013000000,ccb7322f61a1cf1ea591cea92d13dc69ea3d8ee1ac6fc381b3cca672b411b7f6,5916c3a296102c01f59e2de432e08f537bd8fd50623f46c046b78d713f85969c,external_inputs/eval-heavy-fifo-e1013,ec84414f367b0f525a700c30d13986667e17e1d8,followup-status-priority-production-freeze-v2,fixed-sequence-v1,VALIDATED,,1,
followup_status_priority_evaluation_v1_20260904,EVALUATION,HEAVY-E1013,eval-heavy-policy-e1013,HEAVY,STATUS_PRIORITY_NON_DROPPING,20260904,1013,1013000000,ccb7322f61a1cf1ea591cea92d13dc69ea3d8ee1ac6fc381b3cca672b411b7f6,f5fd8170903052c60af57534626f3166ed48579ce3e3c0d1dab8389852a7eb12,external_inputs/eval-heavy-policy-e1013,ec84414f367b0f525a700c30d13986667e17e1d8,followup-status-priority-production-freeze-v2,fixed-sequence-v1,VALIDATED,,1,
followup_status_priority_evaluation_v1_20260904,EVALUATION,HEAVY-E1014,eval-heavy-fifo-e1014,HEAVY,FIFO,20260904,1014,1014000000,ab284e898a2e612bd8db54db4da0a1016903ebd873c59b7706d334217b37c960,f7ed16d1eda878eac10b85528d6869ab62c08114656041071703782bc67e79b1,external_inputs/eval-heavy-fifo-e1014,ec84414f367b0f525a700c30d13986667e17e1d8,followup-status-priority-production-freeze-v2,fixed-sequence-v1,VALIDATED,,1,
followup_status_priority_evaluation_v1_20260904,EVALUATION,HEAVY-E1014,eval-heavy-policy-e1014,HEAVY,STATUS_PRIORITY_NON_DROPPING,20260904,1014,1014000000,ab284e898a2e612bd8db54db4da0a1016903ebd873c59b7706d334217b37c960,31be1636c755b41423f7e57b8c26727483d360e25579296e8027e8f502c5716d,external_inputs/eval-heavy-policy-e1014,ec84414f367b0f525a700c30d13986667e17e1d8,followup-status-priority-production-freeze-v2,fixed-sequence-v1,VALIDATED,,1,
followup_status_priority_evaluation_v1_20260904,EVALUATION,HEAVY-E1015,eval-heavy-fifo-e1015,HEAVY,FIFO,20260904,1015,1015000000,67d1304a0c09dfaf9a5be8218ced47a970048a0f9d68fca38f87c1478b9dfbe8,0af84e218197f6cbaea35976f7346e6b021f4c79de3a295b3779691595a013a1,external_inputs/eval-heavy-fifo-e1015,ec84414f367b0f525a700c30d13986667e17e1d8,followup-status-priority-production-freeze-v2,fixed-sequence-v1,VALIDATED,,1,
followup_status_priority_evaluation_v1_20260904,EVALUATION,HEAVY-E1015,eval-heavy-policy-e1015,HEAVY,STATUS_PRIORITY_NON_DROPPING,20260904,1015,1015000000,67d1304a0c09dfaf9a5be8218ced47a970048a0f9d68fca38f87c1478b9dfbe8,2a24bb8b7dc36439d005a7095408c5369bdc0bed11424dcee334049671f8a747,external_inputs/eval-heavy-policy-e1015,ec84414f367b0f525a700c30d13986667e17e1d8,followup-status-priority-production-freeze-v2,fixed-sequence-v1,VALIDATED,,1,
followup_status_priority_evaluation_v1_20260904,EVALUATION,HEAVY-E1016,eval-heavy-fifo-e1016,HEAVY,FIFO,20260904,1016,1016000000,3e891ccfc6e60a349beec8c5285773b7c9978bb4724213e85a384f900e5b5a1c,74710164ab64d64e35cd90893fb927519a3e2fb0fa6874e0d690be17d983f97c,external_inputs/eval-heavy-fifo-e1016,ec84414f367b0f525a700c30d13986667e17e1d8,followup-status-priority-production-freeze-v2,fixed-sequence-v1,VALIDATED,,1,
followup_status_priority_evaluation_v1_20260904,EVALUATION,HEAVY-E1016,eval-heavy-policy-e1016,HEAVY,STATUS_PRIORITY_NON_DROPPING,20260904,1016,1016000000,3e891ccfc6e60a349beec8c5285773b7c9978bb4724213e85a384f900e5b5a1c,3227211ac5363a009cd0c21736dab98ded34a75bfcfbe873b7847cf2f4ed8cb3,external_inputs/eval-heavy-policy-e1016,ec84414f367b0f525a700c30d13986667e17e1d8,followup-status-priority-production-freeze-v2,fixed-sequence-v1,VALIDATED,,1,
followup_status_priority_evaluation_v1_20260904,EVALUATION,HEAVY-E1017,eval-heavy-fifo-e1017,HEAVY,FIFO,20260904,1017,1017000000,71505e14c0dd5cf4e8634828b351ac75e0e2dbe811ee0b896732c650b352a066,e65d3c1c2e1782d081aead03d6908a120765664d32147f882903b435ad881954,external_inputs/eval-heavy-fifo-e1017,ec84414f367b0f525a700c30d13986667e17e1d8,followup-status-priority-production-freeze-v2,fixed-sequence-v1,VALIDATED,,1,
followup_status_priority_evaluation_v1_20260904,EVALUATION,HEAVY-E1017,eval-heavy-policy-e1017,HEAVY,STATUS_PRIORITY_NON_DROPPING,20260904,1017,1017000000,71505e14c0dd5cf4e8634828b351ac75e0e2dbe811ee0b896732c650b352a066,d6081dc31afe89f73bc0c01b47054440498a3cfabed0ce02eaf417711c1ded76,external_inputs/eval-heavy-policy-e1017,ec84414f367b0f525a700c30d13986667e17e1d8,followup-status-priority-production-freeze-v2,fixed-sequence-v1,VALIDATED,,1,
followup_status_priority_evaluation_v1_20260904,EVALUATION,HEAVY-E1018,eval-heavy-fifo-e1018,HEAVY,FIFO,20260904,1018,1018000000,39d0f8275ea0902cfa9b23aaa9ad1d0ccf4a0c7562c356cf0a0530c42bea7e6e,e0c686b978d1f4dcd495cbc25816556df5efe26c0b4a47d8a4e7478e6e52e9be,external_inputs/eval-heavy-fifo-e1018,ec84414f367b0f525a700c30d13986667e17e1d8,followup-status-priority-production-freeze-v2,fixed-sequence-v1,VALIDATED,,1,
followup_status_priority_evaluation_v1_20260904,EVALUATION,HEAVY-E1018,eval-heavy-policy-e1018,HEAVY,STATUS_PRIORITY_NON_DROPPING,20260904,1018,1018000000,39d0f8275ea0902cfa9b23aaa9ad1d0ccf4a0c7562c356cf0a0530c42bea7e6e,36a167aa5eaf0e8e350e3e0328d9a3f818e2a6965de7a0d0c453ef38a322ca44,external_inputs/eval-heavy-policy-e1018,ec84414f367b0f525a700c30d13986667e17e1d8,followup-status-priority-production-freeze-v2,fixed-sequence-v1,VALIDATED,,1,
followup_status_priority_evaluation_v1_20260904,EVALUATION,HEAVY-E1019,eval-heavy-fifo-e1019,HEAVY,FIFO,20260904,1019,1019000000,7b1a842c293ccb65ee2c27cbf90ec07374c1e5b87bd07743152dd68444611035,0ba93660b2be4505ee6b8329948c068f80dbfa5e6f919e2a7023927cdad5fccf,external_inputs/eval-heavy-fifo-e1019,ec84414f367b0f525a700c30d13986667e17e1d8,followup-status-priority-production-freeze-v2,fixed-sequence-v1,VALIDATED,,1,
followup_status_priority_evaluation_v1_20260904,EVALUATION,HEAVY-E1019,eval-heavy-policy-e1019,HEAVY,STATUS_PRIORITY_NON_DROPPING,20260904,1019,1019000000,7b1a842c293ccb65ee2c27cbf90ec07374c1e5b87bd07743152dd68444611035,d2e681dd167e4a4e8cf9893f2507436c7b011ecabde6cb89d11482a3b6ce60a5,external_inputs/eval-heavy-policy-e1019,ec84414f367b0f525a700c30d13986667e17e1d8,followup-status-priority-production-freeze-v2,fixed-sequence-v1,VALIDATED,,1,
followup_status_priority_evaluation_v1_20260904,EVALUATION,HEAVY-E1020,eval-heavy-fifo-e1020,HEAVY,FIFO,20260904,1020,1020000000,0be6c2d89efc455016d2caf812474338098ae493a8abfef5979ff2344cc9f327,a9a2639e58efac1bbfa95dcbe8894724b7a55967077a320815010a59b43ffadf,external_inputs/eval-heavy-fifo-e1020,ec84414f367b0f525a700c30d13986667e17e1d8,followup-status-priority-production-freeze-v2,fixed-sequence-v1,VALIDATED,,1,
followup_status_priority_evaluation_v1_20260904,EVALUATION,HEAVY-E1020,eval-heavy-policy-e1020,HEAVY,STATUS_PRIORITY_NON_DROPPING,20260904,1020,1020000000,0be6c2d89efc455016d2caf812474338098ae493a8abfef5979ff2344cc9f327,6957bf7822eb7c0bf6f220408fdac78f30af53b8e068fb188583dab59067c381,external_inputs/eval-heavy-policy-e1020,ec84414f367b0f525a700c30d13986667e17e1d8,followup-status-priority-production-freeze-v2,fixed-sequence-v1,VALIDATED,,1,
followup_status_priority_evaluation_v1_20260904,EVALUATION,HEAVY-E1021,eval-heavy-fifo-e1021,HEAVY,FIFO,20260904,1021,1021000000,78b04eb00542aa1b509aafd9aa32031a3fcda5da978dc0f2c67a06b66f7799c3,8d510cb6dd050f03cec1c63f42cd48598e5d3d2a4422ecc1514e33152815ae4f,external_inputs/eval-heavy-fifo-e1021,ec84414f367b0f525a700c30d13986667e17e1d8,followup-status-priority-production-freeze-v2,fixed-sequence-v1,VALIDATED,,1,
followup_status_priority_evaluation_v1_20260904,EVALUATION,HEAVY-E1021,eval-heavy-policy-e1021,HEAVY,STATUS_PRIORITY_NON_DROPPING,20260904,1021,1021000000,78b04eb00542aa1b509aafd9aa32031a3fcda5da978dc0f2c67a06b66f7799c3,6a49aadbad2227f8296e76a68ee07b9b61ea60625846f9e958bf566947c01832,external_inputs/eval-heavy-policy-e1021,ec84414f367b0f525a700c30d13986667e17e1d8,followup-status-priority-production-freeze-v2,fixed-sequence-v1,VALIDATED,,1,
followup_status_priority_evaluation_v1_20260904,EVALUATION,HEAVY-E1022,eval-heavy-fifo-e1022,HEAVY,FIFO,20260904,1022,1022000000,29acf5d2193e72d93748a81ce619826f3f9b4c524b21cabc2565bd45edba1754,1c919861a49b73b49b9c751fe2642c07b90a9a24a3233e6f875f076fba513bad,external_inputs/eval-heavy-fifo-e1022,ec84414f367b0f525a700c30d13986667e17e1d8,followup-status-priority-production-freeze-v2,fixed-sequence-v1,VALIDATED,,1,
followup_status_priority_evaluation_v1_20260904,EVALUATION,HEAVY-E1022,eval-heavy-policy-e1022,HEAVY,STATUS_PRIORITY_NON_DROPPING,20260904,1022,1022000000,29acf5d2193e72d93748a81ce619826f3f9b4c524b21cabc2565bd45edba1754,990d5e18cc422efb894d8b84e949ff61f0eb5def4c501b7a5e81a4e08fed2650,external_inputs/eval-heavy-policy-e1022,ec84414f367b0f525a700c30d13986667e17e1d8,followup-status-priority-production-freeze-v2,fixed-sequence-v1,VALIDATED,,1,
followup_status_priority_evaluation_v1_20260904,EVALUATION,HEAVY-E1023,eval-heavy-fifo-e1023,HEAVY,FIFO,20260904,1023,1023000000,ddee5b8ae9384cd97aceca50b5d7731bba08b8f70fc89390e7163a1f14345715,141233883ea77f912da9b18aa54ee1396fff546055d27ab0f00fced7c9450037,external_inputs/eval-heavy-fifo-e1023,ec84414f367b0f525a700c30d13986667e17e1d8,followup-status-priority-production-freeze-v2,fixed-sequence-v1,VALIDATED,,1,
followup_status_priority_evaluation_v1_20260904,EVALUATION,HEAVY-E1023,eval-heavy-policy-e1023,HEAVY,STATUS_PRIORITY_NON_DROPPING,20260904,1023,1023000000,ddee5b8ae9384cd97aceca50b5d7731bba08b8f70fc89390e7163a1f14345715,af492ab64c51e284d5f92c8944ab761ce70484d4cb3622c39fa6341b671405a7,external_inputs/eval-heavy-policy-e1023,ec84414f367b0f525a700c30d13986667e17e1d8,followup-status-priority-production-freeze-v2,fixed-sequence-v1,VALIDATED,,1,
followup_status_priority_evaluation_v1_20260904,EVALUATION,HEAVY-E1024,eval-heavy-fifo-e1024,HEAVY,FIFO,20260904,1024,1024000000,95a64a32311a310a055fbd8eff153e9bab8f11c6c9132f5551caceeb2c2f0ac5,74476c64e0f651039d82447340fe595983cbb6bcdfa9d292e7717ad450d26449,external_inputs/eval-heavy-fifo-e1024,ec84414f367b0f525a700c30d13986667e17e1d8,followup-status-priority-production-freeze-v2,fixed-sequence-v1,VALIDATED,,1,
followup_status_priority_evaluation_v1_20260904,EVALUATION,HEAVY-E1024,eval-heavy-policy-e1024,HEAVY,STATUS_PRIORITY_NON_DROPPING,20260904,1024,1024000000,95a64a32311a310a055fbd8eff153e9bab8f11c6c9132f5551caceeb2c2f0ac5,ae1b7a8a652b94676511a0efeca092f3373a20746e811be3fe4299d1f0bd8b8f,external_inputs/eval-heavy-policy-e1024,ec84414f367b0f525a700c30d13986667e17e1d8,followup-status-priority-production-freeze-v2,fixed-sequence-v1,VALIDATED,,1,
followup_status_priority_evaluation_v1_20260904,EVALUATION,HEAVY-E1025,eval-heavy-fifo-e1025,HEAVY,FIFO,20260904,1025,1025000000,44911b494cf543833a1f39b78edd9653a274fc28a3551886068f6b0ceeece0be,c4581414b11e1ee354e87f6d256364f093df2591521ced9853a62dec04e4e014,external_inputs/eval-heavy-fifo-e1025,ec84414f367b0f525a700c30d13986667e17e1d8,followup-status-priority-production-freeze-v2,fixed-sequence-v1,VALIDATED,,1,
followup_status_priority_evaluation_v1_20260904,EVALUATION,HEAVY-E1025,eval-heavy-policy-e1025,HEAVY,STATUS_PRIORITY_NON_DROPPING,20260904,1025,1025000000,44911b494cf543833a1f39b78edd9653a274fc28a3551886068f6b0ceeece0be,6e21eb6462befa4608ebe2daaa21e1079742de4d81f0498e2a9c890809066e70,external_inputs/eval-heavy-policy-e1025,ec84414f367b0f525a700c30d13986667e17e1d8,followup-status-priority-production-freeze-v2,fixed-sequence-v1,VALIDATED,,1,
followup_status_priority_evaluation_v1_20260904,EVALUATION,HEAVY-E1026,eval-heavy-fifo-e1026,HEAVY,FIFO,20260904,1026,1026000000,cf3911879d91d228bf8b436bf0a1216b90177e544be90020b3b734769de0492b,5b379417ec98b2e776f24cb5947b2dd514e2b256b4e9e2099c9c02871a4c1a28,external_inputs/eval-heavy-fifo-e1026,ec84414f367b0f525a700c30d13986667e17e1d8,followup-status-priority-production-freeze-v2,fixed-sequence-v1,VALIDATED,,1,
followup_status_priority_evaluation_v1_20260904,EVALUATION,HEAVY-E1026,eval-heavy-policy-e1026,HEAVY,STATUS_PRIORITY_NON_DROPPING,20260904,1026,1026000000,cf3911879d91d228bf8b436bf0a1216b90177e544be90020b3b734769de0492b,716aba361ed0be075177a850ec390d629ac8e0a2bb02769b3895440c47ed79b0,external_inputs/eval-heavy-policy-e1026,ec84414f367b0f525a700c30d13986667e17e1d8,followup-status-priority-production-freeze-v2,fixed-sequence-v1,VALIDATED,,1,
followup_status_priority_evaluation_v1_20260904,EVALUATION,HEAVY-E1027,eval-heavy-fifo-e1027,HEAVY,FIFO,20260904,1027,1027000000,1bf37f304d2c01d9c2af45a92dc6ceccfd3bbea77d29d9f55b39b3a01bc02f3c,5c70f15d3056be22a2687d6069198e18836e635e18e93c5b0eb9a02acd50960e,external_inputs/eval-heavy-fifo-e1027,ec84414f367b0f525a700c30d13986667e17e1d8,followup-status-priority-production-freeze-v2,fixed-sequence-v1,VALIDATED,,1,
followup_status_priority_evaluation_v1_20260904,EVALUATION,HEAVY-E1027,eval-heavy-policy-e1027,HEAVY,STATUS_PRIORITY_NON_DROPPING,20260904,1027,1027000000,1bf37f304d2c01d9c2af45a92dc6ceccfd3bbea77d29d9f55b39b3a01bc02f3c,cbc91a660a9b384f73fd44d7bafa7654d7c0124e384c02f955de284db5ea58c4,external_inputs/eval-heavy-policy-e1027,ec84414f367b0f525a700c30d13986667e17e1d8,followup-status-priority-production-freeze-v2,fixed-sequence-v1,VALIDATED,,1,
followup_status_priority_evaluation_v1_20260904,EVALUATION,HEAVY-E1028,eval-heavy-fifo-e1028,HEAVY,FIFO,20260904,1028,1028000000,346f759128cc1fdf1ed65d17a2fc55170210ea49fbc38d1f7e340b299cb308ce,58d0a53935605c9999a1e8853506c4e376f34666e9c609dc93beda5359e29955,external_inputs/eval-heavy-fifo-e1028,ec84414f367b0f525a700c30d13986667e17e1d8,followup-status-priority-production-freeze-v2,fixed-sequence-v1,VALIDATED,,1,
followup_status_priority_evaluation_v1_20260904,EVALUATION,HEAVY-E1028,eval-heavy-policy-e1028,HEAVY,STATUS_PRIORITY_NON_DROPPING,20260904,1028,1028000000,346f759128cc1fdf1ed65d17a2fc55170210ea49fbc38d1f7e340b299cb308ce,b5838c6b5f3cd5fb4032ff36c4a49aad851440918d3d8def37b75016b9b7e029,external_inputs/eval-heavy-policy-e1028,ec84414f367b0f525a700c30d13986667e17e1d8,followup-status-priority-production-freeze-v2,fixed-sequence-v1,VALIDATED,,1,
followup_status_priority_evaluation_v1_20260904,EVALUATION,HEAVY-E1029,eval-heavy-fifo-e1029,HEAVY,FIFO,20260904,1029,1029000000,f50352876e78e64977d144afb83ed5cc3ec5c4cb0ae84764573adf0c0eba0fa6,da6f6fbde9008f93bc387526b3971b698c73275abea82d76079d5ac63aea86a2,external_inputs/eval-heavy-fifo-e1029,ec84414f367b0f525a700c30d13986667e17e1d8,followup-status-priority-production-freeze-v2,fixed-sequence-v1,VALIDATED,,1,
followup_status_priority_evaluation_v1_20260904,EVALUATION,HEAVY-E1029,eval-heavy-policy-e1029,HEAVY,STATUS_PRIORITY_NON_DROPPING,20260904,1029,1029000000,f50352876e78e64977d144afb83ed5cc3ec5c4cb0ae84764573adf0c0eba0fa6,1000fbe92313d8b1aafab425e8a36bf2053fd52827ed809f069a7e37c1f5e131,external_inputs/eval-heavy-policy-e1029,ec84414f367b0f525a700c30d13986667e17e1d8,followup-status-priority-production-freeze-v2,fixed-sequence-v1,VALIDATED,,1,
followup_status_priority_evaluation_v1_20260904,EVALUATION,HEAVY-E1030,eval-heavy-fifo-e1030,HEAVY,FIFO,20260904,1030,1030000000,3206d24fb638756ffdb8cd9a7c082c76c9b08e87cb4cc411f0bec191b4805408,8040a701483738d8e06ecd977fff7d8623b62ad65784da431bce0e522a8856aa,external_inputs/eval-heavy-fifo-e1030,ec84414f367b0f525a700c30d13986667e17e1d8,followup-status-priority-production-freeze-v2,fixed-sequence-v1,VALIDATED,,1,
followup_status_priority_evaluation_v1_20260904,EVALUATION,HEAVY-E1030,eval-heavy-policy-e1030,HEAVY,STATUS_PRIORITY_NON_DROPPING,20260904,1030,1030000000,3206d24fb638756ffdb8cd9a7c082c76c9b08e87cb4cc411f0bec191b4805408,c3969a539eb06efd512b44cc74bc6c0ff4068126d701df2783345c0226318698,external_inputs/eval-heavy-policy-e1030,ec84414f367b0f525a700c30d13986667e17e1d8,followup-status-priority-production-freeze-v2,fixed-sequence-v1,VALIDATED,,1,
followup_status_priority_evaluation_v1_20260904,EVALUATION,HEAVY-E1031,eval-heavy-fifo-e1031,HEAVY,FIFO,20260904,1031,1031000000,fe86965e122cfed3f66a399869f13257aff27a347bc0f16b4d604b9be0641b79,6a50a41a625d0e521decdf2996b1fffe6fe1b1938abe5c251c1ffd0f3c4f0b90,external_inputs/eval-heavy-fifo-e1031,ec84414f367b0f525a700c30d13986667e17e1d8,followup-status-priority-production-freeze-v2,fixed-sequence-v1,VALIDATED,,1,
followup_status_priority_evaluation_v1_20260904,EVALUATION,HEAVY-E1031,eval-heavy-policy-e1031,HEAVY,STATUS_PRIORITY_NON_DROPPING,20260904,1031,1031000000,fe86965e122cfed3f66a399869f13257aff27a347bc0f16b4d604b9be0641b79,63070218a0f590814ceaf8e7ba80356e1265b5789a233919aeeb428f17e32165,external_inputs/eval-heavy-policy-e1031,ec84414f367b0f525a700c30d13986667e17e1d8,followup-status-priority-production-freeze-v2,fixed-sequence-v1,VALIDATED,,1,
followup_status_priority_evaluation_v1_20260904,EVALUATION,HEAVY-E1032,eval-heavy-fifo-e1032,HEAVY,FIFO,20260904,1032,1032000000,0f7711453bf0e9cbf976318afcf62400929447d39e58af62231dd70f3e25b949,3ce9ff5a05b9cabcd9f1372eaf7d344074e3e6a9c95d13be44298bae0b0ba19f,external_inputs/eval-heavy-fifo-e1032,ec84414f367b0f525a700c30d13986667e17e1d8,followup-status-priority-production-freeze-v2,fixed-sequence-v1,VALIDATED,,1,
followup_status_priority_evaluation_v1_20260904,EVALUATION,HEAVY-E1032,eval-heavy-policy-e1032,HEAVY,STATUS_PRIORITY_NON_DROPPING,20260904,1032,1032000000,0f7711453bf0e9cbf976318afcf62400929447d39e58af62231dd70f3e25b949,04e9e077550ded0a60bc87b0c46aeb1821d7050deb2ab1b18af448c1a530c5a8,external_inputs/eval-heavy-policy-e1032,ec84414f367b0f525a700c30d13986667e17e1d8,followup-status-priority-production-freeze-v2,fixed-sequence-v1,VALIDATED,,1,
followup_status_priority_evaluation_v1_20260904,EVALUATION,HEAVY-E1033,eval-heavy-fifo-e1033,HEAVY,FIFO,20260904,1033,1033000000,a8bf28a76ee1e7fa2143e8352752e78e1e9c43bf712c1d7445a1b1d29244562e,d25687fea1c1bd109f4f67b385939c25a0068af8d3ea559cb6bd10b710cdeb39,external_inputs/eval-heavy-fifo-e1033,ec84414f367b0f525a700c30d13986667e17e1d8,followup-status-priority-production-freeze-v2,fixed-sequence-v1,VALIDATED,,1,
followup_status_priority_evaluation_v1_20260904,EVALUATION,HEAVY-E1033,eval-heavy-policy-e1033,HEAVY,STATUS_PRIORITY_NON_DROPPING,20260904,1033,1033000000,a8bf28a76ee1e7fa2143e8352752e78e1e9c43bf712c1d7445a1b1d29244562e,edec556fb414efe7bc2eb97831b74ead4a32131d9945917758c0b59e02a28d59,external_inputs/eval-heavy-policy-e1033,ec84414f367b0f525a700c30d13986667e17e1d8,followup-status-priority-production-freeze-v2,fixed-sequence-v1,VALIDATED,,1,
followup_status_priority_evaluation_v1_20260904,EVALUATION,HEAVY-E1034,eval-heavy-fifo-e1034,HEAVY,FIFO,20260904,1034,1034000000,71e5ae82676b17d8897aa54e2e1df12fa41d293fb7c8a9895b769b5bb6e5d364,6985e2497d31bff9c27d05a9b5f08dbc47924296e39e360cf939fc5c215f3182,external_inputs/eval-heavy-fifo-e1034,ec84414f367b0f525a700c30d13986667e17e1d8,followup-status-priority-production-freeze-v2,fixed-sequence-v1,VALIDATED,,1,
followup_status_priority_evaluation_v1_20260904,EVALUATION,HEAVY-E1034,eval-heavy-policy-e1034,HEAVY,STATUS_PRIORITY_NON_DROPPING,20260904,1034,1034000000,71e5ae82676b17d8897aa54e2e1df12fa41d293fb7c8a9895b769b5bb6e5d364,183215f58ae8df578549eadfa466c1a0d82f3dd2b54ed983ac00ba9095251c2d,external_inputs/eval-heavy-policy-e1034,ec84414f367b0f525a700c30d13986667e17e1d8,followup-status-priority-production-freeze-v2,fixed-sequence-v1,VALIDATED,,1,
followup_status_priority_evaluation_v1_20260904,EVALUATION,HEAVY-E1035,eval-heavy-fifo-e1035,HEAVY,FIFO,20260904,1035,1035000000,c226a36b13816f88804ba0e347791da004594aaf1ced4d38d88487828bd073a2,d58e8177a3d538cb6f655ba0632774f4dcf561cc737f8a2d128e7c82fb7c6066,external_inputs/eval-heavy-fifo-e1035,ec84414f367b0f525a700c30d13986667e17e1d8,followup-status-priority-production-freeze-v2,fixed-sequence-v1,VALIDATED,,1,
followup_status_priority_evaluation_v1_20260904,EVALUATION,HEAVY-E1035,eval-heavy-policy-e1035,HEAVY,STATUS_PRIORITY_NON_DROPPING,20260904,1035,1035000000,c226a36b13816f88804ba0e347791da004594aaf1ced4d38d88487828bd073a2,9b8d32015d342e77f0c9d7bbd2b0502bb1e5d2863f12f5d992913cac827bef76,external_inputs/eval-heavy-policy-e1035,ec84414f367b0f525a700c30d13986667e17e1d8,followup-status-priority-production-freeze-v2,fixed-sequence-v1,VALIDATED,,1,
followup_status_priority_evaluation_v1_20260904,EVALUATION,HEAVY-E1036,eval-heavy-fifo-e1036,HEAVY,FIFO,20260904,1036,1036000000,5fa807df52c57a51548e66d5f6165f6fab7fe0e30ec4277c550fada78e2e4b05,6dceb7a4f00ae09c0089a32dab162b8fe258477cc2a2b7e58bbd55247dc10237,external_inputs/eval-heavy-fifo-e1036,ec84414f367b0f525a700c30d13986667e17e1d8,followup-status-priority-production-freeze-v2,fixed-sequence-v1,VALIDATED,,1,
followup_status_priority_evaluation_v1_20260904,EVALUATION,HEAVY-E1036,eval-heavy-policy-e1036,HEAVY,STATUS_PRIORITY_NON_DROPPING,20260904,1036,1036000000,5fa807df52c57a51548e66d5f6165f6fab7fe0e30ec4277c550fada78e2e4b05,bea9f9a1d88c2a515e28b2ef9c6cf6ce6da3ebbc50c34a566d75fe4af7802e4b,external_inputs/eval-heavy-policy-e1036,ec84414f367b0f525a700c30d13986667e17e1d8,followup-status-priority-production-freeze-v2,fixed-sequence-v1,VALIDATED,,1,
followup_status_priority_evaluation_v1_20260904,EVALUATION,HEAVY-E1037,eval-heavy-fifo-e1037,HEAVY,FIFO,20260904,1037,1037000000,d6a4eff72667f94b6e7f81a08f8b8104a5976359a30ebdb229d1aaedd59f6f99,67956fe9fbc0004fb7a516c083c921230e5bb75159bc94cb1b3ee6dbe17a4fe6,external_inputs/eval-heavy-fifo-e1037,ec84414f367b0f525a700c30d13986667e17e1d8,followup-status-priority-production-freeze-v2,fixed-sequence-v1,VALIDATED,,1,
followup_status_priority_evaluation_v1_20260904,EVALUATION,HEAVY-E1037,eval-heavy-policy-e1037,HEAVY,STATUS_PRIORITY_NON_DROPPING,20260904,1037,1037000000,d6a4eff72667f94b6e7f81a08f8b8104a5976359a30ebdb229d1aaedd59f6f99,ae6485743e3da5626e3a9d1d6a4fe1c38281675ff1389d5ba8d13d6a74ba1199,external_inputs/eval-heavy-policy-e1037,ec84414f367b0f525a700c30d13986667e17e1d8,followup-status-priority-production-freeze-v2,fixed-sequence-v1,VALIDATED,,1,
followup_status_priority_evaluation_v1_20260904,EVALUATION,HEAVY-E1038,eval-heavy-fifo-e1038,HEAVY,FIFO,20260904,1038,1038000000,c78413a9c65631ff8908e5d2234aefcf5815a506ae16b2b35a7b9d94bb8074f9,5e696b65cca6fd15ad35cd78012214b39749e03f616946cb761db58b23319372,external_inputs/eval-heavy-fifo-e1038,ec84414f367b0f525a700c30d13986667e17e1d8,followup-status-priority-production-freeze-v2,fixed-sequence-v1,VALIDATED,,1,
followup_status_priority_evaluation_v1_20260904,EVALUATION,HEAVY-E1038,eval-heavy-policy-e1038,HEAVY,STATUS_PRIORITY_NON_DROPPING,20260904,1038,1038000000,c78413a9c65631ff8908e5d2234aefcf5815a506ae16b2b35a7b9d94bb8074f9,b6cb1a2c5d791b48e056581bd444ec5fc01ebdfb81ec1e540b6add629f3bff61,external_inputs/eval-heavy-policy-e1038,ec84414f367b0f525a700c30d13986667e17e1d8,followup-status-priority-production-freeze-v2,fixed-sequence-v1,VALIDATED,,1,
followup_status_priority_evaluation_v1_20260904,EVALUATION,HEAVY-E1039,eval-heavy-fifo-e1039,HEAVY,FIFO,20260904,1039,1039000000,0f4731859238940f0bc4df3de75a79f5f2241c4a48c44531ef930b749b0577d2,1abe040c8821d635e01b7279ff2b1742d60f508b25f14d91c29f898a7fa1bb11,external_inputs/eval-heavy-fifo-e1039,ec84414f367b0f525a700c30d13986667e17e1d8,followup-status-priority-production-freeze-v2,fixed-sequence-v1,VALIDATED,,1,
followup_status_priority_evaluation_v1_20260904,EVALUATION,HEAVY-E1039,eval-heavy-policy-e1039,HEAVY,STATUS_PRIORITY_NON_DROPPING,20260904,1039,1039000000,0f4731859238940f0bc4df3de75a79f5f2241c4a48c44531ef930b749b0577d2,26189d5dc2372ee652448a96467eb7738a372d2461581539191080f201d86221,external_inputs/eval-heavy-policy-e1039,ec84414f367b0f525a700c30d13986667e17e1d8,followup-status-priority-production-freeze-v2,fixed-sequence-v1,VALIDATED,,1,
followup_status_priority_evaluation_v1_20260904,EVALUATION,HEAVY-E1040,eval-heavy-fifo-e1040,HEAVY,FIFO,20260904,1040,1040000000,df79944ee200c45b6e694a3e9c8d18520c47f579d3e202bf44a9897229379341,ed97edf235894def2474dfd2076c872980bf5715fb7d5865ff776dae0aa22370,external_inputs/eval-heavy-fifo-e1040,ec84414f367b0f525a700c30d13986667e17e1d8,followup-status-priority-production-freeze-v2,fixed-sequence-v1,VALIDATED,,1,
followup_status_priority_evaluation_v1_20260904,EVALUATION,HEAVY-E1040,eval-heavy-policy-e1040,HEAVY,STATUS_PRIORITY_NON_DROPPING,20260904,1040,1040000000,df79944ee200c45b6e694a3e9c8d18520c47f579d3e202bf44a9897229379341,ff2719e9f402a256a68f5b62ce0873af5b8b040932dd40d458dfada868a8ca20,external_inputs/eval-heavy-policy-e1040,ec84414f367b0f525a700c30d13986667e17e1d8,followup-status-priority-production-freeze-v2,fixed-sequence-v1,VALIDATED,,1,
followup_status_priority_evaluation_v1_20260904,EVALUATION,HEAVY-E1041,eval-heavy-fifo-e1041,HEAVY,FIFO,20260904,1041,1041000000,0fecc66f18bfac8866078cd7e213b24d38fbab5ef7962fb9ca6984ccc2ec41cc,78089abd0f201a73627f970a77149a57cbda4527f3b7cc0166473c280b6c94f7,external_inputs/eval-heavy-fifo-e1041,ec84414f367b0f525a700c30d13986667e17e1d8,followup-status-priority-production-freeze-v2,fixed-sequence-v1,VALIDATED,,1,
followup_status_priority_evaluation_v1_20260904,EVALUATION,HEAVY-E1041,eval-heavy-policy-e1041,HEAVY,STATUS_PRIORITY_NON_DROPPING,20260904,1041,1041000000,0fecc66f18bfac8866078cd7e213b24d38fbab5ef7962fb9ca6984ccc2ec41cc,4eb861a7c055ceb465dcd1b59a48e94d791720861ef24c75ed6de7f8634bd7a2,external_inputs/eval-heavy-policy-e1041,ec84414f367b0f525a700c30d13986667e17e1d8,followup-status-priority-production-freeze-v2,fixed-sequence-v1,VALIDATED,,1,
followup_status_priority_evaluation_v1_20260904,EVALUATION,HEAVY-E1042,eval-heavy-fifo-e1042,HEAVY,FIFO,20260904,1042,1042000000,81ab0915f2bf5cc5e76d14530f55b7b4f979ae7c02945e4bd556b9a847419834,b6419b365f59afd02c768bcd52e70f66eafc32346ce0497aae5559d840f66574,external_inputs/eval-heavy-fifo-e1042,ec84414f367b0f525a700c30d13986667e17e1d8,followup-status-priority-production-freeze-v2,fixed-sequence-v1,VALIDATED,,1,
followup_status_priority_evaluation_v1_20260904,EVALUATION,HEAVY-E1042,eval-heavy-policy-e1042,HEAVY,STATUS_PRIORITY_NON_DROPPING,20260904,1042,1042000000,81ab0915f2bf5cc5e76d14530f55b7b4f979ae7c02945e4bd556b9a847419834,6ed5f0eea72e91dff4eaab3e855d5c20b8760d3e565cbe81128405b52737e257,external_inputs/eval-heavy-policy-e1042,ec84414f367b0f525a700c30d13986667e17e1d8,followup-status-priority-production-freeze-v2,fixed-sequence-v1,VALIDATED,,1,
followup_status_priority_evaluation_v1_20260904,EVALUATION,HEAVY-E1043,eval-heavy-fifo-e1043,HEAVY,FIFO,20260904,1043,1043000000,2362883b89920be4349e99d43311c02690c3a422bd175205994063d7cd2d8417,cba50bde412c6f62f72276e1a96540f310316d667fe4aeb7d773536c4c47b5a7,external_inputs/eval-heavy-fifo-e1043,ec84414f367b0f525a700c30d13986667e17e1d8,followup-status-priority-production-freeze-v2,fixed-sequence-v1,VALIDATED,,1,
followup_status_priority_evaluation_v1_20260904,EVALUATION,HEAVY-E1043,eval-heavy-policy-e1043,HEAVY,STATUS_PRIORITY_NON_DROPPING,20260904,1043,1043000000,2362883b89920be4349e99d43311c02690c3a422bd175205994063d7cd2d8417,1c56f05eec1119a3fcf487c0f3ec46807ec83dc7ae970ff310ed9c1cb216d5ba,external_inputs/eval-heavy-policy-e1043,ec84414f367b0f525a700c30d13986667e17e1d8,followup-status-priority-production-freeze-v2,fixed-sequence-v1,VALIDATED,,1,
followup_status_priority_evaluation_v1_20260904,EVALUATION,HEAVY-E1044,eval-heavy-fifo-e1044,HEAVY,FIFO,20260904,1044,1044000000,9f09cd9fa947e74053d2761ece87abdc4d9bba1ccec0786bee77b119d0a994f0,9800c1b5f68a82a683a1bc841dad353d73f177cf0817505222c99c107504060f,external_inputs/eval-heavy-fifo-e1044,ec84414f367b0f525a700c30d13986667e17e1d8,followup-status-priority-production-freeze-v2,fixed-sequence-v1,VALIDATED,,1,
followup_status_priority_evaluation_v1_20260904,EVALUATION,HEAVY-E1044,eval-heavy-policy-e1044,HEAVY,STATUS_PRIORITY_NON_DROPPING,20260904,1044,1044000000,9f09cd9fa947e74053d2761ece87abdc4d9bba1ccec0786bee77b119d0a994f0,ae90a3d65d760f576bda99469dd943bd63433c6dfbbf146a25c4824604c16983,external_inputs/eval-heavy-policy-e1044,ec84414f367b0f525a700c30d13986667e17e1d8,followup-status-priority-production-freeze-v2,fixed-sequence-v1,VALIDATED,,1,
followup_status_priority_evaluation_v1_20260904,EVALUATION,HEAVY-E1045,eval-heavy-fifo-e1045,HEAVY,FIFO,20260904,1045,1045000000,a6f8e501e9a0bd38f38ec3b372f737f1760e03971a0ab12dde3847242c4eb3ae,8364ac1e51a71c5a2ee7570d0bf6474f38e2f3baa812ef95c1e814ff5e64928e,external_inputs/eval-heavy-fifo-e1045,ec84414f367b0f525a700c30d13986667e17e1d8,followup-status-priority-production-freeze-v2,fixed-sequence-v1,VALIDATED,,1,
followup_status_priority_evaluation_v1_20260904,EVALUATION,HEAVY-E1045,eval-heavy-policy-e1045,HEAVY,STATUS_PRIORITY_NON_DROPPING,20260904,1045,1045000000,a6f8e501e9a0bd38f38ec3b372f737f1760e03971a0ab12dde3847242c4eb3ae,ca8da76f6520d386204de5afd6221343e9846ee8bb775c60e9d88cdef974c962,external_inputs/eval-heavy-policy-e1045,ec84414f367b0f525a700c30d13986667e17e1d8,followup-status-priority-production-freeze-v2,fixed-sequence-v1,VALIDATED,,1,
followup_status_priority_evaluation_v1_20260904,EVALUATION,HEAVY-E1046,eval-heavy-fifo-e1046,HEAVY,FIFO,20260904,1046,1046000000,eb1ee6d10b8265c0fa20496a89c7f676fab62f1dafb68d57fb83118b69ce2e47,f21e30d3f7ff22ee886099f895c564a4e0064c78ce9380255d99e0ba642e1a8f,external_inputs/eval-heavy-fifo-e1046,ec84414f367b0f525a700c30d13986667e17e1d8,followup-status-priority-production-freeze-v2,fixed-sequence-v1,VALIDATED,,1,
followup_status_priority_evaluation_v1_20260904,EVALUATION,HEAVY-E1046,eval-heavy-policy-e1046,HEAVY,STATUS_PRIORITY_NON_DROPPING,20260904,1046,1046000000,eb1ee6d10b8265c0fa20496a89c7f676fab62f1dafb68d57fb83118b69ce2e47,3adc66506bc712d4071c4e82947936b015f0b0a38b40e7a4907ca671a5e19361,external_inputs/eval-heavy-policy-e1046,ec84414f367b0f525a700c30d13986667e17e1d8,followup-status-priority-production-freeze-v2,fixed-sequence-v1,VALIDATED,,1,
followup_status_priority_evaluation_v1_20260904,EVALUATION,HEAVY-E1047,eval-heavy-fifo-e1047,HEAVY,FIFO,20260904,1047,1047000000,a50196bb043433006fa8abd2e3f8e2cb5c97fc266fbe675f5a6481c227723217,ad7a20ef364fdb269d346a6c01755c59c6ba6c5ebd29908ff00edfd24620bdba,external_inputs/eval-heavy-fifo-e1047,ec84414f367b0f525a700c30d13986667e17e1d8,followup-status-priority-production-freeze-v2,fixed-sequence-v1,VALIDATED,,1,
followup_status_priority_evaluation_v1_20260904,EVALUATION,HEAVY-E1047,eval-heavy-policy-e1047,HEAVY,STATUS_PRIORITY_NON_DROPPING,20260904,1047,1047000000,a50196bb043433006fa8abd2e3f8e2cb5c97fc266fbe675f5a6481c227723217,5cb32d65520cf269eee2a761d02f1e76f87416296599120d565ec66d42598025,external_inputs/eval-heavy-policy-e1047,ec84414f367b0f525a700c30d13986667e17e1d8,followup-status-priority-production-freeze-v2,fixed-sequence-v1,VALIDATED,,1,
followup_status_priority_evaluation_v1_20260904,EVALUATION,HEAVY-E1048,eval-heavy-fifo-e1048,HEAVY,FIFO,20260904,1048,1048000000,5b0e1deb6ec3c0f52a18036901bab5b7116a2f7e8a2cc7d300bb2ede663984a3,c9cee39037a144a3f489d9d7248b7685e9e8d1b20a610fe6320aa7cd6be8d6af,external_inputs/eval-heavy-fifo-e1048,ec84414f367b0f525a700c30d13986667e17e1d8,followup-status-priority-production-freeze-v2,fixed-sequence-v1,VALIDATED,,1,
followup_status_priority_evaluation_v1_20260904,EVALUATION,HEAVY-E1048,eval-heavy-policy-e1048,HEAVY,STATUS_PRIORITY_NON_DROPPING,20260904,1048,1048000000,5b0e1deb6ec3c0f52a18036901bab5b7116a2f7e8a2cc7d300bb2ede663984a3,70719e1e5568b13f068202b6598756d2ace7cbce0500b6de5e8b823145ee5921,external_inputs/eval-heavy-policy-e1048,ec84414f367b0f525a700c30d13986667e17e1d8,followup-status-priority-production-freeze-v2,fixed-sequence-v1,VALIDATED,,1,
followup_status_priority_evaluation_v1_20260904,EVALUATION,HEAVY-E1049,eval-heavy-fifo-e1049,HEAVY,FIFO,20260904,1049,1049000000,62d7d9ae89161bc247d4d1ed8849775ba62625af9046253b2ea75cadfd45e901,0724754ecb95218dc6d414a54efab39fd2ff248d3b53bbfaeb4d8dbd86786f91,external_inputs/eval-heavy-fifo-e1049,ec84414f367b0f525a700c30d13986667e17e1d8,followup-status-priority-production-freeze-v2,fixed-sequence-v1,VALIDATED,,1,
followup_status_priority_evaluation_v1_20260904,EVALUATION,HEAVY-E1049,eval-heavy-policy-e1049,HEAVY,STATUS_PRIORITY_NON_DROPPING,20260904,1049,1049000000,62d7d9ae89161bc247d4d1ed8849775ba62625af9046253b2ea75cadfd45e901,4d0469243d0430a93300973a69ac945f43bd06dc8b50b7ec1f3782f9352d7134,external_inputs/eval-heavy-policy-e1049,ec84414f367b0f525a700c30d13986667e17e1d8,followup-status-priority-production-freeze-v2,fixed-sequence-v1,VALIDATED,,1,
followup_status_priority_evaluation_v1_20260904,EVALUATION,HEAVY-E1050,eval-heavy-fifo-e1050,HEAVY,FIFO,20260904,1050,1050000000,e9042e75cd8647271d79e58d0555eb6c8196a00d4e210ac59ebff191cb5a0f20,ddb1ddc9f8408290562172240ef423f41aa3ab50a2b8135a76fccd69ae38317f,external_inputs/eval-heavy-fifo-e1050,ec84414f367b0f525a700c30d13986667e17e1d8,followup-status-priority-production-freeze-v2,fixed-sequence-v1,VALIDATED,,1,
followup_status_priority_evaluation_v1_20260904,EVALUATION,HEAVY-E1050,eval-heavy-policy-e1050,HEAVY,STATUS_PRIORITY_NON_DROPPING,20260904,1050,1050000000,e9042e75cd8647271d79e58d0555eb6c8196a00d4e210ac59ebff191cb5a0f20,a8ff1c53e0e43fd6a2d443f852985313218027567fde64854ed8cfe9b8accd92,external_inputs/eval-heavy-policy-e1050,ec84414f367b0f525a700c30d13986667e17e1d8,followup-status-priority-production-freeze-v2,fixed-sequence-v1,VALIDATED,,1,
followup_status_priority_evaluation_v1_20260904,EVALUATION,HEAVY-E1051,eval-heavy-fifo-e1051,HEAVY,FIFO,20260904,1051,1051000000,35149950eda9962e57c9a7851fafd3697e01f4da7ee109c66e145d141863157c,46f17acdae6e75802b7ddc57c9b5dfef1b00ebb693f1d74afaafaa5c1e6bc248,external_inputs/eval-heavy-fifo-e1051,ec84414f367b0f525a700c30d13986667e17e1d8,followup-status-priority-production-freeze-v2,fixed-sequence-v1,VALIDATED,,1,
followup_status_priority_evaluation_v1_20260904,EVALUATION,HEAVY-E1051,eval-heavy-policy-e1051,HEAVY,STATUS_PRIORITY_NON_DROPPING,20260904,1051,1051000000,35149950eda9962e57c9a7851fafd3697e01f4da7ee109c66e145d141863157c,05a66416d762d1fb770f4be0f01b638348c381e1b8609fb116a172a4dae28457,external_inputs/eval-heavy-policy-e1051,ec84414f367b0f525a700c30d13986667e17e1d8,followup-status-priority-production-freeze-v2,fixed-sequence-v1,VALIDATED,,1,
followup_status_priority_evaluation_v1_20260904,EVALUATION,HEAVY-E1052,eval-heavy-fifo-e1052,HEAVY,FIFO,20260904,1052,1052000000,8262240562cc4837aa3e1bd0be2370cf35b7ba5a8120b098a63994575d65f4dc,4d2c59522c4a2cad50f7ca8cdf62b6219198add02f50b6d681770e0ec5b480d7,external_inputs/eval-heavy-fifo-e1052,ec84414f367b0f525a700c30d13986667e17e1d8,followup-status-priority-production-freeze-v2,fixed-sequence-v1,VALIDATED,,1,
followup_status_priority_evaluation_v1_20260904,EVALUATION,HEAVY-E1052,eval-heavy-policy-e1052,HEAVY,STATUS_PRIORITY_NON_DROPPING,20260904,1052,1052000000,8262240562cc4837aa3e1bd0be2370cf35b7ba5a8120b098a63994575d65f4dc,7db8f228c130805db241dff62edcff83a07966e70e7ddbc1512861972534e978,external_inputs/eval-heavy-policy-e1052,ec84414f367b0f525a700c30d13986667e17e1d8,followup-status-priority-production-freeze-v2,fixed-sequence-v1,VALIDATED,,1,
followup_status_priority_evaluation_v1_20260904,EVALUATION,HEAVY-E1053,eval-heavy-fifo-e1053,HEAVY,FIFO,20260904,1053,1053000000,c45abc0656c70b83299a33fb13bbec001e68774e43bbc3594396b3fabb7ff19f,3a47a652f66f2176e91f49d2dd0f3d0179804495139db944ff5f27f57b01ac4d,external_inputs/eval-heavy-fifo-e1053,ec84414f367b0f525a700c30d13986667e17e1d8,followup-status-priority-production-freeze-v2,fixed-sequence-v1,VALIDATED,,1,
followup_status_priority_evaluation_v1_20260904,EVALUATION,HEAVY-E1053,eval-heavy-policy-e1053,HEAVY,STATUS_PRIORITY_NON_DROPPING,20260904,1053,1053000000,c45abc0656c70b83299a33fb13bbec001e68774e43bbc3594396b3fabb7ff19f,ff52e2ebc26727ad080f71dbf9310046b4e46485630a47ca5d8aa8f2b41981a7,external_inputs/eval-heavy-policy-e1053,ec84414f367b0f525a700c30d13986667e17e1d8,followup-status-priority-production-freeze-v2,fixed-sequence-v1,VALIDATED,,1,
followup_status_priority_evaluation_v1_20260904,EVALUATION,HEAVY-E1054,eval-heavy-fifo-e1054,HEAVY,FIFO,20260904,1054,1054000000,08065a4195c6bcd6b39e7242d39be3b90939ea2b2d2ca4106d3a631def123ef0,9cf354c914fcb225e46e591cff25af607cadc7a119ffd8a1f1c7f107e7b512a0,external_inputs/eval-heavy-fifo-e1054,ec84414f367b0f525a700c30d13986667e17e1d8,followup-status-priority-production-freeze-v2,fixed-sequence-v1,VALIDATED,,1,
followup_status_priority_evaluation_v1_20260904,EVALUATION,HEAVY-E1054,eval-heavy-policy-e1054,HEAVY,STATUS_PRIORITY_NON_DROPPING,20260904,1054,1054000000,08065a4195c6bcd6b39e7242d39be3b90939ea2b2d2ca4106d3a631def123ef0,f4d563ce905b27dec9500a01261df6db05be6401b126b7014f95d72618b174df,external_inputs/eval-heavy-policy-e1054,ec84414f367b0f525a700c30d13986667e17e1d8,followup-status-priority-production-freeze-v2,fixed-sequence-v1,VALIDATED,,1,
followup_status_priority_evaluation_v1_20260904,EVALUATION,HEAVY-E1055,eval-heavy-fifo-e1055,HEAVY,FIFO,20260904,1055,1055000000,59ef42d0f2989a097959e9ca6e90b970a0c091c46db652dc36d7671e3ee0ac8d,42507c45c663127d8c07bcecaa7b709bc830a4b965ccf0770487a0fd303700d1,external_inputs/eval-heavy-fifo-e1055,ec84414f367b0f525a700c30d13986667e17e1d8,followup-status-priority-production-freeze-v2,fixed-sequence-v1,VALIDATED,,1,
followup_status_priority_evaluation_v1_20260904,EVALUATION,HEAVY-E1055,eval-heavy-policy-e1055,HEAVY,STATUS_PRIORITY_NON_DROPPING,20260904,1055,1055000000,59ef42d0f2989a097959e9ca6e90b970a0c091c46db652dc36d7671e3ee0ac8d,773548cedfee705c33d67e362058ce8efb20986c4a11dd7742d22024d387ca53,external_inputs/eval-heavy-policy-e1055,ec84414f367b0f525a700c30d13986667e17e1d8,followup-status-priority-production-freeze-v2,fixed-sequence-v1,VALIDATED,,1,
followup_status_priority_evaluation_v1_20260904,EVALUATION,HEAVY-E1056,eval-heavy-fifo-e1056,HEAVY,FIFO,20260904,1056,1056000000,564c7fefbe6523022ad9ec76e8896e4d58424e4f6c8b62649eb6462806e1874e,5ff34cd5fc1fe874713343cce04ecb89acd2b9c43135832a98d866c3767d1306,external_inputs/eval-heavy-fifo-e1056,ec84414f367b0f525a700c30d13986667e17e1d8,followup-status-priority-production-freeze-v2,fixed-sequence-v1,VALIDATED,,1,
followup_status_priority_evaluation_v1_20260904,EVALUATION,HEAVY-E1056,eval-heavy-policy-e1056,HEAVY,STATUS_PRIORITY_NON_DROPPING,20260904,1056,1056000000,564c7fefbe6523022ad9ec76e8896e4d58424e4f6c8b62649eb6462806e1874e,2b87a8dd63ab9349f14d1b1cf98d2cda5f55675d5849da31d49f90d7142135a3,external_inputs/eval-heavy-policy-e1056,ec84414f367b0f525a700c30d13986667e17e1d8,followup-status-priority-production-freeze-v2,fixed-sequence-v1,VALIDATED,,1,
followup_status_priority_evaluation_v1_20260904,EVALUATION,HEAVY-E1057,eval-heavy-fifo-e1057,HEAVY,FIFO,20260904,1057,1057000000,54011fee3aaeaed90c8b8c0efdbf63fd7492e4a10abc2f67093bf299764ef446,d85f6cd8ccfe14258c9a8d04ec40cabb3fee32c51eaed1cd0d1dd621e68f0bfd,external_inputs/eval-heavy-fifo-e1057,ec84414f367b0f525a700c30d13986667e17e1d8,followup-status-priority-production-freeze-v2,fixed-sequence-v1,VALIDATED,,1,
followup_status_priority_evaluation_v1_20260904,EVALUATION,HEAVY-E1057,eval-heavy-policy-e1057,HEAVY,STATUS_PRIORITY_NON_DROPPING,20260904,1057,1057000000,54011fee3aaeaed90c8b8c0efdbf63fd7492e4a10abc2f67093bf299764ef446,42956401a7ba4d413401ce0f8ecc27be902148523377f5a991cee6deeccfb5cc,external_inputs/eval-heavy-policy-e1057,ec84414f367b0f525a700c30d13986667e17e1d8,followup-status-priority-production-freeze-v2,fixed-sequence-v1,VALIDATED,,1,
followup_status_priority_evaluation_v1_20260904,EVALUATION,HEAVY-E1058,eval-heavy-fifo-e1058,HEAVY,FIFO,20260904,1058,1058000000,0d5aafe8dc0ac2b93abb1061f7fb29026dc342948737a1c02b454248297bc102,607b11927392c629e091e1f7083c3f50752999101265e68923e20b7e24fd8026,external_inputs/eval-heavy-fifo-e1058,ec84414f367b0f525a700c30d13986667e17e1d8,followup-status-priority-production-freeze-v2,fixed-sequence-v1,VALIDATED,,1,
followup_status_priority_evaluation_v1_20260904,EVALUATION,HEAVY-E1058,eval-heavy-policy-e1058,HEAVY,STATUS_PRIORITY_NON_DROPPING,20260904,1058,1058000000,0d5aafe8dc0ac2b93abb1061f7fb29026dc342948737a1c02b454248297bc102,88c9c10e93aef80fa96f1b0181c01351d21b79294bd898ae8b831f74844cbc66,external_inputs/eval-heavy-policy-e1058,ec84414f367b0f525a700c30d13986667e17e1d8,followup-status-priority-production-freeze-v2,fixed-sequence-v1,VALIDATED,,1,
followup_status_priority_evaluation_v1_20260904,EVALUATION,HEAVY-E1059,eval-heavy-fifo-e1059,HEAVY,FIFO,20260904,1059,1059000000,bf66157c5b01c053966eadd727ded6a929b707389509861db3f2bb516cc289aa,fcee9664668d0422f6bf08c0ff8b72180568d81cd84f4f00b7ad5de5cbc9dafc,external_inputs/eval-heavy-fifo-e1059,ec84414f367b0f525a700c30d13986667e17e1d8,followup-status-priority-production-freeze-v2,fixed-sequence-v1,VALIDATED,,1,
followup_status_priority_evaluation_v1_20260904,EVALUATION,HEAVY-E1059,eval-heavy-policy-e1059,HEAVY,STATUS_PRIORITY_NON_DROPPING,20260904,1059,1059000000,bf66157c5b01c053966eadd727ded6a929b707389509861db3f2bb516cc289aa,9a659e527f587e1ad037bb4f24259813d8c0dc0c9ae5b8f46a8e5d046553163a,external_inputs/eval-heavy-policy-e1059,ec84414f367b0f525a700c30d13986667e17e1d8,followup-status-priority-production-freeze-v2,fixed-sequence-v1,VALIDATED,,1,
followup_status_priority_evaluation_v1_20260904,EVALUATION,HEAVY-E1060,eval-heavy-fifo-e1060,HEAVY,FIFO,20260904,1060,1060000000,896c55eb48186cecbde3279464353d3d0d7c22df7d93a8602c88cd7bc8aa4347,6a6c3591a9b95971d02784a640764e1f34575a2ff1da85d0e5b375f0644834ab,external_inputs/eval-heavy-fifo-e1060,ec84414f367b0f525a700c30d13986667e17e1d8,followup-status-priority-production-freeze-v2,fixed-sequence-v1,VALIDATED,,1,
followup_status_priority_evaluation_v1_20260904,EVALUATION,HEAVY-E1060,eval-heavy-policy-e1060,HEAVY,STATUS_PRIORITY_NON_DROPPING,20260904,1060,1060000000,896c55eb48186cecbde3279464353d3d0d7c22df7d93a8602c88cd7bc8aa4347,06cf957bbab33327b7a0dd76700b65b476cc18986401c6164787463da08b7491,external_inputs/eval-heavy-policy-e1060,ec84414f367b0f525a700c30d13986667e17e1d8,followup-status-priority-production-freeze-v2,fixed-sequence-v1,VALIDATED,,1,
followup_status_priority_evaluation_v1_20260904,EVALUATION,HEAVY-E1061,eval-heavy-fifo-e1061,HEAVY,FIFO,20260904,1061,1061000000,ea258548ab272df956e4a93a2fe1f7b40f27101607c1ed6c8efd9f2e4812a915,d6f66ea4b2700e08b582cdb44ee86281151d50ef1970c368d0d91aaa79691f0f,external_inputs/eval-heavy-fifo-e1061,ec84414f367b0f525a700c30d13986667e17e1d8,followup-status-priority-production-freeze-v2,fixed-sequence-v1,VALIDATED,,1,
followup_status_priority_evaluation_v1_20260904,EVALUATION,HEAVY-E1061,eval-heavy-policy-e1061,HEAVY,STATUS_PRIORITY_NON_DROPPING,20260904,1061,1061000000,ea258548ab272df956e4a93a2fe1f7b40f27101607c1ed6c8efd9f2e4812a915,7e966fbe74bfa08837bfa55012411b47c3d458e48bb5bcdfbad3c5ddc44730b8,external_inputs/eval-heavy-policy-e1061,ec84414f367b0f525a700c30d13986667e17e1d8,followup-status-priority-production-freeze-v2,fixed-sequence-v1,VALIDATED,,1,
followup_status_priority_evaluation_v1_20260904,EVALUATION,HEAVY-E1062,eval-heavy-fifo-e1062,HEAVY,FIFO,20260904,1062,1062000000,52a06da04a860937e6ef7d83ea8718a9cef50979748acffb84a7458e4e5ddb9c,8adf49c2cc0e45d5ae9a8d519cb0c1caf56403f67353712078ac6c93ae7728db,external_inputs/eval-heavy-fifo-e1062,ec84414f367b0f525a700c30d13986667e17e1d8,followup-status-priority-production-freeze-v2,fixed-sequence-v1,VALIDATED,,1,
followup_status_priority_evaluation_v1_20260904,EVALUATION,HEAVY-E1062,eval-heavy-policy-e1062,HEAVY,STATUS_PRIORITY_NON_DROPPING,20260904,1062,1062000000,52a06da04a860937e6ef7d83ea8718a9cef50979748acffb84a7458e4e5ddb9c,14ca0c1ad0910584e39831ad557927e0ac4361fae2501f32896992aba959edae,external_inputs/eval-heavy-policy-e1062,ec84414f367b0f525a700c30d13986667e17e1d8,followup-status-priority-production-freeze-v2,fixed-sequence-v1,VALIDATED,,1,
followup_status_priority_evaluation_v1_20260904,EVALUATION,HEAVY-E1063,eval-heavy-fifo-e1063,HEAVY,FIFO,20260904,1063,1063000000,d010892e1ea5b83d7d8522fbaf666e6cddd289f0f93ac5769d510714da4e1e6f,2f0647a337a8e1a467f153c75370763d60c9a2979aeed01091f72e7d26433159,external_inputs/eval-heavy-fifo-e1063,ec84414f367b0f525a700c30d13986667e17e1d8,followup-status-priority-production-freeze-v2,fixed-sequence-v1,VALIDATED,,1,
followup_status_priority_evaluation_v1_20260904,EVALUATION,HEAVY-E1063,eval-heavy-policy-e1063,HEAVY,STATUS_PRIORITY_NON_DROPPING,20260904,1063,1063000000,d010892e1ea5b83d7d8522fbaf666e6cddd289f0f93ac5769d510714da4e1e6f,1832fb1414d632a0b76a6aabda8dd498a10c995f20b4c83478294767fea325c9,external_inputs/eval-heavy-policy-e1063,ec84414f367b0f525a700c30d13986667e17e1d8,followup-status-priority-production-freeze-v2,fixed-sequence-v1,VALIDATED,,1,
followup_status_priority_evaluation_v1_20260904,EVALUATION,HEAVY-E1064,eval-heavy-fifo-e1064,HEAVY,FIFO,20260904,1064,1064000000,8eec5d5455a1cb25c91e519fccab8772203e95f463f6cebf13d78b3d236197e5,9ae64e0c2bbd8e3b80c3da4cc22ab9f8f511c30de9242a5be89a1d2228d2ba49,external_inputs/eval-heavy-fifo-e1064,ec84414f367b0f525a700c30d13986667e17e1d8,followup-status-priority-production-freeze-v2,fixed-sequence-v1,VALIDATED,,1,
followup_status_priority_evaluation_v1_20260904,EVALUATION,HEAVY-E1064,eval-heavy-policy-e1064,HEAVY,STATUS_PRIORITY_NON_DROPPING,20260904,1064,1064000000,8eec5d5455a1cb25c91e519fccab8772203e95f463f6cebf13d78b3d236197e5,c2ca0745ceef4e12a85091fb9797a60e63bfa0f379d65280e8707bfd2ae0f0d2,external_inputs/eval-heavy-policy-e1064,ec84414f367b0f525a700c30d13986667e17e1d8,followup-status-priority-production-freeze-v2,fixed-sequence-v1,VALIDATED,,1,
followup_status_priority_evaluation_v1_20260904,EVALUATION,HEAVY-E1065,eval-heavy-fifo-e1065,HEAVY,FIFO,20260904,1065,1065000000,d9fae9653c501fa405a69e0db97b650683c5bd4473933f2abab0f78aeab6789c,acd722745b35db95bc80c78149a8f64b46b0a50e0c98a43de5af181f8fb0d647,external_inputs/eval-heavy-fifo-e1065,ec84414f367b0f525a700c30d13986667e17e1d8,followup-status-priority-production-freeze-v2,fixed-sequence-v1,VALIDATED,,1,
followup_status_priority_evaluation_v1_20260904,EVALUATION,HEAVY-E1065,eval-heavy-policy-e1065,HEAVY,STATUS_PRIORITY_NON_DROPPING,20260904,1065,1065000000,d9fae9653c501fa405a69e0db97b650683c5bd4473933f2abab0f78aeab6789c,5f68f1fb008209916f3a3d63caba673e4c19b37b1184683d011c3759838b4abc,external_inputs/eval-heavy-policy-e1065,ec84414f367b0f525a700c30d13986667e17e1d8,followup-status-priority-production-freeze-v2,fixed-sequence-v1,VALIDATED,,1,
followup_status_priority_evaluation_v1_20260904,EVALUATION,HEAVY-E1066,eval-heavy-fifo-e1066,HEAVY,FIFO,20260904,1066,1066000000,850d4de1169ddb5833cf34e17c702dc3312e343ee26b8b145a12701c05314854,c64ee8651c4786c7b800ab6928508c099941e56ec654dd2c893c79ad3d70dba7,external_inputs/eval-heavy-fifo-e1066,ec84414f367b0f525a700c30d13986667e17e1d8,followup-status-priority-production-freeze-v2,fixed-sequence-v1,VALIDATED,,1,
followup_status_priority_evaluation_v1_20260904,EVALUATION,HEAVY-E1066,eval-heavy-policy-e1066,HEAVY,STATUS_PRIORITY_NON_DROPPING,20260904,1066,1066000000,850d4de1169ddb5833cf34e17c702dc3312e343ee26b8b145a12701c05314854,25b23fd1f989f2c69900b9f49e43506c23b90eb38a2b16f0d0bd0132424422db,external_inputs/eval-heavy-policy-e1066,ec84414f367b0f525a700c30d13986667e17e1d8,followup-status-priority-production-freeze-v2,fixed-sequence-v1,VALIDATED,,1,
followup_status_priority_evaluation_v1_20260904,EVALUATION,HEAVY-E1067,eval-heavy-fifo-e1067,HEAVY,FIFO,20260904,1067,1067000000,ef46504128f6a4b92159ba482e6bd2e39896d12f11fbdde63d278ef1c0df69d3,c3846517f84223882cf65a3cefb9b1b9409c660b2961b74ef1380bc615fae8a7,external_inputs/eval-heavy-fifo-e1067,ec84414f367b0f525a700c30d13986667e17e1d8,followup-status-priority-production-freeze-v2,fixed-sequence-v1,VALIDATED,,1,
followup_status_priority_evaluation_v1_20260904,EVALUATION,HEAVY-E1067,eval-heavy-policy-e1067,HEAVY,STATUS_PRIORITY_NON_DROPPING,20260904,1067,1067000000,ef46504128f6a4b92159ba482e6bd2e39896d12f11fbdde63d278ef1c0df69d3,53678cffe8f80a626b44bddbb70cc6b30e6b899da1088c455eaf9ded23dd6e3e,external_inputs/eval-heavy-policy-e1067,ec84414f367b0f525a700c30d13986667e17e1d8,followup-status-priority-production-freeze-v2,fixed-sequence-v1,VALIDATED,,1,
followup_status_priority_evaluation_v1_20260904,EVALUATION,HEAVY-E1068,eval-heavy-fifo-e1068,HEAVY,FIFO,20260904,1068,1068000000,274b41046e8cf2bddd7aef819867c2876cfa6e2c2fd6c01ad6f358f543df63e3,f4dd0f095697a4a229345ed593b6078aed1285b9246ea7d73596870b63749315,external_inputs/eval-heavy-fifo-e1068,ec84414f367b0f525a700c30d13986667e17e1d8,followup-status-priority-production-freeze-v2,fixed-sequence-v1,VALIDATED,,1,
followup_status_priority_evaluation_v1_20260904,EVALUATION,HEAVY-E1068,eval-heavy-policy-e1068,HEAVY,STATUS_PRIORITY_NON_DROPPING,20260904,1068,1068000000,274b41046e8cf2bddd7aef819867c2876cfa6e2c2fd6c01ad6f358f543df63e3,bf0b6a1f078eb2e9b9565d46e8baf3bb1c403d76e26d73a143b3665959723600,external_inputs/eval-heavy-policy-e1068,ec84414f367b0f525a700c30d13986667e17e1d8,followup-status-priority-production-freeze-v2,fixed-sequence-v1,VALIDATED,,1,
followup_status_priority_evaluation_v1_20260904,EVALUATION,HEAVY-E1069,eval-heavy-fifo-e1069,HEAVY,FIFO,20260904,1069,1069000000,c10fa49cb540606961a08e99b6865ebf6956237eec85b1f95f51075d5835dac2,d63be98a812dfeeab7e98a8e506a67e7d5e9fbed313aa0da976727fcba4056ae,external_inputs/eval-heavy-fifo-e1069,ec84414f367b0f525a700c30d13986667e17e1d8,followup-status-priority-production-freeze-v2,fixed-sequence-v1,VALIDATED,,1,
followup_status_priority_evaluation_v1_20260904,EVALUATION,HEAVY-E1069,eval-heavy-policy-e1069,HEAVY,STATUS_PRIORITY_NON_DROPPING,20260904,1069,1069000000,c10fa49cb540606961a08e99b6865ebf6956237eec85b1f95f51075d5835dac2,41561c2cad890bba698055d849a4f1cba975d392930f607adfb2909c920c2418,external_inputs/eval-heavy-policy-e1069,ec84414f367b0f525a700c30d13986667e17e1d8,followup-status-priority-production-freeze-v2,fixed-sequence-v1,VALIDATED,,1,
followup_status_priority_evaluation_v1_20260904,EVALUATION,HEAVY-E1070,eval-heavy-fifo-e1070,HEAVY,FIFO,20260904,1070,1070000000,9f81b942e53f52cb9d7485e708757d90165c698e54ef6b62f82ea6b8b0ea4e64,cba9d186ab610966d94d56e1b6e8ae3df8c68e80b02e31457da4df8d58a5396e,external_inputs/eval-heavy-fifo-e1070,ec84414f367b0f525a700c30d13986667e17e1d8,followup-status-priority-production-freeze-v2,fixed-sequence-v1,VALIDATED,,1,
followup_status_priority_evaluation_v1_20260904,EVALUATION,HEAVY-E1070,eval-heavy-policy-e1070,HEAVY,STATUS_PRIORITY_NON_DROPPING,20260904,1070,1070000000,9f81b942e53f52cb9d7485e708757d90165c698e54ef6b62f82ea6b8b0ea4e64,a52c241920ebabbfb12273a9765479f1c83c022b8292ed6df21c71ee6edb6365,external_inputs/eval-heavy-policy-e1070,ec84414f367b0f525a700c30d13986667e17e1d8,followup-status-priority-production-freeze-v2,fixed-sequence-v1,VALIDATED,,1,
followup_status_priority_evaluation_v1_20260904,EVALUATION,HEAVY-E1071,eval-heavy-fifo-e1071,HEAVY,FIFO,20260904,1071,1071000000,788cead02dd01d53aa4cabf81305d855ab702e9710e38a6abd485126527ff50f,2d72568e19f275aa8e2549e0b91c8cc6d2d9c1c9a3135d9389522d7ab3bd7678,external_inputs/eval-heavy-fifo-e1071,ec84414f367b0f525a700c30d13986667e17e1d8,followup-status-priority-production-freeze-v2,fixed-sequence-v1,VALIDATED,,1,
followup_status_priority_evaluation_v1_20260904,EVALUATION,HEAVY-E1071,eval-heavy-policy-e1071,HEAVY,STATUS_PRIORITY_NON_DROPPING,20260904,1071,1071000000,788cead02dd01d53aa4cabf81305d855ab702e9710e38a6abd485126527ff50f,e89ee31ec1231099a38edcff23772620ebc5842f41883f76dfe5235d31622044,external_inputs/eval-heavy-policy-e1071,ec84414f367b0f525a700c30d13986667e17e1d8,followup-status-priority-production-freeze-v2,fixed-sequence-v1,VALIDATED,,1,
followup_status_priority_evaluation_v1_20260904,EVALUATION,HEAVY-E1072,eval-heavy-fifo-e1072,HEAVY,FIFO,20260904,1072,1072000000,8383e7e8441fbade895a3b7b83ccbbac78b0d5dbdff1a6339dc5552b17ef8493,45c632e569d39f09a237d73ba53844ee7b22b6ada3a136dad62c6906543fe1d8,external_inputs/eval-heavy-fifo-e1072,ec84414f367b0f525a700c30d13986667e17e1d8,followup-status-priority-production-freeze-v2,fixed-sequence-v1,VALIDATED,,1,
followup_status_priority_evaluation_v1_20260904,EVALUATION,HEAVY-E1072,eval-heavy-policy-e1072,HEAVY,STATUS_PRIORITY_NON_DROPPING,20260904,1072,1072000000,8383e7e8441fbade895a3b7b83ccbbac78b0d5dbdff1a6339dc5552b17ef8493,40853bc1a649dc6f759775093f3528a2d807593e7baeb2fc903c3c275ec09761,external_inputs/eval-heavy-policy-e1072,ec84414f367b0f525a700c30d13986667e17e1d8,followup-status-priority-production-freeze-v2,fixed-sequence-v1,VALIDATED,,1,
followup_status_priority_evaluation_v1_20260904,EVALUATION,HEAVY-E1073,eval-heavy-fifo-e1073,HEAVY,FIFO,20260904,1073,1073000000,37fe83b81193866aa6f4eff71a4bfe632605a114be46c1d033975cd07e33e352,2b78fd6c3a4f2919ec2f5d4cd965a770277bbe3c5b8791473d7a43dc91521e90,external_inputs/eval-heavy-fifo-e1073,ec84414f367b0f525a700c30d13986667e17e1d8,followup-status-priority-production-freeze-v2,fixed-sequence-v1,VALIDATED,,1,
followup_status_priority_evaluation_v1_20260904,EVALUATION,HEAVY-E1073,eval-heavy-policy-e1073,HEAVY,STATUS_PRIORITY_NON_DROPPING,20260904,1073,1073000000,37fe83b81193866aa6f4eff71a4bfe632605a114be46c1d033975cd07e33e352,42d5bf3f83a63c53ed30a4d4b42eff2140c0f960ade638f000ec92b6ff887d0c,external_inputs/eval-heavy-policy-e1073,ec84414f367b0f525a700c30d13986667e17e1d8,followup-status-priority-production-freeze-v2,fixed-sequence-v1,VALIDATED,,1,
followup_status_priority_evaluation_v1_20260904,EVALUATION,HEAVY-E1074,eval-heavy-fifo-e1074,HEAVY,FIFO,20260904,1074,1074000000,ea6ca4da0f231e732ff0d924930dc59eb497f5c314b0095b0c2082214ac06c25,74cae87d51c9e31f869b617467a6ae43d18daa65235412b879e5a9f9a273f4d8,external_inputs/eval-heavy-fifo-e1074,ec84414f367b0f525a700c30d13986667e17e1d8,followup-status-priority-production-freeze-v2,fixed-sequence-v1,VALIDATED,,1,
followup_status_priority_evaluation_v1_20260904,EVALUATION,HEAVY-E1074,eval-heavy-policy-e1074,HEAVY,STATUS_PRIORITY_NON_DROPPING,20260904,1074,1074000000,ea6ca4da0f231e732ff0d924930dc59eb497f5c314b0095b0c2082214ac06c25,4b1694cd4587b5938512f8655e4624380f8534f15e5d4dc4b660f4bc4e24f37a,external_inputs/eval-heavy-policy-e1074,ec84414f367b0f525a700c30d13986667e17e1d8,followup-status-priority-production-freeze-v2,fixed-sequence-v1,VALIDATED,,1,
followup_status_priority_evaluation_v1_20260904,EVALUATION,HEAVY-E1075,eval-heavy-fifo-e1075,HEAVY,FIFO,20260904,1075,1075000000,75b49cb4c533f4c6dc497c2978cca550a414118b9c666854864490fec93ecd13,1c95c8d4c32cd462eee3cd67dbddef8d7e4a07116ad75424a82d0fe69a6ab0df,external_inputs/eval-heavy-fifo-e1075,ec84414f367b0f525a700c30d13986667e17e1d8,followup-status-priority-production-freeze-v2,fixed-sequence-v1,VALIDATED,,1,
followup_status_priority_evaluation_v1_20260904,EVALUATION,HEAVY-E1075,eval-heavy-policy-e1075,HEAVY,STATUS_PRIORITY_NON_DROPPING,20260904,1075,1075000000,75b49cb4c533f4c6dc497c2978cca550a414118b9c666854864490fec93ecd13,51ecb8fcc062a64a09837b667447319a428e515d905e1f4f034bc944dc4869d0,external_inputs/eval-heavy-policy-e1075,ec84414f367b0f525a700c30d13986667e17e1d8,followup-status-priority-production-freeze-v2,fixed-sequence-v1,VALIDATED,,1,
followup_status_priority_evaluation_v1_20260904,EVALUATION,HEAVY-E1076,eval-heavy-fifo-e1076,HEAVY,FIFO,20260904,1076,1076000000,aab91cd75d68e78ffaf638c1fcb412b55e6a4005203b1bbb31edeca57395e675,3959c6c5fcedd0f2cea57f459df8f7142153f234075890dcb48896aafca19da7,external_inputs/eval-heavy-fifo-e1076,ec84414f367b0f525a700c30d13986667e17e1d8,followup-status-priority-production-freeze-v2,fixed-sequence-v1,VALIDATED,,1,
followup_status_priority_evaluation_v1_20260904,EVALUATION,HEAVY-E1076,eval-heavy-policy-e1076,HEAVY,STATUS_PRIORITY_NON_DROPPING,20260904,1076,1076000000,aab91cd75d68e78ffaf638c1fcb412b55e6a4005203b1bbb31edeca57395e675,a7064063a6ecbdc13c328592f775ff3750dc00f77b2e5977fe3d68ddee36ef13,external_inputs/eval-heavy-policy-e1076,ec84414f367b0f525a700c30d13986667e17e1d8,followup-status-priority-production-freeze-v2,fixed-sequence-v1,VALIDATED,,1,
followup_status_priority_evaluation_v1_20260904,EVALUATION,HEAVY-E1077,eval-heavy-fifo-e1077,HEAVY,FIFO,20260904,1077,1077000000,161fa20e7bb855edc84de7b44356913b9688b628c75471f966f9b604e3117d85,46149c2822b3253bd3ab67f7e70df43ac250589a18f64ff786811a415a713ae2,external_inputs/eval-heavy-fifo-e1077,ec84414f367b0f525a700c30d13986667e17e1d8,followup-status-priority-production-freeze-v2,fixed-sequence-v1,VALIDATED,,1,
followup_status_priority_evaluation_v1_20260904,EVALUATION,HEAVY-E1077,eval-heavy-policy-e1077,HEAVY,STATUS_PRIORITY_NON_DROPPING,20260904,1077,1077000000,161fa20e7bb855edc84de7b44356913b9688b628c75471f966f9b604e3117d85,fcd4101fa4b9bf39036aaab172f198432b277cf0e8d63e79698893c13b1f989a,external_inputs/eval-heavy-policy-e1077,ec84414f367b0f525a700c30d13986667e17e1d8,followup-status-priority-production-freeze-v2,fixed-sequence-v1,VALIDATED,,1,
followup_status_priority_evaluation_v1_20260904,EVALUATION,HEAVY-E1078,eval-heavy-fifo-e1078,HEAVY,FIFO,20260904,1078,1078000000,2b4a72c811fffbe0bf85c545900fd4d70d2513d467e17851928a80c54c6c6440,c1944f524bd0d86a7f99737bc5223660fac359e146682e534381cc7c07c322ed,external_inputs/eval-heavy-fifo-e1078,ec84414f367b0f525a700c30d13986667e17e1d8,followup-status-priority-production-freeze-v2,fixed-sequence-v1,VALIDATED,,1,
followup_status_priority_evaluation_v1_20260904,EVALUATION,HEAVY-E1078,eval-heavy-policy-e1078,HEAVY,STATUS_PRIORITY_NON_DROPPING,20260904,1078,1078000000,2b4a72c811fffbe0bf85c545900fd4d70d2513d467e17851928a80c54c6c6440,4291805fe9c19fc01819a262bac4198010eef710d07f4514f6220f36e2488120,external_inputs/eval-heavy-policy-e1078,ec84414f367b0f525a700c30d13986667e17e1d8,followup-status-priority-production-freeze-v2,fixed-sequence-v1,VALIDATED,,1,
followup_status_priority_evaluation_v1_20260904,EVALUATION,HEAVY-E1079,eval-heavy-fifo-e1079,HEAVY,FIFO,20260904,1079,1079000000,e5957360a8d73b4ea4f85e5592846b61e680d54aef8a7b9048afa3417d667a11,bd95aa811d606eebc1eb4222cc2df407dbe4ebbfa9512721f53284104d2ba03c,external_inputs/eval-heavy-fifo-e1079,ec84414f367b0f525a700c30d13986667e17e1d8,followup-status-priority-production-freeze-v2,fixed-sequence-v1,VALIDATED,,1,
followup_status_priority_evaluation_v1_20260904,EVALUATION,HEAVY-E1079,eval-heavy-policy-e1079,HEAVY,STATUS_PRIORITY_NON_DROPPING,20260904,1079,1079000000,e5957360a8d73b4ea4f85e5592846b61e680d54aef8a7b9048afa3417d667a11,934e2cf1048a96b1b2327e014236d01df976ee31b74ebb9a601bb7fc7953eb52,external_inputs/eval-heavy-policy-e1079,ec84414f367b0f525a700c30d13986667e17e1d8,followup-status-priority-production-freeze-v2,fixed-sequence-v1,VALIDATED,,1,
followup_status_priority_evaluation_v1_20260904,EVALUATION,HEAVY-E1080,eval-heavy-fifo-e1080,HEAVY,FIFO,20260904,1080,1080000000,2c1fc470f302e8ddad48844b4ee43eaf08223710e70b9411d284d285d9c8f29b,2dcbc6964ca679189214124d24ca428a351fcf3178122de0b78c6260e605efa5,external_inputs/eval-heavy-fifo-e1080,ec84414f367b0f525a700c30d13986667e17e1d8,followup-status-priority-production-freeze-v2,fixed-sequence-v1,VALIDATED,,1,
followup_status_priority_evaluation_v1_20260904,EVALUATION,HEAVY-E1080,eval-heavy-policy-e1080,HEAVY,STATUS_PRIORITY_NON_DROPPING,20260904,1080,1080000000,2c1fc470f302e8ddad48844b4ee43eaf08223710e70b9411d284d285d9c8f29b,34f19a1afc3348b19ba72fa5cc1b7a19eeab2baf4e111a218db8a1415ab25887,external_inputs/eval-heavy-policy-e1080,ec84414f367b0f525a700c30d13986667e17e1d8,followup-status-priority-production-freeze-v2,fixed-sequence-v1,VALIDATED,,1,
followup_status_priority_evaluation_v1_20260904,EVALUATION,HEAVY-E1081,eval-heavy-fifo-e1081,HEAVY,FIFO,20260904,1081,1081000000,6ec5136156b9d437ac7d914fcf96b64381bf1a67b74b0672c836f4c80fdd9424,8da9d166287028d486398f0b131cbb5a33ca1f7b9c74e066d7cf448931b067c9,external_inputs/eval-heavy-fifo-e1081,ec84414f367b0f525a700c30d13986667e17e1d8,followup-status-priority-production-freeze-v2,fixed-sequence-v1,VALIDATED,,1,
followup_status_priority_evaluation_v1_20260904,EVALUATION,HEAVY-E1081,eval-heavy-policy-e1081,HEAVY,STATUS_PRIORITY_NON_DROPPING,20260904,1081,1081000000,6ec5136156b9d437ac7d914fcf96b64381bf1a67b74b0672c836f4c80fdd9424,18d079d2f53bc39eea4bd1620e702fd13bc6f70b2d5b9be4c3342d635307cf9b,external_inputs/eval-heavy-policy-e1081,ec84414f367b0f525a700c30d13986667e17e1d8,followup-status-priority-production-freeze-v2,fixed-sequence-v1,VALIDATED,,1,
followup_status_priority_evaluation_v1_20260904,EVALUATION,HEAVY-E1082,eval-heavy-fifo-e1082,HEAVY,FIFO,20260904,1082,1082000000,a3c0b65ba040b165898a264bbb8b17f78806ae837daaa7d269977ae46201483b,bf9b1b16f72a75c57b6676f0a2887268ac54a43d82664dc7ac10458397c78b99,external_inputs/eval-heavy-fifo-e1082,ec84414f367b0f525a700c30d13986667e17e1d8,followup-status-priority-production-freeze-v2,fixed-sequence-v1,VALIDATED,,1,
followup_status_priority_evaluation_v1_20260904,EVALUATION,HEAVY-E1082,eval-heavy-policy-e1082,HEAVY,STATUS_PRIORITY_NON_DROPPING,20260904,1082,1082000000,a3c0b65ba040b165898a264bbb8b17f78806ae837daaa7d269977ae46201483b,b3d720802654bb862909099c4bbdd72b89566c19c6ebeb62740aa182a2b6a0d4,external_inputs/eval-heavy-policy-e1082,ec84414f367b0f525a700c30d13986667e17e1d8,followup-status-priority-production-freeze-v2,fixed-sequence-v1,VALIDATED,,1,
followup_status_priority_evaluation_v1_20260904,EVALUATION,HEAVY-E1083,eval-heavy-fifo-e1083,HEAVY,FIFO,20260904,1083,1083000000,04fd48e6447e2fcb9ebbe3fe5a532ae2727c64a2dec66ee06d376fb446fce3bd,3399cbf17d6072b1a7fc2b327b81ecbe76387a8875c9b0fa91537e40c8380180,external_inputs/eval-heavy-fifo-e1083,ec84414f367b0f525a700c30d13986667e17e1d8,followup-status-priority-production-freeze-v2,fixed-sequence-v1,VALIDATED,,1,
followup_status_priority_evaluation_v1_20260904,EVALUATION,HEAVY-E1083,eval-heavy-policy-e1083,HEAVY,STATUS_PRIORITY_NON_DROPPING,20260904,1083,1083000000,04fd48e6447e2fcb9ebbe3fe5a532ae2727c64a2dec66ee06d376fb446fce3bd,de94295258117711c255e37149770336aa0feb4a62ebf6039442859732344e4d,external_inputs/eval-heavy-policy-e1083,ec84414f367b0f525a700c30d13986667e17e1d8,followup-status-priority-production-freeze-v2,fixed-sequence-v1,VALIDATED,,1,
followup_status_priority_evaluation_v1_20260904,EVALUATION,HEAVY-E1084,eval-heavy-fifo-e1084,HEAVY,FIFO,20260904,1084,1084000000,86aca0b2e7d91b75bb7cbd23caf45c376a4e9145d6337c7142312f6151d45676,28534503a8b93aa036ccff1839c76aa2ea17dcd6f5bfad8e094fd22f2b5e0a7d,external_inputs/eval-heavy-fifo-e1084,ec84414f367b0f525a700c30d13986667e17e1d8,followup-status-priority-production-freeze-v2,fixed-sequence-v1,VALIDATED,,1,
followup_status_priority_evaluation_v1_20260904,EVALUATION,HEAVY-E1084,eval-heavy-policy-e1084,HEAVY,STATUS_PRIORITY_NON_DROPPING,20260904,1084,1084000000,86aca0b2e7d91b75bb7cbd23caf45c376a4e9145d6337c7142312f6151d45676,f5032db632d9b16bfeeeff83ca7918b207c61eac2855f724eb2f5de55ff18182,external_inputs/eval-heavy-policy-e1084,ec84414f367b0f525a700c30d13986667e17e1d8,followup-status-priority-production-freeze-v2,fixed-sequence-v1,VALIDATED,,1,
followup_status_priority_evaluation_v1_20260904,EVALUATION,HEAVY-E1085,eval-heavy-fifo-e1085,HEAVY,FIFO,20260904,1085,1085000000,97eb00e6441aba8f2cd966ed7465282a6a997299ff14830e2b444912eed3c9ac,a591394811e3538af01cf3acc1d18d66aefe672938ef169b9c29208f871c1094,external_inputs/eval-heavy-fifo-e1085,ec84414f367b0f525a700c30d13986667e17e1d8,followup-status-priority-production-freeze-v2,fixed-sequence-v1,VALIDATED,,1,
followup_status_priority_evaluation_v1_20260904,EVALUATION,HEAVY-E1085,eval-heavy-policy-e1085,HEAVY,STATUS_PRIORITY_NON_DROPPING,20260904,1085,1085000000,97eb00e6441aba8f2cd966ed7465282a6a997299ff14830e2b444912eed3c9ac,6014f15d19526446c329ed21c7d639415a03d0681ce715569f13d609f874351b,external_inputs/eval-heavy-policy-e1085,ec84414f367b0f525a700c30d13986667e17e1d8,followup-status-priority-production-freeze-v2,fixed-sequence-v1,VALIDATED,,1,
followup_status_priority_evaluation_v1_20260904,EVALUATION,HEAVY-E1086,eval-heavy-fifo-e1086,HEAVY,FIFO,20260904,1086,1086000000,534e28a8fb5c2ee479779b28c6175b9cd8dd34541850fcf14ed15161bd9ad734,22563a9af6e971afbcd09abd1b6948536532a17d19c281f244ba2bffec0dc753,external_inputs/eval-heavy-fifo-e1086,ec84414f367b0f525a700c30d13986667e17e1d8,followup-status-priority-production-freeze-v2,fixed-sequence-v1,VALIDATED,,1,
followup_status_priority_evaluation_v1_20260904,EVALUATION,HEAVY-E1086,eval-heavy-policy-e1086,HEAVY,STATUS_PRIORITY_NON_DROPPING,20260904,1086,1086000000,534e28a8fb5c2ee479779b28c6175b9cd8dd34541850fcf14ed15161bd9ad734,93efa1811f115e82b371817213bd57a77754b69adf21706e1e01641ac3f7f6dc,external_inputs/eval-heavy-policy-e1086,ec84414f367b0f525a700c30d13986667e17e1d8,followup-status-priority-production-freeze-v2,fixed-sequence-v1,VALIDATED,,1,
followup_status_priority_evaluation_v1_20260904,EVALUATION,HEAVY-E1087,eval-heavy-fifo-e1087,HEAVY,FIFO,20260904,1087,1087000000,a62d479aeed95d8b767f0f9bffc9718820e28c82e9b4530548f50df826882147,fe9b038f977cb1bfa4b10a102320db7b45fd1a49908fde6ad802b14a8950c9e1,external_inputs/eval-heavy-fifo-e1087,ec84414f367b0f525a700c30d13986667e17e1d8,followup-status-priority-production-freeze-v2,fixed-sequence-v1,VALIDATED,,1,
followup_status_priority_evaluation_v1_20260904,EVALUATION,HEAVY-E1087,eval-heavy-policy-e1087,HEAVY,STATUS_PRIORITY_NON_DROPPING,20260904,1087,1087000000,a62d479aeed95d8b767f0f9bffc9718820e28c82e9b4530548f50df826882147,01bb87b20a1a6da2d1ca95232b8919c6b24098fb6dc5e00a830f1f78086effd8,external_inputs/eval-heavy-policy-e1087,ec84414f367b0f525a700c30d13986667e17e1d8,followup-status-priority-production-freeze-v2,fixed-sequence-v1,VALIDATED,,1,
followup_status_priority_evaluation_v1_20260904,EVALUATION,HEAVY-E1088,eval-heavy-fifo-e1088,HEAVY,FIFO,20260904,1088,1088000000,45b5725d88acb313cf1a7c8a5d9d361c31d134ea7f282bf0d78f260cebfce691,7c96cf8bc0d4745d45a62e762f067c7f6d10ff0e06c3cb5989073994123e2318,external_inputs/eval-heavy-fifo-e1088,ec84414f367b0f525a700c30d13986667e17e1d8,followup-status-priority-production-freeze-v2,fixed-sequence-v1,VALIDATED,,1,
followup_status_priority_evaluation_v1_20260904,EVALUATION,HEAVY-E1088,eval-heavy-policy-e1088,HEAVY,STATUS_PRIORITY_NON_DROPPING,20260904,1088,1088000000,45b5725d88acb313cf1a7c8a5d9d361c31d134ea7f282bf0d78f260cebfce691,14454b62ecdf144971d9d33a97c1e05c105071afb01888b18d165c7a7513ab3b,external_inputs/eval-heavy-policy-e1088,ec84414f367b0f525a700c30d13986667e17e1d8,followup-status-priority-production-freeze-v2,fixed-sequence-v1,VALIDATED,,1,
followup_status_priority_evaluation_v1_20260904,EVALUATION,HEAVY-E1089,eval-heavy-fifo-e1089,HEAVY,FIFO,20260904,1089,1089000000,0cfe5ac72b5c7d79f3329d842b5ea86b0795aec6e2f00e7cbdf059011189c947,232e9eac52f4294da7e9f12a8ee12d883e56080941c37b4560506d8ba4488fa3,external_inputs/eval-heavy-fifo-e1089,ec84414f367b0f525a700c30d13986667e17e1d8,followup-status-priority-production-freeze-v2,fixed-sequence-v1,RESERVE_TECHNICAL_ONLY,1,1,
followup_status_priority_evaluation_v1_20260904,EVALUATION,HEAVY-E1089,eval-heavy-policy-e1089,HEAVY,STATUS_PRIORITY_NON_DROPPING,20260904,1089,1089000000,0cfe5ac72b5c7d79f3329d842b5ea86b0795aec6e2f00e7cbdf059011189c947,249adb101946c895de6446e9dcb28c5f049686f9ff48475291c293b182f46507,external_inputs/eval-heavy-policy-e1089,ec84414f367b0f525a700c30d13986667e17e1d8,followup-status-priority-production-freeze-v2,fixed-sequence-v1,RESERVE_TECHNICAL_ONLY,1,1,
followup_status_priority_evaluation_v1_20260904,EVALUATION,HEAVY-E1090,eval-heavy-fifo-e1090,HEAVY,FIFO,20260904,1090,1090000000,9a790396fd2d80d39603a14cf13ca68fec9d58e983a5a5c0d78a677b00456e30,593787d93887e2c9ec8554ee389431f12dbd26aa4fe1df271aea3983bb99ec0c,external_inputs/eval-heavy-fifo-e1090,ec84414f367b0f525a700c30d13986667e17e1d8,followup-status-priority-production-freeze-v2,fixed-sequence-v1,RESERVE_TECHNICAL_ONLY,2,1,
followup_status_priority_evaluation_v1_20260904,EVALUATION,HEAVY-E1090,eval-heavy-policy-e1090,HEAVY,STATUS_PRIORITY_NON_DROPPING,20260904,1090,1090000000,9a790396fd2d80d39603a14cf13ca68fec9d58e983a5a5c0d78a677b00456e30,0a3b229a413739f69a787d888250d601de6365504b2e7386cdde65cff5b7f3f8,external_inputs/eval-heavy-policy-e1090,ec84414f367b0f525a700c30d13986667e17e1d8,followup-status-priority-production-freeze-v2,fixed-sequence-v1,RESERVE_TECHNICAL_ONLY,2,1,
followup_status_priority_evaluation_v1_20260904,EVALUATION,HEAVY-E1091,eval-heavy-fifo-e1091,HEAVY,FIFO,20260904,1091,1091000000,3f641f6204160174126a2da07a67b0d0ca2f6d0eee073507870bf8de562619fb,5e601a6c01c6f63ffa70c1a0a6478be46199366e83ec61ce85cc436cf46473a1,external_inputs/eval-heavy-fifo-e1091,ec84414f367b0f525a700c30d13986667e17e1d8,followup-status-priority-production-freeze-v2,fixed-sequence-v1,RESERVE_TECHNICAL_ONLY,3,1,
followup_status_priority_evaluation_v1_20260904,EVALUATION,HEAVY-E1091,eval-heavy-policy-e1091,HEAVY,STATUS_PRIORITY_NON_DROPPING,20260904,1091,1091000000,3f641f6204160174126a2da07a67b0d0ca2f6d0eee073507870bf8de562619fb,d2516d904f023f6a4f0722daaa84794fd3e50f480fba1f699143cb53c820c67c,external_inputs/eval-heavy-policy-e1091,ec84414f367b0f525a700c30d13986667e17e1d8,followup-status-priority-production-freeze-v2,fixed-sequence-v1,RESERVE_TECHNICAL_ONLY,3,1,
followup_status_priority_evaluation_v1_20260904,EVALUATION,HEAVY-E1092,eval-heavy-fifo-e1092,HEAVY,FIFO,20260904,1092,1092000000,d0f9687eb267353211d09a041211e6a4de30ca245977fe6a2fa25ab53cb77f73,8fb4c517cc621c2350373440eaee55c19da999f406f126e944c29648182b7f11,external_inputs/eval-heavy-fifo-e1092,ec84414f367b0f525a700c30d13986667e17e1d8,followup-status-priority-production-freeze-v2,fixed-sequence-v1,RESERVE_TECHNICAL_ONLY,4,1,
followup_status_priority_evaluation_v1_20260904,EVALUATION,HEAVY-E1092,eval-heavy-policy-e1092,HEAVY,STATUS_PRIORITY_NON_DROPPING,20260904,1092,1092000000,d0f9687eb267353211d09a041211e6a4de30ca245977fe6a2fa25ab53cb77f73,2a6a2ba75e7b1b6855b6d23d974090611560505014b2a95e8fee511b64f22166,external_inputs/eval-heavy-policy-e1092,ec84414f367b0f525a700c30d13986667e17e1d8,followup-status-priority-production-freeze-v2,fixed-sequence-v1,RESERVE_TECHNICAL_ONLY,4,1,
followup_status_priority_evaluation_v1_20260904,EVALUATION,HEAVY-E1093,eval-heavy-fifo-e1093,HEAVY,FIFO,20260904,1093,1093000000,a16ed6c784cdb2e2c000090c8e76f360a289b0edc0ebd69e6a364f10616e8e3e,0baa509a8180a03a985f9214d5994c5ec19e58d99fa0f3e7d688295de71d3c36,external_inputs/eval-heavy-fifo-e1093,ec84414f367b0f525a700c30d13986667e17e1d8,followup-status-priority-production-freeze-v2,fixed-sequence-v1,RESERVE_TECHNICAL_ONLY,5,1,
followup_status_priority_evaluation_v1_20260904,EVALUATION,HEAVY-E1093,eval-heavy-policy-e1093,HEAVY,STATUS_PRIORITY_NON_DROPPING,20260904,1093,1093000000,a16ed6c784cdb2e2c000090c8e76f360a289b0edc0ebd69e6a364f10616e8e3e,9b105b3d49dba1957956edda171651bef1fd7f2cc106b59eae545ab220345ec4,external_inputs/eval-heavy-policy-e1093,ec84414f367b0f525a700c30d13986667e17e1d8,followup-status-priority-production-freeze-v2,fixed-sequence-v1,RESERVE_TECHNICAL_ONLY,5,1,
