run_id,file,record_type,source_sha256,removed_field
eval-heavy-fifo-e1001,config/production/eval-heavy-fifo-e1001/run_crn-stream-manifest.json,run_crn-stream-manifest.json,48c282be26ea2b70fe60349bf8e357b5e78ea23f8208c4dff385161c46919e39,none
eval-heavy-fifo-e1001,config/production/eval-heavy-fifo-e1001/run_effective-config.json,run_effective-config.json,1036fb1aa798507bdb3211a40b1d9930c750e6d5ac9c67d2a9ecc165e1c116a8,"outputPrefix (storage destination, not simulation parameter)"
eval-heavy-fifo-e1002,config/production/eval-heavy-fifo-e1002/run_crn-stream-manifest.json,run_crn-stream-manifest.json,18f4b3b9e11fa5a14875b8ece9bd7d842a9b6e634ff2ff66bb784fa90415aad5,none
eval-heavy-fifo-e1002,config/production/eval-heavy-fifo-e1002/run_effective-config.json,run_effective-config.json,3b5e614c2288af4637f570b82f4ab03e459f119638238ae1eb01f1af25190785,"outputPrefix (storage destination, not simulation parameter)"
eval-heavy-fifo-e1003,config/production/eval-heavy-fifo-e1003/run_crn-stream-manifest.json,run_crn-stream-manifest.json,ff8ae243e81de56467d901450839a49cc1dcd2a6699dc9614c4db3c1dec6a34b,none
eval-heavy-fifo-e1003,config/production/eval-heavy-fifo-e1003/run_effective-config.json,run_effective-config.json,1218ba3e47cf8f35201a154df0140b4f45551c8b02fd621080d7b6d6b9b70f7a,"outputPrefix (storage destination, not simulation parameter)"
eval-heavy-fifo-e1004,config/production/eval-heavy-fifo-e1004/run_crn-stream-manifest.json,run_crn-stream-manifest.json,8981404aacc1f2fff4143b0ed2d233280228d1e2e112cd413df549cb2a01f94b,none
eval-heavy-fifo-e1004,config/production/eval-heavy-fifo-e1004/run_effective-config.json,run_effective-config.json,0e35d58d0bf4d01883d0ea5a0317a9435ecb84680d6837d0a8e919ede82ff962,"outputPrefix (storage destination, not simulation parameter)"
eval-heavy-fifo-e1005,config/production/eval-heavy-fifo-e1005/run_crn-stream-manifest.json,run_crn-stream-manifest.json,89895982e3816962d15418249ed19ea87c1f2c109f69649bed176ddf8d06c7b1,none
eval-heavy-fifo-e1005,config/production/eval-heavy-fifo-e1005/run_effective-config.json,run_effective-config.json,f94edeb136ad51ef52d64eae1b76989dc1037be4af50cecdb7b80eac1fbab605,"outputPrefix (storage destination, not simulation parameter)"
eval-heavy-fifo-e1006,config/production/eval-heavy-fifo-e1006/run_crn-stream-manifest.json,run_crn-stream-manifest.json,aca53411f92a610dbf83ec1bcec59eb525c81960409160fd564096810de394de,none
eval-heavy-fifo-e1006,config/production/eval-heavy-fifo-e1006/run_effective-config.json,run_effective-config.json,bdee044f530b1aeca96c67551d6fbfb1e667a4edbcd80c5a69d2c074c236d23f,"outputPrefix (storage destination, not simulation parameter)"
eval-heavy-fifo-e1007,config/production/eval-heavy-fifo-e1007/run_crn-stream-manifest.json,run_crn-stream-manifest.json,5e26e2fc1214f3012e88b7e4462c1f2ef19ec70212b24d742514ceba80f7d189,none
eval-heavy-fifo-e1007,config/production/eval-heavy-fifo-e1007/run_effective-config.json,run_effective-config.json,c904cfc9e712d9ef1d4083fca19ae42e429571b0cb5891f718af2cc944b72f57,"outputPrefix (storage destination, not simulation parameter)"
eval-heavy-fifo-e1008,config/production/eval-heavy-fifo-e1008/run_crn-stream-manifest.json,run_crn-stream-manifest.json,ca89250e237c40ff838591612177ba29047f5b388993b8ada6a091c079fbaaa9,none
eval-heavy-fifo-e1008,config/production/eval-heavy-fifo-e1008/run_effective-config.json,run_effective-config.json,14f8e72ffbcd04246bd237b2cbf432c93d9fbe674e40c99ec3e8e81098c1fb52,"outputPrefix (storage destination, not simulation parameter)"
eval-heavy-fifo-e1009,config/production/eval-heavy-fifo-e1009/run_crn-stream-manifest.json,run_crn-stream-manifest.json,a46cb0e1e70ea43e142940ad3d7565e861aa021c13502cdd548adde05ce3e40b,none
eval-heavy-fifo-e1009,config/production/eval-heavy-fifo-e1009/run_effective-config.json,run_effective-config.json,0c80611d28efd5658e26e757909f5d4fbc4ac115682b339d30a15e9e49305cfa,"outputPrefix (storage destination, not simulation parameter)"
eval-heavy-fifo-e1010,config/production/eval-heavy-fifo-e1010/run_crn-stream-manifest.json,run_crn-stream-manifest.json,4543a0ba65c75da260d4c247a4bb5c726150f42a302f6fb9d74e660200339d2e,none
eval-heavy-fifo-e1010,config/production/eval-heavy-fifo-e1010/run_effective-config.json,run_effective-config.json,9001afc5c0dadd0d5a49e40535006835833c8edad8253f25fc97c6ab0ddc33bd,"outputPrefix (storage destination, not simulation parameter)"
eval-heavy-fifo-e1011,config/production/eval-heavy-fifo-e1011/run_crn-stream-manifest.json,run_crn-stream-manifest.json,15d320a24a7530528c0c9b88f60fb07697eee432c80ba8d8c8d6c45bd349a43b,none
eval-heavy-fifo-e1011,config/production/eval-heavy-fifo-e1011/run_effective-config.json,run_effective-config.json,cf82976128c20d55c269c13e9561c46fd4207f26919875aa6bd4cccb854a55fd,"outputPrefix (storage destination, not simulation parameter)"
eval-heavy-fifo-e1012,config/production/eval-heavy-fifo-e1012/run_crn-stream-manifest.json,run_crn-stream-manifest.json,3e895bb82c218091cbe8f2cdbcc66415394ffaf48d16f55ec941014bb55cdbe4,none
eval-heavy-fifo-e1012,config/production/eval-heavy-fifo-e1012/run_effective-config.json,run_effective-config.json,a2a62a25959bd1e323724e0f9f1b3d05baa1cd519a52651729f18282afc9eaa4,"outputPrefix (storage destination, not simulation parameter)"
eval-heavy-fifo-e1013,config/production/eval-heavy-fifo-e1013/run_crn-stream-manifest.json,run_crn-stream-manifest.json,4f18801535e40cf1531fc4c4ff15d27a66277743a345548b81af3fa64c0a8048,none
eval-heavy-fifo-e1013,config/production/eval-heavy-fifo-e1013/run_effective-config.json,run_effective-config.json,8291733015ea32a8e0736f3efc78b0c37d15470aef9a944b152e22ac8e72615e,"outputPrefix (storage destination, not simulation parameter)"
eval-heavy-fifo-e1014,config/production/eval-heavy-fifo-e1014/run_crn-stream-manifest.json,run_crn-stream-manifest.json,7c89c28fa50a03a24478b21a5b1459720c00a03958f3e86d411887973a386b6c,none
eval-heavy-fifo-e1014,config/production/eval-heavy-fifo-e1014/run_effective-config.json,run_effective-config.json,5f0b156b70708e4451ac7ff16ab06cad12519b5a13aebb2cd44a33f67ac07179,"outputPrefix (storage destination, not simulation parameter)"
eval-heavy-fifo-e1015,config/production/eval-heavy-fifo-e1015/run_crn-stream-manifest.json,run_crn-stream-manifest.json,3d8712fc2a9c0d38b0e283d4b7694755d3e66e89e4acadbca160d37bc3fd4d7c,none
eval-heavy-fifo-e1015,config/production/eval-heavy-fifo-e1015/run_effective-config.json,run_effective-config.json,a8cf7fbdc1177c148f79b6209d123151ac34214e555081f65bb8e24521b26284,"outputPrefix (storage destination, not simulation parameter)"
eval-heavy-fifo-e1016,config/production/eval-heavy-fifo-e1016/run_crn-stream-manifest.json,run_crn-stream-manifest.json,ca4441592fa48d615d8d6ba0cf65a79b29b4eba3394d82012251653529963b86,none
eval-heavy-fifo-e1016,config/production/eval-heavy-fifo-e1016/run_effective-config.json,run_effective-config.json,4b4742deda977fda9cf6f38a5b46ddfc624484999fa6d753eb1253fd944e104e,"outputPrefix (storage destination, not simulation parameter)"
eval-heavy-fifo-e1017,config/production/eval-heavy-fifo-e1017/run_crn-stream-manifest.json,run_crn-stream-manifest.json,bb4fb606e8ad0444a045f2e480b535acab8904913f94c5cec4946014f40c661c,none
eval-heavy-fifo-e1017,config/production/eval-heavy-fifo-e1017/run_effective-config.json,run_effective-config.json,ed9d1938e98afe2f6782f8d77c58eb2e7cb744ad21e9df83d836ef8b3ff88e01,"outputPrefix (storage destination, not simulation parameter)"
eval-heavy-fifo-e1018,config/production/eval-heavy-fifo-e1018/run_crn-stream-manifest.json,run_crn-stream-manifest.json,1c4461cff48377f2f40121e71216a56146e08432eabff91860949add398edcd5,none
eval-heavy-fifo-e1018,config/production/eval-heavy-fifo-e1018/run_effective-config.json,run_effective-config.json,d1dfc0eca45ff8901a9527746bb82a520c0f8618192613c057856880a15469a9,"outputPrefix (storage destination, not simulation parameter)"
eval-heavy-fifo-e1019,config/production/eval-heavy-fifo-e1019/run_crn-stream-manifest.json,run_crn-stream-manifest.json,b412bec4921d8719c44cf8fd85f1a44b37d29facec7d708d7b367a02ba959977,none
eval-heavy-fifo-e1019,config/production/eval-heavy-fifo-e1019/run_effective-config.json,run_effective-config.json,de3fba430c36440346c90930fae30fc8a34fbf778ad11c0b5a54a51ff737ccd4,"outputPrefix (storage destination, not simulation parameter)"
eval-heavy-fifo-e1020,config/production/eval-heavy-fifo-e1020/run_crn-stream-manifest.json,run_crn-stream-manifest.json,c970659d13825b556f9ba136ca61e4950d9e9be532acc7e5b765d6abb32783dc,none
eval-heavy-fifo-e1020,config/production/eval-heavy-fifo-e1020/run_effective-config.json,run_effective-config.json,56852e54444fc063bb0ecf340bbabf59b5f084669762a327e40304d816327125,"outputPrefix (storage destination, not simulation parameter)"
eval-heavy-fifo-e1021,config/production/eval-heavy-fifo-e1021/run_crn-stream-manifest.json,run_crn-stream-manifest.json,5122fc6ef5a09089d71c1a1d796c3cc9cf3a6070158868a168b8ee4812d13a83,none
eval-heavy-fifo-e1021,config/production/eval-heavy-fifo-e1021/run_effective-config.json,run_effective-config.json,4cd04cfd139d48b068221095b8ae23ae08d9f23e064d1f7a773372db113784f2,"outputPrefix (storage destination, not simulation parameter)"
eval-heavy-fifo-e1022,config/production/eval-heavy-fifo-e1022/run_crn-stream-manifest.json,run_crn-stream-manifest.json,47f784b8a2d39c942c2efe0dab0e056468f68475aff7100dece2ae844375bffe,none
eval-heavy-fifo-e1022,config/production/eval-heavy-fifo-e1022/run_effective-config.json,run_effective-config.json,6b05dbd761fb8a0c1e95e3a7c70a8402b0bf781256f2f36d6fc9c62fa0365839,"outputPrefix (storage destination, not simulation parameter)"
eval-heavy-fifo-e1023,config/production/eval-heavy-fifo-e1023/run_crn-stream-manifest.json,run_crn-stream-manifest.json,27700b5082fc7972b4d87a040615e2e0b2019901a3f78ffa0176805e5d7e5edb,none
eval-heavy-fifo-e1023,config/production/eval-heavy-fifo-e1023/run_effective-config.json,run_effective-config.json,5b004d60993b6e9b192a812f2d93e1facc1bb64e81ab3b2db107729f669ea949,"outputPrefix (storage destination, not simulation parameter)"
eval-heavy-fifo-e1024,config/production/eval-heavy-fifo-e1024/run_crn-stream-manifest.json,run_crn-stream-manifest.json,171834f018e91436794814e93a1f62a547d0d8689fed5de7be9796c73a86d95e,none
eval-heavy-fifo-e1024,config/production/eval-heavy-fifo-e1024/run_effective-config.json,run_effective-config.json,bb63b6880b6c28d51492f154ecd20e47e40d13c690454b285f9227bb2698b269,"outputPrefix (storage destination, not simulation parameter)"
eval-heavy-fifo-e1025,config/production/eval-heavy-fifo-e1025/run_crn-stream-manifest.json,run_crn-stream-manifest.json,4e3a8305156bbfc4d77a2b28f216a05cd6bdf801a1456c37b18bb33ac1372421,none
eval-heavy-fifo-e1025,config/production/eval-heavy-fifo-e1025/run_effective-config.json,run_effective-config.json,0f07a616384ef9526a35a17ed40e76f6d90af601c6a822162021e74027a8dbc0,"outputPrefix (storage destination, not simulation parameter)"
eval-heavy-fifo-e1026,config/production/eval-heavy-fifo-e1026/run_crn-stream-manifest.json,run_crn-stream-manifest.json,ebad4fb1d33e10b20a1f29e35b4431a38c93ecd6322312968f6a7c2069a9237c,none
eval-heavy-fifo-e1026,config/production/eval-heavy-fifo-e1026/run_effective-config.json,run_effective-config.json,60ed9a2896c54e094e465a5b0e9f4146ca48d7ed20751ea04b534169581c568d,"outputPrefix (storage destination, not simulation parameter)"
eval-heavy-fifo-e1027,config/production/eval-heavy-fifo-e1027/run_crn-stream-manifest.json,run_crn-stream-manifest.json,7e59748cf7932b18093fbdb7b98577212c7a920f33084ac5e79c362dda32d8a4,none
eval-heavy-fifo-e1027,config/production/eval-heavy-fifo-e1027/run_effective-config.json,run_effective-config.json,afa800d1a35c163fbe6d3edbcbbc1b46e10be03e43e9b611b6c0dddf89f437d6,"outputPrefix (storage destination, not simulation parameter)"
eval-heavy-fifo-e1028,config/production/eval-heavy-fifo-e1028/run_crn-stream-manifest.json,run_crn-stream-manifest.json,6d86c8720bc2f557e8c9adbcc61e30808576a9a26c7a25a0029f4e87bcb03ecb,none
eval-heavy-fifo-e1028,config/production/eval-heavy-fifo-e1028/run_effective-config.json,run_effective-config.json,615211585173a9a21521684d241245aa5ebe3676758188342ea448a4e28d8059,"outputPrefix (storage destination, not simulation parameter)"
eval-heavy-fifo-e1029,config/production/eval-heavy-fifo-e1029/run_crn-stream-manifest.json,run_crn-stream-manifest.json,8f0218a18432b6dd46cbdf3be133bbc5dced48952610fa52dccbcb36cad4b67f,none
eval-heavy-fifo-e1029,config/production/eval-heavy-fifo-e1029/run_effective-config.json,run_effective-config.json,92c02536e24bbff25ebd0c587c86e2340272dc2d6bf4a30438823c92d79880f8,"outputPrefix (storage destination, not simulation parameter)"
eval-heavy-fifo-e1030,config/production/eval-heavy-fifo-e1030/run_crn-stream-manifest.json,run_crn-stream-manifest.json,56bd1953e3c943d9bebf3b8ea152191bf8efeb4041f17cc69974a2d47c5ae03f,none
eval-heavy-fifo-e1030,config/production/eval-heavy-fifo-e1030/run_effective-config.json,run_effective-config.json,09b72749064eeb2f354126c8821b87dfc61f7c4a2a6b6408736efedece2de0ee,"outputPrefix (storage destination, not simulation parameter)"
eval-heavy-fifo-e1031,config/production/eval-heavy-fifo-e1031/run_crn-stream-manifest.json,run_crn-stream-manifest.json,d047f380f70a826297db8112f9938bb15d0d9af9a98b597e3fa9a9fea224af8c,none
eval-heavy-fifo-e1031,config/production/eval-heavy-fifo-e1031/run_effective-config.json,run_effective-config.json,17a54db3e455f5a6cb4020ad7fd977b2d5bb79914249bbfdc1cda27f89e23032,"outputPrefix (storage destination, not simulation parameter)"
eval-heavy-fifo-e1032,config/production/eval-heavy-fifo-e1032/run_crn-stream-manifest.json,run_crn-stream-manifest.json,c96b7db753dcf2819f37b61361251715153aec36c7f0bc4ba33e48114d79853b,none
eval-heavy-fifo-e1032,config/production/eval-heavy-fifo-e1032/run_effective-config.json,run_effective-config.json,c0b278c03f43982eec13e972afd27709222ef60a0c422feeeb6d2761b74f500d,"outputPrefix (storage destination, not simulation parameter)"
eval-heavy-fifo-e1033,config/production/eval-heavy-fifo-e1033/run_crn-stream-manifest.json,run_crn-stream-manifest.json,d19caaf7a9c7b4575490a3145eb226729d208df7c838a3a5fcf544eac61b440e,none
eval-heavy-fifo-e1033,config/production/eval-heavy-fifo-e1033/run_effective-config.json,run_effective-config.json,1974aa630d4d67e256687a011e8c795c4e7ab177eb6f2880f13e9d12c35711e5,"outputPrefix (storage destination, not simulation parameter)"
eval-heavy-fifo-e1034,config/production/eval-heavy-fifo-e1034/run_crn-stream-manifest.json,run_crn-stream-manifest.json,2eb345b4d8d882646cb82cd037dea4bac05cc770a34e0cfd1ba50d269c391cf3,none
eval-heavy-fifo-e1034,config/production/eval-heavy-fifo-e1034/run_effective-config.json,run_effective-config.json,681c5c71d24006121ab093e34fbc215db0ae43a78425cc270ee725734967c398,"outputPrefix (storage destination, not simulation parameter)"
eval-heavy-fifo-e1035,config/production/eval-heavy-fifo-e1035/run_crn-stream-manifest.json,run_crn-stream-manifest.json,aaf4c5e5f06e1e34b8c8d7a9028d3dd6107ad0129451ee4077e2021431b62836,none
eval-heavy-fifo-e1035,config/production/eval-heavy-fifo-e1035/run_effective-config.json,run_effective-config.json,d13626c1574a9565aaefff481b0f2d198b7570cca37f5fbd355353570e877d32,"outputPrefix (storage destination, not simulation parameter)"
eval-heavy-fifo-e1036,config/production/eval-heavy-fifo-e1036/run_crn-stream-manifest.json,run_crn-stream-manifest.json,7958b104048c19ed44b274e89d1cb0ed9dd6b05de586eef02209b3efd35ce325,none
eval-heavy-fifo-e1036,config/production/eval-heavy-fifo-e1036/run_effective-config.json,run_effective-config.json,295bff6c4caa1a0a186a5696b2e62737ca685e7376abd61c7221f2d143854783,"outputPrefix (storage destination, not simulation parameter)"
eval-heavy-fifo-e1037,config/production/eval-heavy-fifo-e1037/run_crn-stream-manifest.json,run_crn-stream-manifest.json,5e6121b838bb0351aff945ebf582bef0d974b14541900352fa03f3132e79c51e,none
eval-heavy-fifo-e1037,config/production/eval-heavy-fifo-e1037/run_effective-config.json,run_effective-config.json,73bda21a64b6238a232d60bbb49e40ad2cf8ceafc46dd77ca7b1c8d8a9516f35,"outputPrefix (storage destination, not simulation parameter)"
eval-heavy-fifo-e1038,config/production/eval-heavy-fifo-e1038/run_crn-stream-manifest.json,run_crn-stream-manifest.json,a3ee1d9afabab70856248e825ad81db85d86420426a35e45f958d94a70833f84,none
eval-heavy-fifo-e1038,config/production/eval-heavy-fifo-e1038/run_effective-config.json,run_effective-config.json,2344ca8480cce9447183872b14acc5ae0933e5c3bc251e91bd7f0caa5c4f18da,"outputPrefix (storage destination, not simulation parameter)"
eval-heavy-fifo-e1039,config/production/eval-heavy-fifo-e1039/run_crn-stream-manifest.json,run_crn-stream-manifest.json,2ab9fb2034aef72816adaea11612ba72c9f76b6cd5b7c7a459668e22809c1b52,none
eval-heavy-fifo-e1039,config/production/eval-heavy-fifo-e1039/run_effective-config.json,run_effective-config.json,ea6012add72985c7ed0b044899f5c065cc6b0ee4389ff15356ed69dc7a45c3ed,"outputPrefix (storage destination, not simulation parameter)"
eval-heavy-fifo-e1040,config/production/eval-heavy-fifo-e1040/run_crn-stream-manifest.json,run_crn-stream-manifest.json,c1ccb6e67318669eb3140ce8b9fdcf937993620b701d2b2b1ea4b68aac638c79,none
eval-heavy-fifo-e1040,config/production/eval-heavy-fifo-e1040/run_effective-config.json,run_effective-config.json,158c328a758fcc47005eebc97b8e033e949274b250741747dcd51e22b61c150d,"outputPrefix (storage destination, not simulation parameter)"
eval-heavy-fifo-e1041,config/production/eval-heavy-fifo-e1041/run_crn-stream-manifest.json,run_crn-stream-manifest.json,f89ff085947b5dc9efa6eb3727c672d8819dec151ce7d3ba50bb069e7350bf47,none
eval-heavy-fifo-e1041,config/production/eval-heavy-fifo-e1041/run_effective-config.json,run_effective-config.json,68c2888566c79e2786e1cfd75afa962f2e3f100a4ed753cb877f7025e928e6b6,"outputPrefix (storage destination, not simulation parameter)"
eval-heavy-fifo-e1042,config/production/eval-heavy-fifo-e1042/run_crn-stream-manifest.json,run_crn-stream-manifest.json,684ca325e1db1fd6af919a326ed8984acdd1ac888aadebf77d0e730b3d77becc,none
eval-heavy-fifo-e1042,config/production/eval-heavy-fifo-e1042/run_effective-config.json,run_effective-config.json,6cc8cfa0ac60e6f2ddab9c3990cbcfc8adba4b5ba900e35774682765552f15ed,"outputPrefix (storage destination, not simulation parameter)"
eval-heavy-fifo-e1043,config/production/eval-heavy-fifo-e1043/run_crn-stream-manifest.json,run_crn-stream-manifest.json,b0a0b1739b16963fd5dbe4250252b958a0554e0e0bdd324f1128218d2599e0a9,none
eval-heavy-fifo-e1043,config/production/eval-heavy-fifo-e1043/run_effective-config.json,run_effective-config.json,9059b1e11b2a7d0cb75b9f9124b979492ba572a0abe362c7d8d0be6564d247c8,"outputPrefix (storage destination, not simulation parameter)"
eval-heavy-fifo-e1044,config/production/eval-heavy-fifo-e1044/run_crn-stream-manifest.json,run_crn-stream-manifest.json,08bb5af06ea13ca9fc31b7842df76dfc3798a5946a83c303b0bafd72a3cdce5e,none
eval-heavy-fifo-e1044,config/production/eval-heavy-fifo-e1044/run_effective-config.json,run_effective-config.json,b5ff8dc02131f3db0f4497d109b1cc3aa30db5f0d4fe94b2fd0515be3ccb9796,"outputPrefix (storage destination, not simulation parameter)"
eval-heavy-fifo-e1045,config/production/eval-heavy-fifo-e1045/run_crn-stream-manifest.json,run_crn-stream-manifest.json,7889056557dc2074ebcaa7f9b35083e3c927b775d19cae5af046e09ce4bb6294,none
eval-heavy-fifo-e1045,config/production/eval-heavy-fifo-e1045/run_effective-config.json,run_effective-config.json,0e09e647f27d568f9d97a5ab65d759e29936f4b104df7d76a082ed1b603d03a2,"outputPrefix (storage destination, not simulation parameter)"
eval-heavy-fifo-e1046,config/production/eval-heavy-fifo-e1046/run_crn-stream-manifest.json,run_crn-stream-manifest.json,c960929b7f7309162b4db1136946cf3bc48efa4bd7229fe906b69c57ae4ee1ca,none
eval-heavy-fifo-e1046,config/production/eval-heavy-fifo-e1046/run_effective-config.json,run_effective-config.json,8007792ca9cde8326263a08b1c9a4e224a1fb3a8b4bcefa8acd300eae9e3ff66,"outputPrefix (storage destination, not simulation parameter)"
eval-heavy-fifo-e1047,config/production/eval-heavy-fifo-e1047/run_crn-stream-manifest.json,run_crn-stream-manifest.json,721e38ef5282b5783c8ac2c344072b2745fe3b5f897c2f528084c27b5e3bf8bd,none
eval-heavy-fifo-e1047,config/production/eval-heavy-fifo-e1047/run_effective-config.json,run_effective-config.json,e1823061abb9e4d4422ffa2ed469f023480d2310cc2fedbd02a06cce20107134,"outputPrefix (storage destination, not simulation parameter)"
eval-heavy-fifo-e1048,config/production/eval-heavy-fifo-e1048/run_crn-stream-manifest.json,run_crn-stream-manifest.json,d988035266b7b25f546f3e1a75d0600d1deeb1c7b01ed99ebe216851ac314a16,none
eval-heavy-fifo-e1048,config/production/eval-heavy-fifo-e1048/run_effective-config.json,run_effective-config.json,9804e5b2dd00ad6d1be437992c902a63e797ecdf202ab6b54c8b1f5641452e26,"outputPrefix (storage destination, not simulation parameter)"
eval-heavy-fifo-e1049,config/production/eval-heavy-fifo-e1049/run_crn-stream-manifest.json,run_crn-stream-manifest.json,b6972a194f821d9c8c2703a7cb4becd30ee5046bde95eeaf28eaa77167479e26,none
eval-heavy-fifo-e1049,config/production/eval-heavy-fifo-e1049/run_effective-config.json,run_effective-config.json,b4c7ebfa798372e5c420cd9cb4fac0e70d5e1c7ac763bdbe02fc0fc07b25a74d,"outputPrefix (storage destination, not simulation parameter)"
eval-heavy-fifo-e1050,config/production/eval-heavy-fifo-e1050/run_crn-stream-manifest.json,run_crn-stream-manifest.json,43f46debb28e9ece4288d130e64c2a1c682de13710cf370cd63d19623519bee9,none
eval-heavy-fifo-e1050,config/production/eval-heavy-fifo-e1050/run_effective-config.json,run_effective-config.json,73c5c727febc59667b0aa1c9586637db0058f0375d9b1495e7f2ec8904c112de,"outputPrefix (storage destination, not simulation parameter)"
eval-heavy-fifo-e1051,config/production/eval-heavy-fifo-e1051/run_crn-stream-manifest.json,run_crn-stream-manifest.json,6be1c0574cb7af7d0428efc1f76c064a92c578f5b9f8c3934eea182a294ed07f,none
eval-heavy-fifo-e1051,config/production/eval-heavy-fifo-e1051/run_effective-config.json,run_effective-config.json,dd155a6cae8b4bd0cbd0ae90ea360fc071178109b3c81cbef28dbd192f607458,"outputPrefix (storage destination, not simulation parameter)"
eval-heavy-fifo-e1052,config/production/eval-heavy-fifo-e1052/run_crn-stream-manifest.json,run_crn-stream-manifest.json,4b259df8d1eede2b50322aa834f731f17f8706f5f1f5d16cb71aa28e25de6491,none
eval-heavy-fifo-e1052,config/production/eval-heavy-fifo-e1052/run_effective-config.json,run_effective-config.json,99a544846b2f33d437fa46e7d45d9603930fba06e43c07b97309343203a25d4a,"outputPrefix (storage destination, not simulation parameter)"
eval-heavy-fifo-e1053,config/production/eval-heavy-fifo-e1053/run_crn-stream-manifest.json,run_crn-stream-manifest.json,14002df94d07355c4323b4e602760af9c5904feb53b16b7aa6f68d374e1110ff,none
eval-heavy-fifo-e1053,config/production/eval-heavy-fifo-e1053/run_effective-config.json,run_effective-config.json,cb899ec65d61ff89ff724ac56294a41c60e1cd4a3e9b1b9b4151f2a8eb117933,"outputPrefix (storage destination, not simulation parameter)"
eval-heavy-fifo-e1054,config/production/eval-heavy-fifo-e1054/run_crn-stream-manifest.json,run_crn-stream-manifest.json,2dd2e57fcbba189856fac3cb0f43203d4176546ef46ef1cbf6af304117eebdf8,none
eval-heavy-fifo-e1054,config/production/eval-heavy-fifo-e1054/run_effective-config.json,run_effective-config.json,8d7ecd5df419274f2127d8c0203bf5a8d84f7d4dc6d2be28a0629eceee19ac1e,"outputPrefix (storage destination, not simulation parameter)"
eval-heavy-fifo-e1055,config/production/eval-heavy-fifo-e1055/run_crn-stream-manifest.json,run_crn-stream-manifest.json,beef42aaa857d190b45036324e05772020969080251af5f49e3ad4e98dfa641f,none
eval-heavy-fifo-e1055,config/production/eval-heavy-fifo-e1055/run_effective-config.json,run_effective-config.json,dc3bf7fe32c98cac5f0f0d9f6d3158805565d7536e9a68831680476c9cea3dd9,"outputPrefix (storage destination, not simulation parameter)"
eval-heavy-fifo-e1056,config/production/eval-heavy-fifo-e1056/run_crn-stream-manifest.json,run_crn-stream-manifest.json,1b0ddc76b9f06f31153993bfa1e045113f822a9467250cd185890223397b1933,none
eval-heavy-fifo-e1056,config/production/eval-heavy-fifo-e1056/run_effective-config.json,run_effective-config.json,3c1f6d7161021cd62d0e3ac18602d8099e7483db1647224cad213ff2e4a2a737,"outputPrefix (storage destination, not simulation parameter)"
eval-heavy-fifo-e1057,config/production/eval-heavy-fifo-e1057/run_crn-stream-manifest.json,run_crn-stream-manifest.json,b8ade117c52789645f4d98ead579d861d8532e18883f8c3db63005b65dc93ffd,none
eval-heavy-fifo-e1057,config/production/eval-heavy-fifo-e1057/run_effective-config.json,run_effective-config.json,5089d540c73885de3cc1eef6af8aa013708ba76da3161f40810d953fc0dd3f95,"outputPrefix (storage destination, not simulation parameter)"
eval-heavy-fifo-e1058,config/production/eval-heavy-fifo-e1058/run_crn-stream-manifest.json,run_crn-stream-manifest.json,9be28de538a8c5d0b9a791df2a5ca171681f46f211e3d82e237a494753b4592d,none
eval-heavy-fifo-e1058,config/production/eval-heavy-fifo-e1058/run_effective-config.json,run_effective-config.json,8bf3d0b5978e123baca4eb72f876a88f74484b03dde9df77b3e6d74f8341649c,"outputPrefix (storage destination, not simulation parameter)"
eval-heavy-fifo-e1059,config/production/eval-heavy-fifo-e1059/run_crn-stream-manifest.json,run_crn-stream-manifest.json,ebdfc37e7bfc1d9cd437fe187f2253dad7421b3cb72fc5088954af7a254beba3,none
eval-heavy-fifo-e1059,config/production/eval-heavy-fifo-e1059/run_effective-config.json,run_effective-config.json,bbb8180cf8cf1d47079457f8bcdd84e1341b1673940cb7638ef972f74650fbcb,"outputPrefix (storage destination, not simulation parameter)"
eval-heavy-fifo-e1060,config/production/eval-heavy-fifo-e1060/run_crn-stream-manifest.json,run_crn-stream-manifest.json,ded9db1a06bacf0fe02190508957bc5ed6e03c2dbd63ead45cff1765cc78e8f0,none
eval-heavy-fifo-e1060,config/production/eval-heavy-fifo-e1060/run_effective-config.json,run_effective-config.json,6194411f7924a679311a4fa219c158713ef9dda5b68dbf49c54392f9b724e587,"outputPrefix (storage destination, not simulation parameter)"
eval-heavy-fifo-e1061,config/production/eval-heavy-fifo-e1061/run_crn-stream-manifest.json,run_crn-stream-manifest.json,e60c0ebb8fdde91f2c3f80540124626fc1ea3cd7a33885ea67ee99b1a43a2754,none
eval-heavy-fifo-e1061,config/production/eval-heavy-fifo-e1061/run_effective-config.json,run_effective-config.json,5ccab6ded9efade60fa67688a3291d9baedac69d1d1184bedafcce307a359ae6,"outputPrefix (storage destination, not simulation parameter)"
eval-heavy-fifo-e1062,config/production/eval-heavy-fifo-e1062/run_crn-stream-manifest.json,run_crn-stream-manifest.json,c8d21c6307817560a3f63ead894ef43508282680c4362542760f210294c888dd,none
eval-heavy-fifo-e1062,config/production/eval-heavy-fifo-e1062/run_effective-config.json,run_effective-config.json,6d24eb237045f91543537b218be47efe2d7e9813eb23d902c726551163c097bb,"outputPrefix (storage destination, not simulation parameter)"
eval-heavy-fifo-e1063,config/production/eval-heavy-fifo-e1063/run_crn-stream-manifest.json,run_crn-stream-manifest.json,e34bb8d75fe12ad0e01fcbdd529f00f2837238f6d04ef47d0796abab706d35b9,none
eval-heavy-fifo-e1063,config/production/eval-heavy-fifo-e1063/run_effective-config.json,run_effective-config.json,5cc36284cdd4c7ba34cb8bcaf38354ac569227847ac63168c9425a2d025d258c,"outputPrefix (storage destination, not simulation parameter)"
eval-heavy-fifo-e1064,config/production/eval-heavy-fifo-e1064/run_crn-stream-manifest.json,run_crn-stream-manifest.json,137c9962a46e584f5e4ba77ecb98f2413d6bf510c01a2a12c07cd97b63a69174,none
eval-heavy-fifo-e1064,config/production/eval-heavy-fifo-e1064/run_effective-config.json,run_effective-config.json,9ccafc4442c4a22e0d237ff2ea07488214edb910e8efed95ca98087ab6f8fb9b,"outputPrefix (storage destination, not simulation parameter)"
eval-heavy-fifo-e1065,config/production/eval-heavy-fifo-e1065/run_crn-stream-manifest.json,run_crn-stream-manifest.json,4a651099a3f64b9afe7c6ddea135817f7116ecb24db8fbbfb85a20ef3bc6f907,none
eval-heavy-fifo-e1065,config/production/eval-heavy-fifo-e1065/run_effective-config.json,run_effective-config.json,2e720cad9a3661816065efe5056b7bb72a45fa045c4b9d2207d122a84bf4af1d,"outputPrefix (storage destination, not simulation parameter)"
eval-heavy-fifo-e1066,config/production/eval-heavy-fifo-e1066/run_crn-stream-manifest.json,run_crn-stream-manifest.json,c11dae7a3de01165b620efee2638f9c8f8b90639237780696f67ac2da73021b8,none
eval-heavy-fifo-e1066,config/production/eval-heavy-fifo-e1066/run_effective-config.json,run_effective-config.json,b5ea78bd872073e125fed5e8f97c26cca18e8f767215e3979501b34b60e44992,"outputPrefix (storage destination, not simulation parameter)"
eval-heavy-fifo-e1067,config/production/eval-heavy-fifo-e1067/run_crn-stream-manifest.json,run_crn-stream-manifest.json,93bb3ce7a1da0374b089df98f6c173a6e7be01ce6c9bc556bceaaa2c6cfc81e4,none
eval-heavy-fifo-e1067,config/production/eval-heavy-fifo-e1067/run_effective-config.json,run_effective-config.json,f3436cb44dc43ddce51dac36b971b035ffbf3b3419901871d8537dfbf6460ac0,"outputPrefix (storage destination, not simulation parameter)"
eval-heavy-fifo-e1068,config/production/eval-heavy-fifo-e1068/run_crn-stream-manifest.json,run_crn-stream-manifest.json,5c117f34b385a28c0f942334e8a6a4a1e1d566604662e57c188ee3ef14f0512b,none
eval-heavy-fifo-e1068,config/production/eval-heavy-fifo-e1068/run_effective-config.json,run_effective-config.json,4343cb7c8f1ab0548adc9893164bbeed7cc6dddc9c9502ec2145e7156af36f32,"outputPrefix (storage destination, not simulation parameter)"
eval-heavy-fifo-e1069,config/production/eval-heavy-fifo-e1069/run_crn-stream-manifest.json,run_crn-stream-manifest.json,d9a9bb3ca92c9b7c4e0b2774861506bb48b0028f80dc6449e93115082c70ee8e,none
eval-heavy-fifo-e1069,config/production/eval-heavy-fifo-e1069/run_effective-config.json,run_effective-config.json,096ed75a5131d10a5765ce21ba9350886560764208938fcb1dd7e1163e8d3d13,"outputPrefix (storage destination, not simulation parameter)"
eval-heavy-fifo-e1070,config/production/eval-heavy-fifo-e1070/run_crn-stream-manifest.json,run_crn-stream-manifest.json,10c9677419ed88a9d1cc8700f80dbae179cf1254b98d9de5ec84f49d5d6ec753,none
eval-heavy-fifo-e1070,config/production/eval-heavy-fifo-e1070/run_effective-config.json,run_effective-config.json,08d731ab0088ce458cf39463e151ecc6f854bbc6965bbbe3ea9e94a3dfc82f6a,"outputPrefix (storage destination, not simulation parameter)"
eval-heavy-fifo-e1071,config/production/eval-heavy-fifo-e1071/run_crn-stream-manifest.json,run_crn-stream-manifest.json,128782b6f1e4a1346c0caabbad2508e7c6fdb03dd74897521803d5f42363cc70,none
eval-heavy-fifo-e1071,config/production/eval-heavy-fifo-e1071/run_effective-config.json,run_effective-config.json,b1b7752ccaf892fe9036439a136c255adc3d45325ef29f1b1e6255d787cd6b64,"outputPrefix (storage destination, not simulation parameter)"
eval-heavy-fifo-e1072,config/production/eval-heavy-fifo-e1072/run_crn-stream-manifest.json,run_crn-stream-manifest.json,6bdd0116906ce400b4ae71322b8ad232eae5c196d61128cb414c82271279f0e0,none
eval-heavy-fifo-e1072,config/production/eval-heavy-fifo-e1072/run_effective-config.json,run_effective-config.json,50159c512cb09529706770469fcf49a15b5cb012777facd11e2934b91ebc6966,"outputPrefix (storage destination, not simulation parameter)"
eval-heavy-fifo-e1073,config/production/eval-heavy-fifo-e1073/run_crn-stream-manifest.json,run_crn-stream-manifest.json,727ed29c915fe6bbe08b65e7850962414ab6f558acc1c8efeed4077f18df574b,none
eval-heavy-fifo-e1073,config/production/eval-heavy-fifo-e1073/run_effective-config.json,run_effective-config.json,9ad0ee5f07b21d4add591f397d980d2e2de8118ed794052b1d12f208e160a065,"outputPrefix (storage destination, not simulation parameter)"
eval-heavy-fifo-e1074,config/production/eval-heavy-fifo-e1074/run_crn-stream-manifest.json,run_crn-stream-manifest.json,4e3955bd45a3d146033d50df346b8aa14846179377cb57cc18c796d6513898b6,none
eval-heavy-fifo-e1074,config/production/eval-heavy-fifo-e1074/run_effective-config.json,run_effective-config.json,35c76530f0b5e81e188e4d12d197cd528969ab3c152d2e0c408ec1360c5462d6,"outputPrefix (storage destination, not simulation parameter)"
eval-heavy-fifo-e1075,config/production/eval-heavy-fifo-e1075/run_crn-stream-manifest.json,run_crn-stream-manifest.json,e42af2cc6d10dbb3e0ede6aca6a1399fa148b15fc054a8c9c54bdb49203b2860,none
eval-heavy-fifo-e1075,config/production/eval-heavy-fifo-e1075/run_effective-config.json,run_effective-config.json,c7567e9b36656b77ea160740185dc22bfa83dce5a288165d522b09d22b5dfebb,"outputPrefix (storage destination, not simulation parameter)"
eval-heavy-fifo-e1076,config/production/eval-heavy-fifo-e1076/run_crn-stream-manifest.json,run_crn-stream-manifest.json,99081c9f7be88a81066dcc0d9c0b3bc2bd9b27388797e5af4201dcfb548b4085,none
eval-heavy-fifo-e1076,config/production/eval-heavy-fifo-e1076/run_effective-config.json,run_effective-config.json,e70f62ce7d69b3328c234ae53c64f9597d7b0f789fbcb89a099f1e415309157c,"outputPrefix (storage destination, not simulation parameter)"
eval-heavy-fifo-e1077,config/production/eval-heavy-fifo-e1077/run_crn-stream-manifest.json,run_crn-stream-manifest.json,208f2fda231fb5422c1485f5c01f0c02fa0a3b17eac0e1c359e987e93312e1ce,none
eval-heavy-fifo-e1077,config/production/eval-heavy-fifo-e1077/run_effective-config.json,run_effective-config.json,3d0b77a435bfed0a20e6058b01ff5dc97c4f16c08ae1c2259fc5d9f4c222a76d,"outputPrefix (storage destination, not simulation parameter)"
eval-heavy-fifo-e1078,config/production/eval-heavy-fifo-e1078/run_crn-stream-manifest.json,run_crn-stream-manifest.json,a124bc6b29ca488c94c755edba3c465410bcd41b2deec8fce8b849e9b7aed8ff,none
eval-heavy-fifo-e1078,config/production/eval-heavy-fifo-e1078/run_effective-config.json,run_effective-config.json,19767599f78a74f78f533564f917820a4843adffeb147402c1b3312f0ab1a5f9,"outputPrefix (storage destination, not simulation parameter)"
eval-heavy-fifo-e1079,config/production/eval-heavy-fifo-e1079/run_crn-stream-manifest.json,run_crn-stream-manifest.json,d05aa15be1236f098f6c8b4bc7a1358ae15776c0017faa40a0b6ef95d7068f3e,none
eval-heavy-fifo-e1079,config/production/eval-heavy-fifo-e1079/run_effective-config.json,run_effective-config.json,0509e571cd2e1c039b1d439195920cd2f436c807b18524b4c092229c1ae88b35,"outputPrefix (storage destination, not simulation parameter)"
eval-heavy-fifo-e1080,config/production/eval-heavy-fifo-e1080/run_crn-stream-manifest.json,run_crn-stream-manifest.json,4cb4a432673cf424eaa0fc3efa08892bb8856f5128daa8090fdd27d09271ebed,none
eval-heavy-fifo-e1080,config/production/eval-heavy-fifo-e1080/run_effective-config.json,run_effective-config.json,42b72602f1dbbd21980bae7f700ee676e67b6bd53d1a66f66e59e33dcd5e494e,"outputPrefix (storage destination, not simulation parameter)"
eval-heavy-fifo-e1081,config/production/eval-heavy-fifo-e1081/run_crn-stream-manifest.json,run_crn-stream-manifest.json,6a1fe93d3a24957190cbb2a3461fc0cc228803143603e6edfaedff6d79504a4b,none
eval-heavy-fifo-e1081,config/production/eval-heavy-fifo-e1081/run_effective-config.json,run_effective-config.json,c90bb0646b5aa181cbdb594b0b5f2dc1700d14fe03bdd97992201e2606a88c23,"outputPrefix (storage destination, not simulation parameter)"
eval-heavy-fifo-e1082,config/production/eval-heavy-fifo-e1082/run_crn-stream-manifest.json,run_crn-stream-manifest.json,403e69090d1cbaaba5c0983263d72c7a7c87f25eda1b66f8e5a5198a3a7975a9,none
eval-heavy-fifo-e1082,config/production/eval-heavy-fifo-e1082/run_effective-config.json,run_effective-config.json,07b9ecde083d8a9b6dd558e1fea9c00a3a77d6d72c653b759273f8cd60a574df,"outputPrefix (storage destination, not simulation parameter)"
eval-heavy-fifo-e1083,config/production/eval-heavy-fifo-e1083/run_crn-stream-manifest.json,run_crn-stream-manifest.json,7ea1ddb0e104570ef6122dd2535b8887ff0a7f1199555866ac483630fbbec98a,none
eval-heavy-fifo-e1083,config/production/eval-heavy-fifo-e1083/run_effective-config.json,run_effective-config.json,696f9abc4bfa50f0adb9098f6dcf155ccd609fdfb4756849619ff2384d1d08d4,"outputPrefix (storage destination, not simulation parameter)"
eval-heavy-fifo-e1084,config/production/eval-heavy-fifo-e1084/run_crn-stream-manifest.json,run_crn-stream-manifest.json,e7c1b65ce78dbf43f0c83e4a5e984ba695bd3b8ca26a75f8b33edce6e1ebdf0f,none
eval-heavy-fifo-e1084,config/production/eval-heavy-fifo-e1084/run_effective-config.json,run_effective-config.json,953d039ca9d6565eaec185f734e953142e3dadc1f231d487756a4fe059b5bbc1,"outputPrefix (storage destination, not simulation parameter)"
eval-heavy-fifo-e1085,config/production/eval-heavy-fifo-e1085/run_crn-stream-manifest.json,run_crn-stream-manifest.json,d8220e1ed4177328b2ab7e359278ce9a6f3b7dc880b139bdeff230f66960c6e1,none
eval-heavy-fifo-e1085,config/production/eval-heavy-fifo-e1085/run_effective-config.json,run_effective-config.json,3659f09f3390a3c385bdf64049ec97a672d304fbfa62159e747ff032e727851e,"outputPrefix (storage destination, not simulation parameter)"
eval-heavy-fifo-e1086,config/production/eval-heavy-fifo-e1086/run_crn-stream-manifest.json,run_crn-stream-manifest.json,789f954baa6030fca0d7211854adff9fb54e9d4fa0a347ca8d8aefae4c406539,none
eval-heavy-fifo-e1086,config/production/eval-heavy-fifo-e1086/run_effective-config.json,run_effective-config.json,36f6087f0863ee6e1dfb5d269e07f3e31c715a153e3fb1d8e139768f10f87068,"outputPrefix (storage destination, not simulation parameter)"
eval-heavy-fifo-e1087,config/production/eval-heavy-fifo-e1087/run_crn-stream-manifest.json,run_crn-stream-manifest.json,a6e2ae332fcee6d983ce654c37201575e963b8d8eb787e5c5186f33792e271dc,none
eval-heavy-fifo-e1087,config/production/eval-heavy-fifo-e1087/run_effective-config.json,run_effective-config.json,a717ed9d2e8316c6fee24282ace979e527b54df86d1c72f57eb48c874210b2a1,"outputPrefix (storage destination, not simulation parameter)"
eval-heavy-fifo-e1088,config/production/eval-heavy-fifo-e1088/run_crn-stream-manifest.json,run_crn-stream-manifest.json,3b7ce73bbe42e2ecbb87fb056cec4f825dc288e70d4082b1e5699bf1b500b8a2,none
eval-heavy-fifo-e1088,config/production/eval-heavy-fifo-e1088/run_effective-config.json,run_effective-config.json,3021cfc7f2f1d4a8c9049bc43ec03a18075daf8c2167b4c563a173e3aa080ddd,"outputPrefix (storage destination, not simulation parameter)"
eval-heavy-policy-e1001,config/production/eval-heavy-policy-e1001/run_crn-stream-manifest.json,run_crn-stream-manifest.json,48c282be26ea2b70fe60349bf8e357b5e78ea23f8208c4dff385161c46919e39,none
eval-heavy-policy-e1001,config/production/eval-heavy-policy-e1001/run_effective-config.json,run_effective-config.json,5956c2b9c9296477fcf679ee6b8febd0d300c929cfdc75d7627dc8bd736e8b01,"outputPrefix (storage destination, not simulation parameter)"
eval-heavy-policy-e1002,config/production/eval-heavy-policy-e1002/run_crn-stream-manifest.json,run_crn-stream-manifest.json,18f4b3b9e11fa5a14875b8ece9bd7d842a9b6e634ff2ff66bb784fa90415aad5,none
eval-heavy-policy-e1002,config/production/eval-heavy-policy-e1002/run_effective-config.json,run_effective-config.json,a2af3b8c068feba89c7cd18747fe184920f0daf241b3f41c936eb209b1c8b4c8,"outputPrefix (storage destination, not simulation parameter)"
eval-heavy-policy-e1003,config/production/eval-heavy-policy-e1003/run_crn-stream-manifest.json,run_crn-stream-manifest.json,ff8ae243e81de56467d901450839a49cc1dcd2a6699dc9614c4db3c1dec6a34b,none
eval-heavy-policy-e1003,config/production/eval-heavy-policy-e1003/run_effective-config.json,run_effective-config.json,1eb65919eb0171f00f396c5cbc327eaaaeaf87a2848c1f8f4f8d00d564ed19f7,"outputPrefix (storage destination, not simulation parameter)"
eval-heavy-policy-e1004,config/production/eval-heavy-policy-e1004/run_crn-stream-manifest.json,run_crn-stream-manifest.json,8981404aacc1f2fff4143b0ed2d233280228d1e2e112cd413df549cb2a01f94b,none
eval-heavy-policy-e1004,config/production/eval-heavy-policy-e1004/run_effective-config.json,run_effective-config.json,7bdc446e15f55b4e49c0b60d7168a5e7ac923f58268bbd3bd839bce59f143220,"outputPrefix (storage destination, not simulation parameter)"
eval-heavy-policy-e1005,config/production/eval-heavy-policy-e1005/run_crn-stream-manifest.json,run_crn-stream-manifest.json,89895982e3816962d15418249ed19ea87c1f2c109f69649bed176ddf8d06c7b1,none
eval-heavy-policy-e1005,config/production/eval-heavy-policy-e1005/run_effective-config.json,run_effective-config.json,1788e833546252d6856f81d471a56f2f88d2ef7306e16d5a5c2f9b32f4b95395,"outputPrefix (storage destination, not simulation parameter)"
eval-heavy-policy-e1006,config/production/eval-heavy-policy-e1006/run_crn-stream-manifest.json,run_crn-stream-manifest.json,aca53411f92a610dbf83ec1bcec59eb525c81960409160fd564096810de394de,none
eval-heavy-policy-e1006,config/production/eval-heavy-policy-e1006/run_effective-config.json,run_effective-config.json,9dbfb3af2b9e6f120ac831bcf197ad8e23a3ceb730d9b0c3f95077ba5afb95e9,"outputPrefix (storage destination, not simulation parameter)"
eval-heavy-policy-e1007,config/production/eval-heavy-policy-e1007/run_crn-stream-manifest.json,run_crn-stream-manifest.json,5e26e2fc1214f3012e88b7e4462c1f2ef19ec70212b24d742514ceba80f7d189,none
eval-heavy-policy-e1007,config/production/eval-heavy-policy-e1007/run_effective-config.json,run_effective-config.json,735b87f5164df7f6d101dad2f3e7d2a6e663c9e358f911c24e34d861f80294be,"outputPrefix (storage destination, not simulation parameter)"
eval-heavy-policy-e1008,config/production/eval-heavy-policy-e1008/run_crn-stream-manifest.json,run_crn-stream-manifest.json,ca89250e237c40ff838591612177ba29047f5b388993b8ada6a091c079fbaaa9,none
eval-heavy-policy-e1008,config/production/eval-heavy-policy-e1008/run_effective-config.json,run_effective-config.json,e3800f665861882b5859c4947792ddd87632f41825b454c765942cede8d3895a,"outputPrefix (storage destination, not simulation parameter)"
eval-heavy-policy-e1009,config/production/eval-heavy-policy-e1009/run_crn-stream-manifest.json,run_crn-stream-manifest.json,a46cb0e1e70ea43e142940ad3d7565e861aa021c13502cdd548adde05ce3e40b,none
eval-heavy-policy-e1009,config/production/eval-heavy-policy-e1009/run_effective-config.json,run_effective-config.json,02db79fcb8647bef6a4ea99f056f1b78a302dca299e7947286563485fa5ed1e6,"outputPrefix (storage destination, not simulation parameter)"
eval-heavy-policy-e1010,config/production/eval-heavy-policy-e1010/run_crn-stream-manifest.json,run_crn-stream-manifest.json,4543a0ba65c75da260d4c247a4bb5c726150f42a302f6fb9d74e660200339d2e,none
eval-heavy-policy-e1010,config/production/eval-heavy-policy-e1010/run_effective-config.json,run_effective-config.json,69a5bf47becc70207225a14108cc71caa92fa5d68467f624bf019c9250cb823c,"outputPrefix (storage destination, not simulation parameter)"
eval-heavy-policy-e1011,config/production/eval-heavy-policy-e1011/run_crn-stream-manifest.json,run_crn-stream-manifest.json,15d320a24a7530528c0c9b88f60fb07697eee432c80ba8d8c8d6c45bd349a43b,none
eval-heavy-policy-e1011,config/production/eval-heavy-policy-e1011/run_effective-config.json,run_effective-config.json,ca4219bbfdc0bcd16b79cd23128cccb72febc9ad52a89162a5d6f2a6d7d831ac,"outputPrefix (storage destination, not simulation parameter)"
eval-heavy-policy-e1012,config/production/eval-heavy-policy-e1012/run_crn-stream-manifest.json,run_crn-stream-manifest.json,3e895bb82c218091cbe8f2cdbcc66415394ffaf48d16f55ec941014bb55cdbe4,none
eval-heavy-policy-e1012,config/production/eval-heavy-policy-e1012/run_effective-config.json,run_effective-config.json,a4e580e256ef73c726e24bc5ffaaeee733e02ef131d87ddfd5335c3a6721dca8,"outputPrefix (storage destination, not simulation parameter)"
eval-heavy-policy-e1013,config/production/eval-heavy-policy-e1013/run_crn-stream-manifest.json,run_crn-stream-manifest.json,4f18801535e40cf1531fc4c4ff15d27a66277743a345548b81af3fa64c0a8048,none
eval-heavy-policy-e1013,config/production/eval-heavy-policy-e1013/run_effective-config.json,run_effective-config.json,d5a1a3c8eca045121b3e28b020066d2df63543ce3367178787d3f772e887a73e,"outputPrefix (storage destination, not simulation parameter)"
eval-heavy-policy-e1014,config/production/eval-heavy-policy-e1014/run_crn-stream-manifest.json,run_crn-stream-manifest.json,7c89c28fa50a03a24478b21a5b1459720c00a03958f3e86d411887973a386b6c,none
eval-heavy-policy-e1014,config/production/eval-heavy-policy-e1014/run_effective-config.json,run_effective-config.json,a73ec55bb76929d4d306c242d4f5d4ef7b7c778204746d7b219869190b5b2c67,"outputPrefix (storage destination, not simulation parameter)"
eval-heavy-policy-e1015,config/production/eval-heavy-policy-e1015/run_crn-stream-manifest.json,run_crn-stream-manifest.json,3d8712fc2a9c0d38b0e283d4b7694755d3e66e89e4acadbca160d37bc3fd4d7c,none
eval-heavy-policy-e1015,config/production/eval-heavy-policy-e1015/run_effective-config.json,run_effective-config.json,2e0b7b7f2422c2b8179065e58ea48ac9db6a1fae8ba2660768423303f77e72f2,"outputPrefix (storage destination, not simulation parameter)"
eval-heavy-policy-e1016,config/production/eval-heavy-policy-e1016/run_crn-stream-manifest.json,run_crn-stream-manifest.json,ca4441592fa48d615d8d6ba0cf65a79b29b4eba3394d82012251653529963b86,none
eval-heavy-policy-e1016,config/production/eval-heavy-policy-e1016/run_effective-config.json,run_effective-config.json,3a1923a15e31a29574ea30886242806fda58bece3007b41b1e69b283619ad32c,"outputPrefix (storage destination, not simulation parameter)"
eval-heavy-policy-e1017,config/production/eval-heavy-policy-e1017/run_crn-stream-manifest.json,run_crn-stream-manifest.json,bb4fb606e8ad0444a045f2e480b535acab8904913f94c5cec4946014f40c661c,none
eval-heavy-policy-e1017,config/production/eval-heavy-policy-e1017/run_effective-config.json,run_effective-config.json,51fd8a2c6a178b331af149480a6c368c4024ffa0b9cd992c0643fad17cc92057,"outputPrefix (storage destination, not simulation parameter)"
eval-heavy-policy-e1018,config/production/eval-heavy-policy-e1018/run_crn-stream-manifest.json,run_crn-stream-manifest.json,1c4461cff48377f2f40121e71216a56146e08432eabff91860949add398edcd5,none
eval-heavy-policy-e1018,config/production/eval-heavy-policy-e1018/run_effective-config.json,run_effective-config.json,3184676eb285d6c5d39a5c455b1b6f18cb96a1fbb604a6d301b8ec0433257132,"outputPrefix (storage destination, not simulation parameter)"
eval-heavy-policy-e1019,config/production/eval-heavy-policy-e1019/run_crn-stream-manifest.json,run_crn-stream-manifest.json,b412bec4921d8719c44cf8fd85f1a44b37d29facec7d708d7b367a02ba959977,none
eval-heavy-policy-e1019,config/production/eval-heavy-policy-e1019/run_effective-config.json,run_effective-config.json,f46abe129945386470336d98b8b854470a601eb336a0733eac22738df47156de,"outputPrefix (storage destination, not simulation parameter)"
eval-heavy-policy-e1020,config/production/eval-heavy-policy-e1020/run_crn-stream-manifest.json,run_crn-stream-manifest.json,c970659d13825b556f9ba136ca61e4950d9e9be532acc7e5b765d6abb32783dc,none
eval-heavy-policy-e1020,config/production/eval-heavy-policy-e1020/run_effective-config.json,run_effective-config.json,a39fa052e6220172ee30370e3e16517d23bfb8b0f90bd210556784f3d47ea7a7,"outputPrefix (storage destination, not simulation parameter)"
eval-heavy-policy-e1021,config/production/eval-heavy-policy-e1021/run_crn-stream-manifest.json,run_crn-stream-manifest.json,5122fc6ef5a09089d71c1a1d796c3cc9cf3a6070158868a168b8ee4812d13a83,none
eval-heavy-policy-e1021,config/production/eval-heavy-policy-e1021/run_effective-config.json,run_effective-config.json,629604db3b1304071c7823d5ea0c42bf778535c85755c778b4a0a68c299c0d44,"outputPrefix (storage destination, not simulation parameter)"
eval-heavy-policy-e1022,config/production/eval-heavy-policy-e1022/run_crn-stream-manifest.json,run_crn-stream-manifest.json,47f784b8a2d39c942c2efe0dab0e056468f68475aff7100dece2ae844375bffe,none
eval-heavy-policy-e1022,config/production/eval-heavy-policy-e1022/run_effective-config.json,run_effective-config.json,779e18eb0a853b2e382e8d65e2a37543cb587dbe0b2ec715a7ced01e58ea43ca,"outputPrefix (storage destination, not simulation parameter)"
eval-heavy-policy-e1023,config/production/eval-heavy-policy-e1023/run_crn-stream-manifest.json,run_crn-stream-manifest.json,27700b5082fc7972b4d87a040615e2e0b2019901a3f78ffa0176805e5d7e5edb,none
eval-heavy-policy-e1023,config/production/eval-heavy-policy-e1023/run_effective-config.json,run_effective-config.json,1d75f3aa664100e74223da3f87364e8d8492c533dfb8e0d7368c0073be4f7613,"outputPrefix (storage destination, not simulation parameter)"
eval-heavy-policy-e1024,config/production/eval-heavy-policy-e1024/run_crn-stream-manifest.json,run_crn-stream-manifest.json,171834f018e91436794814e93a1f62a547d0d8689fed5de7be9796c73a86d95e,none
eval-heavy-policy-e1024,config/production/eval-heavy-policy-e1024/run_effective-config.json,run_effective-config.json,22f870f4d9a9faf7ad554801b54f6aac8a5d89290133f8aec7deba728b33515b,"outputPrefix (storage destination, not simulation parameter)"
eval-heavy-policy-e1025,config/production/eval-heavy-policy-e1025/run_crn-stream-manifest.json,run_crn-stream-manifest.json,4e3a8305156bbfc4d77a2b28f216a05cd6bdf801a1456c37b18bb33ac1372421,none
eval-heavy-policy-e1025,config/production/eval-heavy-policy-e1025/run_effective-config.json,run_effective-config.json,b27797d73d0c26365934c0cbb2e81b3a2a77be681a1e5424c8a9c5ff81d4012a,"outputPrefix (storage destination, not simulation parameter)"
eval-heavy-policy-e1026,config/production/eval-heavy-policy-e1026/run_crn-stream-manifest.json,run_crn-stream-manifest.json,ebad4fb1d33e10b20a1f29e35b4431a38c93ecd6322312968f6a7c2069a9237c,none
eval-heavy-policy-e1026,config/production/eval-heavy-policy-e1026/run_effective-config.json,run_effective-config.json,a5bbeaf997a9aea788f531b1bd1a28c8c24370880de3eee70c5ebd8efd4fba16,"outputPrefix (storage destination, not simulation parameter)"
eval-heavy-policy-e1027,config/production/eval-heavy-policy-e1027/run_crn-stream-manifest.json,run_crn-stream-manifest.json,7e59748cf7932b18093fbdb7b98577212c7a920f33084ac5e79c362dda32d8a4,none
eval-heavy-policy-e1027,config/production/eval-heavy-policy-e1027/run_effective-config.json,run_effective-config.json,d7ffce933b40be56ef0464ea429abd93944e11425030d9416d14fc29d84c94f2,"outputPrefix (storage destination, not simulation parameter)"
eval-heavy-policy-e1028,config/production/eval-heavy-policy-e1028/run_crn-stream-manifest.json,run_crn-stream-manifest.json,6d86c8720bc2f557e8c9adbcc61e30808576a9a26c7a25a0029f4e87bcb03ecb,none
eval-heavy-policy-e1028,config/production/eval-heavy-policy-e1028/run_effective-config.json,run_effective-config.json,c5f38d513b6d1c48c4c3b694ec1f9e63ac8cad5e65882b750e32a4d1102be339,"outputPrefix (storage destination, not simulation parameter)"
eval-heavy-policy-e1029,config/production/eval-heavy-policy-e1029/run_crn-stream-manifest.json,run_crn-stream-manifest.json,8f0218a18432b6dd46cbdf3be133bbc5dced48952610fa52dccbcb36cad4b67f,none
eval-heavy-policy-e1029,config/production/eval-heavy-policy-e1029/run_effective-config.json,run_effective-config.json,6c34b635ab7ab94f8b2684877e2c276ea02333aadd2219aceb3fc7accbfaf231,"outputPrefix (storage destination, not simulation parameter)"
eval-heavy-policy-e1030,config/production/eval-heavy-policy-e1030/run_crn-stream-manifest.json,run_crn-stream-manifest.json,56bd1953e3c943d9bebf3b8ea152191bf8efeb4041f17cc69974a2d47c5ae03f,none
eval-heavy-policy-e1030,config/production/eval-heavy-policy-e1030/run_effective-config.json,run_effective-config.json,e0efdcd8fe99fe0ed642a56cdf45d8d60e6e3f0b5e604dacbb665a988e0e3674,"outputPrefix (storage destination, not simulation parameter)"
eval-heavy-policy-e1031,config/production/eval-heavy-policy-e1031/run_crn-stream-manifest.json,run_crn-stream-manifest.json,d047f380f70a826297db8112f9938bb15d0d9af9a98b597e3fa9a9fea224af8c,none
eval-heavy-policy-e1031,config/production/eval-heavy-policy-e1031/run_effective-config.json,run_effective-config.json,ca35abf7fe3bd5f1e14dc2bbe49aaa252726cbbe725a76d4397858a559d5d57b,"outputPrefix (storage destination, not simulation parameter)"
eval-heavy-policy-e1032,config/production/eval-heavy-policy-e1032/run_crn-stream-manifest.json,run_crn-stream-manifest.json,c96b7db753dcf2819f37b61361251715153aec36c7f0bc4ba33e48114d79853b,none
eval-heavy-policy-e1032,config/production/eval-heavy-policy-e1032/run_effective-config.json,run_effective-config.json,4b84e4b8b0213531884bea5f84b56ffe423cf387a33cfeecfe6114d15aab39be,"outputPrefix (storage destination, not simulation parameter)"
eval-heavy-policy-e1033,config/production/eval-heavy-policy-e1033/run_crn-stream-manifest.json,run_crn-stream-manifest.json,d19caaf7a9c7b4575490a3145eb226729d208df7c838a3a5fcf544eac61b440e,none
eval-heavy-policy-e1033,config/production/eval-heavy-policy-e1033/run_effective-config.json,run_effective-config.json,7342b287089b41e7b05880879b407ebf263b8332721e7195daf279ae39a448ba,"outputPrefix (storage destination, not simulation parameter)"
eval-heavy-policy-e1034,config/production/eval-heavy-policy-e1034/run_crn-stream-manifest.json,run_crn-stream-manifest.json,2eb345b4d8d882646cb82cd037dea4bac05cc770a34e0cfd1ba50d269c391cf3,none
eval-heavy-policy-e1034,config/production/eval-heavy-policy-e1034/run_effective-config.json,run_effective-config.json,45d13d3d448c8fcd248ab3d417e5be01bc83361b60a898ad3f98e20b1d7c92e4,"outputPrefix (storage destination, not simulation parameter)"
eval-heavy-policy-e1035,config/production/eval-heavy-policy-e1035/run_crn-stream-manifest.json,run_crn-stream-manifest.json,aaf4c5e5f06e1e34b8c8d7a9028d3dd6107ad0129451ee4077e2021431b62836,none
eval-heavy-policy-e1035,config/production/eval-heavy-policy-e1035/run_effective-config.json,run_effective-config.json,1f76221a9e37da2563987d40e0255caca3952b4de05652c763716d15c28993fa,"outputPrefix (storage destination, not simulation parameter)"
eval-heavy-policy-e1036,config/production/eval-heavy-policy-e1036/run_crn-stream-manifest.json,run_crn-stream-manifest.json,7958b104048c19ed44b274e89d1cb0ed9dd6b05de586eef02209b3efd35ce325,none
eval-heavy-policy-e1036,config/production/eval-heavy-policy-e1036/run_effective-config.json,run_effective-config.json,b50e5226e8511eed90499c1cfa49250ae3334b10fc93c7b58b17869e32607671,"outputPrefix (storage destination, not simulation parameter)"
eval-heavy-policy-e1037,config/production/eval-heavy-policy-e1037/run_crn-stream-manifest.json,run_crn-stream-manifest.json,5e6121b838bb0351aff945ebf582bef0d974b14541900352fa03f3132e79c51e,none
eval-heavy-policy-e1037,config/production/eval-heavy-policy-e1037/run_effective-config.json,run_effective-config.json,f9ef3b1550b63ff2612d0d9fea338cecbefc5653904eacd880cee678698bad8b,"outputPrefix (storage destination, not simulation parameter)"
eval-heavy-policy-e1038,config/production/eval-heavy-policy-e1038/run_crn-stream-manifest.json,run_crn-stream-manifest.json,a3ee1d9afabab70856248e825ad81db85d86420426a35e45f958d94a70833f84,none
eval-heavy-policy-e1038,config/production/eval-heavy-policy-e1038/run_effective-config.json,run_effective-config.json,92cb0cdd9e7d8b01afdcf6a84c4a52bbf67582cd630d1e9cb9e503a8bf94cf62,"outputPrefix (storage destination, not simulation parameter)"
eval-heavy-policy-e1039,config/production/eval-heavy-policy-e1039/run_crn-stream-manifest.json,run_crn-stream-manifest.json,2ab9fb2034aef72816adaea11612ba72c9f76b6cd5b7c7a459668e22809c1b52,none
eval-heavy-policy-e1039,config/production/eval-heavy-policy-e1039/run_effective-config.json,run_effective-config.json,3a77f0ebb6190ca80394750bbb67e3d6c39aed1d27b8e24fd7f6f3c9b9a8738b,"outputPrefix (storage destination, not simulation parameter)"
eval-heavy-policy-e1040,config/production/eval-heavy-policy-e1040/run_crn-stream-manifest.json,run_crn-stream-manifest.json,c1ccb6e67318669eb3140ce8b9fdcf937993620b701d2b2b1ea4b68aac638c79,none
eval-heavy-policy-e1040,config/production/eval-heavy-policy-e1040/run_effective-config.json,run_effective-config.json,cbcdd5285976c23f17ff5d5b2c51cdf878451cc2c772e5fa4a56e97c67f427ee,"outputPrefix (storage destination, not simulation parameter)"
eval-heavy-policy-e1041,config/production/eval-heavy-policy-e1041/run_crn-stream-manifest.json,run_crn-stream-manifest.json,f89ff085947b5dc9efa6eb3727c672d8819dec151ce7d3ba50bb069e7350bf47,none
eval-heavy-policy-e1041,config/production/eval-heavy-policy-e1041/run_effective-config.json,run_effective-config.json,e4cd1523fe67c0c1bb5dcda5aa647621a2baf38761e049add63e43b311915573,"outputPrefix (storage destination, not simulation parameter)"
eval-heavy-policy-e1042,config/production/eval-heavy-policy-e1042/run_crn-stream-manifest.json,run_crn-stream-manifest.json,684ca325e1db1fd6af919a326ed8984acdd1ac888aadebf77d0e730b3d77becc,none
eval-heavy-policy-e1042,config/production/eval-heavy-policy-e1042/run_effective-config.json,run_effective-config.json,9bd32b9ca3d4047349173f582b794c90ddea9d10e3163022c41ce47c75e506d2,"outputPrefix (storage destination, not simulation parameter)"
eval-heavy-policy-e1043,config/production/eval-heavy-policy-e1043/run_crn-stream-manifest.json,run_crn-stream-manifest.json,b0a0b1739b16963fd5dbe4250252b958a0554e0e0bdd324f1128218d2599e0a9,none
eval-heavy-policy-e1043,config/production/eval-heavy-policy-e1043/run_effective-config.json,run_effective-config.json,d3297ec7c4d850a11328f69d02d9922b07eac3dbba660e9be67f0032cbcd0b91,"outputPrefix (storage destination, not simulation parameter)"
eval-heavy-policy-e1044,config/production/eval-heavy-policy-e1044/run_crn-stream-manifest.json,run_crn-stream-manifest.json,08bb5af06ea13ca9fc31b7842df76dfc3798a5946a83c303b0bafd72a3cdce5e,none
eval-heavy-policy-e1044,config/production/eval-heavy-policy-e1044/run_effective-config.json,run_effective-config.json,d34f001cf5d7446aef04652802be8a84b24e562b14563e54ac7db3f9917c524a,"outputPrefix (storage destination, not simulation parameter)"
eval-heavy-policy-e1045,config/production/eval-heavy-policy-e1045/run_crn-stream-manifest.json,run_crn-stream-manifest.json,7889056557dc2074ebcaa7f9b35083e3c927b775d19cae5af046e09ce4bb6294,none
eval-heavy-policy-e1045,config/production/eval-heavy-policy-e1045/run_effective-config.json,run_effective-config.json,85183e746af6fe280a10569a01ce6c9c8d31cfc6a4a776edc7442f67da6c4c0f,"outputPrefix (storage destination, not simulation parameter)"
eval-heavy-policy-e1046,config/production/eval-heavy-policy-e1046/run_crn-stream-manifest.json,run_crn-stream-manifest.json,c960929b7f7309162b4db1136946cf3bc48efa4bd7229fe906b69c57ae4ee1ca,none
eval-heavy-policy-e1046,config/production/eval-heavy-policy-e1046/run_effective-config.json,run_effective-config.json,c3034af989bbb625ab51528114166812910e380cccdad4d52331353993750fb1,"outputPrefix (storage destination, not simulation parameter)"
eval-heavy-policy-e1047,config/production/eval-heavy-policy-e1047/run_crn-stream-manifest.json,run_crn-stream-manifest.json,721e38ef5282b5783c8ac2c344072b2745fe3b5f897c2f528084c27b5e3bf8bd,none
eval-heavy-policy-e1047,config/production/eval-heavy-policy-e1047/run_effective-config.json,run_effective-config.json,97405cfce2003818ee90fe8c64e441651cba6591d48de2b2d744e9421ff6ce9c,"outputPrefix (storage destination, not simulation parameter)"
eval-heavy-policy-e1048,config/production/eval-heavy-policy-e1048/run_crn-stream-manifest.json,run_crn-stream-manifest.json,d988035266b7b25f546f3e1a75d0600d1deeb1c7b01ed99ebe216851ac314a16,none
eval-heavy-policy-e1048,config/production/eval-heavy-policy-e1048/run_effective-config.json,run_effective-config.json,bad3a8e78212d690224f77848c88de4c3f9d55f3eae00188ea1beefbd13af14d,"outputPrefix (storage destination, not simulation parameter)"
eval-heavy-policy-e1049,config/production/eval-heavy-policy-e1049/run_crn-stream-manifest.json,run_crn-stream-manifest.json,b6972a194f821d9c8c2703a7cb4becd30ee5046bde95eeaf28eaa77167479e26,none
eval-heavy-policy-e1049,config/production/eval-heavy-policy-e1049/run_effective-config.json,run_effective-config.json,f8e7d9a94643b1d771548c1567bf2d9ec8f0734994e62e01b1e8640dd7ad2d60,"outputPrefix (storage destination, not simulation parameter)"
eval-heavy-policy-e1050,config/production/eval-heavy-policy-e1050/run_crn-stream-manifest.json,run_crn-stream-manifest.json,43f46debb28e9ece4288d130e64c2a1c682de13710cf370cd63d19623519bee9,none
eval-heavy-policy-e1050,config/production/eval-heavy-policy-e1050/run_effective-config.json,run_effective-config.json,55302ed3d2ae4b3418c89431743151072681ee54202728e026df705188f7b5d0,"outputPrefix (storage destination, not simulation parameter)"
eval-heavy-policy-e1051,config/production/eval-heavy-policy-e1051/run_crn-stream-manifest.json,run_crn-stream-manifest.json,6be1c0574cb7af7d0428efc1f76c064a92c578f5b9f8c3934eea182a294ed07f,none
eval-heavy-policy-e1051,config/production/eval-heavy-policy-e1051/run_effective-config.json,run_effective-config.json,3d78813ea2e9090f18344a96f4c5991a23d596d89b95e3bdb29e342e1a912296,"outputPrefix (storage destination, not simulation parameter)"
eval-heavy-policy-e1052,config/production/eval-heavy-policy-e1052/run_crn-stream-manifest.json,run_crn-stream-manifest.json,4b259df8d1eede2b50322aa834f731f17f8706f5f1f5d16cb71aa28e25de6491,none
eval-heavy-policy-e1052,config/production/eval-heavy-policy-e1052/run_effective-config.json,run_effective-config.json,980a15cdd036065a26e0354a5df5af4d94a962021de58da425f602136521a29c,"outputPrefix (storage destination, not simulation parameter)"
eval-heavy-policy-e1053,config/production/eval-heavy-policy-e1053/run_crn-stream-manifest.json,run_crn-stream-manifest.json,14002df94d07355c4323b4e602760af9c5904feb53b16b7aa6f68d374e1110ff,none
eval-heavy-policy-e1053,config/production/eval-heavy-policy-e1053/run_effective-config.json,run_effective-config.json,ef6e96fc6af67725b86eaae8c896315f8acd4a299b7d3e4cc3eeee7300524dc1,"outputPrefix (storage destination, not simulation parameter)"
eval-heavy-policy-e1054,config/production/eval-heavy-policy-e1054/run_crn-stream-manifest.json,run_crn-stream-manifest.json,2dd2e57fcbba189856fac3cb0f43203d4176546ef46ef1cbf6af304117eebdf8,none
eval-heavy-policy-e1054,config/production/eval-heavy-policy-e1054/run_effective-config.json,run_effective-config.json,d3ac957187e6ea15c585740d8226c07f0ada220992ae2293306ea4a63a7acc7b,"outputPrefix (storage destination, not simulation parameter)"
eval-heavy-policy-e1055,config/production/eval-heavy-policy-e1055/run_crn-stream-manifest.json,run_crn-stream-manifest.json,beef42aaa857d190b45036324e05772020969080251af5f49e3ad4e98dfa641f,none
eval-heavy-policy-e1055,config/production/eval-heavy-policy-e1055/run_effective-config.json,run_effective-config.json,3189d499930af8eec8af74b2a7fa0f9ecbc0699361a6d94a21871fc825df2be5,"outputPrefix (storage destination, not simulation parameter)"
eval-heavy-policy-e1056,config/production/eval-heavy-policy-e1056/run_crn-stream-manifest.json,run_crn-stream-manifest.json,1b0ddc76b9f06f31153993bfa1e045113f822a9467250cd185890223397b1933,none
eval-heavy-policy-e1056,config/production/eval-heavy-policy-e1056/run_effective-config.json,run_effective-config.json,94900e3a2dc39db88ab3729dc4b53e55a7aa31caf3652d98ccf194bee8ebcd29,"outputPrefix (storage destination, not simulation parameter)"
eval-heavy-policy-e1057,config/production/eval-heavy-policy-e1057/run_crn-stream-manifest.json,run_crn-stream-manifest.json,b8ade117c52789645f4d98ead579d861d8532e18883f8c3db63005b65dc93ffd,none
eval-heavy-policy-e1057,config/production/eval-heavy-policy-e1057/run_effective-config.json,run_effective-config.json,e2b4c57b0f535958e598831bfe34597da79fa9fc8b2052ae73b046d2073c83ea,"outputPrefix (storage destination, not simulation parameter)"
eval-heavy-policy-e1058,config/production/eval-heavy-policy-e1058/run_crn-stream-manifest.json,run_crn-stream-manifest.json,9be28de538a8c5d0b9a791df2a5ca171681f46f211e3d82e237a494753b4592d,none
eval-heavy-policy-e1058,config/production/eval-heavy-policy-e1058/run_effective-config.json,run_effective-config.json,083a9fd9330c4f4c0f0cd9aeb52ec3f2caf16c3a435ef157d3d7399cca508675,"outputPrefix (storage destination, not simulation parameter)"
eval-heavy-policy-e1059,config/production/eval-heavy-policy-e1059/run_crn-stream-manifest.json,run_crn-stream-manifest.json,ebdfc37e7bfc1d9cd437fe187f2253dad7421b3cb72fc5088954af7a254beba3,none
eval-heavy-policy-e1059,config/production/eval-heavy-policy-e1059/run_effective-config.json,run_effective-config.json,e64bb6d2019529cd6b005242602481cf48189630c70607991e46df116610439b,"outputPrefix (storage destination, not simulation parameter)"
eval-heavy-policy-e1060,config/production/eval-heavy-policy-e1060/run_crn-stream-manifest.json,run_crn-stream-manifest.json,ded9db1a06bacf0fe02190508957bc5ed6e03c2dbd63ead45cff1765cc78e8f0,none
eval-heavy-policy-e1060,config/production/eval-heavy-policy-e1060/run_effective-config.json,run_effective-config.json,056943f1206f12d1800677e6c92f0ef39d24d948e95d48e79828d86f38b56f5f,"outputPrefix (storage destination, not simulation parameter)"
eval-heavy-policy-e1061,config/production/eval-heavy-policy-e1061/run_crn-stream-manifest.json,run_crn-stream-manifest.json,e60c0ebb8fdde91f2c3f80540124626fc1ea3cd7a33885ea67ee99b1a43a2754,none
eval-heavy-policy-e1061,config/production/eval-heavy-policy-e1061/run_effective-config.json,run_effective-config.json,aee7fbe7e865f1709a077f637cc4f29cd957d09cc507bd724e3ee5006115eb34,"outputPrefix (storage destination, not simulation parameter)"
eval-heavy-policy-e1062,config/production/eval-heavy-policy-e1062/run_crn-stream-manifest.json,run_crn-stream-manifest.json,c8d21c6307817560a3f63ead894ef43508282680c4362542760f210294c888dd,none
eval-heavy-policy-e1062,config/production/eval-heavy-policy-e1062/run_effective-config.json,run_effective-config.json,81f5a165a09a5189aad3468fd3ca2ab146b77caaca0da9c23bfd262cb609fa67,"outputPrefix (storage destination, not simulation parameter)"
eval-heavy-policy-e1063,config/production/eval-heavy-policy-e1063/run_crn-stream-manifest.json,run_crn-stream-manifest.json,e34bb8d75fe12ad0e01fcbdd529f00f2837238f6d04ef47d0796abab706d35b9,none
eval-heavy-policy-e1063,config/production/eval-heavy-policy-e1063/run_effective-config.json,run_effective-config.json,8b56ba1ddb8374e618f3087acdf4473ef655940e5cacff0ba14e6541e2e44ec2,"outputPrefix (storage destination, not simulation parameter)"
eval-heavy-policy-e1064,config/production/eval-heavy-policy-e1064/run_crn-stream-manifest.json,run_crn-stream-manifest.json,137c9962a46e584f5e4ba77ecb98f2413d6bf510c01a2a12c07cd97b63a69174,none
eval-heavy-policy-e1064,config/production/eval-heavy-policy-e1064/run_effective-config.json,run_effective-config.json,eccc60b0a7f9cd3d9ef404dec80965fc237ce6e2119357c0488cdbc76c2f5996,"outputPrefix (storage destination, not simulation parameter)"
eval-heavy-policy-e1065,config/production/eval-heavy-policy-e1065/run_crn-stream-manifest.json,run_crn-stream-manifest.json,4a651099a3f64b9afe7c6ddea135817f7116ecb24db8fbbfb85a20ef3bc6f907,none
eval-heavy-policy-e1065,config/production/eval-heavy-policy-e1065/run_effective-config.json,run_effective-config.json,958af5a20284b2539f152cf8c0d8fd7a1040eaa00ae69af23a900f9dd02f3715,"outputPrefix (storage destination, not simulation parameter)"
eval-heavy-policy-e1066,config/production/eval-heavy-policy-e1066/run_crn-stream-manifest.json,run_crn-stream-manifest.json,c11dae7a3de01165b620efee2638f9c8f8b90639237780696f67ac2da73021b8,none
eval-heavy-policy-e1066,config/production/eval-heavy-policy-e1066/run_effective-config.json,run_effective-config.json,2a64346d2567d9aeaaaef088de7620a53ac28438aec312bab4861ca5c22793b8,"outputPrefix (storage destination, not simulation parameter)"
eval-heavy-policy-e1067,config/production/eval-heavy-policy-e1067/run_crn-stream-manifest.json,run_crn-stream-manifest.json,93bb3ce7a1da0374b089df98f6c173a6e7be01ce6c9bc556bceaaa2c6cfc81e4,none
eval-heavy-policy-e1067,config/production/eval-heavy-policy-e1067/run_effective-config.json,run_effective-config.json,ce6d618df8b14f6df21b4607ed8a21d6230875fcba1990054d440d173cee9aeb,"outputPrefix (storage destination, not simulation parameter)"
eval-heavy-policy-e1068,config/production/eval-heavy-policy-e1068/run_crn-stream-manifest.json,run_crn-stream-manifest.json,5c117f34b385a28c0f942334e8a6a4a1e1d566604662e57c188ee3ef14f0512b,none
eval-heavy-policy-e1068,config/production/eval-heavy-policy-e1068/run_effective-config.json,run_effective-config.json,8eeeaa414a1a4dbc93152ad219d9dd55aec587d2dd45fd78854229b6c10d9ef3,"outputPrefix (storage destination, not simulation parameter)"
eval-heavy-policy-e1069,config/production/eval-heavy-policy-e1069/run_crn-stream-manifest.json,run_crn-stream-manifest.json,d9a9bb3ca92c9b7c4e0b2774861506bb48b0028f80dc6449e93115082c70ee8e,none
eval-heavy-policy-e1069,config/production/eval-heavy-policy-e1069/run_effective-config.json,run_effective-config.json,f4f2e98321cf45fa18768685102c1f08b1a6ee909842d391657418b818ca121b,"outputPrefix (storage destination, not simulation parameter)"
eval-heavy-policy-e1070,config/production/eval-heavy-policy-e1070/run_crn-stream-manifest.json,run_crn-stream-manifest.json,10c9677419ed88a9d1cc8700f80dbae179cf1254b98d9de5ec84f49d5d6ec753,none
eval-heavy-policy-e1070,config/production/eval-heavy-policy-e1070/run_effective-config.json,run_effective-config.json,9f2ac7d80b2c3f9d95de8a05c8bb9156ba2f5d49023298391e3c6f0370f64b79,"outputPrefix (storage destination, not simulation parameter)"
eval-heavy-policy-e1071,config/production/eval-heavy-policy-e1071/run_crn-stream-manifest.json,run_crn-stream-manifest.json,128782b6f1e4a1346c0caabbad2508e7c6fdb03dd74897521803d5f42363cc70,none
eval-heavy-policy-e1071,config/production/eval-heavy-policy-e1071/run_effective-config.json,run_effective-config.json,21e76c2529ed2937d15d02c4170c1338a8595f5110847f0882fdd45db8aaa789,"outputPrefix (storage destination, not simulation parameter)"
eval-heavy-policy-e1072,config/production/eval-heavy-policy-e1072/run_crn-stream-manifest.json,run_crn-stream-manifest.json,6bdd0116906ce400b4ae71322b8ad232eae5c196d61128cb414c82271279f0e0,none
eval-heavy-policy-e1072,config/production/eval-heavy-policy-e1072/run_effective-config.json,run_effective-config.json,cb43bc76bd3407a161c307f02633f59890c44a9e934e90e63c791f1109181f99,"outputPrefix (storage destination, not simulation parameter)"
eval-heavy-policy-e1073,config/production/eval-heavy-policy-e1073/run_crn-stream-manifest.json,run_crn-stream-manifest.json,727ed29c915fe6bbe08b65e7850962414ab6f558acc1c8efeed4077f18df574b,none
eval-heavy-policy-e1073,config/production/eval-heavy-policy-e1073/run_effective-config.json,run_effective-config.json,86224319db89b6259b8b6987220e2ca32c9737ba106ce67d270e0503f036182c,"outputPrefix (storage destination, not simulation parameter)"
eval-heavy-policy-e1074,config/production/eval-heavy-policy-e1074/run_crn-stream-manifest.json,run_crn-stream-manifest.json,4e3955bd45a3d146033d50df346b8aa14846179377cb57cc18c796d6513898b6,none
eval-heavy-policy-e1074,config/production/eval-heavy-policy-e1074/run_effective-config.json,run_effective-config.json,deef8ddc42b4b7db87e10326f0e469f057014a630d7bc4fdc55d5ef7c7774528,"outputPrefix (storage destination, not simulation parameter)"
eval-heavy-policy-e1075,config/production/eval-heavy-policy-e1075/run_crn-stream-manifest.json,run_crn-stream-manifest.json,e42af2cc6d10dbb3e0ede6aca6a1399fa148b15fc054a8c9c54bdb49203b2860,none
eval-heavy-policy-e1075,config/production/eval-heavy-policy-e1075/run_effective-config.json,run_effective-config.json,aa630cf328c474ab886b6fb09963ed459a2d0632ee9b896bb5254ef595e0b2a9,"outputPrefix (storage destination, not simulation parameter)"
eval-heavy-policy-e1076,config/production/eval-heavy-policy-e1076/run_crn-stream-manifest.json,run_crn-stream-manifest.json,99081c9f7be88a81066dcc0d9c0b3bc2bd9b27388797e5af4201dcfb548b4085,none
eval-heavy-policy-e1076,config/production/eval-heavy-policy-e1076/run_effective-config.json,run_effective-config.json,652cb206d29d9722a0daeb907640cc631f5d0b90767b2664584d823cf0e4a39e,"outputPrefix (storage destination, not simulation parameter)"
eval-heavy-policy-e1077,config/production/eval-heavy-policy-e1077/run_crn-stream-manifest.json,run_crn-stream-manifest.json,208f2fda231fb5422c1485f5c01f0c02fa0a3b17eac0e1c359e987e93312e1ce,none
eval-heavy-policy-e1077,config/production/eval-heavy-policy-e1077/run_effective-config.json,run_effective-config.json,a279e2b2f998551cb22de79695dfb7d25fecf357625ae404b28b37cb8e128fb3,"outputPrefix (storage destination, not simulation parameter)"
eval-heavy-policy-e1078,config/production/eval-heavy-policy-e1078/run_crn-stream-manifest.json,run_crn-stream-manifest.json,a124bc6b29ca488c94c755edba3c465410bcd41b2deec8fce8b849e9b7aed8ff,none
eval-heavy-policy-e1078,config/production/eval-heavy-policy-e1078/run_effective-config.json,run_effective-config.json,fc1aa963b5c48255f2ca5ba90909e91936eace5892101123fd16091a4d8a5ee2,"outputPrefix (storage destination, not simulation parameter)"
eval-heavy-policy-e1079,config/production/eval-heavy-policy-e1079/run_crn-stream-manifest.json,run_crn-stream-manifest.json,d05aa15be1236f098f6c8b4bc7a1358ae15776c0017faa40a0b6ef95d7068f3e,none
eval-heavy-policy-e1079,config/production/eval-heavy-policy-e1079/run_effective-config.json,run_effective-config.json,5e9b95e515785ff59e116b6bb21805e6d8c59b1ee93d320266800363ed717f17,"outputPrefix (storage destination, not simulation parameter)"
eval-heavy-policy-e1080,config/production/eval-heavy-policy-e1080/run_crn-stream-manifest.json,run_crn-stream-manifest.json,4cb4a432673cf424eaa0fc3efa08892bb8856f5128daa8090fdd27d09271ebed,none
eval-heavy-policy-e1080,config/production/eval-heavy-policy-e1080/run_effective-config.json,run_effective-config.json,7f782dc085e525ac9a9680871d452b43765f715e0d8ee206df3a87824cb1a293,"outputPrefix (storage destination, not simulation parameter)"
eval-heavy-policy-e1081,config/production/eval-heavy-policy-e1081/run_crn-stream-manifest.json,run_crn-stream-manifest.json,6a1fe93d3a24957190cbb2a3461fc0cc228803143603e6edfaedff6d79504a4b,none
eval-heavy-policy-e1081,config/production/eval-heavy-policy-e1081/run_effective-config.json,run_effective-config.json,cefb5a99bbad661587e1ca56f7cdb12843a6e8bbc2a8a9f613b93d5cf40f669d,"outputPrefix (storage destination, not simulation parameter)"
eval-heavy-policy-e1082,config/production/eval-heavy-policy-e1082/run_crn-stream-manifest.json,run_crn-stream-manifest.json,403e69090d1cbaaba5c0983263d72c7a7c87f25eda1b66f8e5a5198a3a7975a9,none
eval-heavy-policy-e1082,config/production/eval-heavy-policy-e1082/run_effective-config.json,run_effective-config.json,1ad666a2778a5488107f3a05f78f91170c5a5f4e649ce1742f06e3c77dbf3606,"outputPrefix (storage destination, not simulation parameter)"
eval-heavy-policy-e1083,config/production/eval-heavy-policy-e1083/run_crn-stream-manifest.json,run_crn-stream-manifest.json,7ea1ddb0e104570ef6122dd2535b8887ff0a7f1199555866ac483630fbbec98a,none
eval-heavy-policy-e1083,config/production/eval-heavy-policy-e1083/run_effective-config.json,run_effective-config.json,5e07f50668496f08490230449ea1cc7d25ce19779b88e4a9c41bd90f6a6838d4,"outputPrefix (storage destination, not simulation parameter)"
eval-heavy-policy-e1084,config/production/eval-heavy-policy-e1084/run_crn-stream-manifest.json,run_crn-stream-manifest.json,e7c1b65ce78dbf43f0c83e4a5e984ba695bd3b8ca26a75f8b33edce6e1ebdf0f,none
eval-heavy-policy-e1084,config/production/eval-heavy-policy-e1084/run_effective-config.json,run_effective-config.json,0f33f5324130347eb956eb36690ce8c48c0951b1422f2a32ca7dcd733fb4d299,"outputPrefix (storage destination, not simulation parameter)"
eval-heavy-policy-e1085,config/production/eval-heavy-policy-e1085/run_crn-stream-manifest.json,run_crn-stream-manifest.json,d8220e1ed4177328b2ab7e359278ce9a6f3b7dc880b139bdeff230f66960c6e1,none
eval-heavy-policy-e1085,config/production/eval-heavy-policy-e1085/run_effective-config.json,run_effective-config.json,0ceb25b31daa22c15bf92a596e4e0add28cdac6f86ddd9acff5071bfe53ab915,"outputPrefix (storage destination, not simulation parameter)"
eval-heavy-policy-e1086,config/production/eval-heavy-policy-e1086/run_crn-stream-manifest.json,run_crn-stream-manifest.json,789f954baa6030fca0d7211854adff9fb54e9d4fa0a347ca8d8aefae4c406539,none
eval-heavy-policy-e1086,config/production/eval-heavy-policy-e1086/run_effective-config.json,run_effective-config.json,55573fe3e097b30ee0b7415db4d4f705adbfe7816221aefc582049e125501d3c,"outputPrefix (storage destination, not simulation parameter)"
eval-heavy-policy-e1087,config/production/eval-heavy-policy-e1087/run_crn-stream-manifest.json,run_crn-stream-manifest.json,a6e2ae332fcee6d983ce654c37201575e963b8d8eb787e5c5186f33792e271dc,none
eval-heavy-policy-e1087,config/production/eval-heavy-policy-e1087/run_effective-config.json,run_effective-config.json,5935171312fa2e7efd478eac45e9fd24004ea1f476c52aa23be4da0da92c74f0,"outputPrefix (storage destination, not simulation parameter)"
eval-heavy-policy-e1088,config/production/eval-heavy-policy-e1088/run_crn-stream-manifest.json,run_crn-stream-manifest.json,3b7ce73bbe42e2ecbb87fb056cec4f825dc288e70d4082b1e5699bf1b500b8a2,none
eval-heavy-policy-e1088,config/production/eval-heavy-policy-e1088/run_effective-config.json,run_effective-config.json,f006883b76239c7cdfb8a8977328030890a7e4760d36c8decedb85c2291fa38f,"outputPrefix (storage destination, not simulation parameter)"
eval-low-fifo-e1001,config/production/eval-low-fifo-e1001/run_crn-stream-manifest.json,run_crn-stream-manifest.json,48c282be26ea2b70fe60349bf8e357b5e78ea23f8208c4dff385161c46919e39,none
eval-low-fifo-e1001,config/production/eval-low-fifo-e1001/run_effective-config.json,run_effective-config.json,72d8743f4f7748b8ed9e891eafbdee82010ff1b3bc66928e49a198df7c054eb9,"outputPrefix (storage destination, not simulation parameter)"
eval-low-fifo-e1002,config/production/eval-low-fifo-e1002/run_crn-stream-manifest.json,run_crn-stream-manifest.json,18f4b3b9e11fa5a14875b8ece9bd7d842a9b6e634ff2ff66bb784fa90415aad5,none
eval-low-fifo-e1002,config/production/eval-low-fifo-e1002/run_effective-config.json,run_effective-config.json,c82ac388347fcd54a193941822cba732d243f09bed84891b0c6e08653e59cb94,"outputPrefix (storage destination, not simulation parameter)"
eval-low-fifo-e1003,config/production/eval-low-fifo-e1003/run_crn-stream-manifest.json,run_crn-stream-manifest.json,ff8ae243e81de56467d901450839a49cc1dcd2a6699dc9614c4db3c1dec6a34b,none
eval-low-fifo-e1003,config/production/eval-low-fifo-e1003/run_effective-config.json,run_effective-config.json,92ff8680cd89a34834edc068c4fd324fb5aa1b2aa269c62a20b91cc3ee39bc4c,"outputPrefix (storage destination, not simulation parameter)"
eval-low-fifo-e1004,config/production/eval-low-fifo-e1004/run_crn-stream-manifest.json,run_crn-stream-manifest.json,8981404aacc1f2fff4143b0ed2d233280228d1e2e112cd413df549cb2a01f94b,none
eval-low-fifo-e1004,config/production/eval-low-fifo-e1004/run_effective-config.json,run_effective-config.json,6d401dcf4818ae63be2fdd8dd4b362f26483a2e317d3fa4b2867d49ab282d120,"outputPrefix (storage destination, not simulation parameter)"
eval-low-fifo-e1005,config/production/eval-low-fifo-e1005/run_crn-stream-manifest.json,run_crn-stream-manifest.json,89895982e3816962d15418249ed19ea87c1f2c109f69649bed176ddf8d06c7b1,none
eval-low-fifo-e1005,config/production/eval-low-fifo-e1005/run_effective-config.json,run_effective-config.json,6e173f5cf6f5561dd0b1aeb85cc4fb1498664c87e98dc7854e1d10aee0079bf2,"outputPrefix (storage destination, not simulation parameter)"
eval-low-fifo-e1006,config/production/eval-low-fifo-e1006/run_crn-stream-manifest.json,run_crn-stream-manifest.json,aca53411f92a610dbf83ec1bcec59eb525c81960409160fd564096810de394de,none
eval-low-fifo-e1006,config/production/eval-low-fifo-e1006/run_effective-config.json,run_effective-config.json,3e1582bb0257780dce9b2cd50695b252f30d576efcd702a13bccb63074038541,"outputPrefix (storage destination, not simulation parameter)"
eval-low-fifo-e1007,config/production/eval-low-fifo-e1007/run_crn-stream-manifest.json,run_crn-stream-manifest.json,5e26e2fc1214f3012e88b7e4462c1f2ef19ec70212b24d742514ceba80f7d189,none
eval-low-fifo-e1007,config/production/eval-low-fifo-e1007/run_effective-config.json,run_effective-config.json,2a2301f7ec7bcd7938221cfbe25659f3989a3ff1da8e2b679234396dbc67cd03,"outputPrefix (storage destination, not simulation parameter)"
eval-low-fifo-e1008,config/production/eval-low-fifo-e1008/run_crn-stream-manifest.json,run_crn-stream-manifest.json,ca89250e237c40ff838591612177ba29047f5b388993b8ada6a091c079fbaaa9,none
eval-low-fifo-e1008,config/production/eval-low-fifo-e1008/run_effective-config.json,run_effective-config.json,df62a1ebe26b9477b253cf576ad3f4927133634c4a6e3991555899b4ec037f94,"outputPrefix (storage destination, not simulation parameter)"
eval-low-fifo-e1009,config/production/eval-low-fifo-e1009/run_crn-stream-manifest.json,run_crn-stream-manifest.json,a46cb0e1e70ea43e142940ad3d7565e861aa021c13502cdd548adde05ce3e40b,none
eval-low-fifo-e1009,config/production/eval-low-fifo-e1009/run_effective-config.json,run_effective-config.json,1e2b0c2589486050862b5543cf65cd4a993c1a3e8fa43986a5b5254cb357c5ec,"outputPrefix (storage destination, not simulation parameter)"
eval-low-fifo-e1010,config/production/eval-low-fifo-e1010/run_crn-stream-manifest.json,run_crn-stream-manifest.json,4543a0ba65c75da260d4c247a4bb5c726150f42a302f6fb9d74e660200339d2e,none
eval-low-fifo-e1010,config/production/eval-low-fifo-e1010/run_effective-config.json,run_effective-config.json,da484f5a00d8bfb97977beb0e1ae02729d598f37a5c1783730fb5692a5825e06,"outputPrefix (storage destination, not simulation parameter)"
eval-low-fifo-e1011,config/production/eval-low-fifo-e1011/run_crn-stream-manifest.json,run_crn-stream-manifest.json,15d320a24a7530528c0c9b88f60fb07697eee432c80ba8d8c8d6c45bd349a43b,none
eval-low-fifo-e1011,config/production/eval-low-fifo-e1011/run_effective-config.json,run_effective-config.json,f21f49dd93635d142e28d3b75cd53287b64eb4067e6f253d285374dbdde0d550,"outputPrefix (storage destination, not simulation parameter)"
eval-low-fifo-e1012,config/production/eval-low-fifo-e1012/run_crn-stream-manifest.json,run_crn-stream-manifest.json,3e895bb82c218091cbe8f2cdbcc66415394ffaf48d16f55ec941014bb55cdbe4,none
eval-low-fifo-e1012,config/production/eval-low-fifo-e1012/run_effective-config.json,run_effective-config.json,7ba2aa252ffd6a16babaa0ef6af82a9eee63e3d77051db561fe201d823c71748,"outputPrefix (storage destination, not simulation parameter)"
eval-low-fifo-e1013,config/production/eval-low-fifo-e1013/run_crn-stream-manifest.json,run_crn-stream-manifest.json,4f18801535e40cf1531fc4c4ff15d27a66277743a345548b81af3fa64c0a8048,none
eval-low-fifo-e1013,config/production/eval-low-fifo-e1013/run_effective-config.json,run_effective-config.json,66b57088f433cf59bafb20e5fed431479fc2c6bd7cd44d1be25ef6fc5354a81c,"outputPrefix (storage destination, not simulation parameter)"
eval-low-fifo-e1014,config/production/eval-low-fifo-e1014/run_crn-stream-manifest.json,run_crn-stream-manifest.json,7c89c28fa50a03a24478b21a5b1459720c00a03958f3e86d411887973a386b6c,none
eval-low-fifo-e1014,config/production/eval-low-fifo-e1014/run_effective-config.json,run_effective-config.json,35be002336d61e1949b08d742d9f00d9d6503cda88f3006ddb0d76eebbd82505,"outputPrefix (storage destination, not simulation parameter)"
eval-low-fifo-e1015,config/production/eval-low-fifo-e1015/run_crn-stream-manifest.json,run_crn-stream-manifest.json,3d8712fc2a9c0d38b0e283d4b7694755d3e66e89e4acadbca160d37bc3fd4d7c,none
eval-low-fifo-e1015,config/production/eval-low-fifo-e1015/run_effective-config.json,run_effective-config.json,43f63688e8b282436af4c643eae2334793180902311c6c78bdf0ffd8e75a760e,"outputPrefix (storage destination, not simulation parameter)"
eval-low-fifo-e1016,config/production/eval-low-fifo-e1016/run_crn-stream-manifest.json,run_crn-stream-manifest.json,ca4441592fa48d615d8d6ba0cf65a79b29b4eba3394d82012251653529963b86,none
eval-low-fifo-e1016,config/production/eval-low-fifo-e1016/run_effective-config.json,run_effective-config.json,a762a5562b603703b744a6fe0fd3056b6947d8e6ff789346659ad7384e79fbba,"outputPrefix (storage destination, not simulation parameter)"
eval-low-fifo-e1017,config/production/eval-low-fifo-e1017/run_crn-stream-manifest.json,run_crn-stream-manifest.json,bb4fb606e8ad0444a045f2e480b535acab8904913f94c5cec4946014f40c661c,none
eval-low-fifo-e1017,config/production/eval-low-fifo-e1017/run_effective-config.json,run_effective-config.json,7cc48ea12b94679ff5d89058680a4bdad026d7aac178b5496c613fb262e8af0a,"outputPrefix (storage destination, not simulation parameter)"
eval-low-fifo-e1018,config/production/eval-low-fifo-e1018/run_crn-stream-manifest.json,run_crn-stream-manifest.json,1c4461cff48377f2f40121e71216a56146e08432eabff91860949add398edcd5,none
eval-low-fifo-e1018,config/production/eval-low-fifo-e1018/run_effective-config.json,run_effective-config.json,0bfe0d5768b2e399807dbbf1a52b0cff740086ea1c2d2b0cfe29b446954d0a30,"outputPrefix (storage destination, not simulation parameter)"
eval-low-fifo-e1019,config/production/eval-low-fifo-e1019/run_crn-stream-manifest.json,run_crn-stream-manifest.json,b412bec4921d8719c44cf8fd85f1a44b37d29facec7d708d7b367a02ba959977,none
eval-low-fifo-e1019,config/production/eval-low-fifo-e1019/run_effective-config.json,run_effective-config.json,722ce0be2e0511cdfe4578ee177a398f5425720e5a74bd70d367b7200fec3aa6,"outputPrefix (storage destination, not simulation parameter)"
eval-low-fifo-e1020,config/production/eval-low-fifo-e1020/run_crn-stream-manifest.json,run_crn-stream-manifest.json,c970659d13825b556f9ba136ca61e4950d9e9be532acc7e5b765d6abb32783dc,none
eval-low-fifo-e1020,config/production/eval-low-fifo-e1020/run_effective-config.json,run_effective-config.json,25cbf09fec37384121a5ecfc916255acb55d820a2a4248f338828de7e98c15d4,"outputPrefix (storage destination, not simulation parameter)"
eval-low-fifo-e1021,config/production/eval-low-fifo-e1021/run_crn-stream-manifest.json,run_crn-stream-manifest.json,5122fc6ef5a09089d71c1a1d796c3cc9cf3a6070158868a168b8ee4812d13a83,none
eval-low-fifo-e1021,config/production/eval-low-fifo-e1021/run_effective-config.json,run_effective-config.json,a6cf337f43d9ad4747c6a55090060c2f2788b399706c66ce1e4fa4fc62a79380,"outputPrefix (storage destination, not simulation parameter)"
eval-low-fifo-e1022,config/production/eval-low-fifo-e1022/run_crn-stream-manifest.json,run_crn-stream-manifest.json,47f784b8a2d39c942c2efe0dab0e056468f68475aff7100dece2ae844375bffe,none
eval-low-fifo-e1022,config/production/eval-low-fifo-e1022/run_effective-config.json,run_effective-config.json,933a59b56e4cc1c8afed557fe48fac1e924f166512040678cbfcec742cc33015,"outputPrefix (storage destination, not simulation parameter)"
eval-low-fifo-e1023,config/production/eval-low-fifo-e1023/run_crn-stream-manifest.json,run_crn-stream-manifest.json,27700b5082fc7972b4d87a040615e2e0b2019901a3f78ffa0176805e5d7e5edb,none
eval-low-fifo-e1023,config/production/eval-low-fifo-e1023/run_effective-config.json,run_effective-config.json,3a26652fafecc8f5e858b408af9a998e65f0372f02fe07e0cb08dd509f48f075,"outputPrefix (storage destination, not simulation parameter)"
eval-low-fifo-e1024,config/production/eval-low-fifo-e1024/run_crn-stream-manifest.json,run_crn-stream-manifest.json,171834f018e91436794814e93a1f62a547d0d8689fed5de7be9796c73a86d95e,none
eval-low-fifo-e1024,config/production/eval-low-fifo-e1024/run_effective-config.json,run_effective-config.json,ce04ce8ac57bab0db6e332df7be098b8b5945e02d42f1a5b0b4c3e5f7c0b12f6,"outputPrefix (storage destination, not simulation parameter)"
eval-low-fifo-e1025,config/production/eval-low-fifo-e1025/run_crn-stream-manifest.json,run_crn-stream-manifest.json,4e3a8305156bbfc4d77a2b28f216a05cd6bdf801a1456c37b18bb33ac1372421,none
eval-low-fifo-e1025,config/production/eval-low-fifo-e1025/run_effective-config.json,run_effective-config.json,648e16262298fc1740e915e5d1d202cf48704644f0af9c44cbc9800a6c53f023,"outputPrefix (storage destination, not simulation parameter)"
eval-low-fifo-e1026,config/production/eval-low-fifo-e1026/run_crn-stream-manifest.json,run_crn-stream-manifest.json,ebad4fb1d33e10b20a1f29e35b4431a38c93ecd6322312968f6a7c2069a9237c,none
eval-low-fifo-e1026,config/production/eval-low-fifo-e1026/run_effective-config.json,run_effective-config.json,4f1fe01a0cc339a79d04a5d085e210fbef2ecafe4cebf4df031c945106c3f140,"outputPrefix (storage destination, not simulation parameter)"
eval-low-fifo-e1027,config/production/eval-low-fifo-e1027/run_crn-stream-manifest.json,run_crn-stream-manifest.json,7e59748cf7932b18093fbdb7b98577212c7a920f33084ac5e79c362dda32d8a4,none
eval-low-fifo-e1027,config/production/eval-low-fifo-e1027/run_effective-config.json,run_effective-config.json,16c13d75d58c66f5119a265416efcbca6933359bfa55a2ce8ab7a89aa118c5a9,"outputPrefix (storage destination, not simulation parameter)"
eval-low-fifo-e1028,config/production/eval-low-fifo-e1028/run_crn-stream-manifest.json,run_crn-stream-manifest.json,6d86c8720bc2f557e8c9adbcc61e30808576a9a26c7a25a0029f4e87bcb03ecb,none
eval-low-fifo-e1028,config/production/eval-low-fifo-e1028/run_effective-config.json,run_effective-config.json,6eb93ddf9179846d75166491ca736a08925d0dea06602d4f5f55596a9405c599,"outputPrefix (storage destination, not simulation parameter)"
eval-low-fifo-e1029,config/production/eval-low-fifo-e1029/run_crn-stream-manifest.json,run_crn-stream-manifest.json,8f0218a18432b6dd46cbdf3be133bbc5dced48952610fa52dccbcb36cad4b67f,none
eval-low-fifo-e1029,config/production/eval-low-fifo-e1029/run_effective-config.json,run_effective-config.json,8c172d245f6998c3c961d3b9a919e382b47733293ccd4e2de0f596d33f763b36,"outputPrefix (storage destination, not simulation parameter)"
eval-low-fifo-e1030,config/production/eval-low-fifo-e1030/run_crn-stream-manifest.json,run_crn-stream-manifest.json,56bd1953e3c943d9bebf3b8ea152191bf8efeb4041f17cc69974a2d47c5ae03f,none
eval-low-fifo-e1030,config/production/eval-low-fifo-e1030/run_effective-config.json,run_effective-config.json,778bf998ea9df89db20c4ee2501d1df3d2a4a2e1f96a4d7308c1e9f9e0ca3ca2,"outputPrefix (storage destination, not simulation parameter)"
eval-low-fifo-e1031,config/production/eval-low-fifo-e1031/run_crn-stream-manifest.json,run_crn-stream-manifest.json,d047f380f70a826297db8112f9938bb15d0d9af9a98b597e3fa9a9fea224af8c,none
eval-low-fifo-e1031,config/production/eval-low-fifo-e1031/run_effective-config.json,run_effective-config.json,1e5e1877d7d8c2c83422a001add26de9fd3df67aafba4a0e4585a18ef9f5d288,"outputPrefix (storage destination, not simulation parameter)"
eval-low-fifo-e1032,config/production/eval-low-fifo-e1032/run_crn-stream-manifest.json,run_crn-stream-manifest.json,c96b7db753dcf2819f37b61361251715153aec36c7f0bc4ba33e48114d79853b,none
eval-low-fifo-e1032,config/production/eval-low-fifo-e1032/run_effective-config.json,run_effective-config.json,4f49a7346af6ea278bfeb94b0f2f5b4647488d5bb4b462b6d59e66542af0fb13,"outputPrefix (storage destination, not simulation parameter)"
eval-low-fifo-e1033,config/production/eval-low-fifo-e1033/run_crn-stream-manifest.json,run_crn-stream-manifest.json,d19caaf7a9c7b4575490a3145eb226729d208df7c838a3a5fcf544eac61b440e,none
eval-low-fifo-e1033,config/production/eval-low-fifo-e1033/run_effective-config.json,run_effective-config.json,ffa07390349ca42f2dd9ae4e3abee0208d147cb91df9e4970c920e334d08c1b9,"outputPrefix (storage destination, not simulation parameter)"
eval-low-fifo-e1034,config/production/eval-low-fifo-e1034/run_crn-stream-manifest.json,run_crn-stream-manifest.json,2eb345b4d8d882646cb82cd037dea4bac05cc770a34e0cfd1ba50d269c391cf3,none
eval-low-fifo-e1034,config/production/eval-low-fifo-e1034/run_effective-config.json,run_effective-config.json,73c26d15ac4aaee8d3f0caca45fc025094fefcb24d04d0001965fc318d84eff4,"outputPrefix (storage destination, not simulation parameter)"
eval-low-fifo-e1035,config/production/eval-low-fifo-e1035/run_crn-stream-manifest.json,run_crn-stream-manifest.json,aaf4c5e5f06e1e34b8c8d7a9028d3dd6107ad0129451ee4077e2021431b62836,none
eval-low-fifo-e1035,config/production/eval-low-fifo-e1035/run_effective-config.json,run_effective-config.json,f3786670e6fb97dc3188c21a375531a5cf0e7c9f551087eda92d6df16493b1cb,"outputPrefix (storage destination, not simulation parameter)"
eval-low-fifo-e1036,config/production/eval-low-fifo-e1036/run_crn-stream-manifest.json,run_crn-stream-manifest.json,7958b104048c19ed44b274e89d1cb0ed9dd6b05de586eef02209b3efd35ce325,none
eval-low-fifo-e1036,config/production/eval-low-fifo-e1036/run_effective-config.json,run_effective-config.json,f2f54544c3cd0d2bae8aaf9dd623b5edc0baf84ca070f4ca3eef86df93ca5556,"outputPrefix (storage destination, not simulation parameter)"
eval-low-fifo-e1037,config/production/eval-low-fifo-e1037/run_crn-stream-manifest.json,run_crn-stream-manifest.json,5e6121b838bb0351aff945ebf582bef0d974b14541900352fa03f3132e79c51e,none
eval-low-fifo-e1037,config/production/eval-low-fifo-e1037/run_effective-config.json,run_effective-config.json,68ec2bb62f5c39ee95ab03f0e7ddfdc100c0f8dd628b21e0be4d9488ee8d52e0,"outputPrefix (storage destination, not simulation parameter)"
eval-low-fifo-e1038,config/production/eval-low-fifo-e1038/run_crn-stream-manifest.json,run_crn-stream-manifest.json,a3ee1d9afabab70856248e825ad81db85d86420426a35e45f958d94a70833f84,none
eval-low-fifo-e1038,config/production/eval-low-fifo-e1038/run_effective-config.json,run_effective-config.json,813a476d89a7b0702ff84e4973df09c3775ee2aff1cf80c12d5a8f1c628378ac,"outputPrefix (storage destination, not simulation parameter)"
eval-low-fifo-e1039,config/production/eval-low-fifo-e1039/run_crn-stream-manifest.json,run_crn-stream-manifest.json,2ab9fb2034aef72816adaea11612ba72c9f76b6cd5b7c7a459668e22809c1b52,none
eval-low-fifo-e1039,config/production/eval-low-fifo-e1039/run_effective-config.json,run_effective-config.json,844bb80fb88fc1c737bf802631699791c1463a06fdd67ffe9785aed634b2359c,"outputPrefix (storage destination, not simulation parameter)"
eval-low-fifo-e1040,config/production/eval-low-fifo-e1040/run_crn-stream-manifest.json,run_crn-stream-manifest.json,c1ccb6e67318669eb3140ce8b9fdcf937993620b701d2b2b1ea4b68aac638c79,none
eval-low-fifo-e1040,config/production/eval-low-fifo-e1040/run_effective-config.json,run_effective-config.json,3607d2fb65de379af78248d1fd1ba30ee071f835f859f6e94eb848fe8641afa0,"outputPrefix (storage destination, not simulation parameter)"
eval-low-fifo-e1041,config/production/eval-low-fifo-e1041/run_crn-stream-manifest.json,run_crn-stream-manifest.json,f89ff085947b5dc9efa6eb3727c672d8819dec151ce7d3ba50bb069e7350bf47,none
eval-low-fifo-e1041,config/production/eval-low-fifo-e1041/run_effective-config.json,run_effective-config.json,0175ae37477faaa092378d25ad933981952f830ae4a21d74e067d00be0d35477,"outputPrefix (storage destination, not simulation parameter)"
eval-low-fifo-e1042,config/production/eval-low-fifo-e1042/run_crn-stream-manifest.json,run_crn-stream-manifest.json,684ca325e1db1fd6af919a326ed8984acdd1ac888aadebf77d0e730b3d77becc,none
eval-low-fifo-e1042,config/production/eval-low-fifo-e1042/run_effective-config.json,run_effective-config.json,d787db7b85f3564dbc31ce2f854d55efdc72978f12667fd8a94271eb1b01c4ac,"outputPrefix (storage destination, not simulation parameter)"
eval-low-fifo-e1043,config/production/eval-low-fifo-e1043/run_crn-stream-manifest.json,run_crn-stream-manifest.json,b0a0b1739b16963fd5dbe4250252b958a0554e0e0bdd324f1128218d2599e0a9,none
eval-low-fifo-e1043,config/production/eval-low-fifo-e1043/run_effective-config.json,run_effective-config.json,84b9ced5f8519cd4897c5dd393acad90954f254bf7d152873161f119fb711f53,"outputPrefix (storage destination, not simulation parameter)"
eval-low-fifo-e1044,config/production/eval-low-fifo-e1044/run_crn-stream-manifest.json,run_crn-stream-manifest.json,08bb5af06ea13ca9fc31b7842df76dfc3798a5946a83c303b0bafd72a3cdce5e,none
eval-low-fifo-e1044,config/production/eval-low-fifo-e1044/run_effective-config.json,run_effective-config.json,fb31b18817ceeaa396d8dd5de9d6eed232f5d07569340b189455d0b01cc61e77,"outputPrefix (storage destination, not simulation parameter)"
eval-low-fifo-e1045,config/production/eval-low-fifo-e1045/run_crn-stream-manifest.json,run_crn-stream-manifest.json,7889056557dc2074ebcaa7f9b35083e3c927b775d19cae5af046e09ce4bb6294,none
eval-low-fifo-e1045,config/production/eval-low-fifo-e1045/run_effective-config.json,run_effective-config.json,d8b82b0b055ee9a9c793a6cbf9ffa8c6ea91ccbe7c2e8bb6ed14765e9dc48bf7,"outputPrefix (storage destination, not simulation parameter)"
eval-low-fifo-e1046,config/production/eval-low-fifo-e1046/run_crn-stream-manifest.json,run_crn-stream-manifest.json,c960929b7f7309162b4db1136946cf3bc48efa4bd7229fe906b69c57ae4ee1ca,none
eval-low-fifo-e1046,config/production/eval-low-fifo-e1046/run_effective-config.json,run_effective-config.json,ac4ddcc1808a4ba1f51ba9b2acb8c2f9562c9bc86c3d21f5817a2944c98215e8,"outputPrefix (storage destination, not simulation parameter)"
eval-low-fifo-e1047,config/production/eval-low-fifo-e1047/run_crn-stream-manifest.json,run_crn-stream-manifest.json,721e38ef5282b5783c8ac2c344072b2745fe3b5f897c2f528084c27b5e3bf8bd,none
eval-low-fifo-e1047,config/production/eval-low-fifo-e1047/run_effective-config.json,run_effective-config.json,5b55b26d94f0fdc2b537203b765561b99f9e8736b627a2efc85ac185562cebc5,"outputPrefix (storage destination, not simulation parameter)"
eval-low-fifo-e1048,config/production/eval-low-fifo-e1048/run_crn-stream-manifest.json,run_crn-stream-manifest.json,d988035266b7b25f546f3e1a75d0600d1deeb1c7b01ed99ebe216851ac314a16,none
eval-low-fifo-e1048,config/production/eval-low-fifo-e1048/run_effective-config.json,run_effective-config.json,681baac76780762763f9d02f8679503e79207544c59d85cce0d78ea7f56a34b9,"outputPrefix (storage destination, not simulation parameter)"
eval-low-fifo-e1049,config/production/eval-low-fifo-e1049/run_crn-stream-manifest.json,run_crn-stream-manifest.json,b6972a194f821d9c8c2703a7cb4becd30ee5046bde95eeaf28eaa77167479e26,none
eval-low-fifo-e1049,config/production/eval-low-fifo-e1049/run_effective-config.json,run_effective-config.json,f898d76a73e80d88596831b02cad1be670f39ddf0dbfee1c8e419d33a6d09b94,"outputPrefix (storage destination, not simulation parameter)"
eval-low-fifo-e1050,config/production/eval-low-fifo-e1050/run_crn-stream-manifest.json,run_crn-stream-manifest.json,43f46debb28e9ece4288d130e64c2a1c682de13710cf370cd63d19623519bee9,none
eval-low-fifo-e1050,config/production/eval-low-fifo-e1050/run_effective-config.json,run_effective-config.json,11cf01224cd005a8441c579082094c7defd7c003f0421d8b7b33a39ae4d00f87,"outputPrefix (storage destination, not simulation parameter)"
eval-low-fifo-e1051,config/production/eval-low-fifo-e1051/run_crn-stream-manifest.json,run_crn-stream-manifest.json,6be1c0574cb7af7d0428efc1f76c064a92c578f5b9f8c3934eea182a294ed07f,none
eval-low-fifo-e1051,config/production/eval-low-fifo-e1051/run_effective-config.json,run_effective-config.json,f600098e64b11b655ca1d2e889e8cadddfa5a6ad95f03c6df61a859251d7872f,"outputPrefix (storage destination, not simulation parameter)"
eval-low-fifo-e1052,config/production/eval-low-fifo-e1052/run_crn-stream-manifest.json,run_crn-stream-manifest.json,4b259df8d1eede2b50322aa834f731f17f8706f5f1f5d16cb71aa28e25de6491,none
eval-low-fifo-e1052,config/production/eval-low-fifo-e1052/run_effective-config.json,run_effective-config.json,c292384b2da89c88a133e0206ff6cf6770db2678dce3397453e6734fe1c71752,"outputPrefix (storage destination, not simulation parameter)"
eval-low-fifo-e1053,config/production/eval-low-fifo-e1053/run_crn-stream-manifest.json,run_crn-stream-manifest.json,14002df94d07355c4323b4e602760af9c5904feb53b16b7aa6f68d374e1110ff,none
eval-low-fifo-e1053,config/production/eval-low-fifo-e1053/run_effective-config.json,run_effective-config.json,b1ced4fcc5c68c1181c71f529bd99e1567340ca65acb6eb52c3ffdae55164f9f,"outputPrefix (storage destination, not simulation parameter)"
eval-low-fifo-e1054,config/production/eval-low-fifo-e1054/run_crn-stream-manifest.json,run_crn-stream-manifest.json,2dd2e57fcbba189856fac3cb0f43203d4176546ef46ef1cbf6af304117eebdf8,none
eval-low-fifo-e1054,config/production/eval-low-fifo-e1054/run_effective-config.json,run_effective-config.json,9f620339cab974015718c5637b4dc3e4a5af81eaef4066d90df92d050e671fde,"outputPrefix (storage destination, not simulation parameter)"
eval-low-fifo-e1055,config/production/eval-low-fifo-e1055/run_crn-stream-manifest.json,run_crn-stream-manifest.json,beef42aaa857d190b45036324e05772020969080251af5f49e3ad4e98dfa641f,none
eval-low-fifo-e1055,config/production/eval-low-fifo-e1055/run_effective-config.json,run_effective-config.json,faa5374e4e31877f009ac820c76570201ee528e211298690203ed25cbd0201c0,"outputPrefix (storage destination, not simulation parameter)"
eval-low-fifo-e1056,config/production/eval-low-fifo-e1056/run_crn-stream-manifest.json,run_crn-stream-manifest.json,1b0ddc76b9f06f31153993bfa1e045113f822a9467250cd185890223397b1933,none
eval-low-fifo-e1056,config/production/eval-low-fifo-e1056/run_effective-config.json,run_effective-config.json,8fff771b6e50056eeb95c7a0ced161674a4fc5dbc93b9c02a84ac6c6c71177f6,"outputPrefix (storage destination, not simulation parameter)"
eval-low-fifo-e1057,config/production/eval-low-fifo-e1057/run_crn-stream-manifest.json,run_crn-stream-manifest.json,b8ade117c52789645f4d98ead579d861d8532e18883f8c3db63005b65dc93ffd,none
eval-low-fifo-e1057,config/production/eval-low-fifo-e1057/run_effective-config.json,run_effective-config.json,f8e9f69f5c1615a7fbfa8f5b834ff985b2be128d959358319171e73cae97e586,"outputPrefix (storage destination, not simulation parameter)"
eval-low-fifo-e1058,config/production/eval-low-fifo-e1058/run_crn-stream-manifest.json,run_crn-stream-manifest.json,9be28de538a8c5d0b9a791df2a5ca171681f46f211e3d82e237a494753b4592d,none
eval-low-fifo-e1058,config/production/eval-low-fifo-e1058/run_effective-config.json,run_effective-config.json,0b07507b369f30865162df48a8230ec911d4f7eb09f83d4dd91bfd057584c2fd,"outputPrefix (storage destination, not simulation parameter)"
eval-low-fifo-e1059,config/production/eval-low-fifo-e1059/run_crn-stream-manifest.json,run_crn-stream-manifest.json,ebdfc37e7bfc1d9cd437fe187f2253dad7421b3cb72fc5088954af7a254beba3,none
eval-low-fifo-e1059,config/production/eval-low-fifo-e1059/run_effective-config.json,run_effective-config.json,7523217385e6eda17b4db1ec0885f2a743f7728e3db933a875cfaf14ef53ab79,"outputPrefix (storage destination, not simulation parameter)"
eval-low-fifo-e1060,config/production/eval-low-fifo-e1060/run_crn-stream-manifest.json,run_crn-stream-manifest.json,ded9db1a06bacf0fe02190508957bc5ed6e03c2dbd63ead45cff1765cc78e8f0,none
eval-low-fifo-e1060,config/production/eval-low-fifo-e1060/run_effective-config.json,run_effective-config.json,6b47cfbd667aae4362cc7f95e504079a2f79cfd11ac317a586da7851b4436573,"outputPrefix (storage destination, not simulation parameter)"
eval-low-fifo-e1061,config/production/eval-low-fifo-e1061/run_crn-stream-manifest.json,run_crn-stream-manifest.json,e60c0ebb8fdde91f2c3f80540124626fc1ea3cd7a33885ea67ee99b1a43a2754,none
eval-low-fifo-e1061,config/production/eval-low-fifo-e1061/run_effective-config.json,run_effective-config.json,e2822da380d990c7baadc1f6d636881a862a9fb303c322b6a51eb7f8fc380954,"outputPrefix (storage destination, not simulation parameter)"
eval-low-fifo-e1062,config/production/eval-low-fifo-e1062/run_crn-stream-manifest.json,run_crn-stream-manifest.json,c8d21c6307817560a3f63ead894ef43508282680c4362542760f210294c888dd,none
eval-low-fifo-e1062,config/production/eval-low-fifo-e1062/run_effective-config.json,run_effective-config.json,6c2a9efe568a2ef2b35fbed50a2ad943be7115e7b57aa82a0549f69d7114f5e4,"outputPrefix (storage destination, not simulation parameter)"
eval-low-fifo-e1063,config/production/eval-low-fifo-e1063/run_crn-stream-manifest.json,run_crn-stream-manifest.json,e34bb8d75fe12ad0e01fcbdd529f00f2837238f6d04ef47d0796abab706d35b9,none
eval-low-fifo-e1063,config/production/eval-low-fifo-e1063/run_effective-config.json,run_effective-config.json,76e9ceeac2e92aa67e703e057abff8bc94a11198eb76f2fc4f5b378b3090f59d,"outputPrefix (storage destination, not simulation parameter)"
eval-low-fifo-e1064,config/production/eval-low-fifo-e1064/run_crn-stream-manifest.json,run_crn-stream-manifest.json,137c9962a46e584f5e4ba77ecb98f2413d6bf510c01a2a12c07cd97b63a69174,none
eval-low-fifo-e1064,config/production/eval-low-fifo-e1064/run_effective-config.json,run_effective-config.json,f78b32e7a6ea828edea16bddf1bd0d641e654d33b49bb744c058425dbc07b5ad,"outputPrefix (storage destination, not simulation parameter)"
eval-low-fifo-e1065,config/production/eval-low-fifo-e1065/run_crn-stream-manifest.json,run_crn-stream-manifest.json,4a651099a3f64b9afe7c6ddea135817f7116ecb24db8fbbfb85a20ef3bc6f907,none
eval-low-fifo-e1065,config/production/eval-low-fifo-e1065/run_effective-config.json,run_effective-config.json,6b77cf4a98c54c87204885e87d2edb476dbd207fcf55a2de0d41fd8ace950523,"outputPrefix (storage destination, not simulation parameter)"
eval-low-fifo-e1066,config/production/eval-low-fifo-e1066/run_crn-stream-manifest.json,run_crn-stream-manifest.json,c11dae7a3de01165b620efee2638f9c8f8b90639237780696f67ac2da73021b8,none
eval-low-fifo-e1066,config/production/eval-low-fifo-e1066/run_effective-config.json,run_effective-config.json,1c7bb122643cc7425495338d2ee3daed5f80f0fab126a5160ebb392b7986fb63,"outputPrefix (storage destination, not simulation parameter)"
eval-low-fifo-e1067,config/production/eval-low-fifo-e1067/run_crn-stream-manifest.json,run_crn-stream-manifest.json,93bb3ce7a1da0374b089df98f6c173a6e7be01ce6c9bc556bceaaa2c6cfc81e4,none
eval-low-fifo-e1067,config/production/eval-low-fifo-e1067/run_effective-config.json,run_effective-config.json,ee400d9b85d94f64f7e5c31eb87277b506e3d28819e90d25ca5d8796283762e2,"outputPrefix (storage destination, not simulation parameter)"
eval-low-fifo-e1068,config/production/eval-low-fifo-e1068/run_crn-stream-manifest.json,run_crn-stream-manifest.json,5c117f34b385a28c0f942334e8a6a4a1e1d566604662e57c188ee3ef14f0512b,none
eval-low-fifo-e1068,config/production/eval-low-fifo-e1068/run_effective-config.json,run_effective-config.json,10d2f3d8c0d232cb94c2255b2f81dd3c71b2cf038f296ece8e3ff2ef1f5dfa26,"outputPrefix (storage destination, not simulation parameter)"
eval-low-fifo-e1069,config/production/eval-low-fifo-e1069/run_crn-stream-manifest.json,run_crn-stream-manifest.json,d9a9bb3ca92c9b7c4e0b2774861506bb48b0028f80dc6449e93115082c70ee8e,none
eval-low-fifo-e1069,config/production/eval-low-fifo-e1069/run_effective-config.json,run_effective-config.json,a17691ae52cd864c539f015b13d89e12e1622b8f7b79b917bd0159ea140dba35,"outputPrefix (storage destination, not simulation parameter)"
eval-low-fifo-e1070,config/production/eval-low-fifo-e1070/run_crn-stream-manifest.json,run_crn-stream-manifest.json,10c9677419ed88a9d1cc8700f80dbae179cf1254b98d9de5ec84f49d5d6ec753,none
eval-low-fifo-e1070,config/production/eval-low-fifo-e1070/run_effective-config.json,run_effective-config.json,36d29453fd757fbd58e3c43dcdbb531aded4ca7980743d593fd8815ed1291167,"outputPrefix (storage destination, not simulation parameter)"
eval-low-fifo-e1071,config/production/eval-low-fifo-e1071/run_crn-stream-manifest.json,run_crn-stream-manifest.json,128782b6f1e4a1346c0caabbad2508e7c6fdb03dd74897521803d5f42363cc70,none
eval-low-fifo-e1071,config/production/eval-low-fifo-e1071/run_effective-config.json,run_effective-config.json,11b9ba1ed34ecb9da781ad261695282d513af434f5193ae3a8deb310a4887139,"outputPrefix (storage destination, not simulation parameter)"
eval-low-fifo-e1072,config/production/eval-low-fifo-e1072/run_crn-stream-manifest.json,run_crn-stream-manifest.json,6bdd0116906ce400b4ae71322b8ad232eae5c196d61128cb414c82271279f0e0,none
eval-low-fifo-e1072,config/production/eval-low-fifo-e1072/run_effective-config.json,run_effective-config.json,b238858a0cd6e7a02a5939637b92d355ae990d1a417ff5c32a8c43267d61851d,"outputPrefix (storage destination, not simulation parameter)"
eval-low-fifo-e1073,config/production/eval-low-fifo-e1073/run_crn-stream-manifest.json,run_crn-stream-manifest.json,727ed29c915fe6bbe08b65e7850962414ab6f558acc1c8efeed4077f18df574b,none
eval-low-fifo-e1073,config/production/eval-low-fifo-e1073/run_effective-config.json,run_effective-config.json,d172fd2a5634cbc69ec1945e3b677669f7c1639e97987e5e0dbb1912a246b635,"outputPrefix (storage destination, not simulation parameter)"
eval-low-fifo-e1074,config/production/eval-low-fifo-e1074/run_crn-stream-manifest.json,run_crn-stream-manifest.json,4e3955bd45a3d146033d50df346b8aa14846179377cb57cc18c796d6513898b6,none
eval-low-fifo-e1074,config/production/eval-low-fifo-e1074/run_effective-config.json,run_effective-config.json,e5519aea1ef4788fe8ffa160d642cf1ca254b5a91c873d4ac0ae41e5dd258342,"outputPrefix (storage destination, not simulation parameter)"
eval-low-fifo-e1075,config/production/eval-low-fifo-e1075/run_crn-stream-manifest.json,run_crn-stream-manifest.json,e42af2cc6d10dbb3e0ede6aca6a1399fa148b15fc054a8c9c54bdb49203b2860,none
eval-low-fifo-e1075,config/production/eval-low-fifo-e1075/run_effective-config.json,run_effective-config.json,9e8839b1c8c36452604d06dab102228696c66e51a4e1c7e5659a8be94877205e,"outputPrefix (storage destination, not simulation parameter)"
eval-low-fifo-e1076,config/production/eval-low-fifo-e1076/run_crn-stream-manifest.json,run_crn-stream-manifest.json,99081c9f7be88a81066dcc0d9c0b3bc2bd9b27388797e5af4201dcfb548b4085,none
eval-low-fifo-e1076,config/production/eval-low-fifo-e1076/run_effective-config.json,run_effective-config.json,7656ed7377a804ded57af0319b069fceccdc668935c30ee4e41aca0f33fec296,"outputPrefix (storage destination, not simulation parameter)"
eval-low-fifo-e1077,config/production/eval-low-fifo-e1077/run_crn-stream-manifest.json,run_crn-stream-manifest.json,208f2fda231fb5422c1485f5c01f0c02fa0a3b17eac0e1c359e987e93312e1ce,none
eval-low-fifo-e1077,config/production/eval-low-fifo-e1077/run_effective-config.json,run_effective-config.json,3e97462a0cb444c0ad5411a361fabf7dae294d534bc8376967e43cc56db595ac,"outputPrefix (storage destination, not simulation parameter)"
eval-low-fifo-e1078,config/production/eval-low-fifo-e1078/run_crn-stream-manifest.json,run_crn-stream-manifest.json,a124bc6b29ca488c94c755edba3c465410bcd41b2deec8fce8b849e9b7aed8ff,none
eval-low-fifo-e1078,config/production/eval-low-fifo-e1078/run_effective-config.json,run_effective-config.json,020a191af624058e1e69b797c18d5c94d921b7eeff3e5e8975191e0da71440e2,"outputPrefix (storage destination, not simulation parameter)"
eval-low-fifo-e1079,config/production/eval-low-fifo-e1079/run_crn-stream-manifest.json,run_crn-stream-manifest.json,d05aa15be1236f098f6c8b4bc7a1358ae15776c0017faa40a0b6ef95d7068f3e,none
eval-low-fifo-e1079,config/production/eval-low-fifo-e1079/run_effective-config.json,run_effective-config.json,6d21b5ccb8c0c74445278384ef1f09ff79d1809917133b805a02915436735443,"outputPrefix (storage destination, not simulation parameter)"
eval-low-fifo-e1080,config/production/eval-low-fifo-e1080/run_crn-stream-manifest.json,run_crn-stream-manifest.json,4cb4a432673cf424eaa0fc3efa08892bb8856f5128daa8090fdd27d09271ebed,none
eval-low-fifo-e1080,config/production/eval-low-fifo-e1080/run_effective-config.json,run_effective-config.json,ee67f8dec714401bfc84c21c01dc19b5578e8098be71f7f2d3dda627186c00f7,"outputPrefix (storage destination, not simulation parameter)"
eval-low-fifo-e1081,config/production/eval-low-fifo-e1081/run_crn-stream-manifest.json,run_crn-stream-manifest.json,6a1fe93d3a24957190cbb2a3461fc0cc228803143603e6edfaedff6d79504a4b,none
eval-low-fifo-e1081,config/production/eval-low-fifo-e1081/run_effective-config.json,run_effective-config.json,e6ef3b3d9b8366bdedae381f537cacb9c4a693be71d37b9e00112a6e65764e46,"outputPrefix (storage destination, not simulation parameter)"
eval-low-fifo-e1082,config/production/eval-low-fifo-e1082/run_crn-stream-manifest.json,run_crn-stream-manifest.json,403e69090d1cbaaba5c0983263d72c7a7c87f25eda1b66f8e5a5198a3a7975a9,none
eval-low-fifo-e1082,config/production/eval-low-fifo-e1082/run_effective-config.json,run_effective-config.json,b64ae9ba84af30865fd18c5eaa0fbddec5ca339c088cadb9850b739f78d40c7a,"outputPrefix (storage destination, not simulation parameter)"
eval-low-fifo-e1083,config/production/eval-low-fifo-e1083/run_crn-stream-manifest.json,run_crn-stream-manifest.json,7ea1ddb0e104570ef6122dd2535b8887ff0a7f1199555866ac483630fbbec98a,none
eval-low-fifo-e1083,config/production/eval-low-fifo-e1083/run_effective-config.json,run_effective-config.json,e9d7737d19b557502b56cfa4834004c1260174c5af406ec7549cddd51ffe15b6,"outputPrefix (storage destination, not simulation parameter)"
eval-low-fifo-e1084,config/production/eval-low-fifo-e1084/run_crn-stream-manifest.json,run_crn-stream-manifest.json,e7c1b65ce78dbf43f0c83e4a5e984ba695bd3b8ca26a75f8b33edce6e1ebdf0f,none
eval-low-fifo-e1084,config/production/eval-low-fifo-e1084/run_effective-config.json,run_effective-config.json,a8b5c755b72fbbdbf13d2e90c1c4ccee074051828e7d49b9f0b05b57639510e1,"outputPrefix (storage destination, not simulation parameter)"
eval-low-fifo-e1085,config/production/eval-low-fifo-e1085/run_crn-stream-manifest.json,run_crn-stream-manifest.json,d8220e1ed4177328b2ab7e359278ce9a6f3b7dc880b139bdeff230f66960c6e1,none
eval-low-fifo-e1085,config/production/eval-low-fifo-e1085/run_effective-config.json,run_effective-config.json,dea2dc73d8ea55d64a9715b3653be9e4664e38f5943108786a2254ab628b5ebc,"outputPrefix (storage destination, not simulation parameter)"
eval-low-fifo-e1086,config/production/eval-low-fifo-e1086/run_crn-stream-manifest.json,run_crn-stream-manifest.json,789f954baa6030fca0d7211854adff9fb54e9d4fa0a347ca8d8aefae4c406539,none
eval-low-fifo-e1086,config/production/eval-low-fifo-e1086/run_effective-config.json,run_effective-config.json,b68ddfa29c7e216b54fdacbe60a66fed0ab9b3779eead1743e944f41d83612c5,"outputPrefix (storage destination, not simulation parameter)"
eval-low-fifo-e1087,config/production/eval-low-fifo-e1087/run_crn-stream-manifest.json,run_crn-stream-manifest.json,a6e2ae332fcee6d983ce654c37201575e963b8d8eb787e5c5186f33792e271dc,none
eval-low-fifo-e1087,config/production/eval-low-fifo-e1087/run_effective-config.json,run_effective-config.json,22a9e8beeca8de5784fdba96aaaf32068a36e5bfad5e963995ca0d4b4008c897,"outputPrefix (storage destination, not simulation parameter)"
eval-low-fifo-e1088,config/production/eval-low-fifo-e1088/run_crn-stream-manifest.json,run_crn-stream-manifest.json,3b7ce73bbe42e2ecbb87fb056cec4f825dc288e70d4082b1e5699bf1b500b8a2,none
eval-low-fifo-e1088,config/production/eval-low-fifo-e1088/run_effective-config.json,run_effective-config.json,7fbafbba72f649323df31090d7d0e592e3bac742b6b938e9f9f59ef525b4fcc2,"outputPrefix (storage destination, not simulation parameter)"
eval-low-policy-e1001,config/production/eval-low-policy-e1001/run_crn-stream-manifest.json,run_crn-stream-manifest.json,48c282be26ea2b70fe60349bf8e357b5e78ea23f8208c4dff385161c46919e39,none
eval-low-policy-e1001,config/production/eval-low-policy-e1001/run_effective-config.json,run_effective-config.json,d28946560f0b0439d9fd215dced03177a970c2c9c6e12aebfdbcf66ec112a889,"outputPrefix (storage destination, not simulation parameter)"
eval-low-policy-e1002,config/production/eval-low-policy-e1002/run_crn-stream-manifest.json,run_crn-stream-manifest.json,18f4b3b9e11fa5a14875b8ece9bd7d842a9b6e634ff2ff66bb784fa90415aad5,none
eval-low-policy-e1002,config/production/eval-low-policy-e1002/run_effective-config.json,run_effective-config.json,42045138ab2c014ea5b0ade620763812d4ab3b52cab72bf3e96035a6c709cb7d,"outputPrefix (storage destination, not simulation parameter)"
eval-low-policy-e1003,config/production/eval-low-policy-e1003/run_crn-stream-manifest.json,run_crn-stream-manifest.json,ff8ae243e81de56467d901450839a49cc1dcd2a6699dc9614c4db3c1dec6a34b,none
eval-low-policy-e1003,config/production/eval-low-policy-e1003/run_effective-config.json,run_effective-config.json,2710c5699aeac369746d717166c4bc343f3f7d4578a0f1b7c8ffc53e394a0dec,"outputPrefix (storage destination, not simulation parameter)"
eval-low-policy-e1004,config/production/eval-low-policy-e1004/run_crn-stream-manifest.json,run_crn-stream-manifest.json,8981404aacc1f2fff4143b0ed2d233280228d1e2e112cd413df549cb2a01f94b,none
eval-low-policy-e1004,config/production/eval-low-policy-e1004/run_effective-config.json,run_effective-config.json,c17c59de2e2e7f952ef617d363f0955135fc0daf589f883244d6036aca949625,"outputPrefix (storage destination, not simulation parameter)"
eval-low-policy-e1005,config/production/eval-low-policy-e1005/run_crn-stream-manifest.json,run_crn-stream-manifest.json,89895982e3816962d15418249ed19ea87c1f2c109f69649bed176ddf8d06c7b1,none
eval-low-policy-e1005,config/production/eval-low-policy-e1005/run_effective-config.json,run_effective-config.json,7bfca43a900873ff95155b094eda8f2ce0652cb7d78a5978f3953f8c17a7e197,"outputPrefix (storage destination, not simulation parameter)"
eval-low-policy-e1006,config/production/eval-low-policy-e1006/run_crn-stream-manifest.json,run_crn-stream-manifest.json,aca53411f92a610dbf83ec1bcec59eb525c81960409160fd564096810de394de,none
eval-low-policy-e1006,config/production/eval-low-policy-e1006/run_effective-config.json,run_effective-config.json,de5c8905714d2b313e24dce40ba808a17120b2b8474cb8c164a06b2625a5a7f8,"outputPrefix (storage destination, not simulation parameter)"
eval-low-policy-e1007,config/production/eval-low-policy-e1007/run_crn-stream-manifest.json,run_crn-stream-manifest.json,5e26e2fc1214f3012e88b7e4462c1f2ef19ec70212b24d742514ceba80f7d189,none
eval-low-policy-e1007,config/production/eval-low-policy-e1007/run_effective-config.json,run_effective-config.json,6a898ec2b7a20612d86a089f58c2530ee023efe63a9e711392af275c7a07e60b,"outputPrefix (storage destination, not simulation parameter)"
eval-low-policy-e1008,config/production/eval-low-policy-e1008/run_crn-stream-manifest.json,run_crn-stream-manifest.json,ca89250e237c40ff838591612177ba29047f5b388993b8ada6a091c079fbaaa9,none
eval-low-policy-e1008,config/production/eval-low-policy-e1008/run_effective-config.json,run_effective-config.json,5285ed32a0c02969c928e9defce3b96d25b4798ca416f7c1b4c02abc5f6ae34d,"outputPrefix (storage destination, not simulation parameter)"
eval-low-policy-e1009,config/production/eval-low-policy-e1009/run_crn-stream-manifest.json,run_crn-stream-manifest.json,a46cb0e1e70ea43e142940ad3d7565e861aa021c13502cdd548adde05ce3e40b,none
eval-low-policy-e1009,config/production/eval-low-policy-e1009/run_effective-config.json,run_effective-config.json,077f93f4a0acb50fa831a00b375cde3f02ff3b59daca8e6a862c5b555c8439ae,"outputPrefix (storage destination, not simulation parameter)"
eval-low-policy-e1010,config/production/eval-low-policy-e1010/run_crn-stream-manifest.json,run_crn-stream-manifest.json,4543a0ba65c75da260d4c247a4bb5c726150f42a302f6fb9d74e660200339d2e,none
eval-low-policy-e1010,config/production/eval-low-policy-e1010/run_effective-config.json,run_effective-config.json,5178b195b6fdab760dc14d7e2b13b5a91ee1be75ee2708cc8dd3dc1acbb756ba,"outputPrefix (storage destination, not simulation parameter)"
eval-low-policy-e1011,config/production/eval-low-policy-e1011/run_crn-stream-manifest.json,run_crn-stream-manifest.json,15d320a24a7530528c0c9b88f60fb07697eee432c80ba8d8c8d6c45bd349a43b,none
eval-low-policy-e1011,config/production/eval-low-policy-e1011/run_effective-config.json,run_effective-config.json,941b19759e36f87ea2c1687fbbe90e1b50463cbb5eb115202d87417367c66d57,"outputPrefix (storage destination, not simulation parameter)"
eval-low-policy-e1012,config/production/eval-low-policy-e1012/run_crn-stream-manifest.json,run_crn-stream-manifest.json,3e895bb82c218091cbe8f2cdbcc66415394ffaf48d16f55ec941014bb55cdbe4,none
eval-low-policy-e1012,config/production/eval-low-policy-e1012/run_effective-config.json,run_effective-config.json,4d6a7beb49c66211a21de06d2f8938010995523a9052bbf53450d5c35c333b5c,"outputPrefix (storage destination, not simulation parameter)"
eval-low-policy-e1013,config/production/eval-low-policy-e1013/run_crn-stream-manifest.json,run_crn-stream-manifest.json,4f18801535e40cf1531fc4c4ff15d27a66277743a345548b81af3fa64c0a8048,none
eval-low-policy-e1013,config/production/eval-low-policy-e1013/run_effective-config.json,run_effective-config.json,9132301df3504dabef0af9df62527e072d91c46c8d1726124c7e5acf8025f1a8,"outputPrefix (storage destination, not simulation parameter)"
eval-low-policy-e1014,config/production/eval-low-policy-e1014/run_crn-stream-manifest.json,run_crn-stream-manifest.json,7c89c28fa50a03a24478b21a5b1459720c00a03958f3e86d411887973a386b6c,none
eval-low-policy-e1014,config/production/eval-low-policy-e1014/run_effective-config.json,run_effective-config.json,d4dabaad3aa7269a9361229aaf6fc8cf5e1f940705370618b6628743899b8ca9,"outputPrefix (storage destination, not simulation parameter)"
eval-low-policy-e1015,config/production/eval-low-policy-e1015/run_crn-stream-manifest.json,run_crn-stream-manifest.json,3d8712fc2a9c0d38b0e283d4b7694755d3e66e89e4acadbca160d37bc3fd4d7c,none
eval-low-policy-e1015,config/production/eval-low-policy-e1015/run_effective-config.json,run_effective-config.json,6a9de5227abcbb0f0471a76ca95be6ddf8f226db07a9274c934ac6f51f88b166,"outputPrefix (storage destination, not simulation parameter)"
eval-low-policy-e1016,config/production/eval-low-policy-e1016/run_crn-stream-manifest.json,run_crn-stream-manifest.json,ca4441592fa48d615d8d6ba0cf65a79b29b4eba3394d82012251653529963b86,none
eval-low-policy-e1016,config/production/eval-low-policy-e1016/run_effective-config.json,run_effective-config.json,032290b71414f074e824835b4495cff46b1c647f5b6d7e01bb73d55c1da2f4f3,"outputPrefix (storage destination, not simulation parameter)"
eval-low-policy-e1017,config/production/eval-low-policy-e1017/run_crn-stream-manifest.json,run_crn-stream-manifest.json,bb4fb606e8ad0444a045f2e480b535acab8904913f94c5cec4946014f40c661c,none
eval-low-policy-e1017,config/production/eval-low-policy-e1017/run_effective-config.json,run_effective-config.json,3a126128f0d3896a980f8c7f1f5e54a94742a9632156c959453d74a1382b6a38,"outputPrefix (storage destination, not simulation parameter)"
eval-low-policy-e1018,config/production/eval-low-policy-e1018/run_crn-stream-manifest.json,run_crn-stream-manifest.json,1c4461cff48377f2f40121e71216a56146e08432eabff91860949add398edcd5,none
eval-low-policy-e1018,config/production/eval-low-policy-e1018/run_effective-config.json,run_effective-config.json,34d0564e5f5c60a973c6c45bfdef7902285d00c2633a0e762a4560c47d7d2520,"outputPrefix (storage destination, not simulation parameter)"
eval-low-policy-e1019,config/production/eval-low-policy-e1019/run_crn-stream-manifest.json,run_crn-stream-manifest.json,b412bec4921d8719c44cf8fd85f1a44b37d29facec7d708d7b367a02ba959977,none
eval-low-policy-e1019,config/production/eval-low-policy-e1019/run_effective-config.json,run_effective-config.json,7e82352319bfcbdd5dd3b955ecfa1ae970c93b701513b272aa97e1af2d80ef8b,"outputPrefix (storage destination, not simulation parameter)"
eval-low-policy-e1020,config/production/eval-low-policy-e1020/run_crn-stream-manifest.json,run_crn-stream-manifest.json,c970659d13825b556f9ba136ca61e4950d9e9be532acc7e5b765d6abb32783dc,none
eval-low-policy-e1020,config/production/eval-low-policy-e1020/run_effective-config.json,run_effective-config.json,1f12daa98cf5c005a7c42bdc8e96965eed8508b2041570d0a4c25a16f5315634,"outputPrefix (storage destination, not simulation parameter)"
eval-low-policy-e1021,config/production/eval-low-policy-e1021/run_crn-stream-manifest.json,run_crn-stream-manifest.json,5122fc6ef5a09089d71c1a1d796c3cc9cf3a6070158868a168b8ee4812d13a83,none
eval-low-policy-e1021,config/production/eval-low-policy-e1021/run_effective-config.json,run_effective-config.json,0789c2d9377f5f20246e37ad06b186fb7c64cccbd2073af691c232e1cc1dbb77,"outputPrefix (storage destination, not simulation parameter)"
eval-low-policy-e1022,config/production/eval-low-policy-e1022/run_crn-stream-manifest.json,run_crn-stream-manifest.json,47f784b8a2d39c942c2efe0dab0e056468f68475aff7100dece2ae844375bffe,none
eval-low-policy-e1022,config/production/eval-low-policy-e1022/run_effective-config.json,run_effective-config.json,7b951b9e938cc5cd0585f5e73e3eafb54d503a3f9de064cf149b56528c1ee4b3,"outputPrefix (storage destination, not simulation parameter)"
eval-low-policy-e1023,config/production/eval-low-policy-e1023/run_crn-stream-manifest.json,run_crn-stream-manifest.json,27700b5082fc7972b4d87a040615e2e0b2019901a3f78ffa0176805e5d7e5edb,none
eval-low-policy-e1023,config/production/eval-low-policy-e1023/run_effective-config.json,run_effective-config.json,87d67af687ccc718c872997a5a04a1c0bd22a4e2d09f20e1e0adf214f121587e,"outputPrefix (storage destination, not simulation parameter)"
eval-low-policy-e1024,config/production/eval-low-policy-e1024/run_crn-stream-manifest.json,run_crn-stream-manifest.json,171834f018e91436794814e93a1f62a547d0d8689fed5de7be9796c73a86d95e,none
eval-low-policy-e1024,config/production/eval-low-policy-e1024/run_effective-config.json,run_effective-config.json,3462ed68a55a1129b9f6fd1917a45710f23635d8d9e2f73c4f33a8c781efe3a9,"outputPrefix (storage destination, not simulation parameter)"
eval-low-policy-e1025,config/production/eval-low-policy-e1025/run_crn-stream-manifest.json,run_crn-stream-manifest.json,4e3a8305156bbfc4d77a2b28f216a05cd6bdf801a1456c37b18bb33ac1372421,none
eval-low-policy-e1025,config/production/eval-low-policy-e1025/run_effective-config.json,run_effective-config.json,7e663a918140522d45a1efda7b29e6d3571a5658e69339f082e193b297612923,"outputPrefix (storage destination, not simulation parameter)"
eval-low-policy-e1026,config/production/eval-low-policy-e1026/run_crn-stream-manifest.json,run_crn-stream-manifest.json,ebad4fb1d33e10b20a1f29e35b4431a38c93ecd6322312968f6a7c2069a9237c,none
eval-low-policy-e1026,config/production/eval-low-policy-e1026/run_effective-config.json,run_effective-config.json,a738d3a16dfa0a25e51da5ca17ce55de3a719de1260ab3fe40ce12daef885528,"outputPrefix (storage destination, not simulation parameter)"
eval-low-policy-e1027,config/production/eval-low-policy-e1027/run_crn-stream-manifest.json,run_crn-stream-manifest.json,7e59748cf7932b18093fbdb7b98577212c7a920f33084ac5e79c362dda32d8a4,none
eval-low-policy-e1027,config/production/eval-low-policy-e1027/run_effective-config.json,run_effective-config.json,d1fd28da05c937006a2a938b94a8fbb69e7f82a01b511ae649c86455919ad32f,"outputPrefix (storage destination, not simulation parameter)"
eval-low-policy-e1028,config/production/eval-low-policy-e1028/run_crn-stream-manifest.json,run_crn-stream-manifest.json,6d86c8720bc2f557e8c9adbcc61e30808576a9a26c7a25a0029f4e87bcb03ecb,none
eval-low-policy-e1028,config/production/eval-low-policy-e1028/run_effective-config.json,run_effective-config.json,bf7fb6c880e0391dd85ed51492d091440b76a7a536c052efc5d63b19cb7ffe75,"outputPrefix (storage destination, not simulation parameter)"
eval-low-policy-e1029,config/production/eval-low-policy-e1029/run_crn-stream-manifest.json,run_crn-stream-manifest.json,8f0218a18432b6dd46cbdf3be133bbc5dced48952610fa52dccbcb36cad4b67f,none
eval-low-policy-e1029,config/production/eval-low-policy-e1029/run_effective-config.json,run_effective-config.json,7d829daeb1bccd9a6af0c04dc4c3627e69bea60e17ca686e08e021440f803f05,"outputPrefix (storage destination, not simulation parameter)"
eval-low-policy-e1030,config/production/eval-low-policy-e1030/run_crn-stream-manifest.json,run_crn-stream-manifest.json,56bd1953e3c943d9bebf3b8ea152191bf8efeb4041f17cc69974a2d47c5ae03f,none
eval-low-policy-e1030,config/production/eval-low-policy-e1030/run_effective-config.json,run_effective-config.json,4745575d5891227050cd4e56486547c7d32b697db2c733e726862a2179863558,"outputPrefix (storage destination, not simulation parameter)"
eval-low-policy-e1031,config/production/eval-low-policy-e1031/run_crn-stream-manifest.json,run_crn-stream-manifest.json,d047f380f70a826297db8112f9938bb15d0d9af9a98b597e3fa9a9fea224af8c,none
eval-low-policy-e1031,config/production/eval-low-policy-e1031/run_effective-config.json,run_effective-config.json,6307ec88596934d850f5baa49bb7a60159946cedb01bd1dcd1d3100dcfedebcf,"outputPrefix (storage destination, not simulation parameter)"
eval-low-policy-e1032,config/production/eval-low-policy-e1032/run_crn-stream-manifest.json,run_crn-stream-manifest.json,c96b7db753dcf2819f37b61361251715153aec36c7f0bc4ba33e48114d79853b,none
eval-low-policy-e1032,config/production/eval-low-policy-e1032/run_effective-config.json,run_effective-config.json,3808a2775940e5b2a9cfeb197666b58397bae429268eb869fad4d201f96c7ac7,"outputPrefix (storage destination, not simulation parameter)"
eval-low-policy-e1033,config/production/eval-low-policy-e1033/run_crn-stream-manifest.json,run_crn-stream-manifest.json,d19caaf7a9c7b4575490a3145eb226729d208df7c838a3a5fcf544eac61b440e,none
eval-low-policy-e1033,config/production/eval-low-policy-e1033/run_effective-config.json,run_effective-config.json,51bb57cf7124e9d7e279b138aadf6efbe1681d7b48765f3c77780b474de78b91,"outputPrefix (storage destination, not simulation parameter)"
eval-low-policy-e1034,config/production/eval-low-policy-e1034/run_crn-stream-manifest.json,run_crn-stream-manifest.json,2eb345b4d8d882646cb82cd037dea4bac05cc770a34e0cfd1ba50d269c391cf3,none
eval-low-policy-e1034,config/production/eval-low-policy-e1034/run_effective-config.json,run_effective-config.json,4931ac35436d4432c61e6b6d544a0e6880e17b1bd594c88f263f36329ddbbf65,"outputPrefix (storage destination, not simulation parameter)"
eval-low-policy-e1035,config/production/eval-low-policy-e1035/run_crn-stream-manifest.json,run_crn-stream-manifest.json,aaf4c5e5f06e1e34b8c8d7a9028d3dd6107ad0129451ee4077e2021431b62836,none
eval-low-policy-e1035,config/production/eval-low-policy-e1035/run_effective-config.json,run_effective-config.json,11d56fc382a8efe963f4465e4953659f1c07f6e25730d6b5491c13062141af37,"outputPrefix (storage destination, not simulation parameter)"
eval-low-policy-e1036,config/production/eval-low-policy-e1036/run_crn-stream-manifest.json,run_crn-stream-manifest.json,7958b104048c19ed44b274e89d1cb0ed9dd6b05de586eef02209b3efd35ce325,none
eval-low-policy-e1036,config/production/eval-low-policy-e1036/run_effective-config.json,run_effective-config.json,6137d494d4ebc3f7207598de19612c864e920e6f84a4111cdd7fda60097eb4e7,"outputPrefix (storage destination, not simulation parameter)"
eval-low-policy-e1037,config/production/eval-low-policy-e1037/run_crn-stream-manifest.json,run_crn-stream-manifest.json,5e6121b838bb0351aff945ebf582bef0d974b14541900352fa03f3132e79c51e,none
eval-low-policy-e1037,config/production/eval-low-policy-e1037/run_effective-config.json,run_effective-config.json,993d22954473d3a4691e2ba054f98454a28d935c58dbedb0f5bd377a384393db,"outputPrefix (storage destination, not simulation parameter)"
eval-low-policy-e1038,config/production/eval-low-policy-e1038/run_crn-stream-manifest.json,run_crn-stream-manifest.json,a3ee1d9afabab70856248e825ad81db85d86420426a35e45f958d94a70833f84,none
eval-low-policy-e1038,config/production/eval-low-policy-e1038/run_effective-config.json,run_effective-config.json,7cb8adeccd46b3fb9d2951ad70e1a01da7bf6fa5fd8f714581450cf700cc3ef1,"outputPrefix (storage destination, not simulation parameter)"
eval-low-policy-e1039,config/production/eval-low-policy-e1039/run_crn-stream-manifest.json,run_crn-stream-manifest.json,2ab9fb2034aef72816adaea11612ba72c9f76b6cd5b7c7a459668e22809c1b52,none
eval-low-policy-e1039,config/production/eval-low-policy-e1039/run_effective-config.json,run_effective-config.json,6240b3ce80cc475351ad0655cd88504df3a0325fcf669eed1cdf7f409bdbdf11,"outputPrefix (storage destination, not simulation parameter)"
eval-low-policy-e1040,config/production/eval-low-policy-e1040/run_crn-stream-manifest.json,run_crn-stream-manifest.json,c1ccb6e67318669eb3140ce8b9fdcf937993620b701d2b2b1ea4b68aac638c79,none
eval-low-policy-e1040,config/production/eval-low-policy-e1040/run_effective-config.json,run_effective-config.json,fcb562930b46fbd1a8fa664d0e2f54f3986f5d2c344affbabc5366bfd57c3c95,"outputPrefix (storage destination, not simulation parameter)"
eval-low-policy-e1041,config/production/eval-low-policy-e1041/run_crn-stream-manifest.json,run_crn-stream-manifest.json,f89ff085947b5dc9efa6eb3727c672d8819dec151ce7d3ba50bb069e7350bf47,none
eval-low-policy-e1041,config/production/eval-low-policy-e1041/run_effective-config.json,run_effective-config.json,494c971f23e24e4074439e499f750c2865f2acee99ebb2be0a3de5a858a0bbec,"outputPrefix (storage destination, not simulation parameter)"
eval-low-policy-e1042,config/production/eval-low-policy-e1042/run_crn-stream-manifest.json,run_crn-stream-manifest.json,684ca325e1db1fd6af919a326ed8984acdd1ac888aadebf77d0e730b3d77becc,none
eval-low-policy-e1042,config/production/eval-low-policy-e1042/run_effective-config.json,run_effective-config.json,023824d24f6206b8c487de797a8b2d3857bdc51e04b4f484be1bffa723648d56,"outputPrefix (storage destination, not simulation parameter)"
eval-low-policy-e1043,config/production/eval-low-policy-e1043/run_crn-stream-manifest.json,run_crn-stream-manifest.json,b0a0b1739b16963fd5dbe4250252b958a0554e0e0bdd324f1128218d2599e0a9,none
eval-low-policy-e1043,config/production/eval-low-policy-e1043/run_effective-config.json,run_effective-config.json,701e30a4f822c0f27d681a4436176036b3cbae324b12c2d408ce17a9a75b7ed8,"outputPrefix (storage destination, not simulation parameter)"
eval-low-policy-e1044,config/production/eval-low-policy-e1044/run_crn-stream-manifest.json,run_crn-stream-manifest.json,08bb5af06ea13ca9fc31b7842df76dfc3798a5946a83c303b0bafd72a3cdce5e,none
eval-low-policy-e1044,config/production/eval-low-policy-e1044/run_effective-config.json,run_effective-config.json,d07b0af7c781070fff3e20597703cf728c1366a515a62a7bec496d3dd5b70bd5,"outputPrefix (storage destination, not simulation parameter)"
eval-low-policy-e1045,config/production/eval-low-policy-e1045/run_crn-stream-manifest.json,run_crn-stream-manifest.json,7889056557dc2074ebcaa7f9b35083e3c927b775d19cae5af046e09ce4bb6294,none
eval-low-policy-e1045,config/production/eval-low-policy-e1045/run_effective-config.json,run_effective-config.json,d3f4bf314e45ce202029d1b81720eaa58e4671ed1949ed933591655afa1a1b85,"outputPrefix (storage destination, not simulation parameter)"
eval-low-policy-e1046,config/production/eval-low-policy-e1046/run_crn-stream-manifest.json,run_crn-stream-manifest.json,c960929b7f7309162b4db1136946cf3bc48efa4bd7229fe906b69c57ae4ee1ca,none
eval-low-policy-e1046,config/production/eval-low-policy-e1046/run_effective-config.json,run_effective-config.json,0784f37111d84af520aa30b4a340ce6445e61e5f8cf4219df66118486dd127fa,"outputPrefix (storage destination, not simulation parameter)"
eval-low-policy-e1047,config/production/eval-low-policy-e1047/run_crn-stream-manifest.json,run_crn-stream-manifest.json,721e38ef5282b5783c8ac2c344072b2745fe3b5f897c2f528084c27b5e3bf8bd,none
eval-low-policy-e1047,config/production/eval-low-policy-e1047/run_effective-config.json,run_effective-config.json,d29efffd1e6ffc1d4941b9e080396eb80ab78f6d2317bab73b4c58f7e7b4581f,"outputPrefix (storage destination, not simulation parameter)"
eval-low-policy-e1048,config/production/eval-low-policy-e1048/run_crn-stream-manifest.json,run_crn-stream-manifest.json,d988035266b7b25f546f3e1a75d0600d1deeb1c7b01ed99ebe216851ac314a16,none
eval-low-policy-e1048,config/production/eval-low-policy-e1048/run_effective-config.json,run_effective-config.json,c2ddade6f450ea8e3a3f91e931852e5b7fdfa3127fdc487257af4c3a9a2c00ad,"outputPrefix (storage destination, not simulation parameter)"
eval-low-policy-e1049,config/production/eval-low-policy-e1049/run_crn-stream-manifest.json,run_crn-stream-manifest.json,b6972a194f821d9c8c2703a7cb4becd30ee5046bde95eeaf28eaa77167479e26,none
eval-low-policy-e1049,config/production/eval-low-policy-e1049/run_effective-config.json,run_effective-config.json,7ca91470118bcc3da14025cbcbb7d70477fdd1289dc3bbe54ae0fd24cc7373b1,"outputPrefix (storage destination, not simulation parameter)"
eval-low-policy-e1050,config/production/eval-low-policy-e1050/run_crn-stream-manifest.json,run_crn-stream-manifest.json,43f46debb28e9ece4288d130e64c2a1c682de13710cf370cd63d19623519bee9,none
eval-low-policy-e1050,config/production/eval-low-policy-e1050/run_effective-config.json,run_effective-config.json,32d2114cf9815ffe2f9710dad3891f64f90d001d09fe81bbcc32f33f5b7905f6,"outputPrefix (storage destination, not simulation parameter)"
eval-low-policy-e1051,config/production/eval-low-policy-e1051/run_crn-stream-manifest.json,run_crn-stream-manifest.json,6be1c0574cb7af7d0428efc1f76c064a92c578f5b9f8c3934eea182a294ed07f,none
eval-low-policy-e1051,config/production/eval-low-policy-e1051/run_effective-config.json,run_effective-config.json,0c0e84f5b6afadcab509ddb73d27fa4c4b9a8c5afe4d16b78b43cabe2e1e2d7f,"outputPrefix (storage destination, not simulation parameter)"
eval-low-policy-e1052,config/production/eval-low-policy-e1052/run_crn-stream-manifest.json,run_crn-stream-manifest.json,4b259df8d1eede2b50322aa834f731f17f8706f5f1f5d16cb71aa28e25de6491,none
eval-low-policy-e1052,config/production/eval-low-policy-e1052/run_effective-config.json,run_effective-config.json,548dea8596cc226a3230b828c772c90b84de1f94e1dfb71daec677d95054bae6,"outputPrefix (storage destination, not simulation parameter)"
eval-low-policy-e1053,config/production/eval-low-policy-e1053/run_crn-stream-manifest.json,run_crn-stream-manifest.json,14002df94d07355c4323b4e602760af9c5904feb53b16b7aa6f68d374e1110ff,none
eval-low-policy-e1053,config/production/eval-low-policy-e1053/run_effective-config.json,run_effective-config.json,8731daff30521184fcd62b88d9e2f1aaaf6b94396a4a5d995f41433425362a27,"outputPrefix (storage destination, not simulation parameter)"
eval-low-policy-e1054,config/production/eval-low-policy-e1054/run_crn-stream-manifest.json,run_crn-stream-manifest.json,2dd2e57fcbba189856fac3cb0f43203d4176546ef46ef1cbf6af304117eebdf8,none
eval-low-policy-e1054,config/production/eval-low-policy-e1054/run_effective-config.json,run_effective-config.json,6f8a05979d2ae5327f83c29f2f112346dccb8db95ba6dbcdb8220c100a6d462c,"outputPrefix (storage destination, not simulation parameter)"
eval-low-policy-e1055,config/production/eval-low-policy-e1055/run_crn-stream-manifest.json,run_crn-stream-manifest.json,beef42aaa857d190b45036324e05772020969080251af5f49e3ad4e98dfa641f,none
eval-low-policy-e1055,config/production/eval-low-policy-e1055/run_effective-config.json,run_effective-config.json,623b59f56338cf7f172eb453cb712ee6a483ce4c0c9da892ba3470cf35198abf,"outputPrefix (storage destination, not simulation parameter)"
eval-low-policy-e1056,config/production/eval-low-policy-e1056/run_crn-stream-manifest.json,run_crn-stream-manifest.json,1b0ddc76b9f06f31153993bfa1e045113f822a9467250cd185890223397b1933,none
eval-low-policy-e1056,config/production/eval-low-policy-e1056/run_effective-config.json,run_effective-config.json,7eacf7bb2bb115477bec1161d130c8f7ea6c03256574760c13faadffa07a4af1,"outputPrefix (storage destination, not simulation parameter)"
eval-low-policy-e1057,config/production/eval-low-policy-e1057/run_crn-stream-manifest.json,run_crn-stream-manifest.json,b8ade117c52789645f4d98ead579d861d8532e18883f8c3db63005b65dc93ffd,none
eval-low-policy-e1057,config/production/eval-low-policy-e1057/run_effective-config.json,run_effective-config.json,63e737f000b8e6903636d06242b8f7540e49dab547afa86bf098858bd251f3ac,"outputPrefix (storage destination, not simulation parameter)"
eval-low-policy-e1058,config/production/eval-low-policy-e1058/run_crn-stream-manifest.json,run_crn-stream-manifest.json,9be28de538a8c5d0b9a791df2a5ca171681f46f211e3d82e237a494753b4592d,none
eval-low-policy-e1058,config/production/eval-low-policy-e1058/run_effective-config.json,run_effective-config.json,e029483e66a6fa9b4c893e5b83d6c4f2fc57249b394fcc5ab72e2b1df985dad3,"outputPrefix (storage destination, not simulation parameter)"
eval-low-policy-e1059,config/production/eval-low-policy-e1059/run_crn-stream-manifest.json,run_crn-stream-manifest.json,ebdfc37e7bfc1d9cd437fe187f2253dad7421b3cb72fc5088954af7a254beba3,none
eval-low-policy-e1059,config/production/eval-low-policy-e1059/run_effective-config.json,run_effective-config.json,b0b57293d51042b95879ff6019a8d7bd8342933d70670ba0ad80acfe453b5c07,"outputPrefix (storage destination, not simulation parameter)"
eval-low-policy-e1060,config/production/eval-low-policy-e1060/run_crn-stream-manifest.json,run_crn-stream-manifest.json,ded9db1a06bacf0fe02190508957bc5ed6e03c2dbd63ead45cff1765cc78e8f0,none
eval-low-policy-e1060,config/production/eval-low-policy-e1060/run_effective-config.json,run_effective-config.json,da5f1c771ad55cbf547f12eef6778f42d40390a47fee3051466798a15099d7b0,"outputPrefix (storage destination, not simulation parameter)"
eval-low-policy-e1061,config/production/eval-low-policy-e1061/run_crn-stream-manifest.json,run_crn-stream-manifest.json,e60c0ebb8fdde91f2c3f80540124626fc1ea3cd7a33885ea67ee99b1a43a2754,none
eval-low-policy-e1061,config/production/eval-low-policy-e1061/run_effective-config.json,run_effective-config.json,6e7a35a8643f210c9a20250cdec61756d40d2eb4b57b95f9c0b9ce3da82ec8ab,"outputPrefix (storage destination, not simulation parameter)"
eval-low-policy-e1062,config/production/eval-low-policy-e1062/run_crn-stream-manifest.json,run_crn-stream-manifest.json,c8d21c6307817560a3f63ead894ef43508282680c4362542760f210294c888dd,none
eval-low-policy-e1062,config/production/eval-low-policy-e1062/run_effective-config.json,run_effective-config.json,464614df1299dd1e955cd9403e9b2a11dd980017f758a70e088de73ead582873,"outputPrefix (storage destination, not simulation parameter)"
eval-low-policy-e1063,config/production/eval-low-policy-e1063/run_crn-stream-manifest.json,run_crn-stream-manifest.json,e34bb8d75fe12ad0e01fcbdd529f00f2837238f6d04ef47d0796abab706d35b9,none
eval-low-policy-e1063,config/production/eval-low-policy-e1063/run_effective-config.json,run_effective-config.json,50d17b4127b61c7cd12833d506abd15697541d0b9852111c01b0d80c293ad170,"outputPrefix (storage destination, not simulation parameter)"
eval-low-policy-e1064,config/production/eval-low-policy-e1064/run_crn-stream-manifest.json,run_crn-stream-manifest.json,137c9962a46e584f5e4ba77ecb98f2413d6bf510c01a2a12c07cd97b63a69174,none
eval-low-policy-e1064,config/production/eval-low-policy-e1064/run_effective-config.json,run_effective-config.json,95d39b5f2f96df245009a9b478cf41d56534376651256c8e34809e99db72e96d,"outputPrefix (storage destination, not simulation parameter)"
eval-low-policy-e1065,config/production/eval-low-policy-e1065/run_crn-stream-manifest.json,run_crn-stream-manifest.json,4a651099a3f64b9afe7c6ddea135817f7116ecb24db8fbbfb85a20ef3bc6f907,none
eval-low-policy-e1065,config/production/eval-low-policy-e1065/run_effective-config.json,run_effective-config.json,ba127d0f174a4aa3d65648df7fe06229bc859931fdb61202730fabe3ec3f6191,"outputPrefix (storage destination, not simulation parameter)"
eval-low-policy-e1066,config/production/eval-low-policy-e1066/run_crn-stream-manifest.json,run_crn-stream-manifest.json,c11dae7a3de01165b620efee2638f9c8f8b90639237780696f67ac2da73021b8,none
eval-low-policy-e1066,config/production/eval-low-policy-e1066/run_effective-config.json,run_effective-config.json,13e1be7ffa8b20b13618d8c584f03e6cf97555bf942a19c168edec1b616374ea,"outputPrefix (storage destination, not simulation parameter)"
eval-low-policy-e1067,config/production/eval-low-policy-e1067/run_crn-stream-manifest.json,run_crn-stream-manifest.json,93bb3ce7a1da0374b089df98f6c173a6e7be01ce6c9bc556bceaaa2c6cfc81e4,none
eval-low-policy-e1067,config/production/eval-low-policy-e1067/run_effective-config.json,run_effective-config.json,dc63d4ddac7662a24b2aa4efc2a83b9d6f2c4756377c6822905b6972548cf385,"outputPrefix (storage destination, not simulation parameter)"
eval-low-policy-e1068,config/production/eval-low-policy-e1068/run_crn-stream-manifest.json,run_crn-stream-manifest.json,5c117f34b385a28c0f942334e8a6a4a1e1d566604662e57c188ee3ef14f0512b,none
eval-low-policy-e1068,config/production/eval-low-policy-e1068/run_effective-config.json,run_effective-config.json,9a70909cb156270a3f01ba188eec2ed339a3f26b066e201795390e057755feff,"outputPrefix (storage destination, not simulation parameter)"
eval-low-policy-e1069,config/production/eval-low-policy-e1069/run_crn-stream-manifest.json,run_crn-stream-manifest.json,d9a9bb3ca92c9b7c4e0b2774861506bb48b0028f80dc6449e93115082c70ee8e,none
eval-low-policy-e1069,config/production/eval-low-policy-e1069/run_effective-config.json,run_effective-config.json,ec75d59fa2414b2714d28ef69c8c40655e5f08fc87bc5bfc0a2679f81b216568,"outputPrefix (storage destination, not simulation parameter)"
eval-low-policy-e1070,config/production/eval-low-policy-e1070/run_crn-stream-manifest.json,run_crn-stream-manifest.json,10c9677419ed88a9d1cc8700f80dbae179cf1254b98d9de5ec84f49d5d6ec753,none
eval-low-policy-e1070,config/production/eval-low-policy-e1070/run_effective-config.json,run_effective-config.json,cdad7d8086fb93de943491a516d31f4452800dbd678341bf6f1f4d95cade095e,"outputPrefix (storage destination, not simulation parameter)"
eval-low-policy-e1071,config/production/eval-low-policy-e1071/run_crn-stream-manifest.json,run_crn-stream-manifest.json,128782b6f1e4a1346c0caabbad2508e7c6fdb03dd74897521803d5f42363cc70,none
eval-low-policy-e1071,config/production/eval-low-policy-e1071/run_effective-config.json,run_effective-config.json,877ae3a80355ddfe682b46c46dba96d2b0fde4fab75c2a21757b969fa23ffe02,"outputPrefix (storage destination, not simulation parameter)"
eval-low-policy-e1072,config/production/eval-low-policy-e1072/run_crn-stream-manifest.json,run_crn-stream-manifest.json,6bdd0116906ce400b4ae71322b8ad232eae5c196d61128cb414c82271279f0e0,none
eval-low-policy-e1072,config/production/eval-low-policy-e1072/run_effective-config.json,run_effective-config.json,e7e1f12e5950d5cad425c9c54f2e741dcda32d5358aa23be299e82e8126819bf,"outputPrefix (storage destination, not simulation parameter)"
eval-low-policy-e1073,config/production/eval-low-policy-e1073/run_crn-stream-manifest.json,run_crn-stream-manifest.json,727ed29c915fe6bbe08b65e7850962414ab6f558acc1c8efeed4077f18df574b,none
eval-low-policy-e1073,config/production/eval-low-policy-e1073/run_effective-config.json,run_effective-config.json,800707f34bf3d196c3701d6f29463f93e628c53e3f3f622ee55c4a349b68dc66,"outputPrefix (storage destination, not simulation parameter)"
eval-low-policy-e1074,config/production/eval-low-policy-e1074/run_crn-stream-manifest.json,run_crn-stream-manifest.json,4e3955bd45a3d146033d50df346b8aa14846179377cb57cc18c796d6513898b6,none
eval-low-policy-e1074,config/production/eval-low-policy-e1074/run_effective-config.json,run_effective-config.json,8d1d366a94910bc352a5b36b2a15c9eced5a3d7ec6c6f53d665c60e6ea416b1a,"outputPrefix (storage destination, not simulation parameter)"
eval-low-policy-e1075,config/production/eval-low-policy-e1075/run_crn-stream-manifest.json,run_crn-stream-manifest.json,e42af2cc6d10dbb3e0ede6aca6a1399fa148b15fc054a8c9c54bdb49203b2860,none
eval-low-policy-e1075,config/production/eval-low-policy-e1075/run_effective-config.json,run_effective-config.json,04e277305926ad38a7fd34e6a690892e6ce094c7201142f341bfd1eda9561c16,"outputPrefix (storage destination, not simulation parameter)"
eval-low-policy-e1076,config/production/eval-low-policy-e1076/run_crn-stream-manifest.json,run_crn-stream-manifest.json,99081c9f7be88a81066dcc0d9c0b3bc2bd9b27388797e5af4201dcfb548b4085,none
eval-low-policy-e1076,config/production/eval-low-policy-e1076/run_effective-config.json,run_effective-config.json,570deb78bace26cd9bd287b7fd272aaeaed0283ba491c6ce69e1fc7b381d66de,"outputPrefix (storage destination, not simulation parameter)"
eval-low-policy-e1077,config/production/eval-low-policy-e1077/run_crn-stream-manifest.json,run_crn-stream-manifest.json,208f2fda231fb5422c1485f5c01f0c02fa0a3b17eac0e1c359e987e93312e1ce,none
eval-low-policy-e1077,config/production/eval-low-policy-e1077/run_effective-config.json,run_effective-config.json,0304b99cc1180947e2c381eeaa5c69cf115b9b6e67170927112f70ff3795d9ed,"outputPrefix (storage destination, not simulation parameter)"
eval-low-policy-e1078,config/production/eval-low-policy-e1078/run_crn-stream-manifest.json,run_crn-stream-manifest.json,a124bc6b29ca488c94c755edba3c465410bcd41b2deec8fce8b849e9b7aed8ff,none
eval-low-policy-e1078,config/production/eval-low-policy-e1078/run_effective-config.json,run_effective-config.json,0f65c2c80fd38114dd42b0b3141a4ee98314b0c963b626e0d539a20b3e295432,"outputPrefix (storage destination, not simulation parameter)"
eval-low-policy-e1079,config/production/eval-low-policy-e1079/run_crn-stream-manifest.json,run_crn-stream-manifest.json,d05aa15be1236f098f6c8b4bc7a1358ae15776c0017faa40a0b6ef95d7068f3e,none
eval-low-policy-e1079,config/production/eval-low-policy-e1079/run_effective-config.json,run_effective-config.json,e2b7a5d7a27fab161d083456ef237acc638f0d2f386018423f5d46485732dbea,"outputPrefix (storage destination, not simulation parameter)"
eval-low-policy-e1080,config/production/eval-low-policy-e1080/run_crn-stream-manifest.json,run_crn-stream-manifest.json,4cb4a432673cf424eaa0fc3efa08892bb8856f5128daa8090fdd27d09271ebed,none
eval-low-policy-e1080,config/production/eval-low-policy-e1080/run_effective-config.json,run_effective-config.json,b7d69d4ee19474bd67355daf6783180474e7f6fa682634a26defbf4f68f07b64,"outputPrefix (storage destination, not simulation parameter)"
eval-low-policy-e1081,config/production/eval-low-policy-e1081/run_crn-stream-manifest.json,run_crn-stream-manifest.json,6a1fe93d3a24957190cbb2a3461fc0cc228803143603e6edfaedff6d79504a4b,none
eval-low-policy-e1081,config/production/eval-low-policy-e1081/run_effective-config.json,run_effective-config.json,1609ccc532a1be722c04b95e13de213b313acb5f9aba424e08df60c31d67eb14,"outputPrefix (storage destination, not simulation parameter)"
eval-low-policy-e1082,config/production/eval-low-policy-e1082/run_crn-stream-manifest.json,run_crn-stream-manifest.json,403e69090d1cbaaba5c0983263d72c7a7c87f25eda1b66f8e5a5198a3a7975a9,none
eval-low-policy-e1082,config/production/eval-low-policy-e1082/run_effective-config.json,run_effective-config.json,3a7ab1f4a4f0b6dad6a9cb1f8fe100dde146a844f9955bc0712a826863faea26,"outputPrefix (storage destination, not simulation parameter)"
eval-low-policy-e1083,config/production/eval-low-policy-e1083/run_crn-stream-manifest.json,run_crn-stream-manifest.json,7ea1ddb0e104570ef6122dd2535b8887ff0a7f1199555866ac483630fbbec98a,none
eval-low-policy-e1083,config/production/eval-low-policy-e1083/run_effective-config.json,run_effective-config.json,67735e98bc0733b3b874a6871a71402fcc442ace929eba033b89c2de565b4bd7,"outputPrefix (storage destination, not simulation parameter)"
eval-low-policy-e1084,config/production/eval-low-policy-e1084/run_crn-stream-manifest.json,run_crn-stream-manifest.json,e7c1b65ce78dbf43f0c83e4a5e984ba695bd3b8ca26a75f8b33edce6e1ebdf0f,none
eval-low-policy-e1084,config/production/eval-low-policy-e1084/run_effective-config.json,run_effective-config.json,8720a65bf4c5777cc69e217ce805105b0d3b4295da9b28e75c4ef49a93c74c8f,"outputPrefix (storage destination, not simulation parameter)"
eval-low-policy-e1085,config/production/eval-low-policy-e1085/run_crn-stream-manifest.json,run_crn-stream-manifest.json,d8220e1ed4177328b2ab7e359278ce9a6f3b7dc880b139bdeff230f66960c6e1,none
eval-low-policy-e1085,config/production/eval-low-policy-e1085/run_effective-config.json,run_effective-config.json,0ba2c1b9995ce1774f6782bcbdf75e2de5cbb2eac8ffe229fa320212541f0501,"outputPrefix (storage destination, not simulation parameter)"
eval-low-policy-e1086,config/production/eval-low-policy-e1086/run_crn-stream-manifest.json,run_crn-stream-manifest.json,789f954baa6030fca0d7211854adff9fb54e9d4fa0a347ca8d8aefae4c406539,none
eval-low-policy-e1086,config/production/eval-low-policy-e1086/run_effective-config.json,run_effective-config.json,6e52f61fb454957ef4e1fc7fcdc6898b41bbafb33c87af67890ca6c0a8e7147a,"outputPrefix (storage destination, not simulation parameter)"
eval-low-policy-e1087,config/production/eval-low-policy-e1087/run_crn-stream-manifest.json,run_crn-stream-manifest.json,a6e2ae332fcee6d983ce654c37201575e963b8d8eb787e5c5186f33792e271dc,none
eval-low-policy-e1087,config/production/eval-low-policy-e1087/run_effective-config.json,run_effective-config.json,3ee55d8050c178f975d9b442d47299949e5a2a140c1bb0c5ccd0f15452d1f620,"outputPrefix (storage destination, not simulation parameter)"
eval-low-policy-e1088,config/production/eval-low-policy-e1088/run_crn-stream-manifest.json,run_crn-stream-manifest.json,3b7ce73bbe42e2ecbb87fb056cec4f825dc288e70d4082b1e5699bf1b500b8a2,none
eval-low-policy-e1088,config/production/eval-low-policy-e1088/run_effective-config.json,run_effective-config.json,99cc741ba8bba113bf090a577a7ff64370907fe7af88f07c885fe285f2d1a9ce,"outputPrefix (storage destination, not simulation parameter)"
