load_id,normalized_load,rng_run,endpoint,fifo,policy,difference,evidence_role
OFF,0,1001,aoi_p95_ms,271.20022482218565,271.20022482218565,0.0,FROZEN_PRODUCTION_CONTEXT
OFF,0,1002,aoi_p95_ms,312.4364204546186,312.4364204546186,0.0,FROZEN_PRODUCTION_CONTEXT
OFF,0,1003,aoi_p95_ms,377.9926347758854,377.9926347758854,0.0,FROZEN_PRODUCTION_CONTEXT
OFF,0,1004,aoi_p95_ms,436.4598542870888,436.4598542870888,0.0,FROZEN_PRODUCTION_CONTEXT
OFF,0,1005,aoi_p95_ms,423.4903733649423,423.4903733649423,0.0,FROZEN_PRODUCTION_CONTEXT
OFF,0,1006,aoi_p95_ms,363.7712269308874,363.7712269308874,0.0,FROZEN_PRODUCTION_CONTEXT
OFF,0,1007,aoi_p95_ms,413.3344550042855,413.3344550042855,0.0,FROZEN_PRODUCTION_CONTEXT
OFF,0,1008,aoi_p95_ms,271.2508220907646,271.2508220907646,0.0,FROZEN_PRODUCTION_CONTEXT
OFF,0,1009,aoi_p95_ms,346.70780923630593,346.70780923630593,0.0,FROZEN_PRODUCTION_CONTEXT
OFF,0,1010,aoi_p95_ms,495.1751418950546,495.1751418950546,0.0,FROZEN_PRODUCTION_CONTEXT
OFF,0,1011,aoi_p95_ms,451.63112909061385,451.63112909061385,0.0,FROZEN_PRODUCTION_CONTEXT
OFF,0,1012,aoi_p95_ms,323.3840474623144,323.3840474623144,0.0,FROZEN_PRODUCTION_CONTEXT
OFF,0,1013,aoi_p95_ms,626.1294878935979,626.1294878935979,0.0,FROZEN_PRODUCTION_CONTEXT
OFF,0,1014,aoi_p95_ms,352.18192938953524,352.18192938953524,0.0,FROZEN_PRODUCTION_CONTEXT
OFF,0,1015,aoi_p95_ms,404.84370562948,404.84370562948,0.0,FROZEN_PRODUCTION_CONTEXT
OFF,0,1016,aoi_p95_ms,319.6391878683536,319.6391878683536,0.0,FROZEN_PRODUCTION_CONTEXT
OFF,0,1017,aoi_p95_ms,256.9280325246111,256.9280325246111,0.0,FROZEN_PRODUCTION_CONTEXT
OFF,0,1018,aoi_p95_ms,384.22100277997527,384.22100277997527,0.0,FROZEN_PRODUCTION_CONTEXT
OFF,0,1019,aoi_p95_ms,351.78909348344564,351.78909348344564,0.0,FROZEN_PRODUCTION_CONTEXT
OFF,0,1020,aoi_p95_ms,460.90794144276583,460.90794144276583,0.0,FROZEN_PRODUCTION_CONTEXT
OFF,0,1021,aoi_p95_ms,281.04754822560176,281.04754822560176,0.0,FROZEN_PRODUCTION_CONTEXT
OFF,0,1022,aoi_p95_ms,389.17665049272404,389.17665049272404,0.0,FROZEN_PRODUCTION_CONTEXT
OFF,0,1023,aoi_p95_ms,586.5564194906594,586.5564194906594,0.0,FROZEN_PRODUCTION_CONTEXT
OFF,0,1024,aoi_p95_ms,417.0495229484592,417.0495229484592,0.0,FROZEN_PRODUCTION_CONTEXT
OFF,0,1025,aoi_p95_ms,510.9428858351861,510.9428858351861,0.0,FROZEN_PRODUCTION_CONTEXT
OFF,0,1026,aoi_p95_ms,412.09537122284814,412.09537122284814,0.0,FROZEN_PRODUCTION_CONTEXT
OFF,0,1027,aoi_p95_ms,269.1192288010229,269.1192288010229,0.0,FROZEN_PRODUCTION_CONTEXT
OFF,0,1028,aoi_p95_ms,491.0864132588047,491.0864132588047,0.0,FROZEN_PRODUCTION_CONTEXT
OFF,0,1029,aoi_p95_ms,397.17816893629976,397.17816893629976,0.0,FROZEN_PRODUCTION_CONTEXT
OFF,0,1030,aoi_p95_ms,386.06096577285297,386.06096577285297,0.0,FROZEN_PRODUCTION_CONTEXT
OFF,0,1031,aoi_p95_ms,318.72905793004526,318.72905793004526,0.0,FROZEN_PRODUCTION_CONTEXT
OFF,0,1032,aoi_p95_ms,417.03695382662687,417.03695382662687,0.0,FROZEN_PRODUCTION_CONTEXT
OFF,0,1033,aoi_p95_ms,436.27368288437765,436.27368288437765,0.0,FROZEN_PRODUCTION_CONTEXT
OFF,0,1034,aoi_p95_ms,405.43010872667577,405.43010872667577,0.0,FROZEN_PRODUCTION_CONTEXT
OFF,0,1035,aoi_p95_ms,349.53678302610496,349.53678302610496,0.0,FROZEN_PRODUCTION_CONTEXT
OFF,0,1036,aoi_p95_ms,360.5449172177606,360.5449172177606,0.0,FROZEN_PRODUCTION_CONTEXT
OFF,0,1037,aoi_p95_ms,310.43903412804127,310.43903412804127,0.0,FROZEN_PRODUCTION_CONTEXT
OFF,0,1038,aoi_p95_ms,367.5684586723414,367.5684586723414,0.0,FROZEN_PRODUCTION_CONTEXT
OFF,0,1039,aoi_p95_ms,517.5719291086259,517.5719291086259,0.0,FROZEN_PRODUCTION_CONTEXT
OFF,0,1040,aoi_p95_ms,442.6714934417662,442.6714934417662,0.0,FROZEN_PRODUCTION_CONTEXT
OFF,0,1041,aoi_p95_ms,314.25033060752645,314.25033060752645,0.0,FROZEN_PRODUCTION_CONTEXT
OFF,0,1042,aoi_p95_ms,522.313191010649,522.313191010649,0.0,FROZEN_PRODUCTION_CONTEXT
OFF,0,1043,aoi_p95_ms,386.1653739496441,386.1653739496441,0.0,FROZEN_PRODUCTION_CONTEXT
OFF,0,1044,aoi_p95_ms,343.36469460705257,343.36469460705257,0.0,FROZEN_PRODUCTION_CONTEXT
OFF,0,1045,aoi_p95_ms,383.4804539971955,383.4804539971955,0.0,FROZEN_PRODUCTION_CONTEXT
OFF,0,1046,aoi_p95_ms,325.9563011280169,325.9563011280169,0.0,FROZEN_PRODUCTION_CONTEXT
OFF,0,1047,aoi_p95_ms,350.9257040386692,350.9257040386692,0.0,FROZEN_PRODUCTION_CONTEXT
OFF,0,1048,aoi_p95_ms,443.6982469210593,443.6982469210593,0.0,FROZEN_PRODUCTION_CONTEXT
OFF,0,1049,aoi_p95_ms,457.6318881078785,457.6318881078785,0.0,FROZEN_PRODUCTION_CONTEXT
OFF,0,1050,aoi_p95_ms,312.1466670641699,312.1466670641699,0.0,FROZEN_PRODUCTION_CONTEXT
OFF,0,1051,aoi_p95_ms,417.75327128452267,417.75327128452267,0.0,FROZEN_PRODUCTION_CONTEXT
OFF,0,1052,aoi_p95_ms,496.4664072917722,496.4664072917722,0.0,FROZEN_PRODUCTION_CONTEXT
OFF,0,1053,aoi_p95_ms,376.3754939239352,376.3754939239352,0.0,FROZEN_PRODUCTION_CONTEXT
OFF,0,1054,aoi_p95_ms,315.4025873365891,315.4025873365891,0.0,FROZEN_PRODUCTION_CONTEXT
OFF,0,1055,aoi_p95_ms,325.6533833993785,325.6533833993785,0.0,FROZEN_PRODUCTION_CONTEXT
OFF,0,1056,aoi_p95_ms,331.91878793653757,331.91878793653757,0.0,FROZEN_PRODUCTION_CONTEXT
OFF,0,1057,aoi_p95_ms,625.3681876256647,625.3681876256647,0.0,FROZEN_PRODUCTION_CONTEXT
OFF,0,1058,aoi_p95_ms,365.1504528641336,365.1504528641336,0.0,FROZEN_PRODUCTION_CONTEXT
OFF,0,1059,aoi_p95_ms,322.04352970520927,322.04352970520927,0.0,FROZEN_PRODUCTION_CONTEXT
OFF,0,1060,aoi_p95_ms,439.2551877785668,439.2551877785668,0.0,FROZEN_PRODUCTION_CONTEXT
OFF,0,1061,aoi_p95_ms,356.5977800353828,356.5977800353828,0.0,FROZEN_PRODUCTION_CONTEXT
OFF,0,1062,aoi_p95_ms,385.1358144509759,385.1358144509759,0.0,FROZEN_PRODUCTION_CONTEXT
OFF,0,1063,aoi_p95_ms,402.74775067412173,402.74775067412173,0.0,FROZEN_PRODUCTION_CONTEXT
OFF,0,1064,aoi_p95_ms,387.51338926653375,387.51338926653375,0.0,FROZEN_PRODUCTION_CONTEXT
OFF,0,1065,aoi_p95_ms,301.69211835442513,301.69211835442513,0.0,FROZEN_PRODUCTION_CONTEXT
OFF,0,1066,aoi_p95_ms,491.4074485200413,491.4074485200413,0.0,FROZEN_PRODUCTION_CONTEXT
OFF,0,1067,aoi_p95_ms,296.48520508401094,296.48520508401094,0.0,FROZEN_PRODUCTION_CONTEXT
OFF,0,1068,aoi_p95_ms,340.82962095694097,340.82962095694097,0.0,FROZEN_PRODUCTION_CONTEXT
OFF,0,1069,aoi_p95_ms,333.8653544626522,333.8653544626522,0.0,FROZEN_PRODUCTION_CONTEXT
OFF,0,1070,aoi_p95_ms,341.54986810805156,341.54986810805156,0.0,FROZEN_PRODUCTION_CONTEXT
OFF,0,1071,aoi_p95_ms,399.1222525461526,399.1222525461526,0.0,FROZEN_PRODUCTION_CONTEXT
OFF,0,1072,aoi_p95_ms,436.24558700992037,436.24558700992037,0.0,FROZEN_PRODUCTION_CONTEXT
OFF,0,1073,aoi_p95_ms,314.360260663318,314.360260663318,0.0,FROZEN_PRODUCTION_CONTEXT
OFF,0,1074,aoi_p95_ms,398.06577109526336,398.06577109526336,0.0,FROZEN_PRODUCTION_CONTEXT
OFF,0,1075,aoi_p95_ms,312.3383181244791,312.3383181244791,0.0,FROZEN_PRODUCTION_CONTEXT
OFF,0,1076,aoi_p95_ms,380.1142965407401,380.1142965407401,0.0,FROZEN_PRODUCTION_CONTEXT
OFF,0,1077,aoi_p95_ms,339.5245093107967,339.5245093107967,0.0,FROZEN_PRODUCTION_CONTEXT
OFF,0,1078,aoi_p95_ms,337.56347696362093,337.56347696362093,0.0,FROZEN_PRODUCTION_CONTEXT
OFF,0,1079,aoi_p95_ms,482.9886666261539,482.9886666261539,0.0,FROZEN_PRODUCTION_CONTEXT
OFF,0,1080,aoi_p95_ms,329.0594702619927,329.0594702619927,0.0,FROZEN_PRODUCTION_CONTEXT
OFF,0,1081,aoi_p95_ms,556.2362511245693,556.2362511245693,0.0,FROZEN_PRODUCTION_CONTEXT
OFF,0,1082,aoi_p95_ms,339.351632876739,339.351632876739,0.0,FROZEN_PRODUCTION_CONTEXT
OFF,0,1083,aoi_p95_ms,263.57585451034674,263.57585451034674,0.0,FROZEN_PRODUCTION_CONTEXT
OFF,0,1084,aoi_p95_ms,385.87216902482845,385.87216902482845,0.0,FROZEN_PRODUCTION_CONTEXT
OFF,0,1085,aoi_p95_ms,564.7058021552524,564.7058021552524,0.0,FROZEN_PRODUCTION_CONTEXT
OFF,0,1086,aoi_p95_ms,575.0092580109467,575.0092580109467,0.0,FROZEN_PRODUCTION_CONTEXT
OFF,0,1087,aoi_p95_ms,275.78615208189404,275.78615208189404,0.0,FROZEN_PRODUCTION_CONTEXT
OFF,0,1088,aoi_p95_ms,358.1538183818835,358.1538183818835,0.0,FROZEN_PRODUCTION_CONTEXT
OFF,0,1001,aoi_mean_ms,146.92545201306123,146.92545201306123,0.0,FROZEN_PRODUCTION_CONTEXT
OFF,0,1002,aoi_mean_ms,152.87833730492517,152.87833730492517,0.0,FROZEN_PRODUCTION_CONTEXT
OFF,0,1003,aoi_mean_ms,164.37891958247616,164.37891958247616,0.0,FROZEN_PRODUCTION_CONTEXT
OFF,0,1004,aoi_mean_ms,167.68158340081632,167.68158340081632,0.0,FROZEN_PRODUCTION_CONTEXT
OFF,0,1005,aoi_mean_ms,168.49822618568706,168.49822618568706,0.0,FROZEN_PRODUCTION_CONTEXT
OFF,0,1006,aoi_mean_ms,166.98464842949662,166.98464842949662,0.0,FROZEN_PRODUCTION_CONTEXT
OFF,0,1007,aoi_mean_ms,169.3431498085442,169.3431498085442,0.0,FROZEN_PRODUCTION_CONTEXT
OFF,0,1008,aoi_mean_ms,147.23274826394558,147.23274826394558,0.0,FROZEN_PRODUCTION_CONTEXT
OFF,0,1009,aoi_mean_ms,156.20883873512923,156.20883873512923,0.0,FROZEN_PRODUCTION_CONTEXT
OFF,0,1010,aoi_mean_ms,179.58475136555103,179.58475136555103,0.0,FROZEN_PRODUCTION_CONTEXT
OFF,0,1011,aoi_mean_ms,167.70569201393198,167.70569201393198,0.0,FROZEN_PRODUCTION_CONTEXT
OFF,0,1012,aoi_mean_ms,157.56483139341498,157.56483139341498,0.0,FROZEN_PRODUCTION_CONTEXT
OFF,0,1013,aoi_mean_ms,190.92419811080273,190.92419811080273,0.0,FROZEN_PRODUCTION_CONTEXT
OFF,0,1014,aoi_mean_ms,159.82824584870747,159.82824584870747,0.0,FROZEN_PRODUCTION_CONTEXT
OFF,0,1015,aoi_mean_ms,169.75826588157824,169.75826588157824,0.0,FROZEN_PRODUCTION_CONTEXT
OFF,0,1016,aoi_mean_ms,155.38113321567346,155.38113321567346,0.0,FROZEN_PRODUCTION_CONTEXT
OFF,0,1017,aoi_mean_ms,143.1278697315918,143.1278697315918,0.0,FROZEN_PRODUCTION_CONTEXT
OFF,0,1018,aoi_mean_ms,169.46378442296597,169.46378442296597,0.0,FROZEN_PRODUCTION_CONTEXT
OFF,0,1019,aoi_mean_ms,158.08452953970064,158.08452953970064,0.0,FROZEN_PRODUCTION_CONTEXT
OFF,0,1020,aoi_mean_ms,176.14054918312925,176.14054918312925,0.0,FROZEN_PRODUCTION_CONTEXT
OFF,0,1021,aoi_mean_ms,146.80791606323808,146.80791606323808,0.0,FROZEN_PRODUCTION_CONTEXT
OFF,0,1022,aoi_mean_ms,167.7840509882993,167.7840509882993,0.0,FROZEN_PRODUCTION_CONTEXT
OFF,0,1023,aoi_mean_ms,188.48740293997278,188.48740293997278,0.0,FROZEN_PRODUCTION_CONTEXT
OFF,0,1024,aoi_mean_ms,164.25977080195918,164.25977080195918,0.0,FROZEN_PRODUCTION_CONTEXT
OFF,0,1025,aoi_mean_ms,181.10792540636734,181.10792540636734,0.0,FROZEN_PRODUCTION_CONTEXT
OFF,0,1026,aoi_mean_ms,170.10284950715646,170.10284950715646,0.0,FROZEN_PRODUCTION_CONTEXT
OFF,0,1027,aoi_mean_ms,147.22212625088434,147.22212625088434,0.0,FROZEN_PRODUCTION_CONTEXT
OFF,0,1028,aoi_mean_ms,177.62607268266666,177.62607268266666,0.0,FROZEN_PRODUCTION_CONTEXT
OFF,0,1029,aoi_mean_ms,161.66853951586393,161.66853951586393,0.0,FROZEN_PRODUCTION_CONTEXT
OFF,0,1030,aoi_mean_ms,159.5682050070204,159.5682050070204,0.0,FROZEN_PRODUCTION_CONTEXT
OFF,0,1031,aoi_mean_ms,146.95699124397277,146.95699124397277,0.0,FROZEN_PRODUCTION_CONTEXT
OFF,0,1032,aoi_mean_ms,168.59891137262582,168.59891137262582,0.0,FROZEN_PRODUCTION_CONTEXT
OFF,0,1033,aoi_mean_ms,166.79852853420405,166.79852853420405,0.0,FROZEN_PRODUCTION_CONTEXT
OFF,0,1034,aoi_mean_ms,163.64659129306122,163.64659129306122,0.0,FROZEN_PRODUCTION_CONTEXT
OFF,0,1035,aoi_mean_ms,159.82613757224487,159.82613757224487,0.0,FROZEN_PRODUCTION_CONTEXT
OFF,0,1036,aoi_mean_ms,160.5089251373061,160.5089251373061,0.0,FROZEN_PRODUCTION_CONTEXT
OFF,0,1037,aoi_mean_ms,149.83421513817686,149.83421513817686,0.0,FROZEN_PRODUCTION_CONTEXT
OFF,0,1038,aoi_mean_ms,164.65637103477553,164.65637103477553,0.0,FROZEN_PRODUCTION_CONTEXT
OFF,0,1039,aoi_mean_ms,181.87553264968707,181.87553264968707,0.0,FROZEN_PRODUCTION_CONTEXT
OFF,0,1040,aoi_mean_ms,164.49973339711565,164.49973339711565,0.0,FROZEN_PRODUCTION_CONTEXT
OFF,0,1041,aoi_mean_ms,153.9727518839728,153.9727518839728,0.0,FROZEN_PRODUCTION_CONTEXT
OFF,0,1042,aoi_mean_ms,176.94701289262585,176.94701289262585,0.0,FROZEN_PRODUCTION_CONTEXT
OFF,0,1043,aoi_mean_ms,159.93334420234012,159.93334420234012,0.0,FROZEN_PRODUCTION_CONTEXT
OFF,0,1044,aoi_mean_ms,153.50232636680272,153.50232636680272,0.0,FROZEN_PRODUCTION_CONTEXT
OFF,0,1045,aoi_mean_ms,159.4724670652517,159.4724670652517,0.0,FROZEN_PRODUCTION_CONTEXT
OFF,0,1046,aoi_mean_ms,154.557219344,154.557219344,0.0,FROZEN_PRODUCTION_CONTEXT
OFF,0,1047,aoi_mean_ms,161.41789427232652,161.41789427232652,0.0,FROZEN_PRODUCTION_CONTEXT
OFF,0,1048,aoi_mean_ms,167.16713099657142,167.16713099657142,0.0,FROZEN_PRODUCTION_CONTEXT
OFF,0,1049,aoi_mean_ms,175.96828144870744,175.96828144870744,0.0,FROZEN_PRODUCTION_CONTEXT
OFF,0,1050,aoi_mean_ms,152.43925218209523,152.43925218209523,0.0,FROZEN_PRODUCTION_CONTEXT
OFF,0,1051,aoi_mean_ms,168.17149952859862,168.17149952859862,0.0,FROZEN_PRODUCTION_CONTEXT
OFF,0,1052,aoi_mean_ms,177.73153983227206,177.73153983227206,0.0,FROZEN_PRODUCTION_CONTEXT
OFF,0,1053,aoi_mean_ms,164.55200860244895,164.55200860244895,0.0,FROZEN_PRODUCTION_CONTEXT
OFF,0,1054,aoi_mean_ms,154.06668851395915,154.06668851395915,0.0,FROZEN_PRODUCTION_CONTEXT
OFF,0,1055,aoi_mean_ms,155.19983746209522,155.19983746209522,0.0,FROZEN_PRODUCTION_CONTEXT
OFF,0,1056,aoi_mean_ms,156.29296296043537,156.29296296043537,0.0,FROZEN_PRODUCTION_CONTEXT
OFF,0,1057,aoi_mean_ms,192.0344354943129,192.0344354943129,0.0,FROZEN_PRODUCTION_CONTEXT
OFF,0,1058,aoi_mean_ms,163.33376318117007,163.33376318117007,0.0,FROZEN_PRODUCTION_CONTEXT
OFF,0,1059,aoi_mean_ms,153.84927080282992,153.84927080282992,0.0,FROZEN_PRODUCTION_CONTEXT
OFF,0,1060,aoi_mean_ms,168.19883278258501,168.19883278258501,0.0,FROZEN_PRODUCTION_CONTEXT
OFF,0,1061,aoi_mean_ms,164.0050325492245,164.0050325492245,0.0,FROZEN_PRODUCTION_CONTEXT
OFF,0,1062,aoi_mean_ms,165.5375272667211,165.5375272667211,0.0,FROZEN_PRODUCTION_CONTEXT
OFF,0,1063,aoi_mean_ms,164.73729090710205,164.73729090710205,0.0,FROZEN_PRODUCTION_CONTEXT
OFF,0,1064,aoi_mean_ms,162.69055566356462,162.69055566356462,0.0,FROZEN_PRODUCTION_CONTEXT
OFF,0,1065,aoi_mean_ms,151.3363427764898,151.3363427764898,0.0,FROZEN_PRODUCTION_CONTEXT
OFF,0,1066,aoi_mean_ms,177.49871793034012,177.49871793034012,0.0,FROZEN_PRODUCTION_CONTEXT
OFF,0,1067,aoi_mean_ms,151.92098628342856,151.92098628342856,0.0,FROZEN_PRODUCTION_CONTEXT
OFF,0,1068,aoi_mean_ms,157.81419673545577,157.81419673545577,0.0,FROZEN_PRODUCTION_CONTEXT
OFF,0,1069,aoi_mean_ms,155.1272061647891,155.1272061647891,0.0,FROZEN_PRODUCTION_CONTEXT
OFF,0,1070,aoi_mean_ms,158.05574077855783,158.05574077855783,0.0,FROZEN_PRODUCTION_CONTEXT
OFF,0,1071,aoi_mean_ms,166.6548082214966,166.6548082214966,0.0,FROZEN_PRODUCTION_CONTEXT
OFF,0,1072,aoi_mean_ms,169.86297460538773,169.86297460538773,0.0,FROZEN_PRODUCTION_CONTEXT
OFF,0,1073,aoi_mean_ms,153.07750692168705,153.07750692168705,0.0,FROZEN_PRODUCTION_CONTEXT
OFF,0,1074,aoi_mean_ms,165.9246255602721,165.9246255602721,0.0,FROZEN_PRODUCTION_CONTEXT
OFF,0,1075,aoi_mean_ms,153.73583888489796,153.73583888489796,0.0,FROZEN_PRODUCTION_CONTEXT
OFF,0,1076,aoi_mean_ms,158.852304035483,158.852304035483,0.0,FROZEN_PRODUCTION_CONTEXT
OFF,0,1077,aoi_mean_ms,155.91826165213604,155.91826165213604,0.0,FROZEN_PRODUCTION_CONTEXT
OFF,0,1078,aoi_mean_ms,154.0920935935782,154.0920935935782,0.0,FROZEN_PRODUCTION_CONTEXT
OFF,0,1079,aoi_mean_ms,171.9643594995374,171.9643594995374,0.0,FROZEN_PRODUCTION_CONTEXT
OFF,0,1080,aoi_mean_ms,151.79137400576872,151.79137400576872,0.0,FROZEN_PRODUCTION_CONTEXT
OFF,0,1081,aoi_mean_ms,174.20503525115643,174.20503525115643,0.0,FROZEN_PRODUCTION_CONTEXT
OFF,0,1082,aoi_mean_ms,154.66721396103398,154.66721396103398,0.0,FROZEN_PRODUCTION_CONTEXT
OFF,0,1083,aoi_mean_ms,144.7206193522721,144.7206193522721,0.0,FROZEN_PRODUCTION_CONTEXT
OFF,0,1084,aoi_mean_ms,167.0076102372789,167.0076102372789,0.0,FROZEN_PRODUCTION_CONTEXT
OFF,0,1085,aoi_mean_ms,188.7119873844898,188.7119873844898,0.0,FROZEN_PRODUCTION_CONTEXT
OFF,0,1086,aoi_mean_ms,177.27739357812243,177.27739357812243,0.0,FROZEN_PRODUCTION_CONTEXT
OFF,0,1087,aoi_mean_ms,145.34842478138776,145.34842478138776,0.0,FROZEN_PRODUCTION_CONTEXT
OFF,0,1088,aoi_mean_ms,157.94375398204082,157.94375398204082,0.0,FROZEN_PRODUCTION_CONTEXT
OFF,0,1001,status_wait_p95_ms,20.508570714285693,20.508570714285693,0.0,FROZEN_PRODUCTION_CONTEXT
OFF,0,1002,status_wait_p95_ms,65.00857071428564,65.00857071428564,0.0,FROZEN_PRODUCTION_CONTEXT
OFF,0,1003,status_wait_p95_ms,109.3785707142856,109.3785707142856,0.0,FROZEN_PRODUCTION_CONTEXT
OFF,0,1004,status_wait_p95_ms,158.45999928571405,158.45999928571405,0.0,FROZEN_PRODUCTION_CONTEXT
OFF,0,1005,status_wait_p95_ms,93.51857071428583,93.51857071428583,0.0,FROZEN_PRODUCTION_CONTEXT
OFF,0,1006,status_wait_p95_ms,104.84857071428546,104.84857071428546,0.0,FROZEN_PRODUCTION_CONTEXT
OFF,0,1007,status_wait_p95_ms,128.91428499999995,128.91428499999995,0.0,FROZEN_PRODUCTION_CONTEXT
OFF,0,1008,status_wait_p95_ms,22.6499992857142,22.6499992857142,0.0,FROZEN_PRODUCTION_CONTEXT
OFF,0,1009,status_wait_p95_ms,94.9314278571428,94.9314278571428,0.0,FROZEN_PRODUCTION_CONTEXT
OFF,0,1010,status_wait_p95_ms,199.84571357142846,199.84571357142846,0.0,FROZEN_PRODUCTION_CONTEXT
OFF,0,1011,status_wait_p95_ms,181.33428499999977,181.33428499999977,0.0,FROZEN_PRODUCTION_CONTEXT
OFF,0,1012,status_wait_p95_ms,74.22857071428552,74.22857071428552,0.0,FROZEN_PRODUCTION_CONTEXT
OFF,0,1013,status_wait_p95_ms,313.72999928571363,313.72999928571363,0.0,FROZEN_PRODUCTION_CONTEXT
OFF,0,1014,status_wait_p95_ms,83.98428499999991,83.98428499999991,0.0,FROZEN_PRODUCTION_CONTEXT
OFF,0,1015,status_wait_p95_ms,153.77714214285712,153.77714214285712,0.0,FROZEN_PRODUCTION_CONTEXT
OFF,0,1016,status_wait_p95_ms,65.67142785714266,65.67142785714266,0.0,FROZEN_PRODUCTION_CONTEXT
OFF,0,1017,status_wait_p95_ms,17.96999928571425,17.96999928571425,0.0,FROZEN_PRODUCTION_CONTEXT
OFF,0,1018,status_wait_p95_ms,116.63428499999979,116.63428499999979,0.0,FROZEN_PRODUCTION_CONTEXT
OFF,0,1019,status_wait_p95_ms,86.62857071428569,86.62857071428569,0.0,FROZEN_PRODUCTION_CONTEXT
OFF,0,1020,status_wait_p95_ms,124.39857071428516,124.39857071428516,0.0,FROZEN_PRODUCTION_CONTEXT
OFF,0,1021,status_wait_p95_ms,30.68857071428564,30.68857071428564,0.0,FROZEN_PRODUCTION_CONTEXT
OFF,0,1022,status_wait_p95_ms,99.42142785714269,99.42142785714269,0.0,FROZEN_PRODUCTION_CONTEXT
OFF,0,1023,status_wait_p95_ms,284.9671421428565,284.9671421428565,0.0,FROZEN_PRODUCTION_CONTEXT
OFF,0,1024,status_wait_p95_ms,119.10285642857127,119.10285642857127,0.0,FROZEN_PRODUCTION_CONTEXT
OFF,0,1025,status_wait_p95_ms,255.68428499999987,255.68428499999987,0.0,FROZEN_PRODUCTION_CONTEXT
OFF,0,1026,status_wait_p95_ms,145.04571357142828,145.04571357142828,0.0,FROZEN_PRODUCTION_CONTEXT
OFF,0,1027,status_wait_p95_ms,20.172856428571407,20.172856428571407,0.0,FROZEN_PRODUCTION_CONTEXT
OFF,0,1028,status_wait_p95_ms,206.497142142857,206.497142142857,0.0,FROZEN_PRODUCTION_CONTEXT
OFF,0,1029,status_wait_p95_ms,87.48999928571402,87.48999928571402,0.0,FROZEN_PRODUCTION_CONTEXT
OFF,0,1030,status_wait_p95_ms,68.92571357142855,68.92571357142855,0.0,FROZEN_PRODUCTION_CONTEXT
OFF,0,1031,status_wait_p95_ms,77.37142785714275,77.37142785714275,0.0,FROZEN_PRODUCTION_CONTEXT
OFF,0,1032,status_wait_p95_ms,127.93999928571407,127.93999928571407,0.0,FROZEN_PRODUCTION_CONTEXT
OFF,0,1033,status_wait_p95_ms,149.19857071428564,149.19857071428564,0.0,FROZEN_PRODUCTION_CONTEXT
OFF,0,1034,status_wait_p95_ms,108.83857071428561,108.83857071428561,0.0,FROZEN_PRODUCTION_CONTEXT
OFF,0,1035,status_wait_p95_ms,63.76285642857123,63.76285642857123,0.0,FROZEN_PRODUCTION_CONTEXT
OFF,0,1036,status_wait_p95_ms,83.39857071428555,83.39857071428555,0.0,FROZEN_PRODUCTION_CONTEXT
OFF,0,1037,status_wait_p95_ms,54.00142785714277,54.00142785714277,0.0,FROZEN_PRODUCTION_CONTEXT
OFF,0,1038,status_wait_p95_ms,102.63999928571431,102.63999928571431,0.0,FROZEN_PRODUCTION_CONTEXT
OFF,0,1039,status_wait_p95_ms,186.58999928571404,186.58999928571404,0.0,FROZEN_PRODUCTION_CONTEXT
OFF,0,1040,status_wait_p95_ms,76.01428499999999,76.01428499999999,0.0,FROZEN_PRODUCTION_CONTEXT
OFF,0,1041,status_wait_p95_ms,58.91714214285713,58.91714214285713,0.0,FROZEN_PRODUCTION_CONTEXT
OFF,0,1042,status_wait_p95_ms,182.73285642857095,182.73285642857095,0.0,FROZEN_PRODUCTION_CONTEXT
OFF,0,1043,status_wait_p95_ms,125.83142785714263,125.83142785714263,0.0,FROZEN_PRODUCTION_CONTEXT
OFF,0,1044,status_wait_p95_ms,83.42714214285704,83.42714214285704,0.0,FROZEN_PRODUCTION_CONTEXT
OFF,0,1045,status_wait_p95_ms,92.3457135714284,92.3457135714284,0.0,FROZEN_PRODUCTION_CONTEXT
OFF,0,1046,status_wait_p95_ms,70.8385707142857,70.8385707142857,0.0,FROZEN_PRODUCTION_CONTEXT
OFF,0,1047,status_wait_p95_ms,83.89571357142847,83.89571357142847,0.0,FROZEN_PRODUCTION_CONTEXT
OFF,0,1048,status_wait_p95_ms,115.30857071428551,115.30857071428551,0.0,FROZEN_PRODUCTION_CONTEXT
OFF,0,1049,status_wait_p95_ms,198.98857071428566,198.98857071428566,0.0,FROZEN_PRODUCTION_CONTEXT
OFF,0,1050,status_wait_p95_ms,40.397142142857106,40.397142142857106,0.0,FROZEN_PRODUCTION_CONTEXT
OFF,0,1051,status_wait_p95_ms,157.97571357142854,157.97571357142854,0.0,FROZEN_PRODUCTION_CONTEXT
OFF,0,1052,status_wait_p95_ms,223.08999928571436,223.08999928571436,0.0,FROZEN_PRODUCTION_CONTEXT
OFF,0,1053,status_wait_p95_ms,122.10571357142845,122.10571357142845,0.0,FROZEN_PRODUCTION_CONTEXT
OFF,0,1054,status_wait_p95_ms,48.117142142856984,48.117142142856984,0.0,FROZEN_PRODUCTION_CONTEXT
OFF,0,1055,status_wait_p95_ms,78.574285,78.574285,0.0,FROZEN_PRODUCTION_CONTEXT
OFF,0,1056,status_wait_p95_ms,66.51714214285713,66.51714214285713,0.0,FROZEN_PRODUCTION_CONTEXT
OFF,0,1057,status_wait_p95_ms,363.59142785714243,363.59142785714243,0.0,FROZEN_PRODUCTION_CONTEXT
OFF,0,1058,status_wait_p95_ms,99.37714214285695,99.37714214285695,0.0,FROZEN_PRODUCTION_CONTEXT
OFF,0,1059,status_wait_p95_ms,67.41428499999977,67.41428499999977,0.0,FROZEN_PRODUCTION_CONTEXT
OFF,0,1060,status_wait_p95_ms,143.35999928571383,143.35999928571383,0.0,FROZEN_PRODUCTION_CONTEXT
OFF,0,1061,status_wait_p95_ms,79.40857071428566,79.40857071428566,0.0,FROZEN_PRODUCTION_CONTEXT
OFF,0,1062,status_wait_p95_ms,112.09428499999987,112.09428499999987,0.0,FROZEN_PRODUCTION_CONTEXT
OFF,0,1063,status_wait_p95_ms,99.07999928571427,99.07999928571427,0.0,FROZEN_PRODUCTION_CONTEXT
OFF,0,1064,status_wait_p95_ms,115.96142785714265,115.96142785714265,0.0,FROZEN_PRODUCTION_CONTEXT
OFF,0,1065,status_wait_p95_ms,48.624284999999986,48.624284999999986,0.0,FROZEN_PRODUCTION_CONTEXT
OFF,0,1066,status_wait_p95_ms,186.67571357142833,186.67571357142833,0.0,FROZEN_PRODUCTION_CONTEXT
OFF,0,1067,status_wait_p95_ms,36.42571357142842,36.42571357142842,0.0,FROZEN_PRODUCTION_CONTEXT
OFF,0,1068,status_wait_p95_ms,88.07142785714264,88.07142785714264,0.0,FROZEN_PRODUCTION_CONTEXT
OFF,0,1069,status_wait_p95_ms,80.07142785714274,80.07142785714274,0.0,FROZEN_PRODUCTION_CONTEXT
OFF,0,1070,status_wait_p95_ms,68.36571357142843,68.36571357142843,0.0,FROZEN_PRODUCTION_CONTEXT
OFF,0,1071,status_wait_p95_ms,107.57999928571424,107.57999928571424,0.0,FROZEN_PRODUCTION_CONTEXT
OFF,0,1072,status_wait_p95_ms,145.13142785714282,145.13142785714282,0.0,FROZEN_PRODUCTION_CONTEXT
OFF,0,1073,status_wait_p95_ms,29.332856428571404,29.332856428571404,0.0,FROZEN_PRODUCTION_CONTEXT
OFF,0,1074,status_wait_p95_ms,128.94428499999972,128.94428499999972,0.0,FROZEN_PRODUCTION_CONTEXT
OFF,0,1075,status_wait_p95_ms,60.40714214285711,60.40714214285711,0.0,FROZEN_PRODUCTION_CONTEXT
OFF,0,1076,status_wait_p95_ms,92.65999928571414,92.65999928571414,0.0,FROZEN_PRODUCTION_CONTEXT
OFF,0,1077,status_wait_p95_ms,81.77142785714277,81.77142785714277,0.0,FROZEN_PRODUCTION_CONTEXT
OFF,0,1078,status_wait_p95_ms,89.88285642857146,89.88285642857146,0.0,FROZEN_PRODUCTION_CONTEXT
OFF,0,1079,status_wait_p95_ms,202.5857135714282,202.5857135714282,0.0,FROZEN_PRODUCTION_CONTEXT
OFF,0,1080,status_wait_p95_ms,45.82999928571429,45.82999928571429,0.0,FROZEN_PRODUCTION_CONTEXT
OFF,0,1081,status_wait_p95_ms,217.76571357142842,217.76571357142842,0.0,FROZEN_PRODUCTION_CONTEXT
OFF,0,1082,status_wait_p95_ms,64.27714214285695,64.27714214285695,0.0,FROZEN_PRODUCTION_CONTEXT
OFF,0,1083,status_wait_p95_ms,28.558570714285644,28.558570714285644,0.0,FROZEN_PRODUCTION_CONTEXT
OFF,0,1084,status_wait_p95_ms,110.94428500000002,110.94428500000002,0.0,FROZEN_PRODUCTION_CONTEXT
OFF,0,1085,status_wait_p95_ms,125.79428499999972,125.79428499999972,0.0,FROZEN_PRODUCTION_CONTEXT
OFF,0,1086,status_wait_p95_ms,211.80142785714278,211.80142785714278,0.0,FROZEN_PRODUCTION_CONTEXT
OFF,0,1087,status_wait_p95_ms,40.10571357142851,40.10571357142851,0.0,FROZEN_PRODUCTION_CONTEXT
OFF,0,1088,status_wait_p95_ms,101.0685707142856,101.0685707142856,0.0,FROZEN_PRODUCTION_CONTEXT
OFF,0,1001,status_residence_p95_ms,84.18571357142847,84.18571357142847,0.0,FROZEN_PRODUCTION_CONTEXT
OFF,0,1002,status_residence_p95_ms,122.04285642857138,122.04285642857138,0.0,FROZEN_PRODUCTION_CONTEXT
OFF,0,1003,status_residence_p95_ms,180.74999928571407,180.74999928571407,0.0,FROZEN_PRODUCTION_CONTEXT
OFF,0,1004,status_residence_p95_ms,225.31714214285694,225.31714214285694,0.0,FROZEN_PRODUCTION_CONTEXT
OFF,0,1005,status_residence_p95_ms,158.49285642857143,158.49285642857143,0.0,FROZEN_PRODUCTION_CONTEXT
OFF,0,1006,status_residence_p95_ms,178.5642849999998,178.5642849999998,0.0,FROZEN_PRODUCTION_CONTEXT
OFF,0,1007,status_residence_p95_ms,189.44571357142814,189.44571357142814,0.0,FROZEN_PRODUCTION_CONTEXT
OFF,0,1008,status_residence_p95_ms,78.71571357142854,78.71571357142854,0.0,FROZEN_PRODUCTION_CONTEXT
OFF,0,1009,status_residence_p95_ms,139.6499992857143,139.6499992857143,0.0,FROZEN_PRODUCTION_CONTEXT
OFF,0,1010,status_residence_p95_ms,255.6999992857141,255.6999992857141,0.0,FROZEN_PRODUCTION_CONTEXT
OFF,0,1011,status_residence_p95_ms,250.33428499999988,250.33428499999988,0.0,FROZEN_PRODUCTION_CONTEXT
OFF,0,1012,status_residence_p95_ms,139.05999928571407,139.05999928571407,0.0,FROZEN_PRODUCTION_CONTEXT
OFF,0,1013,status_residence_p95_ms,362.9671421428568,362.9671421428568,0.0,FROZEN_PRODUCTION_CONTEXT
OFF,0,1014,status_residence_p95_ms,152.71714214285703,152.71714214285703,0.0,FROZEN_PRODUCTION_CONTEXT
OFF,0,1015,status_residence_p95_ms,208.51857071428566,208.51857071428566,0.0,FROZEN_PRODUCTION_CONTEXT
OFF,0,1016,status_residence_p95_ms,130.05142785714267,130.05142785714267,0.0,FROZEN_PRODUCTION_CONTEXT
OFF,0,1017,status_residence_p95_ms,66.36999928571429,66.36999928571429,0.0,FROZEN_PRODUCTION_CONTEXT
OFF,0,1018,status_residence_p95_ms,173.24857071428548,173.24857071428548,0.0,FROZEN_PRODUCTION_CONTEXT
OFF,0,1019,status_residence_p95_ms,149.53571357142835,149.53571357142835,0.0,FROZEN_PRODUCTION_CONTEXT
OFF,0,1020,status_residence_p95_ms,184.45571357142813,184.45571357142813,0.0,FROZEN_PRODUCTION_CONTEXT
OFF,0,1021,status_residence_p95_ms,87.21999928571428,87.21999928571428,0.0,FROZEN_PRODUCTION_CONTEXT
OFF,0,1022,status_residence_p95_ms,161.0642849999999,161.0642849999999,0.0,FROZEN_PRODUCTION_CONTEXT
OFF,0,1023,status_residence_p95_ms,351.11999928571373,351.11999928571373,0.0,FROZEN_PRODUCTION_CONTEXT
OFF,0,1024,status_residence_p95_ms,181.51428499999983,181.51428499999983,0.0,FROZEN_PRODUCTION_CONTEXT
OFF,0,1025,status_residence_p95_ms,308.7628564285713,308.7628564285713,0.0,FROZEN_PRODUCTION_CONTEXT
OFF,0,1026,status_residence_p95_ms,232.14999928571396,232.14999928571396,0.0,FROZEN_PRODUCTION_CONTEXT
OFF,0,1027,status_residence_p95_ms,76.83857071428554,76.83857071428554,0.0,FROZEN_PRODUCTION_CONTEXT
OFF,0,1028,status_residence_p95_ms,258.457142142857,258.457142142857,0.0,FROZEN_PRODUCTION_CONTEXT
OFF,0,1029,status_residence_p95_ms,149.10428499999978,149.10428499999978,0.0,FROZEN_PRODUCTION_CONTEXT
OFF,0,1030,status_residence_p95_ms,125.47571357142849,125.47571357142849,0.0,FROZEN_PRODUCTION_CONTEXT
OFF,0,1031,status_residence_p95_ms,126.29285642857131,126.29285642857131,0.0,FROZEN_PRODUCTION_CONTEXT
OFF,0,1032,status_residence_p95_ms,190.67428499999974,190.67428499999974,0.0,FROZEN_PRODUCTION_CONTEXT
OFF,0,1033,status_residence_p95_ms,218.31857071428567,218.31857071428567,0.0,FROZEN_PRODUCTION_CONTEXT
OFF,0,1034,status_residence_p95_ms,173.12714214285702,173.12714214285702,0.0,FROZEN_PRODUCTION_CONTEXT
OFF,0,1035,status_residence_p95_ms,132.62857071428547,132.62857071428547,0.0,FROZEN_PRODUCTION_CONTEXT
OFF,0,1036,status_residence_p95_ms,138.67428499999986,138.67428499999986,0.0,FROZEN_PRODUCTION_CONTEXT
OFF,0,1037,status_residence_p95_ms,109.38714214285719,109.38714214285719,0.0,FROZEN_PRODUCTION_CONTEXT
OFF,0,1038,status_residence_p95_ms,169.40285642857148,169.40285642857148,0.0,FROZEN_PRODUCTION_CONTEXT
OFF,0,1039,status_residence_p95_ms,258.12571357142826,258.12571357142826,0.0,FROZEN_PRODUCTION_CONTEXT
OFF,0,1040,status_residence_p95_ms,122.87999928571422,122.87999928571422,0.0,FROZEN_PRODUCTION_CONTEXT
OFF,0,1041,status_residence_p95_ms,112.90857071428559,112.90857071428559,0.0,FROZEN_PRODUCTION_CONTEXT
OFF,0,1042,status_residence_p95_ms,238.92571357142813,238.92571357142813,0.0,FROZEN_PRODUCTION_CONTEXT
OFF,0,1043,status_residence_p95_ms,187.2714278571428,187.2714278571428,0.0,FROZEN_PRODUCTION_CONTEXT
OFF,0,1044,status_residence_p95_ms,140.18571357142807,140.18571357142807,0.0,FROZEN_PRODUCTION_CONTEXT
OFF,0,1045,status_residence_p95_ms,153.5899992857141,153.5899992857141,0.0,FROZEN_PRODUCTION_CONTEXT
OFF,0,1046,status_residence_p95_ms,137.914285,137.914285,0.0,FROZEN_PRODUCTION_CONTEXT
OFF,0,1047,status_residence_p95_ms,154.1199992857143,154.1199992857143,0.0,FROZEN_PRODUCTION_CONTEXT
OFF,0,1048,status_residence_p95_ms,163.60571357142834,163.60571357142834,0.0,FROZEN_PRODUCTION_CONTEXT
OFF,0,1049,status_residence_p95_ms,257.6642849999998,257.6642849999998,0.0,FROZEN_PRODUCTION_CONTEXT
OFF,0,1050,status_residence_p95_ms,110.83428499999981,110.83428499999981,0.0,FROZEN_PRODUCTION_CONTEXT
OFF,0,1051,status_residence_p95_ms,212.44857071428555,212.44857071428555,0.0,FROZEN_PRODUCTION_CONTEXT
OFF,0,1052,status_residence_p95_ms,291.8814278571427,291.8814278571427,0.0,FROZEN_PRODUCTION_CONTEXT
OFF,0,1053,status_residence_p95_ms,171.35285642857133,171.35285642857133,0.0,FROZEN_PRODUCTION_CONTEXT
OFF,0,1054,status_residence_p95_ms,111.38571357142841,111.38571357142841,0.0,FROZEN_PRODUCTION_CONTEXT
OFF,0,1055,status_residence_p95_ms,142.06285642857142,142.06285642857142,0.0,FROZEN_PRODUCTION_CONTEXT
OFF,0,1056,status_residence_p95_ms,117.5657135714285,117.5657135714285,0.0,FROZEN_PRODUCTION_CONTEXT
OFF,0,1057,status_residence_p95_ms,419.5299992857141,419.5299992857141,0.0,FROZEN_PRODUCTION_CONTEXT
OFF,0,1058,status_residence_p95_ms,165.41142785714257,165.41142785714257,0.0,FROZEN_PRODUCTION_CONTEXT
OFF,0,1059,status_residence_p95_ms,127.26571357142836,127.26571357142836,0.0,FROZEN_PRODUCTION_CONTEXT
OFF,0,1060,status_residence_p95_ms,190.75428500000007,190.75428500000007,0.0,FROZEN_PRODUCTION_CONTEXT
OFF,0,1061,status_residence_p95_ms,153.63999928571417,153.63999928571417,0.0,FROZEN_PRODUCTION_CONTEXT
OFF,0,1062,status_residence_p95_ms,172.80571357142819,172.80571357142819,0.0,FROZEN_PRODUCTION_CONTEXT
OFF,0,1063,status_residence_p95_ms,162.87428499999987,162.87428499999987,0.0,FROZEN_PRODUCTION_CONTEXT
OFF,0,1064,status_residence_p95_ms,178.60999928571385,178.60999928571385,0.0,FROZEN_PRODUCTION_CONTEXT
OFF,0,1065,status_residence_p95_ms,102.63428500000002,102.63428500000002,0.0,FROZEN_PRODUCTION_CONTEXT
OFF,0,1066,status_residence_p95_ms,264.7728564285712,264.7728564285712,0.0,FROZEN_PRODUCTION_CONTEXT
OFF,0,1067,status_residence_p95_ms,85.37285642857138,85.37285642857138,0.0,FROZEN_PRODUCTION_CONTEXT
OFF,0,1068,status_residence_p95_ms,146.56142785714266,146.56142785714266,0.0,FROZEN_PRODUCTION_CONTEXT
OFF,0,1069,status_residence_p95_ms,140.10428499999972,140.10428499999972,0.0,FROZEN_PRODUCTION_CONTEXT
OFF,0,1070,status_residence_p95_ms,124.19571357142856,124.19571357142856,0.0,FROZEN_PRODUCTION_CONTEXT
OFF,0,1071,status_residence_p95_ms,167.5485707142856,167.5485707142856,0.0,FROZEN_PRODUCTION_CONTEXT
OFF,0,1072,status_residence_p95_ms,207.53999928571406,207.53999928571406,0.0,FROZEN_PRODUCTION_CONTEXT
OFF,0,1073,status_residence_p95_ms,90.54857071428573,90.54857071428573,0.0,FROZEN_PRODUCTION_CONTEXT
OFF,0,1074,status_residence_p95_ms,189.05857071428576,189.05857071428576,0.0,FROZEN_PRODUCTION_CONTEXT
OFF,0,1075,status_residence_p95_ms,125.10142785714288,125.10142785714288,0.0,FROZEN_PRODUCTION_CONTEXT
OFF,0,1076,status_residence_p95_ms,146.8871421428569,146.8871421428569,0.0,FROZEN_PRODUCTION_CONTEXT
OFF,0,1077,status_residence_p95_ms,141.00857071428567,141.00857071428567,0.0,FROZEN_PRODUCTION_CONTEXT
OFF,0,1078,status_residence_p95_ms,150.13285642857142,150.13285642857142,0.0,FROZEN_PRODUCTION_CONTEXT
OFF,0,1079,status_residence_p95_ms,256.28714214285645,256.28714214285645,0.0,FROZEN_PRODUCTION_CONTEXT
OFF,0,1080,status_residence_p95_ms,101.9399992857142,101.9399992857142,0.0,FROZEN_PRODUCTION_CONTEXT
OFF,0,1081,status_residence_p95_ms,277.095713571428,277.095713571428,0.0,FROZEN_PRODUCTION_CONTEXT
OFF,0,1082,status_residence_p95_ms,130.62285642857128,130.62285642857128,0.0,FROZEN_PRODUCTION_CONTEXT
OFF,0,1083,status_residence_p95_ms,73.33857071428565,73.33857071428565,0.0,FROZEN_PRODUCTION_CONTEXT
OFF,0,1084,status_residence_p95_ms,176.06999928571432,176.06999928571432,0.0,FROZEN_PRODUCTION_CONTEXT
OFF,0,1085,status_residence_p95_ms,201.62714214285702,201.62714214285702,0.0,FROZEN_PRODUCTION_CONTEXT
OFF,0,1086,status_residence_p95_ms,276.68285642857074,276.68285642857074,0.0,FROZEN_PRODUCTION_CONTEXT
OFF,0,1087,status_residence_p95_ms,88.79571357142851,88.79571357142851,0.0,FROZEN_PRODUCTION_CONTEXT
OFF,0,1088,status_residence_p95_ms,149.8157135714284,149.8157135714284,0.0,FROZEN_PRODUCTION_CONTEXT
OFF,0,1001,service_duration_p95_ms,52.524285714285675,52.524285714285675,0.0,FROZEN_PRODUCTION_CONTEXT
OFF,0,1002,service_duration_p95_ms,51.754285714285686,51.754285714285686,0.0,FROZEN_PRODUCTION_CONTEXT
OFF,0,1003,service_duration_p95_ms,71.49285714285712,71.49285714285712,0.0,FROZEN_PRODUCTION_CONTEXT
OFF,0,1004,service_duration_p95_ms,57.91714285714283,57.91714285714283,0.0,FROZEN_PRODUCTION_CONTEXT
OFF,0,1005,service_duration_p95_ms,64.78142857142852,64.78142857142852,0.0,FROZEN_PRODUCTION_CONTEXT
OFF,0,1006,service_duration_p95_ms,68.68714285714282,68.68714285714282,0.0,FROZEN_PRODUCTION_CONTEXT
OFF,0,1007,service_duration_p95_ms,58.91142857142851,58.91142857142851,0.0,FROZEN_PRODUCTION_CONTEXT
OFF,0,1008,service_duration_p95_ms,30.39142857142854,30.39142857142854,0.0,FROZEN_PRODUCTION_CONTEXT
OFF,0,1009,service_duration_p95_ms,39.18428571428566,39.18428571428566,0.0,FROZEN_PRODUCTION_CONTEXT
OFF,0,1010,service_duration_p95_ms,73.27857142857135,73.27857142857135,0.0,FROZEN_PRODUCTION_CONTEXT
OFF,0,1011,service_duration_p95_ms,56.90428571428569,56.90428571428569,0.0,FROZEN_PRODUCTION_CONTEXT
OFF,0,1012,service_duration_p95_ms,72.19428571428567,72.19428571428567,0.0,FROZEN_PRODUCTION_CONTEXT
OFF,0,1013,service_duration_p95_ms,49.62714285714282,49.62714285714282,0.0,FROZEN_PRODUCTION_CONTEXT
OFF,0,1014,service_duration_p95_ms,63.6428571428571,63.6428571428571,0.0,FROZEN_PRODUCTION_CONTEXT
OFF,0,1015,service_duration_p95_ms,67.66999999999999,67.66999999999999,0.0,FROZEN_PRODUCTION_CONTEXT
OFF,0,1016,service_duration_p95_ms,54.4414285714285,54.4414285714285,0.0,FROZEN_PRODUCTION_CONTEXT
OFF,0,1017,service_duration_p95_ms,44.332857142857094,44.332857142857094,0.0,FROZEN_PRODUCTION_CONTEXT
OFF,0,1018,service_duration_p95_ms,54.70571428571412,54.70571428571412,0.0,FROZEN_PRODUCTION_CONTEXT
OFF,0,1019,service_duration_p95_ms,58.72714285714279,58.72714285714279,0.0,FROZEN_PRODUCTION_CONTEXT
OFF,0,1020,service_duration_p95_ms,71.13571428571426,71.13571428571426,0.0,FROZEN_PRODUCTION_CONTEXT
OFF,0,1021,service_duration_p95_ms,43.182857142857095,43.182857142857095,0.0,FROZEN_PRODUCTION_CONTEXT
OFF,0,1022,service_duration_p95_ms,65.89571428571419,65.89571428571419,0.0,FROZEN_PRODUCTION_CONTEXT
OFF,0,1023,service_duration_p95_ms,65.15714285714286,65.15714285714286,0.0,FROZEN_PRODUCTION_CONTEXT
OFF,0,1024,service_duration_p95_ms,56.189999999999976,56.189999999999976,0.0,FROZEN_PRODUCTION_CONTEXT
OFF,0,1025,service_duration_p95_ms,60.77142857142852,60.77142857142852,0.0,FROZEN_PRODUCTION_CONTEXT
OFF,0,1026,service_duration_p95_ms,69.31857142857139,69.31857142857139,0.0,FROZEN_PRODUCTION_CONTEXT
OFF,0,1027,service_duration_p95_ms,41.67999999999993,41.67999999999993,0.0,FROZEN_PRODUCTION_CONTEXT
OFF,0,1028,service_duration_p95_ms,56.007142857142775,56.007142857142775,0.0,FROZEN_PRODUCTION_CONTEXT
OFF,0,1029,service_duration_p95_ms,58.34999999999996,58.34999999999996,0.0,FROZEN_PRODUCTION_CONTEXT
OFF,0,1030,service_duration_p95_ms,49.27142857142854,49.27142857142854,0.0,FROZEN_PRODUCTION_CONTEXT
OFF,0,1031,service_duration_p95_ms,34.65142857142854,34.65142857142854,0.0,FROZEN_PRODUCTION_CONTEXT
OFF,0,1032,service_duration_p95_ms,63.561428571428536,63.561428571428536,0.0,FROZEN_PRODUCTION_CONTEXT
OFF,0,1033,service_duration_p95_ms,58.36571428571426,58.36571428571426,0.0,FROZEN_PRODUCTION_CONTEXT
OFF,0,1034,service_duration_p95_ms,53.657142857142745,53.657142857142745,0.0,FROZEN_PRODUCTION_CONTEXT
OFF,0,1035,service_duration_p95_ms,58.29285714285713,58.29285714285713,0.0,FROZEN_PRODUCTION_CONTEXT
OFF,0,1036,service_duration_p95_ms,54.334285714285635,54.334285714285635,0.0,FROZEN_PRODUCTION_CONTEXT
OFF,0,1037,service_duration_p95_ms,51.29857142857142,51.29857142857142,0.0,FROZEN_PRODUCTION_CONTEXT
OFF,0,1038,service_duration_p95_ms,69.7042857142857,69.7042857142857,0.0,FROZEN_PRODUCTION_CONTEXT
OFF,0,1039,service_duration_p95_ms,60.917142857142736,60.917142857142736,0.0,FROZEN_PRODUCTION_CONTEXT
OFF,0,1040,service_duration_p95_ms,46.26142857142853,46.26142857142853,0.0,FROZEN_PRODUCTION_CONTEXT
OFF,0,1041,service_duration_p95_ms,45.792857142857116,45.792857142857116,0.0,FROZEN_PRODUCTION_CONTEXT
OFF,0,1042,service_duration_p95_ms,52.002857142857124,52.002857142857124,0.0,FROZEN_PRODUCTION_CONTEXT
OFF,0,1043,service_duration_p95_ms,47.924285714285666,47.924285714285666,0.0,FROZEN_PRODUCTION_CONTEXT
OFF,0,1044,service_duration_p95_ms,54.27142857142851,54.27142857142851,0.0,FROZEN_PRODUCTION_CONTEXT
OFF,0,1045,service_duration_p95_ms,44.02285714285711,44.02285714285711,0.0,FROZEN_PRODUCTION_CONTEXT
OFF,0,1046,service_duration_p95_ms,59.98857142857139,59.98857142857139,0.0,FROZEN_PRODUCTION_CONTEXT
OFF,0,1047,service_duration_p95_ms,66.6928571428571,66.6928571428571,0.0,FROZEN_PRODUCTION_CONTEXT
OFF,0,1048,service_duration_p95_ms,53.59285714285713,53.59285714285713,0.0,FROZEN_PRODUCTION_CONTEXT
OFF,0,1049,service_duration_p95_ms,51.21999999999992,51.21999999999992,0.0,FROZEN_PRODUCTION_CONTEXT
OFF,0,1050,service_duration_p95_ms,42.80714285714282,42.80714285714282,0.0,FROZEN_PRODUCTION_CONTEXT
OFF,0,1051,service_duration_p95_ms,59.44714285714281,59.44714285714281,0.0,FROZEN_PRODUCTION_CONTEXT
OFF,0,1052,service_duration_p95_ms,68.3685714285714,68.3685714285714,0.0,FROZEN_PRODUCTION_CONTEXT
OFF,0,1053,service_duration_p95_ms,60.438571428571336,60.438571428571336,0.0,FROZEN_PRODUCTION_CONTEXT
OFF,0,1054,service_duration_p95_ms,60.04285714285704,60.04285714285704,0.0,FROZEN_PRODUCTION_CONTEXT
OFF,0,1055,service_duration_p95_ms,61.888571428571375,61.888571428571375,0.0,FROZEN_PRODUCTION_CONTEXT
OFF,0,1056,service_duration_p95_ms,51.611428571428505,51.611428571428505,0.0,FROZEN_PRODUCTION_CONTEXT
OFF,0,1057,service_duration_p95_ms,59.94857142857141,59.94857142857141,0.0,FROZEN_PRODUCTION_CONTEXT
OFF,0,1058,service_duration_p95_ms,69.84999999999994,69.84999999999994,0.0,FROZEN_PRODUCTION_CONTEXT
OFF,0,1059,service_duration_p95_ms,54.23428571428567,54.23428571428567,0.0,FROZEN_PRODUCTION_CONTEXT
OFF,0,1060,service_duration_p95_ms,54.058571428571376,54.058571428571376,0.0,FROZEN_PRODUCTION_CONTEXT
OFF,0,1061,service_duration_p95_ms,69.37142857142847,69.37142857142847,0.0,FROZEN_PRODUCTION_CONTEXT
OFF,0,1062,service_duration_p95_ms,63.949999999999896,63.949999999999896,0.0,FROZEN_PRODUCTION_CONTEXT
OFF,0,1063,service_duration_p95_ms,63.94571428571422,63.94571428571422,0.0,FROZEN_PRODUCTION_CONTEXT
OFF,0,1064,service_duration_p95_ms,58.33857142857132,58.33857142857132,0.0,FROZEN_PRODUCTION_CONTEXT
OFF,0,1065,service_duration_p95_ms,47.15285714285708,47.15285714285708,0.0,FROZEN_PRODUCTION_CONTEXT
OFF,0,1066,service_duration_p95_ms,75.5328571428571,75.5328571428571,0.0,FROZEN_PRODUCTION_CONTEXT
OFF,0,1067,service_duration_p95_ms,49.3828571428571,49.3828571428571,0.0,FROZEN_PRODUCTION_CONTEXT
OFF,0,1068,service_duration_p95_ms,68.23857142857133,68.23857142857133,0.0,FROZEN_PRODUCTION_CONTEXT
OFF,0,1069,service_duration_p95_ms,51.909999999999926,51.909999999999926,0.0,FROZEN_PRODUCTION_CONTEXT
OFF,0,1070,service_duration_p95_ms,54.005714285714284,54.005714285714284,0.0,FROZEN_PRODUCTION_CONTEXT
OFF,0,1071,service_duration_p95_ms,53.19857142857137,53.19857142857137,0.0,FROZEN_PRODUCTION_CONTEXT
OFF,0,1072,service_duration_p95_ms,60.46428571428569,60.46428571428569,0.0,FROZEN_PRODUCTION_CONTEXT
OFF,0,1073,service_duration_p95_ms,51.83714285714284,51.83714285714284,0.0,FROZEN_PRODUCTION_CONTEXT
OFF,0,1074,service_duration_p95_ms,62.308571428571405,62.308571428571405,0.0,FROZEN_PRODUCTION_CONTEXT
OFF,0,1075,service_duration_p95_ms,62.15285714285713,62.15285714285713,0.0,FROZEN_PRODUCTION_CONTEXT
OFF,0,1076,service_duration_p95_ms,59.41857142857137,59.41857142857137,0.0,FROZEN_PRODUCTION_CONTEXT
OFF,0,1077,service_duration_p95_ms,54.695714285714224,54.695714285714224,0.0,FROZEN_PRODUCTION_CONTEXT
OFF,0,1078,service_duration_p95_ms,67.13000000000001,67.13000000000001,0.0,FROZEN_PRODUCTION_CONTEXT
OFF,0,1079,service_duration_p95_ms,57.6442857142857,57.6442857142857,0.0,FROZEN_PRODUCTION_CONTEXT
OFF,0,1080,service_duration_p95_ms,50.8628571428571,50.8628571428571,0.0,FROZEN_PRODUCTION_CONTEXT
OFF,0,1081,service_duration_p95_ms,47.43571428571426,47.43571428571426,0.0,FROZEN_PRODUCTION_CONTEXT
OFF,0,1082,service_duration_p95_ms,55.028571428571354,55.028571428571354,0.0,FROZEN_PRODUCTION_CONTEXT
OFF,0,1083,service_duration_p95_ms,51.19285714285714,51.19285714285714,0.0,FROZEN_PRODUCTION_CONTEXT
OFF,0,1084,service_duration_p95_ms,68.35714285714286,68.35714285714286,0.0,FROZEN_PRODUCTION_CONTEXT
OFF,0,1085,service_duration_p95_ms,73.30999999999996,73.30999999999996,0.0,FROZEN_PRODUCTION_CONTEXT
OFF,0,1086,service_duration_p95_ms,53.25999999999991,53.25999999999991,0.0,FROZEN_PRODUCTION_CONTEXT
OFF,0,1087,service_duration_p95_ms,47.48571428571424,47.48571428571424,0.0,FROZEN_PRODUCTION_CONTEXT
OFF,0,1088,service_duration_p95_ms,48.27142857142857,48.27142857142857,0.0,FROZEN_PRODUCTION_CONTEXT
OFF,0,1001,fully_served_to_rx_p95_ms,21.715317,21.715317,0.0,FROZEN_PRODUCTION_CONTEXT
OFF,0,1002,fully_served_to_rx_p95_ms,21.715469,21.715469,0.0,FROZEN_PRODUCTION_CONTEXT
OFF,0,1003,fully_served_to_rx_p95_ms,21.715013,21.715013,0.0,FROZEN_PRODUCTION_CONTEXT
OFF,0,1004,fully_served_to_rx_p95_ms,21.715317,21.715317,0.0,FROZEN_PRODUCTION_CONTEXT
OFF,0,1005,fully_served_to_rx_p95_ms,21.715165,21.715165,0.0,FROZEN_PRODUCTION_CONTEXT
OFF,0,1006,fully_served_to_rx_p95_ms,21.715165,21.715165,0.0,FROZEN_PRODUCTION_CONTEXT
OFF,0,1007,fully_served_to_rx_p95_ms,21.715165,21.715165,0.0,FROZEN_PRODUCTION_CONTEXT
OFF,0,1008,fully_served_to_rx_p95_ms,21.715469,21.715469,0.0,FROZEN_PRODUCTION_CONTEXT
OFF,0,1009,fully_served_to_rx_p95_ms,21.715165,21.715165,0.0,FROZEN_PRODUCTION_CONTEXT
OFF,0,1010,fully_served_to_rx_p95_ms,21.715013,21.715013,0.0,FROZEN_PRODUCTION_CONTEXT
OFF,0,1011,fully_served_to_rx_p95_ms,21.715317,21.715317,0.0,FROZEN_PRODUCTION_CONTEXT
OFF,0,1012,fully_served_to_rx_p95_ms,21.715165,21.715165,0.0,FROZEN_PRODUCTION_CONTEXT
OFF,0,1013,fully_served_to_rx_p95_ms,21.715013,21.715013,0.0,FROZEN_PRODUCTION_CONTEXT
OFF,0,1014,fully_served_to_rx_p95_ms,21.715165,21.715165,0.0,FROZEN_PRODUCTION_CONTEXT
OFF,0,1015,fully_served_to_rx_p95_ms,21.715317,21.715317,0.0,FROZEN_PRODUCTION_CONTEXT
OFF,0,1016,fully_served_to_rx_p95_ms,21.715165,21.715165,0.0,FROZEN_PRODUCTION_CONTEXT
OFF,0,1017,fully_served_to_rx_p95_ms,21.715317,21.715317,0.0,FROZEN_PRODUCTION_CONTEXT
OFF,0,1018,fully_served_to_rx_p95_ms,21.715165,21.715165,0.0,FROZEN_PRODUCTION_CONTEXT
OFF,0,1019,fully_served_to_rx_p95_ms,21.715165,21.715165,0.0,FROZEN_PRODUCTION_CONTEXT
OFF,0,1020,fully_served_to_rx_p95_ms,21.715013,21.715013,0.0,FROZEN_PRODUCTION_CONTEXT
OFF,0,1021,fully_served_to_rx_p95_ms,21.715317,21.715317,0.0,FROZEN_PRODUCTION_CONTEXT
OFF,0,1022,fully_served_to_rx_p95_ms,21.715165,21.715165,0.0,FROZEN_PRODUCTION_CONTEXT
OFF,0,1023,fully_served_to_rx_p95_ms,21.715013,21.715013,0.0,FROZEN_PRODUCTION_CONTEXT
OFF,0,1024,fully_served_to_rx_p95_ms,21.715317,21.715317,0.0,FROZEN_PRODUCTION_CONTEXT
OFF,0,1025,fully_served_to_rx_p95_ms,21.715013,21.715013,0.0,FROZEN_PRODUCTION_CONTEXT
OFF,0,1026,fully_served_to_rx_p95_ms,21.715165,21.715165,0.0,FROZEN_PRODUCTION_CONTEXT
OFF,0,1027,fully_served_to_rx_p95_ms,21.715317,21.715317,0.0,FROZEN_PRODUCTION_CONTEXT
OFF,0,1028,fully_served_to_rx_p95_ms,21.715165,21.715165,0.0,FROZEN_PRODUCTION_CONTEXT
OFF,0,1029,fully_served_to_rx_p95_ms,21.715165,21.715165,0.0,FROZEN_PRODUCTION_CONTEXT
OFF,0,1030,fully_served_to_rx_p95_ms,21.715621,21.715621,0.0,FROZEN_PRODUCTION_CONTEXT
OFF,0,1031,fully_served_to_rx_p95_ms,21.715469,21.715469,0.0,FROZEN_PRODUCTION_CONTEXT
OFF,0,1032,fully_served_to_rx_p95_ms,21.715165,21.715165,0.0,FROZEN_PRODUCTION_CONTEXT
OFF,0,1033,fully_served_to_rx_p95_ms,23.715013,23.715013,0.0,FROZEN_PRODUCTION_CONTEXT
OFF,0,1034,fully_served_to_rx_p95_ms,21.715317,21.715317,0.0,FROZEN_PRODUCTION_CONTEXT
OFF,0,1035,fully_served_to_rx_p95_ms,21.715317,21.715317,0.0,FROZEN_PRODUCTION_CONTEXT
OFF,0,1036,fully_served_to_rx_p95_ms,21.715013,21.715013,0.0,FROZEN_PRODUCTION_CONTEXT
OFF,0,1037,fully_served_to_rx_p95_ms,21.715469,21.715469,0.0,FROZEN_PRODUCTION_CONTEXT
OFF,0,1038,fully_served_to_rx_p95_ms,21.715013,21.715013,0.0,FROZEN_PRODUCTION_CONTEXT
OFF,0,1039,fully_served_to_rx_p95_ms,21.715165,21.715165,0.0,FROZEN_PRODUCTION_CONTEXT
OFF,0,1040,fully_served_to_rx_p95_ms,21.715317,21.715317,0.0,FROZEN_PRODUCTION_CONTEXT
OFF,0,1041,fully_served_to_rx_p95_ms,21.715165,21.715165,0.0,FROZEN_PRODUCTION_CONTEXT
OFF,0,1042,fully_served_to_rx_p95_ms,21.715317,21.715317,0.0,FROZEN_PRODUCTION_CONTEXT
OFF,0,1043,fully_served_to_rx_p95_ms,21.715165,21.715165,0.0,FROZEN_PRODUCTION_CONTEXT
OFF,0,1044,fully_served_to_rx_p95_ms,21.715469,21.715469,0.0,FROZEN_PRODUCTION_CONTEXT
OFF,0,1045,fully_served_to_rx_p95_ms,21.715317,21.715317,0.0,FROZEN_PRODUCTION_CONTEXT
OFF,0,1046,fully_served_to_rx_p95_ms,21.715317,21.715317,0.0,FROZEN_PRODUCTION_CONTEXT
OFF,0,1047,fully_served_to_rx_p95_ms,21.715013,21.715013,0.0,FROZEN_PRODUCTION_CONTEXT
OFF,0,1048,fully_served_to_rx_p95_ms,21.715317,21.715317,0.0,FROZEN_PRODUCTION_CONTEXT
OFF,0,1049,fully_served_to_rx_p95_ms,21.7150586,21.7150586,0.0,FROZEN_PRODUCTION_CONTEXT
OFF,0,1050,fully_served_to_rx_p95_ms,21.715317,21.715317,0.0,FROZEN_PRODUCTION_CONTEXT
OFF,0,1051,fully_served_to_rx_p95_ms,21.715469,21.715469,0.0,FROZEN_PRODUCTION_CONTEXT
OFF,0,1052,fully_served_to_rx_p95_ms,21.715165,21.715165,0.0,FROZEN_PRODUCTION_CONTEXT
OFF,0,1053,fully_served_to_rx_p95_ms,21.715317,21.715317,0.0,FROZEN_PRODUCTION_CONTEXT
OFF,0,1054,fully_served_to_rx_p95_ms,21.715621,21.715621,0.0,FROZEN_PRODUCTION_CONTEXT
OFF,0,1055,fully_served_to_rx_p95_ms,21.715621,21.715621,0.0,FROZEN_PRODUCTION_CONTEXT
OFF,0,1056,fully_served_to_rx_p95_ms,21.715013,21.715013,0.0,FROZEN_PRODUCTION_CONTEXT
OFF,0,1057,fully_served_to_rx_p95_ms,21.715013,21.715013,0.0,FROZEN_PRODUCTION_CONTEXT
OFF,0,1058,fully_served_to_rx_p95_ms,21.715165,21.715165,0.0,FROZEN_PRODUCTION_CONTEXT
OFF,0,1059,fully_served_to_rx_p95_ms,21.715165,21.715165,0.0,FROZEN_PRODUCTION_CONTEXT
OFF,0,1060,fully_served_to_rx_p95_ms,21.715165,21.715165,0.0,FROZEN_PRODUCTION_CONTEXT
OFF,0,1061,fully_served_to_rx_p95_ms,21.715165,21.715165,0.0,FROZEN_PRODUCTION_CONTEXT
OFF,0,1062,fully_served_to_rx_p95_ms,21.715317,21.715317,0.0,FROZEN_PRODUCTION_CONTEXT
OFF,0,1063,fully_served_to_rx_p95_ms,21.715013,21.715013,0.0,FROZEN_PRODUCTION_CONTEXT
OFF,0,1064,fully_served_to_rx_p95_ms,21.715013,21.715013,0.0,FROZEN_PRODUCTION_CONTEXT
OFF,0,1065,fully_served_to_rx_p95_ms,24.714709,24.714709,0.0,FROZEN_PRODUCTION_CONTEXT
OFF,0,1066,fully_served_to_rx_p95_ms,21.715013,21.715013,0.0,FROZEN_PRODUCTION_CONTEXT
OFF,0,1067,fully_served_to_rx_p95_ms,21.715317,21.715317,0.0,FROZEN_PRODUCTION_CONTEXT
OFF,0,1068,fully_served_to_rx_p95_ms,21.715317,21.715317,0.0,FROZEN_PRODUCTION_CONTEXT
OFF,0,1069,fully_served_to_rx_p95_ms,21.715317,21.715317,0.0,FROZEN_PRODUCTION_CONTEXT
OFF,0,1070,fully_served_to_rx_p95_ms,21.715317,21.715317,0.0,FROZEN_PRODUCTION_CONTEXT
OFF,0,1071,fully_served_to_rx_p95_ms,21.715317,21.715317,0.0,FROZEN_PRODUCTION_CONTEXT
OFF,0,1072,fully_served_to_rx_p95_ms,21.715165,21.715165,0.0,FROZEN_PRODUCTION_CONTEXT
OFF,0,1073,fully_served_to_rx_p95_ms,21.715317,21.715317,0.0,FROZEN_PRODUCTION_CONTEXT
OFF,0,1074,fully_served_to_rx_p95_ms,21.715013,21.715013,0.0,FROZEN_PRODUCTION_CONTEXT
OFF,0,1075,fully_served_to_rx_p95_ms,21.715165,21.715165,0.0,FROZEN_PRODUCTION_CONTEXT
OFF,0,1076,fully_served_to_rx_p95_ms,21.715165,21.715165,0.0,FROZEN_PRODUCTION_CONTEXT
OFF,0,1077,fully_served_to_rx_p95_ms,21.715469,21.715469,0.0,FROZEN_PRODUCTION_CONTEXT
OFF,0,1078,fully_served_to_rx_p95_ms,21.715317,21.715317,0.0,FROZEN_PRODUCTION_CONTEXT
OFF,0,1079,fully_served_to_rx_p95_ms,21.715165,21.715165,0.0,FROZEN_PRODUCTION_CONTEXT
OFF,0,1080,fully_served_to_rx_p95_ms,21.715469,21.715469,0.0,FROZEN_PRODUCTION_CONTEXT
OFF,0,1081,fully_served_to_rx_p95_ms,21.715317,21.715317,0.0,FROZEN_PRODUCTION_CONTEXT
OFF,0,1082,fully_served_to_rx_p95_ms,21.715165,21.715165,0.0,FROZEN_PRODUCTION_CONTEXT
OFF,0,1083,fully_served_to_rx_p95_ms,21.715773,21.715773,0.0,FROZEN_PRODUCTION_CONTEXT
OFF,0,1084,fully_served_to_rx_p95_ms,21.715165,21.715165,0.0,FROZEN_PRODUCTION_CONTEXT
OFF,0,1085,fully_served_to_rx_p95_ms,21.715165,21.715165,0.0,FROZEN_PRODUCTION_CONTEXT
OFF,0,1086,fully_served_to_rx_p95_ms,21.715165,21.715165,0.0,FROZEN_PRODUCTION_CONTEXT
OFF,0,1087,fully_served_to_rx_p95_ms,21.715165,21.715165,0.0,FROZEN_PRODUCTION_CONTEXT
OFF,0,1088,fully_served_to_rx_p95_ms,21.715317,21.715317,0.0,FROZEN_PRODUCTION_CONTEXT
OFF,0,1001,delivery_age_p95_ms,106.47762145142852,106.47762145142852,0.0,FROZEN_PRODUCTION_CONTEXT
OFF,0,1002,delivery_age_p95_ms,153.46476647999995,153.46476647999995,0.0,FROZEN_PRODUCTION_CONTEXT
OFF,0,1003,delivery_age_p95_ms,214.08049705142838,214.08049705142838,0.0,FROZEN_PRODUCTION_CONTEXT
OFF,0,1004,delivery_age_p95_ms,267.9447821142855,267.9447821142855,0.0,FROZEN_PRODUCTION_CONTEXT
OFF,0,1005,delivery_age_p95_ms,184.91334398857137,184.91334398857137,0.0,FROZEN_PRODUCTION_CONTEXT
OFF,0,1006,delivery_age_p95_ms,215.6018839314284,215.6018839314284,0.0,FROZEN_PRODUCTION_CONTEXT
OFF,0,1007,delivery_age_p95_ms,230.10619917714266,230.10619917714266,0.0,FROZEN_PRODUCTION_CONTEXT
OFF,0,1008,delivery_age_p95_ms,100.85477169142843,100.85477169142843,0.0,FROZEN_PRODUCTION_CONTEXT
OFF,0,1009,delivery_age_p95_ms,182.84188979428544,182.84188979428544,0.0,FROZEN_PRODUCTION_CONTEXT
OFF,0,1010,delivery_age_p95_ms,312.8733455085713,312.8733455085713,0.0,FROZEN_PRODUCTION_CONTEXT
OFF,0,1011,delivery_age_p95_ms,285.2990589257142,285.2990589257142,0.0,FROZEN_PRODUCTION_CONTEXT
OFF,0,1012,delivery_age_p95_ms,168.59048706285702,168.59048706285702,0.0,FROZEN_PRODUCTION_CONTEXT
OFF,0,1013,delivery_age_p95_ms,416.38474172571404,416.38474172571404,0.0,FROZEN_PRODUCTION_CONTEXT
OFF,0,1014,delivery_age_p95_ms,181.94333595428543,181.94333595428543,0.0,FROZEN_PRODUCTION_CONTEXT
OFF,0,1015,delivery_age_p95_ms,248.13620308571413,248.13620308571413,0.0,FROZEN_PRODUCTION_CONTEXT
OFF,0,1016,delivery_age_p95_ms,156.36617311999984,156.36617311999984,0.0,FROZEN_PRODUCTION_CONTEXT
OFF,0,1017,delivery_age_p95_ms,85.74621958857139,85.74621958857139,0.0,FROZEN_PRODUCTION_CONTEXT
OFF,0,1018,delivery_age_p95_ms,211.48331597714272,211.48331597714272,0.0,FROZEN_PRODUCTION_CONTEXT
OFF,0,1019,delivery_age_p95_ms,181.83908476571418,181.83908476571418,0.0,FROZEN_PRODUCTION_CONTEXT
OFF,0,1020,delivery_age_p95_ms,245.58621546285673,245.58621546285673,0.0,FROZEN_PRODUCTION_CONTEXT
OFF,0,1021,delivery_age_p95_ms,112.83906630857132,112.83906630857132,0.0,FROZEN_PRODUCTION_CONTEXT
OFF,0,1022,delivery_age_p95_ms,197.33620156571405,197.33620156571405,0.0,FROZEN_PRODUCTION_CONTEXT
OFF,0,1023,delivery_age_p95_ms,430.77764468571377,430.77764468571377,0.0,FROZEN_PRODUCTION_CONTEXT
OFF,0,1024,delivery_age_p95_ms,215.39617529142842,215.39617529142842,0.0,FROZEN_PRODUCTION_CONTEXT
OFF,0,1025,delivery_age_p95_ms,348.84619939428546,348.84619939428546,0.0,FROZEN_PRODUCTION_CONTEXT
OFF,0,1026,delivery_age_p95_ms,274.52619049142834,274.52619049142834,0.0,FROZEN_PRODUCTION_CONTEXT
OFF,0,1027,delivery_age_p95_ms,104.89762839999993,104.89762839999993,0.0,FROZEN_PRODUCTION_CONTEXT
OFF,0,1028,delivery_age_p95_ms,306.45759669714266,306.45759669714266,0.0,FROZEN_PRODUCTION_CONTEXT
OFF,0,1029,delivery_age_p95_ms,208.1162158971415,208.1162158971415,0.0,FROZEN_PRODUCTION_CONTEXT
OFF,0,1030,delivery_age_p95_ms,154.92190108571418,154.92190108571418,0.0,FROZEN_PRODUCTION_CONTEXT
OFF,0,1031,delivery_age_p95_ms,154.67335310857135,154.67335310857135,0.0,FROZEN_PRODUCTION_CONTEXT
OFF,0,1032,delivery_age_p95_ms,245.75334811428542,245.75334811428542,0.0,FROZEN_PRODUCTION_CONTEXT
OFF,0,1033,delivery_age_p95_ms,267.8161841942855,267.8161841942855,0.0,FROZEN_PRODUCTION_CONTEXT
OFF,0,1034,delivery_age_p95_ms,215.8376540228568,215.8376540228568,0.0,FROZEN_PRODUCTION_CONTEXT
OFF,0,1035,delivery_age_p95_ms,163.34621502857135,163.34621502857135,0.0,FROZEN_PRODUCTION_CONTEXT
OFF,0,1036,delivery_age_p95_ms,182.2862221942856,182.2862221942856,0.0,FROZEN_PRODUCTION_CONTEXT
OFF,0,1037,delivery_age_p95_ms,144.5804690399998,144.5804690399998,0.0,FROZEN_PRODUCTION_CONTEXT
OFF,0,1038,delivery_age_p95_ms,207.2004755542855,207.2004755542855,0.0,FROZEN_PRODUCTION_CONTEXT
OFF,0,1039,delivery_age_p95_ms,319.7904963999994,319.7904963999994,0.0,FROZEN_PRODUCTION_CONTEXT
OFF,0,1040,delivery_age_p95_ms,160.66476387428565,160.66476387428565,0.0,FROZEN_PRODUCTION_CONTEXT
OFF,0,1041,delivery_age_p95_ms,139.63187177142848,139.63187177142848,0.0,FROZEN_PRODUCTION_CONTEXT
OFF,0,1042,delivery_age_p95_ms,290.9619167199997,290.9619167199997,0.0,FROZEN_PRODUCTION_CONTEXT
OFF,0,1043,delivery_age_p95_ms,228.03905588571408,228.03905588571408,0.0,FROZEN_PRODUCTION_CONTEXT
OFF,0,1044,delivery_age_p95_ms,183.36333117714264,183.36333117714264,0.0,FROZEN_PRODUCTION_CONTEXT
OFF,0,1045,delivery_age_p95_ms,196.45904611428548,196.45904611428548,0.0,FROZEN_PRODUCTION_CONTEXT
OFF,0,1046,delivery_age_p95_ms,167.34904242285702,167.34904242285702,0.0,FROZEN_PRODUCTION_CONTEXT
OFF,0,1047,delivery_age_p95_ms,177.87192236571423,177.87192236571423,0.0,FROZEN_PRODUCTION_CONTEXT
OFF,0,1048,delivery_age_p95_ms,196.81475822857138,196.81475822857138,0.0,FROZEN_PRODUCTION_CONTEXT
OFF,0,1049,delivery_age_p95_ms,297.1347894971428,297.1347894971428,0.0,FROZEN_PRODUCTION_CONTEXT
OFF,0,1050,delivery_age_p95_ms,139.8404707771428,139.8404707771428,0.0,FROZEN_PRODUCTION_CONTEXT
OFF,0,1051,delivery_age_p95_ms,246.4976288342856,246.4976288342856,0.0,FROZEN_PRODUCTION_CONTEXT
OFF,0,1052,delivery_age_p95_ms,331.3247558399997,331.3247558399997,0.0,FROZEN_PRODUCTION_CONTEXT
OFF,0,1053,delivery_age_p95_ms,203.74193018285703,203.74193018285703,0.0,FROZEN_PRODUCTION_CONTEXT
OFF,0,1054,delivery_age_p95_ms,138.92479383999986,138.92479383999986,0.0,FROZEN_PRODUCTION_CONTEXT
OFF,0,1055,delivery_age_p95_ms,172.4490556685713,172.4490556685713,0.0,FROZEN_PRODUCTION_CONTEXT
OFF,0,1056,delivery_age_p95_ms,140.29903503999992,140.29903503999992,0.0,FROZEN_PRODUCTION_CONTEXT
OFF,0,1057,delivery_age_p95_ms,468.94473629714264,468.94473629714264,0.0,FROZEN_PRODUCTION_CONTEXT
OFF,0,1058,delivery_age_p95_ms,206.01189652571415,206.01189652571415,0.0,FROZEN_PRODUCTION_CONTEXT
OFF,0,1059,delivery_age_p95_ms,162.0005398285711,162.0005398285711,0.0,FROZEN_PRODUCTION_CONTEXT
OFF,0,1060,delivery_age_p95_ms,251.32762318857107,251.32762318857107,0.0,FROZEN_PRODUCTION_CONTEXT
OFF,0,1061,delivery_age_p95_ms,182.4433192342856,182.4433192342856,0.0,FROZEN_PRODUCTION_CONTEXT
OFF,0,1062,delivery_age_p95_ms,213.4819219314283,213.4819219314283,0.0,FROZEN_PRODUCTION_CONTEXT
OFF,0,1063,delivery_age_p95_ms,196.6804963999998,196.6804963999998,0.0,FROZEN_PRODUCTION_CONTEXT
OFF,0,1064,delivery_age_p95_ms,221.4404601371428,221.4404601371428,0.0,FROZEN_PRODUCTION_CONTEXT
OFF,0,1065,delivery_age_p95_ms,130.0390387314285,130.0390387314285,0.0,FROZEN_PRODUCTION_CONTEXT
OFF,0,1066,delivery_age_p95_ms,310.2161663885711,310.2161663885711,0.0,FROZEN_PRODUCTION_CONTEXT
OFF,0,1067,delivery_age_p95_ms,106.88189370285707,106.88189370285707,0.0,FROZEN_PRODUCTION_CONTEXT
OFF,0,1068,delivery_age_p95_ms,178.36621415999994,178.36621415999994,0.0,FROZEN_PRODUCTION_CONTEXT
OFF,0,1069,delivery_age_p95_ms,167.6704914057142,167.6704914057142,0.0,FROZEN_PRODUCTION_CONTEXT
OFF,0,1070,delivery_age_p95_ms,148.35907521142846,148.35907521142846,0.0,FROZEN_PRODUCTION_CONTEXT
OFF,0,1071,delivery_age_p95_ms,207.34619505142854,207.34619505142854,0.0,FROZEN_PRODUCTION_CONTEXT
OFF,0,1072,delivery_age_p95_ms,264.34762644571407,264.34762644571407,0.0,FROZEN_PRODUCTION_CONTEXT
OFF,0,1073,delivery_age_p95_ms,116.79481577142839,116.79481577142839,0.0,FROZEN_PRODUCTION_CONTEXT
OFF,0,1074,delivery_age_p95_ms,235.0547673485711,235.0547673485711,0.0,FROZEN_PRODUCTION_CONTEXT
OFF,0,1075,delivery_age_p95_ms,149.7676366514285,149.7676366514285,0.0,FROZEN_PRODUCTION_CONTEXT
OFF,0,1076,delivery_age_p95_ms,212.5833374742856,212.5833374742856,0.0,FROZEN_PRODUCTION_CONTEXT
OFF,0,1077,delivery_age_p95_ms,174.03192909714278,174.03192909714278,0.0,FROZEN_PRODUCTION_CONTEXT
OFF,0,1078,delivery_age_p95_ms,179.11483140571417,179.11483140571417,0.0,FROZEN_PRODUCTION_CONTEXT
OFF,0,1079,delivery_age_p95_ms,318.89191107428536,318.89191107428536,0.0,FROZEN_PRODUCTION_CONTEXT
OFF,0,1080,delivery_age_p95_ms,123.60192106285706,123.60192106285706,0.0,FROZEN_PRODUCTION_CONTEXT
OFF,0,1081,delivery_age_p95_ms,328.7676108114284,328.7676108114284,0.0,FROZEN_PRODUCTION_CONTEXT
OFF,0,1082,delivery_age_p95_ms,167.01905588571415,167.01905588571415,0.0,FROZEN_PRODUCTION_CONTEXT
OFF,0,1083,delivery_age_p95_ms,93.3690610971428,93.3690610971428,0.0,FROZEN_PRODUCTION_CONTEXT
OFF,0,1084,delivery_age_p95_ms,220.56046708571395,220.56046708571395,0.0,FROZEN_PRODUCTION_CONTEXT
OFF,0,1085,delivery_age_p95_ms,250.72191802285687,250.72191802285687,0.0,FROZEN_PRODUCTION_CONTEXT
OFF,0,1086,delivery_age_p95_ms,331.1061715999997,331.1061715999997,0.0,FROZEN_PRODUCTION_CONTEXT
OFF,0,1087,delivery_age_p95_ms,109.81476843428564,109.81476843428564,0.0,FROZEN_PRODUCTION_CONTEXT
OFF,0,1088,delivery_age_p95_ms,191.47903156571385,191.47903156571385,0.0,FROZEN_PRODUCTION_CONTEXT
OFF,0,1001,useful_gap_p95_ms,259.0999798057142,259.0999798057142,0.0,FROZEN_PRODUCTION_CONTEXT
OFF,0,1002,useful_gap_p95_ms,261.9684889142857,261.9684889142857,0.0,FROZEN_PRODUCTION_CONTEXT
OFF,0,1003,useful_gap_p95_ms,290.6456319885714,290.6456319885714,0.0,FROZEN_PRODUCTION_CONTEXT
OFF,0,1004,useful_gap_p95_ms,269.2057066857142,269.2057066857142,0.0,FROZEN_PRODUCTION_CONTEXT
OFF,0,1005,useful_gap_p95_ms,277.9442644342857,277.9442644342857,0.0,FROZEN_PRODUCTION_CONTEXT
OFF,0,1006,useful_gap_p95_ms,280.99135908571424,280.99135908571424,0.0,FROZEN_PRODUCTION_CONTEXT
OFF,0,1007,useful_gap_p95_ms,263.7628471542856,263.7628471542856,0.0,FROZEN_PRODUCTION_CONTEXT
OFF,0,1008,useful_gap_p95_ms,232.3284574285714,232.3284574285714,0.0,FROZEN_PRODUCTION_CONTEXT
OFF,0,1009,useful_gap_p95_ms,250.4842622628571,250.4842622628571,0.0,FROZEN_PRODUCTION_CONTEXT
OFF,0,1010,useful_gap_p95_ms,285.6985881485713,285.6985881485713,0.0,FROZEN_PRODUCTION_CONTEXT
OFF,0,1011,useful_gap_p95_ms,262.11715631999994,262.11715631999994,0.0,FROZEN_PRODUCTION_CONTEXT
OFF,0,1012,useful_gap_p95_ms,283.96142987428567,283.96142987428567,0.0,FROZEN_PRODUCTION_CONTEXT
OFF,0,1013,useful_gap_p95_ms,257.15703016,257.15703016,0.0,FROZEN_PRODUCTION_CONTEXT
OFF,0,1014,useful_gap_p95_ms,272.6528282628571,272.6528282628571,0.0,FROZEN_PRODUCTION_CONTEXT
OFF,0,1015,useful_gap_p95_ms,281.2185944457142,281.2185944457142,0.0,FROZEN_PRODUCTION_CONTEXT
OFF,0,1016,useful_gap_p95_ms,261.66563502857133,261.66563502857133,0.0,FROZEN_PRODUCTION_CONTEXT
OFF,0,1017,useful_gap_p95_ms,248.19998414857133,248.19998414857133,0.0,FROZEN_PRODUCTION_CONTEXT
OFF,0,1018,useful_gap_p95_ms,268.9942885371427,268.9942885371427,0.0,FROZEN_PRODUCTION_CONTEXT
OFF,0,1019,useful_gap_p95_ms,267.6828458514285,267.6828458514285,0.0,FROZEN_PRODUCTION_CONTEXT
OFF,0,1020,useful_gap_p95_ms,285.3142711657142,285.3142711657142,0.0,FROZEN_PRODUCTION_CONTEXT
OFF,0,1021,useful_gap_p95_ms,252.5113575657142,252.5113575657142,0.0,FROZEN_PRODUCTION_CONTEXT
OFF,0,1022,useful_gap_p95_ms,277.36282326857133,277.36282326857133,0.0,FROZEN_PRODUCTION_CONTEXT
OFF,0,1023,useful_gap_p95_ms,276.79849455999994,276.79849455999994,0.0,FROZEN_PRODUCTION_CONTEXT
OFF,0,1024,useful_gap_p95_ms,269.6356228685713,269.6356228685713,0.0,FROZEN_PRODUCTION_CONTEXT
OFF,0,1025,useful_gap_p95_ms,270.28424011428564,270.28424011428564,0.0,FROZEN_PRODUCTION_CONTEXT
OFF,0,1026,useful_gap_p95_ms,284.397093782857,284.397093782857,0.0,FROZEN_PRODUCTION_CONTEXT
OFF,0,1027,useful_gap_p95_ms,248.32567498285707,248.32567498285707,0.0,FROZEN_PRODUCTION_CONTEXT
OFF,0,1028,useful_gap_p95_ms,261.2285175771428,261.2285175771428,0.0,FROZEN_PRODUCTION_CONTEXT
OFF,0,1029,useful_gap_p95_ms,269.30138123428566,269.30138123428566,0.0,FROZEN_PRODUCTION_CONTEXT
OFF,0,1030,useful_gap_p95_ms,254.4856932228571,254.4856932228571,0.0,FROZEN_PRODUCTION_CONTEXT
OFF,0,1031,useful_gap_p95_ms,243.57569691428563,243.57569691428563,0.0,FROZEN_PRODUCTION_CONTEXT
OFF,0,1032,useful_gap_p95_ms,270.9171291771428,270.9171291771428,0.0,FROZEN_PRODUCTION_CONTEXT
OFF,0,1033,useful_gap_p95_ms,265.4028608342856,265.4028608342856,0.0,FROZEN_PRODUCTION_CONTEXT
OFF,0,1034,useful_gap_p95_ms,259.15711831999994,259.15711831999994,0.0,FROZEN_PRODUCTION_CONTEXT
OFF,0,1035,useful_gap_p95_ms,268.56419407999994,268.56419407999994,0.0,FROZEN_PRODUCTION_CONTEXT
OFF,0,1036,useful_gap_p95_ms,262.2856841028571,262.2856841028571,0.0,FROZEN_PRODUCTION_CONTEXT
OFF,0,1037,useful_gap_p95_ms,258.0099400685713,258.0099400685713,0.0,FROZEN_PRODUCTION_CONTEXT
OFF,0,1038,useful_gap_p95_ms,277.9557253599999,277.9557253599999,0.0,FROZEN_PRODUCTION_CONTEXT
OFF,0,1039,useful_gap_p95_ms,267.83567433142844,267.83567433142844,0.0,FROZEN_PRODUCTION_CONTEXT
OFF,0,1040,useful_gap_p95_ms,249.68428593142852,249.68428593142852,0.0,FROZEN_PRODUCTION_CONTEXT
OFF,0,1041,useful_gap_p95_ms,253.10281653714284,253.10281653714284,0.0,FROZEN_PRODUCTION_CONTEXT
OFF,0,1042,useful_gap_p95_ms,258.6728438971428,258.6728438971428,0.0,FROZEN_PRODUCTION_CONTEXT
OFF,0,1043,useful_gap_p95_ms,255.42421188571421,255.42421188571421,0.0,FROZEN_PRODUCTION_CONTEXT
OFF,0,1044,useful_gap_p95_ms,260.3942236114285,260.3942236114285,0.0,FROZEN_PRODUCTION_CONTEXT
OFF,0,1045,useful_gap_p95_ms,253.1998966399999,253.1998966399999,0.0,FROZEN_PRODUCTION_CONTEXT
OFF,0,1046,useful_gap_p95_ms,269.0485479771428,269.0485479771428,0.0,FROZEN_PRODUCTION_CONTEXT
OFF,0,1047,useful_gap_p95_ms,280.00709834285703,280.00709834285703,0.0,FROZEN_PRODUCTION_CONTEXT
OFF,0,1048,useful_gap_p95_ms,258.6785499314285,258.6785499314285,0.0,FROZEN_PRODUCTION_CONTEXT
OFF,0,1049,useful_gap_p95_ms,262.0971226628571,262.0971226628571,0.0,FROZEN_PRODUCTION_CONTEXT
OFF,0,1050,useful_gap_p95_ms,256.814254662857,256.814254662857,0.0,FROZEN_PRODUCTION_CONTEXT
OFF,0,1051,useful_gap_p95_ms,261.98705838857137,261.98705838857137,0.0,FROZEN_PRODUCTION_CONTEXT
OFF,0,1052,useful_gap_p95_ms,276.2356610857142,276.2356610857142,0.0,FROZEN_PRODUCTION_CONTEXT
OFF,0,1053,useful_gap_p95_ms,266.08706663999993,266.08706663999993,0.0,FROZEN_PRODUCTION_CONTEXT
OFF,0,1054,useful_gap_p95_ms,269.5442385942857,269.5442385942857,0.0,FROZEN_PRODUCTION_CONTEXT
OFF,0,1055,useful_gap_p95_ms,275.8642867999999,275.8642867999999,0.0,FROZEN_PRODUCTION_CONTEXT
OFF,0,1056,useful_gap_p95_ms,263.42993615999995,263.42993615999995,0.0,FROZEN_PRODUCTION_CONTEXT
OFF,0,1057,useful_gap_p95_ms,278.7727835314285,278.7727835314285,0.0,FROZEN_PRODUCTION_CONTEXT
OFF,0,1058,useful_gap_p95_ms,281.88000065142853,281.88000065142853,0.0,FROZEN_PRODUCTION_CONTEXT
OFF,0,1059,useful_gap_p95_ms,268.7042501028571,268.7042501028571,0.0,FROZEN_PRODUCTION_CONTEXT
OFF,0,1060,useful_gap_p95_ms,262.3971352571428,262.3971352571428,0.0,FROZEN_PRODUCTION_CONTEXT
OFF,0,1061,useful_gap_p95_ms,283.7800084685714,283.7800084685714,0.0,FROZEN_PRODUCTION_CONTEXT
OFF,0,1062,useful_gap_p95_ms,271.8956237371428,271.8956237371428,0.0,FROZEN_PRODUCTION_CONTEXT
OFF,0,1063,useful_gap_p95_ms,273.79280459428566,273.79280459428566,0.0,FROZEN_PRODUCTION_CONTEXT
OFF,0,1064,useful_gap_p95_ms,273.0727822285713,273.0727822285713,0.0,FROZEN_PRODUCTION_CONTEXT
OFF,0,1065,useful_gap_p95_ms,254.27422274285703,254.27422274285703,0.0,FROZEN_PRODUCTION_CONTEXT
OFF,0,1066,useful_gap_p95_ms,286.1199756799999,286.1199756799999,0.0,FROZEN_PRODUCTION_CONTEXT
OFF,0,1067,useful_gap_p95_ms,253.05853255999992,253.05853255999992,0.0,FROZEN_PRODUCTION_CONTEXT
OFF,0,1068,useful_gap_p95_ms,275.9686202857141,275.9686202857141,0.0,FROZEN_PRODUCTION_CONTEXT
OFF,0,1069,useful_gap_p95_ms,257.0842831085714,257.0842831085714,0.0,FROZEN_PRODUCTION_CONTEXT
OFF,0,1070,useful_gap_p95_ms,261.5199995657142,261.5199995657142,0.0,FROZEN_PRODUCTION_CONTEXT
OFF,0,1071,useful_gap_p95_ms,269.74140772571417,269.74140772571417,0.0,FROZEN_PRODUCTION_CONTEXT
OFF,0,1072,useful_gap_p95_ms,267.2770872685714,267.2770872685714,0.0,FROZEN_PRODUCTION_CONTEXT
OFF,0,1073,useful_gap_p95_ms,257.90857142857135,257.90857142857135,0.0,FROZEN_PRODUCTION_CONTEXT
OFF,0,1074,useful_gap_p95_ms,280.7127824457141,280.7127824457141,0.0,FROZEN_PRODUCTION_CONTEXT
OFF,0,1075,useful_gap_p95_ms,272.11424163428563,272.11424163428563,0.0,FROZEN_PRODUCTION_CONTEXT
OFF,0,1076,useful_gap_p95_ms,264.47281219428567,264.47281219428567,0.0,FROZEN_PRODUCTION_CONTEXT
OFF,0,1077,useful_gap_p95_ms,261.6571693485713,261.6571693485713,0.0,FROZEN_PRODUCTION_CONTEXT
OFF,0,1078,useful_gap_p95_ms,276.8399709028571,276.8399709028571,0.0,FROZEN_PRODUCTION_CONTEXT
OFF,0,1079,useful_gap_p95_ms,267.9484965142856,267.9484965142856,0.0,FROZEN_PRODUCTION_CONTEXT
OFF,0,1080,useful_gap_p95_ms,256.9071224457142,256.9071224457142,0.0,FROZEN_PRODUCTION_CONTEXT
OFF,0,1081,useful_gap_p95_ms,250.23280871999995,250.23280871999995,0.0,FROZEN_PRODUCTION_CONTEXT
OFF,0,1082,useful_gap_p95_ms,266.35414869714276,266.35414869714276,0.0,FROZEN_PRODUCTION_CONTEXT
OFF,0,1083,useful_gap_p95_ms,255.9399337714285,255.9399337714285,0.0,FROZEN_PRODUCTION_CONTEXT
OFF,0,1084,useful_gap_p95_ms,277.7128156685714,277.7128156685714,0.0,FROZEN_PRODUCTION_CONTEXT
OFF,0,1085,useful_gap_p95_ms,284.85852126857134,284.85852126857134,0.0,FROZEN_PRODUCTION_CONTEXT
OFF,0,1086,useful_gap_p95_ms,264.6028150171428,264.6028150171428,0.0,FROZEN_PRODUCTION_CONTEXT
OFF,0,1087,useful_gap_p95_ms,252.33283738285712,252.33283738285712,0.0,FROZEN_PRODUCTION_CONTEXT
OFF,0,1088,useful_gap_p95_ms,253.80429331428564,253.80429331428564,0.0,FROZEN_PRODUCTION_CONTEXT
OFF,0,1001,qbar_bytes,16.272179582014967,16.272179582014967,0.0,FROZEN_PRODUCTION_CONTEXT
OFF,0,1002,qbar_bytes,20.901841194556464,20.901841194556464,0.0,FROZEN_PRODUCTION_CONTEXT
OFF,0,1003,qbar_bytes,28.572916899741493,28.572916899741493,0.0,FROZEN_PRODUCTION_CONTEXT
OFF,0,1004,qbar_bytes,31.655986171262587,31.655986171262587,0.0,FROZEN_PRODUCTION_CONTEXT
OFF,0,1005,qbar_bytes,30.54199822201633,30.54199822201633,0.0,FROZEN_PRODUCTION_CONTEXT
OFF,0,1006,qbar_bytes,30.640785820710203,30.640785820710203,0.0,FROZEN_PRODUCTION_CONTEXT
OFF,0,1007,qbar_bytes,33.37897861046667,33.37897861046667,0.0,FROZEN_PRODUCTION_CONTEXT
OFF,0,1008,qbar_bytes,17.59879761865442,17.59879761865442,0.0,FROZEN_PRODUCTION_CONTEXT
OFF,0,1009,qbar_bytes,24.791524693715644,24.791524693715644,0.0,FROZEN_PRODUCTION_CONTEXT
OFF,0,1010,qbar_bytes,39.511778903058506,39.511778903058506,0.0,FROZEN_PRODUCTION_CONTEXT
OFF,0,1011,qbar_bytes,31.5309954029483,31.5309954029483,0.0,FROZEN_PRODUCTION_CONTEXT
OFF,0,1012,qbar_bytes,23.661267161995916,23.661267161995916,0.0,FROZEN_PRODUCTION_CONTEXT
OFF,0,1013,qbar_bytes,50.002741507191836,50.002741507191836,0.0,FROZEN_PRODUCTION_CONTEXT
OFF,0,1014,qbar_bytes,25.903921448130614,25.903921448130614,0.0,FROZEN_PRODUCTION_CONTEXT
OFF,0,1015,qbar_bytes,33.25407264254558,33.25407264254558,0.0,FROZEN_PRODUCTION_CONTEXT
OFF,0,1016,qbar_bytes,22.555788892024488,22.555788892024488,0.0,FROZEN_PRODUCTION_CONTEXT
OFF,0,1017,qbar_bytes,14.49768446077687,14.49768446077687,0.0,FROZEN_PRODUCTION_CONTEXT
OFF,0,1018,qbar_bytes,33.00135279927755,33.00135279927755,0.0,FROZEN_PRODUCTION_CONTEXT
OFF,0,1019,qbar_bytes,24.966225102488437,24.966225102488437,0.0,FROZEN_PRODUCTION_CONTEXT
OFF,0,1020,qbar_bytes,37.3191038979034,37.3191038979034,0.0,FROZEN_PRODUCTION_CONTEXT
OFF,0,1021,qbar_bytes,17.231506773410885,17.231506773410885,0.0,FROZEN_PRODUCTION_CONTEXT
OFF,0,1022,qbar_bytes,31.795782478990475,31.795782478990475,0.0,FROZEN_PRODUCTION_CONTEXT
OFF,0,1023,qbar_bytes,47.10471882358775,47.10471882358775,0.0,FROZEN_PRODUCTION_CONTEXT
OFF,0,1024,qbar_bytes,28.245593012810883,28.245593012810883,0.0,FROZEN_PRODUCTION_CONTEXT
OFF,0,1025,qbar_bytes,42.14338090335919,42.14338090335919,0.0,FROZEN_PRODUCTION_CONTEXT
OFF,0,1026,qbar_bytes,32.54906049508843,32.54906049508843,0.0,FROZEN_PRODUCTION_CONTEXT
OFF,0,1027,qbar_bytes,17.072852526454422,17.072852526454422,0.0,FROZEN_PRODUCTION_CONTEXT
OFF,0,1028,qbar_bytes,39.40673031208163,39.40673031208163,0.0,FROZEN_PRODUCTION_CONTEXT
OFF,0,1029,qbar_bytes,27.970890952183673,27.970890952183673,0.0,FROZEN_PRODUCTION_CONTEXT
OFF,0,1030,qbar_bytes,26.201078902790474,26.201078902790474,0.0,FROZEN_PRODUCTION_CONTEXT
OFF,0,1031,qbar_bytes,17.839384596336057,17.839384596336057,0.0,FROZEN_PRODUCTION_CONTEXT
OFF,0,1032,qbar_bytes,32.59603981504762,32.59603981504762,0.0,FROZEN_PRODUCTION_CONTEXT
OFF,0,1033,qbar_bytes,29.995914042662584,29.995914042662584,0.0,FROZEN_PRODUCTION_CONTEXT
OFF,0,1034,qbar_bytes,28.060524305038093,28.060524305038093,0.0,FROZEN_PRODUCTION_CONTEXT
OFF,0,1035,qbar_bytes,25.71366249837959,25.71366249837959,0.0,FROZEN_PRODUCTION_CONTEXT
OFF,0,1036,qbar_bytes,27.355734471219048,27.355734471219048,0.0,FROZEN_PRODUCTION_CONTEXT
OFF,0,1037,qbar_bytes,19.1072984346449,19.1072984346449,0.0,FROZEN_PRODUCTION_CONTEXT
OFF,0,1038,qbar_bytes,28.969748270195918,28.969748270195918,0.0,FROZEN_PRODUCTION_CONTEXT
OFF,0,1039,qbar_bytes,41.94401715419592,41.94401715419592,0.0,FROZEN_PRODUCTION_CONTEXT
OFF,0,1040,qbar_bytes,29.985170156408167,29.985170156408167,0.0,FROZEN_PRODUCTION_CONTEXT
OFF,0,1041,qbar_bytes,22.556263955771428,22.556263955771428,0.0,FROZEN_PRODUCTION_CONTEXT
OFF,0,1042,qbar_bytes,38.16947070054285,38.16947070054285,0.0,FROZEN_PRODUCTION_CONTEXT
OFF,0,1043,qbar_bytes,26.887138201512926,26.887138201512926,0.0,FROZEN_PRODUCTION_CONTEXT
OFF,0,1044,qbar_bytes,21.37641781291701,21.37641781291701,0.0,FROZEN_PRODUCTION_CONTEXT
OFF,0,1045,qbar_bytes,26.318011128111564,26.318011128111564,0.0,FROZEN_PRODUCTION_CONTEXT
OFF,0,1046,qbar_bytes,21.76571052431837,21.76571052431837,0.0,FROZEN_PRODUCTION_CONTEXT
OFF,0,1047,qbar_bytes,26.639524305536057,26.639524305536057,0.0,FROZEN_PRODUCTION_CONTEXT
OFF,0,1048,qbar_bytes,31.025516959081635,31.025516959081635,0.0,FROZEN_PRODUCTION_CONTEXT
OFF,0,1049,qbar_bytes,38.311773790297956,38.311773790297956,0.0,FROZEN_PRODUCTION_CONTEXT
OFF,0,1050,qbar_bytes,20.452450233510206,20.452450233510206,0.0,FROZEN_PRODUCTION_CONTEXT
OFF,0,1051,qbar_bytes,31.552432351499323,31.552432351499323,0.0,FROZEN_PRODUCTION_CONTEXT
OFF,0,1052,qbar_bytes,38.547358299502044,38.547358299502044,0.0,FROZEN_PRODUCTION_CONTEXT
OFF,0,1053,qbar_bytes,28.619750816586393,28.619750816586393,0.0,FROZEN_PRODUCTION_CONTEXT
OFF,0,1054,qbar_bytes,21.092246948795918,21.092246948795918,0.0,FROZEN_PRODUCTION_CONTEXT
OFF,0,1055,qbar_bytes,22.149013769839456,22.149013769839456,0.0,FROZEN_PRODUCTION_CONTEXT
OFF,0,1056,qbar_bytes,24.173003800238096,24.173003800238096,0.0,FROZEN_PRODUCTION_CONTEXT
OFF,0,1057,qbar_bytes,50.085058552,50.085058552,0.0,FROZEN_PRODUCTION_CONTEXT
OFF,0,1058,qbar_bytes,27.68286251705034,27.68286251705034,0.0,FROZEN_PRODUCTION_CONTEXT
OFF,0,1059,qbar_bytes,21.312388424767345,21.312388424767345,0.0,FROZEN_PRODUCTION_CONTEXT
OFF,0,1060,qbar_bytes,32.54640630798367,32.54640630798367,0.0,FROZEN_PRODUCTION_CONTEXT
OFF,0,1061,qbar_bytes,27.879974179416326,27.879974179416326,0.0,FROZEN_PRODUCTION_CONTEXT
OFF,0,1062,qbar_bytes,29.42960535536463,29.42960535536463,0.0,FROZEN_PRODUCTION_CONTEXT
OFF,0,1063,qbar_bytes,28.971060126485717,28.971060126485717,0.0,FROZEN_PRODUCTION_CONTEXT
OFF,0,1064,qbar_bytes,28.63106931984762,28.63106931984762,0.0,FROZEN_PRODUCTION_CONTEXT
OFF,0,1065,qbar_bytes,19.217385024131975,19.217385024131975,0.0,FROZEN_PRODUCTION_CONTEXT
OFF,0,1066,qbar_bytes,38.677576569882994,38.677576569882994,0.0,FROZEN_PRODUCTION_CONTEXT
OFF,0,1067,qbar_bytes,20.174915015122448,20.174915015122448,0.0,FROZEN_PRODUCTION_CONTEXT
OFF,0,1068,qbar_bytes,23.28464854187619,23.28464854187619,0.0,FROZEN_PRODUCTION_CONTEXT
OFF,0,1069,qbar_bytes,22.643483041736054,22.643483041736054,0.0,FROZEN_PRODUCTION_CONTEXT
OFF,0,1070,qbar_bytes,24.691678416995916,24.691678416995916,0.0,FROZEN_PRODUCTION_CONTEXT
OFF,0,1071,qbar_bytes,29.705562556360544,29.705562556360544,0.0,FROZEN_PRODUCTION_CONTEXT
OFF,0,1072,qbar_bytes,33.50788519925306,33.50788519925306,0.0,FROZEN_PRODUCTION_CONTEXT
OFF,0,1073,qbar_bytes,21.380964947080273,21.380964947080273,0.0,FROZEN_PRODUCTION_CONTEXT
OFF,0,1074,qbar_bytes,30.578073498763263,30.578073498763263,0.0,FROZEN_PRODUCTION_CONTEXT
OFF,0,1075,qbar_bytes,21.120681797823128,21.120681797823128,0.0,FROZEN_PRODUCTION_CONTEXT
OFF,0,1076,qbar_bytes,25.018938979482993,25.018938979482993,0.0,FROZEN_PRODUCTION_CONTEXT
OFF,0,1077,qbar_bytes,22.8192569775034,22.8192569775034,0.0,FROZEN_PRODUCTION_CONTEXT
OFF,0,1078,qbar_bytes,21.87862239964626,21.87862239964626,0.0,FROZEN_PRODUCTION_CONTEXT
OFF,0,1079,qbar_bytes,34.93448914475918,34.93448914475918,0.0,FROZEN_PRODUCTION_CONTEXT
OFF,0,1080,qbar_bytes,20.782617599884354,20.782617599884354,0.0,FROZEN_PRODUCTION_CONTEXT
OFF,0,1081,qbar_bytes,37.689909009317006,37.689909009317006,0.0,FROZEN_PRODUCTION_CONTEXT
OFF,0,1082,qbar_bytes,22.345995616786396,22.345995616786396,0.0,FROZEN_PRODUCTION_CONTEXT
OFF,0,1083,qbar_bytes,14.802419523178232,14.802419523178232,0.0,FROZEN_PRODUCTION_CONTEXT
OFF,0,1084,qbar_bytes,29.77064949468844,29.77064949468844,0.0,FROZEN_PRODUCTION_CONTEXT
OFF,0,1085,qbar_bytes,46.04177948777959,46.04177948777959,0.0,FROZEN_PRODUCTION_CONTEXT
OFF,0,1086,qbar_bytes,39.15787375117551,39.15787375117551,0.0,FROZEN_PRODUCTION_CONTEXT
OFF,0,1087,qbar_bytes,16.25589721032789,16.25589721032789,0.0,FROZEN_PRODUCTION_CONTEXT
OFF,0,1088,qbar_bytes,24.514227084142856,24.514227084142856,0.0,FROZEN_PRODUCTION_CONTEXT
OFF,0,1001,hbar_ms,6.961415116107149,6.961415116107149,0.0,FROZEN_PRODUCTION_CONTEXT
OFF,0,1002,hbar_ms,12.739351776990446,12.739351776990446,0.0,FROZEN_PRODUCTION_CONTEXT
OFF,0,1003,hbar_ms,18.679453015920505,18.679453015920505,0.0,FROZEN_PRODUCTION_CONTEXT
OFF,0,1004,hbar_ms,25.141617143006275,25.141617143006275,0.0,FROZEN_PRODUCTION_CONTEXT
OFF,0,1005,hbar_ms,22.926741503171318,22.926741503171318,0.0,FROZEN_PRODUCTION_CONTEXT
OFF,0,1006,hbar_ms,21.47973755148999,21.47973755148999,0.0,FROZEN_PRODUCTION_CONTEXT
OFF,0,1007,hbar_ms,27.778080159616213,27.778080159616213,0.0,FROZEN_PRODUCTION_CONTEXT
OFF,0,1008,hbar_ms,9.240688242255642,9.240688242255642,0.0,FROZEN_PRODUCTION_CONTEXT
OFF,0,1009,hbar_ms,16.263807238127693,16.263807238127693,0.0,FROZEN_PRODUCTION_CONTEXT
OFF,0,1010,hbar_ms,32.74139514475377,32.74139514475377,0.0,FROZEN_PRODUCTION_CONTEXT
OFF,0,1011,hbar_ms,26.24887443563518,26.24887443563518,0.0,FROZEN_PRODUCTION_CONTEXT
OFF,0,1012,hbar_ms,12.755403876022045,12.755403876022045,0.0,FROZEN_PRODUCTION_CONTEXT
OFF,0,1013,hbar_ms,49.86415570136912,49.86415570136912,0.0,FROZEN_PRODUCTION_CONTEXT
OFF,0,1014,hbar_ms,16.77568523275649,16.77568523275649,0.0,FROZEN_PRODUCTION_CONTEXT
OFF,0,1015,hbar_ms,25.31624634616315,25.31624634616315,0.0,FROZEN_PRODUCTION_CONTEXT
OFF,0,1016,hbar_ms,13.844289963363487,13.844289963363487,0.0,FROZEN_PRODUCTION_CONTEXT
OFF,0,1017,hbar_ms,5.568918558828905,5.568918558828905,0.0,FROZEN_PRODUCTION_CONTEXT
OFF,0,1018,hbar_ms,25.88447979695207,25.88447979695207,0.0,FROZEN_PRODUCTION_CONTEXT
OFF,0,1019,hbar_ms,17.116416626396777,17.116416626396777,0.0,FROZEN_PRODUCTION_CONTEXT
OFF,0,1020,hbar_ms,29.602071938054667,29.602071938054667,0.0,FROZEN_PRODUCTION_CONTEXT
OFF,0,1021,hbar_ms,8.391050782798638,8.391050782798638,0.0,FROZEN_PRODUCTION_CONTEXT
OFF,0,1022,hbar_ms,24.013993435792862,24.013993435792862,0.0,FROZEN_PRODUCTION_CONTEXT
OFF,0,1023,hbar_ms,44.21864045896771,44.21864045896771,0.0,FROZEN_PRODUCTION_CONTEXT
OFF,0,1024,hbar_ms,21.22304406502882,21.22304406502882,0.0,FROZEN_PRODUCTION_CONTEXT
OFF,0,1025,hbar_ms,38.40466161748216,38.40466161748216,0.0,FROZEN_PRODUCTION_CONTEXT
OFF,0,1026,hbar_ms,24.37953193604201,24.37953193604201,0.0,FROZEN_PRODUCTION_CONTEXT
OFF,0,1027,hbar_ms,8.820340938061944,8.820340938061944,0.0,FROZEN_PRODUCTION_CONTEXT
OFF,0,1028,hbar_ms,34.703208883444034,34.703208883444034,0.0,FROZEN_PRODUCTION_CONTEXT
OFF,0,1029,hbar_ms,20.227614178585004,20.227614178585004,0.0,FROZEN_PRODUCTION_CONTEXT
OFF,0,1030,hbar_ms,19.71325161734641,19.71325161734641,0.0,FROZEN_PRODUCTION_CONTEXT
OFF,0,1031,hbar_ms,9.793723762529252,9.793723762529252,0.0,FROZEN_PRODUCTION_CONTEXT
OFF,0,1032,hbar_ms,26.82688752445889,26.82688752445889,0.0,FROZEN_PRODUCTION_CONTEXT
OFF,0,1033,hbar_ms,23.889460821186503,23.889460821186503,0.0,FROZEN_PRODUCTION_CONTEXT
OFF,0,1034,hbar_ms,21.580653528033316,21.580653528033316,0.0,FROZEN_PRODUCTION_CONTEXT
OFF,0,1035,hbar_ms,17.9095427868374,17.9095427868374,0.0,FROZEN_PRODUCTION_CONTEXT
OFF,0,1036,hbar_ms,19.72510550213558,19.72510550213558,0.0,FROZEN_PRODUCTION_CONTEXT
OFF,0,1037,hbar_ms,10.655150202517923,10.655150202517923,0.0,FROZEN_PRODUCTION_CONTEXT
OFF,0,1038,hbar_ms,19.99713587249007,19.99713587249007,0.0,FROZEN_PRODUCTION_CONTEXT
OFF,0,1039,hbar_ms,38.26206988021544,38.26206988021544,0.0,FROZEN_PRODUCTION_CONTEXT
OFF,0,1040,hbar_ms,25.36387497951734,25.36387497951734,0.0,FROZEN_PRODUCTION_CONTEXT
OFF,0,1041,hbar_ms,14.541074103483798,14.541074103483798,0.0,FROZEN_PRODUCTION_CONTEXT
OFF,0,1042,hbar_ms,34.59767813142123,34.59767813142123,0.0,FROZEN_PRODUCTION_CONTEXT
OFF,0,1043,hbar_ms,19.678167213635124,19.678167213635124,0.0,FROZEN_PRODUCTION_CONTEXT
OFF,0,1044,hbar_ms,13.433840459308287,13.433840459308287,0.0,FROZEN_PRODUCTION_CONTEXT
OFF,0,1045,hbar_ms,19.634588005078243,19.634588005078243,0.0,FROZEN_PRODUCTION_CONTEXT
OFF,0,1046,hbar_ms,12.58996237858359,12.58996237858359,0.0,FROZEN_PRODUCTION_CONTEXT
OFF,0,1047,hbar_ms,16.716081958831264,16.716081958831264,0.0,FROZEN_PRODUCTION_CONTEXT
OFF,0,1048,hbar_ms,25.39875768517598,25.39875768517598,0.0,FROZEN_PRODUCTION_CONTEXT
OFF,0,1049,hbar_ms,33.88478987958748,33.88478987958748,0.0,FROZEN_PRODUCTION_CONTEXT
OFF,0,1050,hbar_ms,12.007400318001082,12.007400318001082,0.0,FROZEN_PRODUCTION_CONTEXT
OFF,0,1051,hbar_ms,25.33163958213186,25.33163958213186,0.0,FROZEN_PRODUCTION_CONTEXT
OFF,0,1052,hbar_ms,33.62155700689562,33.62155700689562,0.0,FROZEN_PRODUCTION_CONTEXT
OFF,0,1053,hbar_ms,20.97318040168463,20.97318040168463,0.0,FROZEN_PRODUCTION_CONTEXT
OFF,0,1054,hbar_ms,12.669327365637566,12.669327365637566,0.0,FROZEN_PRODUCTION_CONTEXT
OFF,0,1055,hbar_ms,12.759008489239566,12.759008489239566,0.0,FROZEN_PRODUCTION_CONTEXT
OFF,0,1056,hbar_ms,15.46591931287361,15.46591931287361,0.0,FROZEN_PRODUCTION_CONTEXT
OFF,0,1057,hbar_ms,47.105225901718306,47.105225901718306,0.0,FROZEN_PRODUCTION_CONTEXT
OFF,0,1058,hbar_ms,19.00415339190029,19.00415339190029,0.0,FROZEN_PRODUCTION_CONTEXT
OFF,0,1059,hbar_ms,12.408645431330138,12.408645431330138,0.0,FROZEN_PRODUCTION_CONTEXT
OFF,0,1060,hbar_ms,26.916539721455393,26.916539721455393,0.0,FROZEN_PRODUCTION_CONTEXT
OFF,0,1061,hbar_ms,18.418977698164735,18.418977698164735,0.0,FROZEN_PRODUCTION_CONTEXT
OFF,0,1062,hbar_ms,22.174035471895763,22.174035471895763,0.0,FROZEN_PRODUCTION_CONTEXT
OFF,0,1063,hbar_ms,20.74151057736271,20.74151057736271,0.0,FROZEN_PRODUCTION_CONTEXT
OFF,0,1064,hbar_ms,20.688759924507178,20.688759924507178,0.0,FROZEN_PRODUCTION_CONTEXT
OFF,0,1065,hbar_ms,9.827388279437761,9.827388279437761,0.0,FROZEN_PRODUCTION_CONTEXT
OFF,0,1066,hbar_ms,31.62931777829868,31.62931777829868,0.0,FROZEN_PRODUCTION_CONTEXT
OFF,0,1067,hbar_ms,12.095186718287074,12.095186718287074,0.0,FROZEN_PRODUCTION_CONTEXT
OFF,0,1068,hbar_ms,13.356542372462084,13.356542372462084,0.0,FROZEN_PRODUCTION_CONTEXT
OFF,0,1069,hbar_ms,14.679449806325808,14.679449806325808,0.0,FROZEN_PRODUCTION_CONTEXT
OFF,0,1070,hbar_ms,17.370655995276188,17.370655995276188,0.0,FROZEN_PRODUCTION_CONTEXT
OFF,0,1071,hbar_ms,23.067795848448174,23.067795848448174,0.0,FROZEN_PRODUCTION_CONTEXT
OFF,0,1072,hbar_ms,27.530032064595083,27.530032064595083,0.0,FROZEN_PRODUCTION_CONTEXT
OFF,0,1073,hbar_ms,13.485366925120005,13.485366925120005,0.0,FROZEN_PRODUCTION_CONTEXT
OFF,0,1074,hbar_ms,22.8880322712492,22.8880322712492,0.0,FROZEN_PRODUCTION_CONTEXT
OFF,0,1075,hbar_ms,11.4184578772128,11.4184578772128,0.0,FROZEN_PRODUCTION_CONTEXT
OFF,0,1076,hbar_ms,17.37608770358939,17.37608770358939,0.0,FROZEN_PRODUCTION_CONTEXT
OFF,0,1077,hbar_ms,14.69654542417698,14.69654542417698,0.0,FROZEN_PRODUCTION_CONTEXT
OFF,0,1078,hbar_ms,12.905181409188533,12.905181409188533,0.0,FROZEN_PRODUCTION_CONTEXT
OFF,0,1079,hbar_ms,29.00279006728946,29.00279006728946,0.0,FROZEN_PRODUCTION_CONTEXT
OFF,0,1080,hbar_ms,12.837399144623989,12.837399144623989,0.0,FROZEN_PRODUCTION_CONTEXT
OFF,0,1081,hbar_ms,34.77721803088324,34.77721803088324,0.0,FROZEN_PRODUCTION_CONTEXT
OFF,0,1082,hbar_ms,13.545544492620378,13.545544492620378,0.0,FROZEN_PRODUCTION_CONTEXT
OFF,0,1083,hbar_ms,5.31092561460261,5.31092561460261,0.0,FROZEN_PRODUCTION_CONTEXT
OFF,0,1084,hbar_ms,21.549269371700596,21.549269371700596,0.0,FROZEN_PRODUCTION_CONTEXT
OFF,0,1085,hbar_ms,41.840982511299714,41.840982511299714,0.0,FROZEN_PRODUCTION_CONTEXT
OFF,0,1086,hbar_ms,35.307851232661804,35.307851232661804,0.0,FROZEN_PRODUCTION_CONTEXT
OFF,0,1087,hbar_ms,6.574604149542967,6.574604149542967,0.0,FROZEN_PRODUCTION_CONTEXT
OFF,0,1088,hbar_ms,18.43060613754169,18.43060613754169,0.0,FROZEN_PRODUCTION_CONTEXT
OFF,0,1001,backlog_occupancy,0.10982953977414966,0.10982953977414966,0.0,FROZEN_PRODUCTION_CONTEXT
OFF,0,1002,backlog_occupancy,0.1096581889632653,0.1096581889632653,0.0,FROZEN_PRODUCTION_CONTEXT
OFF,0,1003,backlog_occupancy,0.1427464883659864,0.1427464883659864,0.0,FROZEN_PRODUCTION_CONTEXT
OFF,0,1004,backlog_occupancy,0.12423039503945577,0.12423039503945577,0.0,FROZEN_PRODUCTION_CONTEXT
OFF,0,1005,backlog_occupancy,0.130961532077551,0.130961532077551,0.0,FROZEN_PRODUCTION_CONTEXT
OFF,0,1006,backlog_occupancy,0.14413144463809524,0.14413144463809524,0.0,FROZEN_PRODUCTION_CONTEXT
OFF,0,1007,backlog_occupancy,0.12187694508435375,0.12187694508435375,0.0,FROZEN_PRODUCTION_CONTEXT
OFF,0,1008,backlog_occupancy,0.10033200819319728,0.10033200819319728,0.0,FROZEN_PRODUCTION_CONTEXT
OFF,0,1009,backlog_occupancy,0.11517949122585033,0.11517949122585033,0.0,FROZEN_PRODUCTION_CONTEXT
OFF,0,1010,backlog_occupancy,0.14683237758911566,0.14683237758911566,0.0,FROZEN_PRODUCTION_CONTEXT
OFF,0,1011,backlog_occupancy,0.11729311609115646,0.11729311609115646,0.0,FROZEN_PRODUCTION_CONTEXT
OFF,0,1012,backlog_occupancy,0.13829235812789117,0.13829235812789117,0.0,FROZEN_PRODUCTION_CONTEXT
OFF,0,1013,backlog_occupancy,0.12058396159863946,0.12058396159863946,0.0,FROZEN_PRODUCTION_CONTEXT
OFF,0,1014,backlog_occupancy,0.13005082264353743,0.13005082264353743,0.0,FROZEN_PRODUCTION_CONTEXT
OFF,0,1015,backlog_occupancy,0.13629379643537415,0.13629379643537415,0.0,FROZEN_PRODUCTION_CONTEXT
OFF,0,1016,backlog_occupancy,0.11873933574285715,0.11873933574285715,0.0,FROZEN_PRODUCTION_CONTEXT
OFF,0,1017,backlog_occupancy,0.09893902470068028,0.09893902470068028,0.0,FROZEN_PRODUCTION_CONTEXT
OFF,0,1018,backlog_occupancy,0.13117437949115646,0.13117437949115646,0.0,FROZEN_PRODUCTION_CONTEXT
OFF,0,1019,backlog_occupancy,0.11839387411836734,0.11839387411836734,0.0,FROZEN_PRODUCTION_CONTEXT
OFF,0,1020,backlog_occupancy,0.14665603162312926,0.14665603162312926,0.0,FROZEN_PRODUCTION_CONTEXT
OFF,0,1021,backlog_occupancy,0.10511694502721088,0.10511694502721088,0.0,FROZEN_PRODUCTION_CONTEXT
OFF,0,1022,backlog_occupancy,0.1327291705632653,0.1327291705632653,0.0,FROZEN_PRODUCTION_CONTEXT
OFF,0,1023,backlog_occupancy,0.13826913172108843,0.13826913172108843,0.0,FROZEN_PRODUCTION_CONTEXT
OFF,0,1024,backlog_occupancy,0.12100431145034014,0.12100431145034014,0.0,FROZEN_PRODUCTION_CONTEXT
OFF,0,1025,backlog_occupancy,0.127559957722449,0.127559957722449,0.0,FROZEN_PRODUCTION_CONTEXT
OFF,0,1026,backlog_occupancy,0.14385453502040815,0.14385453502040815,0.0,FROZEN_PRODUCTION_CONTEXT
OFF,0,1027,backlog_occupancy,0.10099780021632652,0.10099780021632652,0.0,FROZEN_PRODUCTION_CONTEXT
OFF,0,1028,backlog_occupancy,0.12939006464353742,0.12939006464353742,0.0,FROZEN_PRODUCTION_CONTEXT
OFF,0,1029,backlog_occupancy,0.12058217345442176,0.12058217345442176,0.0,FROZEN_PRODUCTION_CONTEXT
OFF,0,1030,backlog_occupancy,0.10883665351020408,0.10883665351020408,0.0,FROZEN_PRODUCTION_CONTEXT
OFF,0,1031,backlog_occupancy,0.09754046299183673,0.09754046299183673,0.0,FROZEN_PRODUCTION_CONTEXT
OFF,0,1032,backlog_occupancy,0.1211452832585034,0.1211452832585034,0.0,FROZEN_PRODUCTION_CONTEXT
OFF,0,1033,backlog_occupancy,0.12073472933061224,0.12073472933061224,0.0,FROZEN_PRODUCTION_CONTEXT
OFF,0,1034,backlog_occupancy,0.11508532212244899,0.11508532212244899,0.0,FROZEN_PRODUCTION_CONTEXT
OFF,0,1035,backlog_occupancy,0.11998998685306123,0.11998998685306123,0.0,FROZEN_PRODUCTION_CONTEXT
OFF,0,1036,backlog_occupancy,0.11854514720816327,0.11854514720816327,0.0,FROZEN_PRODUCTION_CONTEXT
OFF,0,1037,backlog_occupancy,0.10665774192517007,0.10665774192517007,0.0,FROZEN_PRODUCTION_CONTEXT
OFF,0,1038,backlog_occupancy,0.13795037561224488,0.13795037561224488,0.0,FROZEN_PRODUCTION_CONTEXT
OFF,0,1039,backlog_occupancy,0.13276372839183676,0.13276372839183676,0.0,FROZEN_PRODUCTION_CONTEXT
OFF,0,1040,backlog_occupancy,0.10558382549931973,0.10558382549931973,0.0,FROZEN_PRODUCTION_CONTEXT
OFF,0,1041,backlog_occupancy,0.11156180412925171,0.11156180412925171,0.0,FROZEN_PRODUCTION_CONTEXT
OFF,0,1042,backlog_occupancy,0.1176351958027211,0.1176351958027211,0.0,FROZEN_PRODUCTION_CONTEXT
OFF,0,1043,backlog_occupancy,0.11599138626802721,0.11599138626802721,0.0,FROZEN_PRODUCTION_CONTEXT
OFF,0,1044,backlog_occupancy,0.1097783444462585,0.1097783444462585,0.0,FROZEN_PRODUCTION_CONTEXT
OFF,0,1045,backlog_occupancy,0.10954955924217687,0.10954955924217687,0.0,FROZEN_PRODUCTION_CONTEXT
OFF,0,1046,backlog_occupancy,0.12195214427210885,0.12195214427210885,0.0,FROZEN_PRODUCTION_CONTEXT
OFF,0,1047,backlog_occupancy,0.13844118224081634,0.13844118224081634,0.0,FROZEN_PRODUCTION_CONTEXT
OFF,0,1048,backlog_occupancy,0.1188071685782313,0.1188071685782313,0.0,FROZEN_PRODUCTION_CONTEXT
OFF,0,1049,backlog_occupancy,0.12452553594965986,0.12452553594965986,0.0,FROZEN_PRODUCTION_CONTEXT
OFF,0,1050,backlog_occupancy,0.11080283425306123,0.11080283425306123,0.0,FROZEN_PRODUCTION_CONTEXT
OFF,0,1051,backlog_occupancy,0.12386046306802721,0.12386046306802721,0.0,FROZEN_PRODUCTION_CONTEXT
OFF,0,1052,backlog_occupancy,0.13244026871292516,0.13244026871292516,0.0,FROZEN_PRODUCTION_CONTEXT
OFF,0,1053,backlog_occupancy,0.12428699367891158,0.12428699367891158,0.0,FROZEN_PRODUCTION_CONTEXT
OFF,0,1054,backlog_occupancy,0.11316666322585034,0.11316666322585034,0.0,FROZEN_PRODUCTION_CONTEXT
OFF,0,1055,backlog_occupancy,0.12204518607482995,0.12204518607482995,0.0,FROZEN_PRODUCTION_CONTEXT
OFF,0,1056,backlog_occupancy,0.1190068770394558,0.1190068770394558,0.0,FROZEN_PRODUCTION_CONTEXT
OFF,0,1057,backlog_occupancy,0.14286625513605442,0.14286625513605442,0.0,FROZEN_PRODUCTION_CONTEXT
OFF,0,1058,backlog_occupancy,0.1335283931102041,0.1335283931102041,0.0,FROZEN_PRODUCTION_CONTEXT
OFF,0,1059,backlog_occupancy,0.11687476818639457,0.11687476818639457,0.0,FROZEN_PRODUCTION_CONTEXT
OFF,0,1060,backlog_occupancy,0.11941529299183673,0.11941529299183673,0.0,FROZEN_PRODUCTION_CONTEXT
OFF,0,1061,backlog_occupancy,0.14079848057959185,0.14079848057959185,0.0,FROZEN_PRODUCTION_CONTEXT
OFF,0,1062,backlog_occupancy,0.128804117107483,0.128804117107483,0.0,FROZEN_PRODUCTION_CONTEXT
OFF,0,1063,backlog_occupancy,0.13177881097959182,0.13177881097959182,0.0,FROZEN_PRODUCTION_CONTEXT
OFF,0,1064,backlog_occupancy,0.1256806379931973,0.1256806379931973,0.0,FROZEN_PRODUCTION_CONTEXT
OFF,0,1065,backlog_occupancy,0.11387682843129253,0.11387682843129253,0.0,FROZEN_PRODUCTION_CONTEXT
OFF,0,1066,backlog_occupancy,0.14834003552517006,0.14834003552517006,0.0,FROZEN_PRODUCTION_CONTEXT
OFF,0,1067,backlog_occupancy,0.10979313550340136,0.10979313550340136,0.0,FROZEN_PRODUCTION_CONTEXT
OFF,0,1068,backlog_occupancy,0.13333729494965985,0.13333729494965985,0.0,FROZEN_PRODUCTION_CONTEXT
OFF,0,1069,backlog_occupancy,0.11316843193197279,0.11316843193197279,0.0,FROZEN_PRODUCTION_CONTEXT
OFF,0,1070,backlog_occupancy,0.11319004514829932,0.11319004514829932,0.0,FROZEN_PRODUCTION_CONTEXT
OFF,0,1071,backlog_occupancy,0.12303647860816326,0.12303647860816326,0.0,FROZEN_PRODUCTION_CONTEXT
OFF,0,1072,backlog_occupancy,0.12493047278775508,0.12493047278775508,0.0,FROZEN_PRODUCTION_CONTEXT
OFF,0,1073,backlog_occupancy,0.11052918993333334,0.11052918993333334,0.0,FROZEN_PRODUCTION_CONTEXT
OFF,0,1074,backlog_occupancy,0.12967408795102042,0.12967408795102042,0.0,FROZEN_PRODUCTION_CONTEXT
OFF,0,1075,backlog_occupancy,0.12379865547619048,0.12379865547619048,0.0,FROZEN_PRODUCTION_CONTEXT
OFF,0,1076,backlog_occupancy,0.11957247469387755,0.11957247469387755,0.0,FROZEN_PRODUCTION_CONTEXT
OFF,0,1077,backlog_occupancy,0.1149355650707483,0.1149355650707483,0.0,FROZEN_PRODUCTION_CONTEXT
OFF,0,1078,backlog_occupancy,0.11960289258639456,0.11960289258639456,0.0,FROZEN_PRODUCTION_CONTEXT
OFF,0,1079,backlog_occupancy,0.12748973421088436,0.12748973421088436,0.0,FROZEN_PRODUCTION_CONTEXT
OFF,0,1080,backlog_occupancy,0.10592192073333333,0.10592192073333333,0.0,FROZEN_PRODUCTION_CONTEXT
OFF,0,1081,backlog_occupancy,0.1109102978244898,0.1109102978244898,0.0,FROZEN_PRODUCTION_CONTEXT
OFF,0,1082,backlog_occupancy,0.11809261074965985,0.11809261074965985,0.0,FROZEN_PRODUCTION_CONTEXT
OFF,0,1083,backlog_occupancy,0.1052139323877551,0.1052139323877551,0.0,FROZEN_PRODUCTION_CONTEXT
OFF,0,1084,backlog_occupancy,0.13566071575238095,0.13566071575238095,0.0,FROZEN_PRODUCTION_CONTEXT
OFF,0,1085,backlog_occupancy,0.14704178478639457,0.14704178478639457,0.0,FROZEN_PRODUCTION_CONTEXT
OFF,0,1086,backlog_occupancy,0.12460056024353743,0.12460056024353743,0.0,FROZEN_PRODUCTION_CONTEXT
OFF,0,1087,backlog_occupancy,0.1076080820517007,0.1076080820517007,0.0,FROZEN_PRODUCTION_CONTEXT
OFF,0,1088,backlog_occupancy,0.10541020061632653,0.10541020061632653,0.0,FROZEN_PRODUCTION_CONTEXT
OFF,0,1001,contention_count,0.0,0.0,0.0,FROZEN_PRODUCTION_CONTEXT
OFF,0,1002,contention_count,0.0,0.0,0.0,FROZEN_PRODUCTION_CONTEXT
OFF,0,1003,contention_count,0.0,0.0,0.0,FROZEN_PRODUCTION_CONTEXT
OFF,0,1004,contention_count,0.0,0.0,0.0,FROZEN_PRODUCTION_CONTEXT
OFF,0,1005,contention_count,0.0,0.0,0.0,FROZEN_PRODUCTION_CONTEXT
OFF,0,1006,contention_count,0.0,0.0,0.0,FROZEN_PRODUCTION_CONTEXT
OFF,0,1007,contention_count,0.0,0.0,0.0,FROZEN_PRODUCTION_CONTEXT
OFF,0,1008,contention_count,0.0,0.0,0.0,FROZEN_PRODUCTION_CONTEXT
OFF,0,1009,contention_count,0.0,0.0,0.0,FROZEN_PRODUCTION_CONTEXT
OFF,0,1010,contention_count,0.0,0.0,0.0,FROZEN_PRODUCTION_CONTEXT
OFF,0,1011,contention_count,0.0,0.0,0.0,FROZEN_PRODUCTION_CONTEXT
OFF,0,1012,contention_count,0.0,0.0,0.0,FROZEN_PRODUCTION_CONTEXT
OFF,0,1013,contention_count,0.0,0.0,0.0,FROZEN_PRODUCTION_CONTEXT
OFF,0,1014,contention_count,0.0,0.0,0.0,FROZEN_PRODUCTION_CONTEXT
OFF,0,1015,contention_count,0.0,0.0,0.0,FROZEN_PRODUCTION_CONTEXT
OFF,0,1016,contention_count,0.0,0.0,0.0,FROZEN_PRODUCTION_CONTEXT
OFF,0,1017,contention_count,0.0,0.0,0.0,FROZEN_PRODUCTION_CONTEXT
OFF,0,1018,contention_count,0.0,0.0,0.0,FROZEN_PRODUCTION_CONTEXT
OFF,0,1019,contention_count,0.0,0.0,0.0,FROZEN_PRODUCTION_CONTEXT
OFF,0,1020,contention_count,0.0,0.0,0.0,FROZEN_PRODUCTION_CONTEXT
OFF,0,1021,contention_count,0.0,0.0,0.0,FROZEN_PRODUCTION_CONTEXT
OFF,0,1022,contention_count,0.0,0.0,0.0,FROZEN_PRODUCTION_CONTEXT
OFF,0,1023,contention_count,0.0,0.0,0.0,FROZEN_PRODUCTION_CONTEXT
OFF,0,1024,contention_count,0.0,0.0,0.0,FROZEN_PRODUCTION_CONTEXT
OFF,0,1025,contention_count,0.0,0.0,0.0,FROZEN_PRODUCTION_CONTEXT
OFF,0,1026,contention_count,0.0,0.0,0.0,FROZEN_PRODUCTION_CONTEXT
OFF,0,1027,contention_count,0.0,0.0,0.0,FROZEN_PRODUCTION_CONTEXT
OFF,0,1028,contention_count,0.0,0.0,0.0,FROZEN_PRODUCTION_CONTEXT
OFF,0,1029,contention_count,0.0,0.0,0.0,FROZEN_PRODUCTION_CONTEXT
OFF,0,1030,contention_count,0.0,0.0,0.0,FROZEN_PRODUCTION_CONTEXT
OFF,0,1031,contention_count,0.0,0.0,0.0,FROZEN_PRODUCTION_CONTEXT
OFF,0,1032,contention_count,0.0,0.0,0.0,FROZEN_PRODUCTION_CONTEXT
OFF,0,1033,contention_count,0.0,0.0,0.0,FROZEN_PRODUCTION_CONTEXT
OFF,0,1034,contention_count,0.0,0.0,0.0,FROZEN_PRODUCTION_CONTEXT
OFF,0,1035,contention_count,0.0,0.0,0.0,FROZEN_PRODUCTION_CONTEXT
OFF,0,1036,contention_count,0.0,0.0,0.0,FROZEN_PRODUCTION_CONTEXT
OFF,0,1037,contention_count,0.0,0.0,0.0,FROZEN_PRODUCTION_CONTEXT
OFF,0,1038,contention_count,0.0,0.0,0.0,FROZEN_PRODUCTION_CONTEXT
OFF,0,1039,contention_count,0.0,0.0,0.0,FROZEN_PRODUCTION_CONTEXT
OFF,0,1040,contention_count,0.0,0.0,0.0,FROZEN_PRODUCTION_CONTEXT
OFF,0,1041,contention_count,0.0,0.0,0.0,FROZEN_PRODUCTION_CONTEXT
OFF,0,1042,contention_count,0.0,0.0,0.0,FROZEN_PRODUCTION_CONTEXT
OFF,0,1043,contention_count,0.0,0.0,0.0,FROZEN_PRODUCTION_CONTEXT
OFF,0,1044,contention_count,0.0,0.0,0.0,FROZEN_PRODUCTION_CONTEXT
OFF,0,1045,contention_count,0.0,0.0,0.0,FROZEN_PRODUCTION_CONTEXT
OFF,0,1046,contention_count,0.0,0.0,0.0,FROZEN_PRODUCTION_CONTEXT
OFF,0,1047,contention_count,0.0,0.0,0.0,FROZEN_PRODUCTION_CONTEXT
OFF,0,1048,contention_count,0.0,0.0,0.0,FROZEN_PRODUCTION_CONTEXT
OFF,0,1049,contention_count,0.0,0.0,0.0,FROZEN_PRODUCTION_CONTEXT
OFF,0,1050,contention_count,0.0,0.0,0.0,FROZEN_PRODUCTION_CONTEXT
OFF,0,1051,contention_count,0.0,0.0,0.0,FROZEN_PRODUCTION_CONTEXT
OFF,0,1052,contention_count,0.0,0.0,0.0,FROZEN_PRODUCTION_CONTEXT
OFF,0,1053,contention_count,0.0,0.0,0.0,FROZEN_PRODUCTION_CONTEXT
OFF,0,1054,contention_count,0.0,0.0,0.0,FROZEN_PRODUCTION_CONTEXT
OFF,0,1055,contention_count,0.0,0.0,0.0,FROZEN_PRODUCTION_CONTEXT
OFF,0,1056,contention_count,0.0,0.0,0.0,FROZEN_PRODUCTION_CONTEXT
OFF,0,1057,contention_count,0.0,0.0,0.0,FROZEN_PRODUCTION_CONTEXT
OFF,0,1058,contention_count,0.0,0.0,0.0,FROZEN_PRODUCTION_CONTEXT
OFF,0,1059,contention_count,0.0,0.0,0.0,FROZEN_PRODUCTION_CONTEXT
OFF,0,1060,contention_count,0.0,0.0,0.0,FROZEN_PRODUCTION_CONTEXT
OFF,0,1061,contention_count,0.0,0.0,0.0,FROZEN_PRODUCTION_CONTEXT
OFF,0,1062,contention_count,0.0,0.0,0.0,FROZEN_PRODUCTION_CONTEXT
OFF,0,1063,contention_count,0.0,0.0,0.0,FROZEN_PRODUCTION_CONTEXT
OFF,0,1064,contention_count,0.0,0.0,0.0,FROZEN_PRODUCTION_CONTEXT
OFF,0,1065,contention_count,0.0,0.0,0.0,FROZEN_PRODUCTION_CONTEXT
OFF,0,1066,contention_count,0.0,0.0,0.0,FROZEN_PRODUCTION_CONTEXT
OFF,0,1067,contention_count,0.0,0.0,0.0,FROZEN_PRODUCTION_CONTEXT
OFF,0,1068,contention_count,0.0,0.0,0.0,FROZEN_PRODUCTION_CONTEXT
OFF,0,1069,contention_count,0.0,0.0,0.0,FROZEN_PRODUCTION_CONTEXT
OFF,0,1070,contention_count,0.0,0.0,0.0,FROZEN_PRODUCTION_CONTEXT
OFF,0,1071,contention_count,0.0,0.0,0.0,FROZEN_PRODUCTION_CONTEXT
OFF,0,1072,contention_count,0.0,0.0,0.0,FROZEN_PRODUCTION_CONTEXT
OFF,0,1073,contention_count,0.0,0.0,0.0,FROZEN_PRODUCTION_CONTEXT
OFF,0,1074,contention_count,0.0,0.0,0.0,FROZEN_PRODUCTION_CONTEXT
OFF,0,1075,contention_count,0.0,0.0,0.0,FROZEN_PRODUCTION_CONTEXT
OFF,0,1076,contention_count,0.0,0.0,0.0,FROZEN_PRODUCTION_CONTEXT
OFF,0,1077,contention_count,0.0,0.0,0.0,FROZEN_PRODUCTION_CONTEXT
OFF,0,1078,contention_count,0.0,0.0,0.0,FROZEN_PRODUCTION_CONTEXT
OFF,0,1079,contention_count,0.0,0.0,0.0,FROZEN_PRODUCTION_CONTEXT
OFF,0,1080,contention_count,0.0,0.0,0.0,FROZEN_PRODUCTION_CONTEXT
OFF,0,1081,contention_count,0.0,0.0,0.0,FROZEN_PRODUCTION_CONTEXT
OFF,0,1082,contention_count,0.0,0.0,0.0,FROZEN_PRODUCTION_CONTEXT
OFF,0,1083,contention_count,0.0,0.0,0.0,FROZEN_PRODUCTION_CONTEXT
OFF,0,1084,contention_count,0.0,0.0,0.0,FROZEN_PRODUCTION_CONTEXT
OFF,0,1085,contention_count,0.0,0.0,0.0,FROZEN_PRODUCTION_CONTEXT
OFF,0,1086,contention_count,0.0,0.0,0.0,FROZEN_PRODUCTION_CONTEXT
OFF,0,1087,contention_count,0.0,0.0,0.0,FROZEN_PRODUCTION_CONTEXT
OFF,0,1088,contention_count,0.0,0.0,0.0,FROZEN_PRODUCTION_CONTEXT
OFF,0,1001,select_priority_count,0.0,20792.0,20792.0,FROZEN_PRODUCTION_CONTEXT
OFF,0,1002,select_priority_count,0.0,20815.0,20815.0,FROZEN_PRODUCTION_CONTEXT
OFF,0,1003,select_priority_count,0.0,20792.0,20792.0,FROZEN_PRODUCTION_CONTEXT
OFF,0,1004,select_priority_count,0.0,20782.0,20782.0,FROZEN_PRODUCTION_CONTEXT
OFF,0,1005,select_priority_count,0.0,20771.0,20771.0,FROZEN_PRODUCTION_CONTEXT
OFF,0,1006,select_priority_count,0.0,20805.0,20805.0,FROZEN_PRODUCTION_CONTEXT
OFF,0,1007,select_priority_count,0.0,20783.0,20783.0,FROZEN_PRODUCTION_CONTEXT
OFF,0,1008,select_priority_count,0.0,20805.0,20805.0,FROZEN_PRODUCTION_CONTEXT
OFF,0,1009,select_priority_count,0.0,20792.0,20792.0,FROZEN_PRODUCTION_CONTEXT
OFF,0,1010,select_priority_count,0.0,20747.0,20747.0,FROZEN_PRODUCTION_CONTEXT
OFF,0,1011,select_priority_count,0.0,20801.0,20801.0,FROZEN_PRODUCTION_CONTEXT
OFF,0,1012,select_priority_count,0.0,20801.0,20801.0,FROZEN_PRODUCTION_CONTEXT
OFF,0,1013,select_priority_count,0.0,20759.0,20759.0,FROZEN_PRODUCTION_CONTEXT
OFF,0,1014,select_priority_count,0.0,20783.0,20783.0,FROZEN_PRODUCTION_CONTEXT
OFF,0,1015,select_priority_count,0.0,20814.0,20814.0,FROZEN_PRODUCTION_CONTEXT
OFF,0,1016,select_priority_count,0.0,20795.0,20795.0,FROZEN_PRODUCTION_CONTEXT
OFF,0,1017,select_priority_count,0.0,20784.0,20784.0,FROZEN_PRODUCTION_CONTEXT
OFF,0,1018,select_priority_count,0.0,20774.0,20774.0,FROZEN_PRODUCTION_CONTEXT
OFF,0,1019,select_priority_count,0.0,20778.0,20778.0,FROZEN_PRODUCTION_CONTEXT
OFF,0,1020,select_priority_count,0.0,20756.0,20756.0,FROZEN_PRODUCTION_CONTEXT
OFF,0,1021,select_priority_count,0.0,20793.0,20793.0,FROZEN_PRODUCTION_CONTEXT
OFF,0,1022,select_priority_count,0.0,20759.0,20759.0,FROZEN_PRODUCTION_CONTEXT
OFF,0,1023,select_priority_count,0.0,20806.0,20806.0,FROZEN_PRODUCTION_CONTEXT
OFF,0,1024,select_priority_count,0.0,20781.0,20781.0,FROZEN_PRODUCTION_CONTEXT
OFF,0,1025,select_priority_count,0.0,20800.0,20800.0,FROZEN_PRODUCTION_CONTEXT
OFF,0,1026,select_priority_count,0.0,20807.0,20807.0,FROZEN_PRODUCTION_CONTEXT
OFF,0,1027,select_priority_count,0.0,20797.0,20797.0,FROZEN_PRODUCTION_CONTEXT
OFF,0,1028,select_priority_count,0.0,20755.0,20755.0,FROZEN_PRODUCTION_CONTEXT
OFF,0,1029,select_priority_count,0.0,20798.0,20798.0,FROZEN_PRODUCTION_CONTEXT
OFF,0,1030,select_priority_count,0.0,20756.0,20756.0,FROZEN_PRODUCTION_CONTEXT
OFF,0,1031,select_priority_count,0.0,20800.0,20800.0,FROZEN_PRODUCTION_CONTEXT
OFF,0,1032,select_priority_count,0.0,20795.0,20795.0,FROZEN_PRODUCTION_CONTEXT
OFF,0,1033,select_priority_count,0.0,20792.0,20792.0,FROZEN_PRODUCTION_CONTEXT
OFF,0,1034,select_priority_count,0.0,20791.0,20791.0,FROZEN_PRODUCTION_CONTEXT
OFF,0,1035,select_priority_count,0.0,20763.0,20763.0,FROZEN_PRODUCTION_CONTEXT
OFF,0,1036,select_priority_count,0.0,20760.0,20760.0,FROZEN_PRODUCTION_CONTEXT
OFF,0,1037,select_priority_count,0.0,20811.0,20811.0,FROZEN_PRODUCTION_CONTEXT
OFF,0,1038,select_priority_count,0.0,20788.0,20788.0,FROZEN_PRODUCTION_CONTEXT
OFF,0,1039,select_priority_count,0.0,20739.0,20739.0,FROZEN_PRODUCTION_CONTEXT
OFF,0,1040,select_priority_count,0.0,20758.0,20758.0,FROZEN_PRODUCTION_CONTEXT
OFF,0,1041,select_priority_count,0.0,20772.0,20772.0,FROZEN_PRODUCTION_CONTEXT
OFF,0,1042,select_priority_count,0.0,20760.0,20760.0,FROZEN_PRODUCTION_CONTEXT
OFF,0,1043,select_priority_count,0.0,20809.0,20809.0,FROZEN_PRODUCTION_CONTEXT
OFF,0,1044,select_priority_count,0.0,20805.0,20805.0,FROZEN_PRODUCTION_CONTEXT
OFF,0,1045,select_priority_count,0.0,20761.0,20761.0,FROZEN_PRODUCTION_CONTEXT
OFF,0,1046,select_priority_count,0.0,20804.0,20804.0,FROZEN_PRODUCTION_CONTEXT
OFF,0,1047,select_priority_count,0.0,20773.0,20773.0,FROZEN_PRODUCTION_CONTEXT
OFF,0,1048,select_priority_count,0.0,20759.0,20759.0,FROZEN_PRODUCTION_CONTEXT
OFF,0,1049,select_priority_count,0.0,20780.0,20780.0,FROZEN_PRODUCTION_CONTEXT
OFF,0,1050,select_priority_count,0.0,20777.0,20777.0,FROZEN_PRODUCTION_CONTEXT
OFF,0,1051,select_priority_count,0.0,20798.0,20798.0,FROZEN_PRODUCTION_CONTEXT
OFF,0,1052,select_priority_count,0.0,20783.0,20783.0,FROZEN_PRODUCTION_CONTEXT
OFF,0,1053,select_priority_count,0.0,20779.0,20779.0,FROZEN_PRODUCTION_CONTEXT
OFF,0,1054,select_priority_count,0.0,20777.0,20777.0,FROZEN_PRODUCTION_CONTEXT
OFF,0,1055,select_priority_count,0.0,20816.0,20816.0,FROZEN_PRODUCTION_CONTEXT
OFF,0,1056,select_priority_count,0.0,20773.0,20773.0,FROZEN_PRODUCTION_CONTEXT
OFF,0,1057,select_priority_count,0.0,20786.0,20786.0,FROZEN_PRODUCTION_CONTEXT
OFF,0,1058,select_priority_count,0.0,20788.0,20788.0,FROZEN_PRODUCTION_CONTEXT
OFF,0,1059,select_priority_count,0.0,20816.0,20816.0,FROZEN_PRODUCTION_CONTEXT
OFF,0,1060,select_priority_count,0.0,20757.0,20757.0,FROZEN_PRODUCTION_CONTEXT
OFF,0,1061,select_priority_count,0.0,20767.0,20767.0,FROZEN_PRODUCTION_CONTEXT
OFF,0,1062,select_priority_count,0.0,20768.0,20768.0,FROZEN_PRODUCTION_CONTEXT
OFF,0,1063,select_priority_count,0.0,20780.0,20780.0,FROZEN_PRODUCTION_CONTEXT
OFF,0,1064,select_priority_count,0.0,20784.0,20784.0,FROZEN_PRODUCTION_CONTEXT
OFF,0,1065,select_priority_count,0.0,20792.0,20792.0,FROZEN_PRODUCTION_CONTEXT
OFF,0,1066,select_priority_count,0.0,20777.0,20777.0,FROZEN_PRODUCTION_CONTEXT
OFF,0,1067,select_priority_count,0.0,20769.0,20769.0,FROZEN_PRODUCTION_CONTEXT
OFF,0,1068,select_priority_count,0.0,20800.0,20800.0,FROZEN_PRODUCTION_CONTEXT
OFF,0,1069,select_priority_count,0.0,20788.0,20788.0,FROZEN_PRODUCTION_CONTEXT
OFF,0,1070,select_priority_count,0.0,20752.0,20752.0,FROZEN_PRODUCTION_CONTEXT
OFF,0,1071,select_priority_count,0.0,20769.0,20769.0,FROZEN_PRODUCTION_CONTEXT
OFF,0,1072,select_priority_count,0.0,20789.0,20789.0,FROZEN_PRODUCTION_CONTEXT
OFF,0,1073,select_priority_count,0.0,20770.0,20770.0,FROZEN_PRODUCTION_CONTEXT
OFF,0,1074,select_priority_count,0.0,20781.0,20781.0,FROZEN_PRODUCTION_CONTEXT
OFF,0,1075,select_priority_count,0.0,20788.0,20788.0,FROZEN_PRODUCTION_CONTEXT
OFF,0,1076,select_priority_count,0.0,20792.0,20792.0,FROZEN_PRODUCTION_CONTEXT
OFF,0,1077,select_priority_count,0.0,20794.0,20794.0,FROZEN_PRODUCTION_CONTEXT
OFF,0,1078,select_priority_count,0.0,20813.0,20813.0,FROZEN_PRODUCTION_CONTEXT
OFF,0,1079,select_priority_count,0.0,20791.0,20791.0,FROZEN_PRODUCTION_CONTEXT
OFF,0,1080,select_priority_count,0.0,20777.0,20777.0,FROZEN_PRODUCTION_CONTEXT
OFF,0,1081,select_priority_count,0.0,20771.0,20771.0,FROZEN_PRODUCTION_CONTEXT
OFF,0,1082,select_priority_count,0.0,20796.0,20796.0,FROZEN_PRODUCTION_CONTEXT
OFF,0,1083,select_priority_count,0.0,20807.0,20807.0,FROZEN_PRODUCTION_CONTEXT
OFF,0,1084,select_priority_count,0.0,20787.0,20787.0,FROZEN_PRODUCTION_CONTEXT
OFF,0,1085,select_priority_count,0.0,20694.0,20694.0,FROZEN_PRODUCTION_CONTEXT
OFF,0,1086,select_priority_count,0.0,20789.0,20789.0,FROZEN_PRODUCTION_CONTEXT
OFF,0,1087,select_priority_count,0.0,20806.0,20806.0,FROZEN_PRODUCTION_CONTEXT
OFF,0,1088,select_priority_count,0.0,20803.0,20803.0,FROZEN_PRODUCTION_CONTEXT
OFF,0,1001,select_fifo_count,20792.0,0.0,-20792.0,FROZEN_PRODUCTION_CONTEXT
OFF,0,1002,select_fifo_count,20815.0,0.0,-20815.0,FROZEN_PRODUCTION_CONTEXT
OFF,0,1003,select_fifo_count,20792.0,0.0,-20792.0,FROZEN_PRODUCTION_CONTEXT
OFF,0,1004,select_fifo_count,20782.0,0.0,-20782.0,FROZEN_PRODUCTION_CONTEXT
OFF,0,1005,select_fifo_count,20771.0,0.0,-20771.0,FROZEN_PRODUCTION_CONTEXT
OFF,0,1006,select_fifo_count,20805.0,0.0,-20805.0,FROZEN_PRODUCTION_CONTEXT
OFF,0,1007,select_fifo_count,20783.0,0.0,-20783.0,FROZEN_PRODUCTION_CONTEXT
OFF,0,1008,select_fifo_count,20805.0,0.0,-20805.0,FROZEN_PRODUCTION_CONTEXT
OFF,0,1009,select_fifo_count,20792.0,0.0,-20792.0,FROZEN_PRODUCTION_CONTEXT
OFF,0,1010,select_fifo_count,20747.0,0.0,-20747.0,FROZEN_PRODUCTION_CONTEXT
OFF,0,1011,select_fifo_count,20801.0,0.0,-20801.0,FROZEN_PRODUCTION_CONTEXT
OFF,0,1012,select_fifo_count,20801.0,0.0,-20801.0,FROZEN_PRODUCTION_CONTEXT
OFF,0,1013,select_fifo_count,20759.0,0.0,-20759.0,FROZEN_PRODUCTION_CONTEXT
OFF,0,1014,select_fifo_count,20783.0,0.0,-20783.0,FROZEN_PRODUCTION_CONTEXT
OFF,0,1015,select_fifo_count,20814.0,0.0,-20814.0,FROZEN_PRODUCTION_CONTEXT
OFF,0,1016,select_fifo_count,20795.0,0.0,-20795.0,FROZEN_PRODUCTION_CONTEXT
OFF,0,1017,select_fifo_count,20784.0,0.0,-20784.0,FROZEN_PRODUCTION_CONTEXT
OFF,0,1018,select_fifo_count,20774.0,0.0,-20774.0,FROZEN_PRODUCTION_CONTEXT
OFF,0,1019,select_fifo_count,20778.0,0.0,-20778.0,FROZEN_PRODUCTION_CONTEXT
OFF,0,1020,select_fifo_count,20756.0,0.0,-20756.0,FROZEN_PRODUCTION_CONTEXT
OFF,0,1021,select_fifo_count,20793.0,0.0,-20793.0,FROZEN_PRODUCTION_CONTEXT
OFF,0,1022,select_fifo_count,20759.0,0.0,-20759.0,FROZEN_PRODUCTION_CONTEXT
OFF,0,1023,select_fifo_count,20806.0,0.0,-20806.0,FROZEN_PRODUCTION_CONTEXT
OFF,0,1024,select_fifo_count,20781.0,0.0,-20781.0,FROZEN_PRODUCTION_CONTEXT
OFF,0,1025,select_fifo_count,20800.0,0.0,-20800.0,FROZEN_PRODUCTION_CONTEXT
OFF,0,1026,select_fifo_count,20807.0,0.0,-20807.0,FROZEN_PRODUCTION_CONTEXT
OFF,0,1027,select_fifo_count,20797.0,0.0,-20797.0,FROZEN_PRODUCTION_CONTEXT
OFF,0,1028,select_fifo_count,20755.0,0.0,-20755.0,FROZEN_PRODUCTION_CONTEXT
OFF,0,1029,select_fifo_count,20798.0,0.0,-20798.0,FROZEN_PRODUCTION_CONTEXT
OFF,0,1030,select_fifo_count,20756.0,0.0,-20756.0,FROZEN_PRODUCTION_CONTEXT
OFF,0,1031,select_fifo_count,20800.0,0.0,-20800.0,FROZEN_PRODUCTION_CONTEXT
OFF,0,1032,select_fifo_count,20795.0,0.0,-20795.0,FROZEN_PRODUCTION_CONTEXT
OFF,0,1033,select_fifo_count,20792.0,0.0,-20792.0,FROZEN_PRODUCTION_CONTEXT
OFF,0,1034,select_fifo_count,20791.0,0.0,-20791.0,FROZEN_PRODUCTION_CONTEXT
OFF,0,1035,select_fifo_count,20763.0,0.0,-20763.0,FROZEN_PRODUCTION_CONTEXT
OFF,0,1036,select_fifo_count,20760.0,0.0,-20760.0,FROZEN_PRODUCTION_CONTEXT
OFF,0,1037,select_fifo_count,20811.0,0.0,-20811.0,FROZEN_PRODUCTION_CONTEXT
OFF,0,1038,select_fifo_count,20788.0,0.0,-20788.0,FROZEN_PRODUCTION_CONTEXT
OFF,0,1039,select_fifo_count,20739.0,0.0,-20739.0,FROZEN_PRODUCTION_CONTEXT
OFF,0,1040,select_fifo_count,20758.0,0.0,-20758.0,FROZEN_PRODUCTION_CONTEXT
OFF,0,1041,select_fifo_count,20772.0,0.0,-20772.0,FROZEN_PRODUCTION_CONTEXT
OFF,0,1042,select_fifo_count,20760.0,0.0,-20760.0,FROZEN_PRODUCTION_CONTEXT
OFF,0,1043,select_fifo_count,20809.0,0.0,-20809.0,FROZEN_PRODUCTION_CONTEXT
OFF,0,1044,select_fifo_count,20805.0,0.0,-20805.0,FROZEN_PRODUCTION_CONTEXT
OFF,0,1045,select_fifo_count,20761.0,0.0,-20761.0,FROZEN_PRODUCTION_CONTEXT
OFF,0,1046,select_fifo_count,20804.0,0.0,-20804.0,FROZEN_PRODUCTION_CONTEXT
OFF,0,1047,select_fifo_count,20773.0,0.0,-20773.0,FROZEN_PRODUCTION_CONTEXT
OFF,0,1048,select_fifo_count,20759.0,0.0,-20759.0,FROZEN_PRODUCTION_CONTEXT
OFF,0,1049,select_fifo_count,20780.0,0.0,-20780.0,FROZEN_PRODUCTION_CONTEXT
OFF,0,1050,select_fifo_count,20777.0,0.0,-20777.0,FROZEN_PRODUCTION_CONTEXT
OFF,0,1051,select_fifo_count,20798.0,0.0,-20798.0,FROZEN_PRODUCTION_CONTEXT
OFF,0,1052,select_fifo_count,20783.0,0.0,-20783.0,FROZEN_PRODUCTION_CONTEXT
OFF,0,1053,select_fifo_count,20779.0,0.0,-20779.0,FROZEN_PRODUCTION_CONTEXT
OFF,0,1054,select_fifo_count,20777.0,0.0,-20777.0,FROZEN_PRODUCTION_CONTEXT
OFF,0,1055,select_fifo_count,20816.0,0.0,-20816.0,FROZEN_PRODUCTION_CONTEXT
OFF,0,1056,select_fifo_count,20773.0,0.0,-20773.0,FROZEN_PRODUCTION_CONTEXT
OFF,0,1057,select_fifo_count,20786.0,0.0,-20786.0,FROZEN_PRODUCTION_CONTEXT
OFF,0,1058,select_fifo_count,20788.0,0.0,-20788.0,FROZEN_PRODUCTION_CONTEXT
OFF,0,1059,select_fifo_count,20816.0,0.0,-20816.0,FROZEN_PRODUCTION_CONTEXT
OFF,0,1060,select_fifo_count,20757.0,0.0,-20757.0,FROZEN_PRODUCTION_CONTEXT
OFF,0,1061,select_fifo_count,20767.0,0.0,-20767.0,FROZEN_PRODUCTION_CONTEXT
OFF,0,1062,select_fifo_count,20768.0,0.0,-20768.0,FROZEN_PRODUCTION_CONTEXT
OFF,0,1063,select_fifo_count,20780.0,0.0,-20780.0,FROZEN_PRODUCTION_CONTEXT
OFF,0,1064,select_fifo_count,20784.0,0.0,-20784.0,FROZEN_PRODUCTION_CONTEXT
OFF,0,1065,select_fifo_count,20792.0,0.0,-20792.0,FROZEN_PRODUCTION_CONTEXT
OFF,0,1066,select_fifo_count,20777.0,0.0,-20777.0,FROZEN_PRODUCTION_CONTEXT
OFF,0,1067,select_fifo_count,20769.0,0.0,-20769.0,FROZEN_PRODUCTION_CONTEXT
OFF,0,1068,select_fifo_count,20800.0,0.0,-20800.0,FROZEN_PRODUCTION_CONTEXT
OFF,0,1069,select_fifo_count,20788.0,0.0,-20788.0,FROZEN_PRODUCTION_CONTEXT
OFF,0,1070,select_fifo_count,20752.0,0.0,-20752.0,FROZEN_PRODUCTION_CONTEXT
OFF,0,1071,select_fifo_count,20769.0,0.0,-20769.0,FROZEN_PRODUCTION_CONTEXT
OFF,0,1072,select_fifo_count,20789.0,0.0,-20789.0,FROZEN_PRODUCTION_CONTEXT
OFF,0,1073,select_fifo_count,20770.0,0.0,-20770.0,FROZEN_PRODUCTION_CONTEXT
OFF,0,1074,select_fifo_count,20781.0,0.0,-20781.0,FROZEN_PRODUCTION_CONTEXT
OFF,0,1075,select_fifo_count,20788.0,0.0,-20788.0,FROZEN_PRODUCTION_CONTEXT
OFF,0,1076,select_fifo_count,20792.0,0.0,-20792.0,FROZEN_PRODUCTION_CONTEXT
OFF,0,1077,select_fifo_count,20794.0,0.0,-20794.0,FROZEN_PRODUCTION_CONTEXT
OFF,0,1078,select_fifo_count,20813.0,0.0,-20813.0,FROZEN_PRODUCTION_CONTEXT
OFF,0,1079,select_fifo_count,20791.0,0.0,-20791.0,FROZEN_PRODUCTION_CONTEXT
OFF,0,1080,select_fifo_count,20777.0,0.0,-20777.0,FROZEN_PRODUCTION_CONTEXT
OFF,0,1081,select_fifo_count,20771.0,0.0,-20771.0,FROZEN_PRODUCTION_CONTEXT
OFF,0,1082,select_fifo_count,20796.0,0.0,-20796.0,FROZEN_PRODUCTION_CONTEXT
OFF,0,1083,select_fifo_count,20807.0,0.0,-20807.0,FROZEN_PRODUCTION_CONTEXT
OFF,0,1084,select_fifo_count,20787.0,0.0,-20787.0,FROZEN_PRODUCTION_CONTEXT
OFF,0,1085,select_fifo_count,20694.0,0.0,-20694.0,FROZEN_PRODUCTION_CONTEXT
OFF,0,1086,select_fifo_count,20789.0,0.0,-20789.0,FROZEN_PRODUCTION_CONTEXT
OFF,0,1087,select_fifo_count,20806.0,0.0,-20806.0,FROZEN_PRODUCTION_CONTEXT
OFF,0,1088,select_fifo_count,20803.0,0.0,-20803.0,FROZEN_PRODUCTION_CONTEXT
OFF,0,1001,continue_partial_count,47511.0,47511.0,0.0,FROZEN_PRODUCTION_CONTEXT
OFF,0,1002,continue_partial_count,44520.0,44520.0,0.0,FROZEN_PRODUCTION_CONTEXT
OFF,0,1003,continue_partial_count,50877.0,50877.0,0.0,FROZEN_PRODUCTION_CONTEXT
OFF,0,1004,continue_partial_count,45218.0,45218.0,0.0,FROZEN_PRODUCTION_CONTEXT
OFF,0,1005,continue_partial_count,45987.0,45987.0,0.0,FROZEN_PRODUCTION_CONTEXT
OFF,0,1006,continue_partial_count,51391.0,51391.0,0.0,FROZEN_PRODUCTION_CONTEXT
OFF,0,1007,continue_partial_count,42369.0,42369.0,0.0,FROZEN_PRODUCTION_CONTEXT
OFF,0,1008,continue_partial_count,38881.0,38881.0,0.0,FROZEN_PRODUCTION_CONTEXT
OFF,0,1009,continue_partial_count,40843.0,40843.0,0.0,FROZEN_PRODUCTION_CONTEXT
OFF,0,1010,continue_partial_count,51182.0,51182.0,0.0,FROZEN_PRODUCTION_CONTEXT
OFF,0,1011,continue_partial_count,48658.0,48658.0,0.0,FROZEN_PRODUCTION_CONTEXT
OFF,0,1012,continue_partial_count,51711.0,51711.0,0.0,FROZEN_PRODUCTION_CONTEXT
OFF,0,1013,continue_partial_count,43831.0,43831.0,0.0,FROZEN_PRODUCTION_CONTEXT
OFF,0,1014,continue_partial_count,46669.0,46669.0,0.0,FROZEN_PRODUCTION_CONTEXT
OFF,0,1015,continue_partial_count,42979.0,42979.0,0.0,FROZEN_PRODUCTION_CONTEXT
OFF,0,1016,continue_partial_count,43500.0,43500.0,0.0,FROZEN_PRODUCTION_CONTEXT
OFF,0,1017,continue_partial_count,40619.0,40619.0,0.0,FROZEN_PRODUCTION_CONTEXT
OFF,0,1018,continue_partial_count,49112.0,49112.0,0.0,FROZEN_PRODUCTION_CONTEXT
OFF,0,1019,continue_partial_count,46012.0,46012.0,0.0,FROZEN_PRODUCTION_CONTEXT
OFF,0,1020,continue_partial_count,53258.0,53258.0,0.0,FROZEN_PRODUCTION_CONTEXT
OFF,0,1021,continue_partial_count,40624.0,40624.0,0.0,FROZEN_PRODUCTION_CONTEXT
OFF,0,1022,continue_partial_count,50501.0,50501.0,0.0,FROZEN_PRODUCTION_CONTEXT
OFF,0,1023,continue_partial_count,46659.0,46659.0,0.0,FROZEN_PRODUCTION_CONTEXT
OFF,0,1024,continue_partial_count,43501.0,43501.0,0.0,FROZEN_PRODUCTION_CONTEXT
OFF,0,1025,continue_partial_count,46455.0,46455.0,0.0,FROZEN_PRODUCTION_CONTEXT
OFF,0,1026,continue_partial_count,50769.0,50769.0,0.0,FROZEN_PRODUCTION_CONTEXT
OFF,0,1027,continue_partial_count,41219.0,41219.0,0.0,FROZEN_PRODUCTION_CONTEXT
OFF,0,1028,continue_partial_count,43939.0,43939.0,0.0,FROZEN_PRODUCTION_CONTEXT
OFF,0,1029,continue_partial_count,41322.0,41322.0,0.0,FROZEN_PRODUCTION_CONTEXT
OFF,0,1030,continue_partial_count,40283.0,40283.0,0.0,FROZEN_PRODUCTION_CONTEXT
OFF,0,1031,continue_partial_count,39579.0,39579.0,0.0,FROZEN_PRODUCTION_CONTEXT
OFF,0,1032,continue_partial_count,46454.0,46454.0,0.0,FROZEN_PRODUCTION_CONTEXT
OFF,0,1033,continue_partial_count,48035.0,48035.0,0.0,FROZEN_PRODUCTION_CONTEXT
OFF,0,1034,continue_partial_count,43676.0,43676.0,0.0,FROZEN_PRODUCTION_CONTEXT
OFF,0,1035,continue_partial_count,44958.0,44958.0,0.0,FROZEN_PRODUCTION_CONTEXT
OFF,0,1036,continue_partial_count,44185.0,44185.0,0.0,FROZEN_PRODUCTION_CONTEXT
OFF,0,1037,continue_partial_count,40708.0,40708.0,0.0,FROZEN_PRODUCTION_CONTEXT
OFF,0,1038,continue_partial_count,52495.0,52495.0,0.0,FROZEN_PRODUCTION_CONTEXT
OFF,0,1039,continue_partial_count,48762.0,48762.0,0.0,FROZEN_PRODUCTION_CONTEXT
OFF,0,1040,continue_partial_count,40263.0,40263.0,0.0,FROZEN_PRODUCTION_CONTEXT
OFF,0,1041,continue_partial_count,44003.0,44003.0,0.0,FROZEN_PRODUCTION_CONTEXT
OFF,0,1042,continue_partial_count,41022.0,41022.0,0.0,FROZEN_PRODUCTION_CONTEXT
OFF,0,1043,continue_partial_count,43208.0,43208.0,0.0,FROZEN_PRODUCTION_CONTEXT
OFF,0,1044,continue_partial_count,44614.0,44614.0,0.0,FROZEN_PRODUCTION_CONTEXT
OFF,0,1045,continue_partial_count,39250.0,39250.0,0.0,FROZEN_PRODUCTION_CONTEXT
OFF,0,1046,continue_partial_count,51695.0,51695.0,0.0,FROZEN_PRODUCTION_CONTEXT
OFF,0,1047,continue_partial_count,49213.0,49213.0,0.0,FROZEN_PRODUCTION_CONTEXT
OFF,0,1048,continue_partial_count,46591.0,46591.0,0.0,FROZEN_PRODUCTION_CONTEXT
OFF,0,1049,continue_partial_count,45800.0,45800.0,0.0,FROZEN_PRODUCTION_CONTEXT
OFF,0,1050,continue_partial_count,43682.0,43682.0,0.0,FROZEN_PRODUCTION_CONTEXT
OFF,0,1051,continue_partial_count,45504.0,45504.0,0.0,FROZEN_PRODUCTION_CONTEXT
OFF,0,1052,continue_partial_count,48994.0,48994.0,0.0,FROZEN_PRODUCTION_CONTEXT
OFF,0,1053,continue_partial_count,45383.0,45383.0,0.0,FROZEN_PRODUCTION_CONTEXT
OFF,0,1054,continue_partial_count,42793.0,42793.0,0.0,FROZEN_PRODUCTION_CONTEXT
OFF,0,1055,continue_partial_count,48909.0,48909.0,0.0,FROZEN_PRODUCTION_CONTEXT
OFF,0,1056,continue_partial_count,43036.0,43036.0,0.0,FROZEN_PRODUCTION_CONTEXT
OFF,0,1057,continue_partial_count,48776.0,48776.0,0.0,FROZEN_PRODUCTION_CONTEXT
OFF,0,1058,continue_partial_count,50020.0,50020.0,0.0,FROZEN_PRODUCTION_CONTEXT
OFF,0,1059,continue_partial_count,43982.0,43982.0,0.0,FROZEN_PRODUCTION_CONTEXT
OFF,0,1060,continue_partial_count,39886.0,39886.0,0.0,FROZEN_PRODUCTION_CONTEXT
OFF,0,1061,continue_partial_count,53672.0,53672.0,0.0,FROZEN_PRODUCTION_CONTEXT
OFF,0,1062,continue_partial_count,48996.0,48996.0,0.0,FROZEN_PRODUCTION_CONTEXT
OFF,0,1063,continue_partial_count,49673.0,49673.0,0.0,FROZEN_PRODUCTION_CONTEXT
OFF,0,1064,continue_partial_count,46556.0,46556.0,0.0,FROZEN_PRODUCTION_CONTEXT
OFF,0,1065,continue_partial_count,44447.0,44447.0,0.0,FROZEN_PRODUCTION_CONTEXT
OFF,0,1066,continue_partial_count,52568.0,52568.0,0.0,FROZEN_PRODUCTION_CONTEXT
OFF,0,1067,continue_partial_count,48450.0,48450.0,0.0,FROZEN_PRODUCTION_CONTEXT
OFF,0,1068,continue_partial_count,49684.0,49684.0,0.0,FROZEN_PRODUCTION_CONTEXT
OFF,0,1069,continue_partial_count,43038.0,43038.0,0.0,FROZEN_PRODUCTION_CONTEXT
OFF,0,1070,continue_partial_count,43471.0,43471.0,0.0,FROZEN_PRODUCTION_CONTEXT
OFF,0,1071,continue_partial_count,46654.0,46654.0,0.0,FROZEN_PRODUCTION_CONTEXT
OFF,0,1072,continue_partial_count,45102.0,45102.0,0.0,FROZEN_PRODUCTION_CONTEXT
OFF,0,1073,continue_partial_count,44464.0,44464.0,0.0,FROZEN_PRODUCTION_CONTEXT
OFF,0,1074,continue_partial_count,47083.0,47083.0,0.0,FROZEN_PRODUCTION_CONTEXT
OFF,0,1075,continue_partial_count,46067.0,46067.0,0.0,FROZEN_PRODUCTION_CONTEXT
OFF,0,1076,continue_partial_count,50079.0,50079.0,0.0,FROZEN_PRODUCTION_CONTEXT
OFF,0,1077,continue_partial_count,47596.0,47596.0,0.0,FROZEN_PRODUCTION_CONTEXT
OFF,0,1078,continue_partial_count,45643.0,45643.0,0.0,FROZEN_PRODUCTION_CONTEXT
OFF,0,1079,continue_partial_count,46005.0,46005.0,0.0,FROZEN_PRODUCTION_CONTEXT
OFF,0,1080,continue_partial_count,43122.0,43122.0,0.0,FROZEN_PRODUCTION_CONTEXT
OFF,0,1081,continue_partial_count,40728.0,40728.0,0.0,FROZEN_PRODUCTION_CONTEXT
OFF,0,1082,continue_partial_count,47552.0,47552.0,0.0,FROZEN_PRODUCTION_CONTEXT
OFF,0,1083,continue_partial_count,43404.0,43404.0,0.0,FROZEN_PRODUCTION_CONTEXT
OFF,0,1084,continue_partial_count,50572.0,50572.0,0.0,FROZEN_PRODUCTION_CONTEXT
OFF,0,1085,continue_partial_count,50027.0,50027.0,0.0,FROZEN_PRODUCTION_CONTEXT
OFF,0,1086,continue_partial_count,45796.0,45796.0,0.0,FROZEN_PRODUCTION_CONTEXT
OFF,0,1087,continue_partial_count,43871.0,43871.0,0.0,FROZEN_PRODUCTION_CONTEXT
OFF,0,1088,continue_partial_count,43963.0,43963.0,0.0,FROZEN_PRODUCTION_CONTEXT
OFF,0,1001,bg_pdr,0.0,0.0,0.0,FROZEN_PRODUCTION_CONTEXT
OFF,0,1002,bg_pdr,0.0,0.0,0.0,FROZEN_PRODUCTION_CONTEXT
OFF,0,1003,bg_pdr,0.0,0.0,0.0,FROZEN_PRODUCTION_CONTEXT
OFF,0,1004,bg_pdr,0.0,0.0,0.0,FROZEN_PRODUCTION_CONTEXT
OFF,0,1005,bg_pdr,0.0,0.0,0.0,FROZEN_PRODUCTION_CONTEXT
OFF,0,1006,bg_pdr,0.0,0.0,0.0,FROZEN_PRODUCTION_CONTEXT
OFF,0,1007,bg_pdr,0.0,0.0,0.0,FROZEN_PRODUCTION_CONTEXT
OFF,0,1008,bg_pdr,0.0,0.0,0.0,FROZEN_PRODUCTION_CONTEXT
OFF,0,1009,bg_pdr,0.0,0.0,0.0,FROZEN_PRODUCTION_CONTEXT
OFF,0,1010,bg_pdr,0.0,0.0,0.0,FROZEN_PRODUCTION_CONTEXT
OFF,0,1011,bg_pdr,0.0,0.0,0.0,FROZEN_PRODUCTION_CONTEXT
OFF,0,1012,bg_pdr,0.0,0.0,0.0,FROZEN_PRODUCTION_CONTEXT
OFF,0,1013,bg_pdr,0.0,0.0,0.0,FROZEN_PRODUCTION_CONTEXT
OFF,0,1014,bg_pdr,0.0,0.0,0.0,FROZEN_PRODUCTION_CONTEXT
OFF,0,1015,bg_pdr,0.0,0.0,0.0,FROZEN_PRODUCTION_CONTEXT
OFF,0,1016,bg_pdr,0.0,0.0,0.0,FROZEN_PRODUCTION_CONTEXT
OFF,0,1017,bg_pdr,0.0,0.0,0.0,FROZEN_PRODUCTION_CONTEXT
OFF,0,1018,bg_pdr,0.0,0.0,0.0,FROZEN_PRODUCTION_CONTEXT
OFF,0,1019,bg_pdr,0.0,0.0,0.0,FROZEN_PRODUCTION_CONTEXT
OFF,0,1020,bg_pdr,0.0,0.0,0.0,FROZEN_PRODUCTION_CONTEXT
OFF,0,1021,bg_pdr,0.0,0.0,0.0,FROZEN_PRODUCTION_CONTEXT
OFF,0,1022,bg_pdr,0.0,0.0,0.0,FROZEN_PRODUCTION_CONTEXT
OFF,0,1023,bg_pdr,0.0,0.0,0.0,FROZEN_PRODUCTION_CONTEXT
OFF,0,1024,bg_pdr,0.0,0.0,0.0,FROZEN_PRODUCTION_CONTEXT
OFF,0,1025,bg_pdr,0.0,0.0,0.0,FROZEN_PRODUCTION_CONTEXT
OFF,0,1026,bg_pdr,0.0,0.0,0.0,FROZEN_PRODUCTION_CONTEXT
OFF,0,1027,bg_pdr,0.0,0.0,0.0,FROZEN_PRODUCTION_CONTEXT
OFF,0,1028,bg_pdr,0.0,0.0,0.0,FROZEN_PRODUCTION_CONTEXT
OFF,0,1029,bg_pdr,0.0,0.0,0.0,FROZEN_PRODUCTION_CONTEXT
OFF,0,1030,bg_pdr,0.0,0.0,0.0,FROZEN_PRODUCTION_CONTEXT
OFF,0,1031,bg_pdr,0.0,0.0,0.0,FROZEN_PRODUCTION_CONTEXT
OFF,0,1032,bg_pdr,0.0,0.0,0.0,FROZEN_PRODUCTION_CONTEXT
OFF,0,1033,bg_pdr,0.0,0.0,0.0,FROZEN_PRODUCTION_CONTEXT
OFF,0,1034,bg_pdr,0.0,0.0,0.0,FROZEN_PRODUCTION_CONTEXT
OFF,0,1035,bg_pdr,0.0,0.0,0.0,FROZEN_PRODUCTION_CONTEXT
OFF,0,1036,bg_pdr,0.0,0.0,0.0,FROZEN_PRODUCTION_CONTEXT
OFF,0,1037,bg_pdr,0.0,0.0,0.0,FROZEN_PRODUCTION_CONTEXT
OFF,0,1038,bg_pdr,0.0,0.0,0.0,FROZEN_PRODUCTION_CONTEXT
OFF,0,1039,bg_pdr,0.0,0.0,0.0,FROZEN_PRODUCTION_CONTEXT
OFF,0,1040,bg_pdr,0.0,0.0,0.0,FROZEN_PRODUCTION_CONTEXT
OFF,0,1041,bg_pdr,0.0,0.0,0.0,FROZEN_PRODUCTION_CONTEXT
OFF,0,1042,bg_pdr,0.0,0.0,0.0,FROZEN_PRODUCTION_CONTEXT
OFF,0,1043,bg_pdr,0.0,0.0,0.0,FROZEN_PRODUCTION_CONTEXT
OFF,0,1044,bg_pdr,0.0,0.0,0.0,FROZEN_PRODUCTION_CONTEXT
OFF,0,1045,bg_pdr,0.0,0.0,0.0,FROZEN_PRODUCTION_CONTEXT
OFF,0,1046,bg_pdr,0.0,0.0,0.0,FROZEN_PRODUCTION_CONTEXT
OFF,0,1047,bg_pdr,0.0,0.0,0.0,FROZEN_PRODUCTION_CONTEXT
OFF,0,1048,bg_pdr,0.0,0.0,0.0,FROZEN_PRODUCTION_CONTEXT
OFF,0,1049,bg_pdr,0.0,0.0,0.0,FROZEN_PRODUCTION_CONTEXT
OFF,0,1050,bg_pdr,0.0,0.0,0.0,FROZEN_PRODUCTION_CONTEXT
OFF,0,1051,bg_pdr,0.0,0.0,0.0,FROZEN_PRODUCTION_CONTEXT
OFF,0,1052,bg_pdr,0.0,0.0,0.0,FROZEN_PRODUCTION_CONTEXT
OFF,0,1053,bg_pdr,0.0,0.0,0.0,FROZEN_PRODUCTION_CONTEXT
OFF,0,1054,bg_pdr,0.0,0.0,0.0,FROZEN_PRODUCTION_CONTEXT
OFF,0,1055,bg_pdr,0.0,0.0,0.0,FROZEN_PRODUCTION_CONTEXT
OFF,0,1056,bg_pdr,0.0,0.0,0.0,FROZEN_PRODUCTION_CONTEXT
OFF,0,1057,bg_pdr,0.0,0.0,0.0,FROZEN_PRODUCTION_CONTEXT
OFF,0,1058,bg_pdr,0.0,0.0,0.0,FROZEN_PRODUCTION_CONTEXT
OFF,0,1059,bg_pdr,0.0,0.0,0.0,FROZEN_PRODUCTION_CONTEXT
OFF,0,1060,bg_pdr,0.0,0.0,0.0,FROZEN_PRODUCTION_CONTEXT
OFF,0,1061,bg_pdr,0.0,0.0,0.0,FROZEN_PRODUCTION_CONTEXT
OFF,0,1062,bg_pdr,0.0,0.0,0.0,FROZEN_PRODUCTION_CONTEXT
OFF,0,1063,bg_pdr,0.0,0.0,0.0,FROZEN_PRODUCTION_CONTEXT
OFF,0,1064,bg_pdr,0.0,0.0,0.0,FROZEN_PRODUCTION_CONTEXT
OFF,0,1065,bg_pdr,0.0,0.0,0.0,FROZEN_PRODUCTION_CONTEXT
OFF,0,1066,bg_pdr,0.0,0.0,0.0,FROZEN_PRODUCTION_CONTEXT
OFF,0,1067,bg_pdr,0.0,0.0,0.0,FROZEN_PRODUCTION_CONTEXT
OFF,0,1068,bg_pdr,0.0,0.0,0.0,FROZEN_PRODUCTION_CONTEXT
OFF,0,1069,bg_pdr,0.0,0.0,0.0,FROZEN_PRODUCTION_CONTEXT
OFF,0,1070,bg_pdr,0.0,0.0,0.0,FROZEN_PRODUCTION_CONTEXT
OFF,0,1071,bg_pdr,0.0,0.0,0.0,FROZEN_PRODUCTION_CONTEXT
OFF,0,1072,bg_pdr,0.0,0.0,0.0,FROZEN_PRODUCTION_CONTEXT
OFF,0,1073,bg_pdr,0.0,0.0,0.0,FROZEN_PRODUCTION_CONTEXT
OFF,0,1074,bg_pdr,0.0,0.0,0.0,FROZEN_PRODUCTION_CONTEXT
OFF,0,1075,bg_pdr,0.0,0.0,0.0,FROZEN_PRODUCTION_CONTEXT
OFF,0,1076,bg_pdr,0.0,0.0,0.0,FROZEN_PRODUCTION_CONTEXT
OFF,0,1077,bg_pdr,0.0,0.0,0.0,FROZEN_PRODUCTION_CONTEXT
OFF,0,1078,bg_pdr,0.0,0.0,0.0,FROZEN_PRODUCTION_CONTEXT
OFF,0,1079,bg_pdr,0.0,0.0,0.0,FROZEN_PRODUCTION_CONTEXT
OFF,0,1080,bg_pdr,0.0,0.0,0.0,FROZEN_PRODUCTION_CONTEXT
OFF,0,1081,bg_pdr,0.0,0.0,0.0,FROZEN_PRODUCTION_CONTEXT
OFF,0,1082,bg_pdr,0.0,0.0,0.0,FROZEN_PRODUCTION_CONTEXT
OFF,0,1083,bg_pdr,0.0,0.0,0.0,FROZEN_PRODUCTION_CONTEXT
OFF,0,1084,bg_pdr,0.0,0.0,0.0,FROZEN_PRODUCTION_CONTEXT
OFF,0,1085,bg_pdr,0.0,0.0,0.0,FROZEN_PRODUCTION_CONTEXT
OFF,0,1086,bg_pdr,0.0,0.0,0.0,FROZEN_PRODUCTION_CONTEXT
OFF,0,1087,bg_pdr,0.0,0.0,0.0,FROZEN_PRODUCTION_CONTEXT
OFF,0,1088,bg_pdr,0.0,0.0,0.0,FROZEN_PRODUCTION_CONTEXT
OFF,0,1001,bg_mean_delay_ms,0.0,0.0,0.0,FROZEN_PRODUCTION_CONTEXT
OFF,0,1002,bg_mean_delay_ms,0.0,0.0,0.0,FROZEN_PRODUCTION_CONTEXT
OFF,0,1003,bg_mean_delay_ms,0.0,0.0,0.0,FROZEN_PRODUCTION_CONTEXT
OFF,0,1004,bg_mean_delay_ms,0.0,0.0,0.0,FROZEN_PRODUCTION_CONTEXT
OFF,0,1005,bg_mean_delay_ms,0.0,0.0,0.0,FROZEN_PRODUCTION_CONTEXT
OFF,0,1006,bg_mean_delay_ms,0.0,0.0,0.0,FROZEN_PRODUCTION_CONTEXT
OFF,0,1007,bg_mean_delay_ms,0.0,0.0,0.0,FROZEN_PRODUCTION_CONTEXT
OFF,0,1008,bg_mean_delay_ms,0.0,0.0,0.0,FROZEN_PRODUCTION_CONTEXT
OFF,0,1009,bg_mean_delay_ms,0.0,0.0,0.0,FROZEN_PRODUCTION_CONTEXT
OFF,0,1010,bg_mean_delay_ms,0.0,0.0,0.0,FROZEN_PRODUCTION_CONTEXT
OFF,0,1011,bg_mean_delay_ms,0.0,0.0,0.0,FROZEN_PRODUCTION_CONTEXT
OFF,0,1012,bg_mean_delay_ms,0.0,0.0,0.0,FROZEN_PRODUCTION_CONTEXT
OFF,0,1013,bg_mean_delay_ms,0.0,0.0,0.0,FROZEN_PRODUCTION_CONTEXT
OFF,0,1014,bg_mean_delay_ms,0.0,0.0,0.0,FROZEN_PRODUCTION_CONTEXT
OFF,0,1015,bg_mean_delay_ms,0.0,0.0,0.0,FROZEN_PRODUCTION_CONTEXT
OFF,0,1016,bg_mean_delay_ms,0.0,0.0,0.0,FROZEN_PRODUCTION_CONTEXT
OFF,0,1017,bg_mean_delay_ms,0.0,0.0,0.0,FROZEN_PRODUCTION_CONTEXT
OFF,0,1018,bg_mean_delay_ms,0.0,0.0,0.0,FROZEN_PRODUCTION_CONTEXT
OFF,0,1019,bg_mean_delay_ms,0.0,0.0,0.0,FROZEN_PRODUCTION_CONTEXT
OFF,0,1020,bg_mean_delay_ms,0.0,0.0,0.0,FROZEN_PRODUCTION_CONTEXT
OFF,0,1021,bg_mean_delay_ms,0.0,0.0,0.0,FROZEN_PRODUCTION_CONTEXT
OFF,0,1022,bg_mean_delay_ms,0.0,0.0,0.0,FROZEN_PRODUCTION_CONTEXT
OFF,0,1023,bg_mean_delay_ms,0.0,0.0,0.0,FROZEN_PRODUCTION_CONTEXT
OFF,0,1024,bg_mean_delay_ms,0.0,0.0,0.0,FROZEN_PRODUCTION_CONTEXT
OFF,0,1025,bg_mean_delay_ms,0.0,0.0,0.0,FROZEN_PRODUCTION_CONTEXT
OFF,0,1026,bg_mean_delay_ms,0.0,0.0,0.0,FROZEN_PRODUCTION_CONTEXT
OFF,0,1027,bg_mean_delay_ms,0.0,0.0,0.0,FROZEN_PRODUCTION_CONTEXT
OFF,0,1028,bg_mean_delay_ms,0.0,0.0,0.0,FROZEN_PRODUCTION_CONTEXT
OFF,0,1029,bg_mean_delay_ms,0.0,0.0,0.0,FROZEN_PRODUCTION_CONTEXT
OFF,0,1030,bg_mean_delay_ms,0.0,0.0,0.0,FROZEN_PRODUCTION_CONTEXT
OFF,0,1031,bg_mean_delay_ms,0.0,0.0,0.0,FROZEN_PRODUCTION_CONTEXT
OFF,0,1032,bg_mean_delay_ms,0.0,0.0,0.0,FROZEN_PRODUCTION_CONTEXT
OFF,0,1033,bg_mean_delay_ms,0.0,0.0,0.0,FROZEN_PRODUCTION_CONTEXT
OFF,0,1034,bg_mean_delay_ms,0.0,0.0,0.0,FROZEN_PRODUCTION_CONTEXT
OFF,0,1035,bg_mean_delay_ms,0.0,0.0,0.0,FROZEN_PRODUCTION_CONTEXT
OFF,0,1036,bg_mean_delay_ms,0.0,0.0,0.0,FROZEN_PRODUCTION_CONTEXT
OFF,0,1037,bg_mean_delay_ms,0.0,0.0,0.0,FROZEN_PRODUCTION_CONTEXT
OFF,0,1038,bg_mean_delay_ms,0.0,0.0,0.0,FROZEN_PRODUCTION_CONTEXT
OFF,0,1039,bg_mean_delay_ms,0.0,0.0,0.0,FROZEN_PRODUCTION_CONTEXT
OFF,0,1040,bg_mean_delay_ms,0.0,0.0,0.0,FROZEN_PRODUCTION_CONTEXT
OFF,0,1041,bg_mean_delay_ms,0.0,0.0,0.0,FROZEN_PRODUCTION_CONTEXT
OFF,0,1042,bg_mean_delay_ms,0.0,0.0,0.0,FROZEN_PRODUCTION_CONTEXT
OFF,0,1043,bg_mean_delay_ms,0.0,0.0,0.0,FROZEN_PRODUCTION_CONTEXT
OFF,0,1044,bg_mean_delay_ms,0.0,0.0,0.0,FROZEN_PRODUCTION_CONTEXT
OFF,0,1045,bg_mean_delay_ms,0.0,0.0,0.0,FROZEN_PRODUCTION_CONTEXT
OFF,0,1046,bg_mean_delay_ms,0.0,0.0,0.0,FROZEN_PRODUCTION_CONTEXT
OFF,0,1047,bg_mean_delay_ms,0.0,0.0,0.0,FROZEN_PRODUCTION_CONTEXT
OFF,0,1048,bg_mean_delay_ms,0.0,0.0,0.0,FROZEN_PRODUCTION_CONTEXT
OFF,0,1049,bg_mean_delay_ms,0.0,0.0,0.0,FROZEN_PRODUCTION_CONTEXT
OFF,0,1050,bg_mean_delay_ms,0.0,0.0,0.0,FROZEN_PRODUCTION_CONTEXT
OFF,0,1051,bg_mean_delay_ms,0.0,0.0,0.0,FROZEN_PRODUCTION_CONTEXT
OFF,0,1052,bg_mean_delay_ms,0.0,0.0,0.0,FROZEN_PRODUCTION_CONTEXT
OFF,0,1053,bg_mean_delay_ms,0.0,0.0,0.0,FROZEN_PRODUCTION_CONTEXT
OFF,0,1054,bg_mean_delay_ms,0.0,0.0,0.0,FROZEN_PRODUCTION_CONTEXT
OFF,0,1055,bg_mean_delay_ms,0.0,0.0,0.0,FROZEN_PRODUCTION_CONTEXT
OFF,0,1056,bg_mean_delay_ms,0.0,0.0,0.0,FROZEN_PRODUCTION_CONTEXT
OFF,0,1057,bg_mean_delay_ms,0.0,0.0,0.0,FROZEN_PRODUCTION_CONTEXT
OFF,0,1058,bg_mean_delay_ms,0.0,0.0,0.0,FROZEN_PRODUCTION_CONTEXT
OFF,0,1059,bg_mean_delay_ms,0.0,0.0,0.0,FROZEN_PRODUCTION_CONTEXT
OFF,0,1060,bg_mean_delay_ms,0.0,0.0,0.0,FROZEN_PRODUCTION_CONTEXT
OFF,0,1061,bg_mean_delay_ms,0.0,0.0,0.0,FROZEN_PRODUCTION_CONTEXT
OFF,0,1062,bg_mean_delay_ms,0.0,0.0,0.0,FROZEN_PRODUCTION_CONTEXT
OFF,0,1063,bg_mean_delay_ms,0.0,0.0,0.0,FROZEN_PRODUCTION_CONTEXT
OFF,0,1064,bg_mean_delay_ms,0.0,0.0,0.0,FROZEN_PRODUCTION_CONTEXT
OFF,0,1065,bg_mean_delay_ms,0.0,0.0,0.0,FROZEN_PRODUCTION_CONTEXT
OFF,0,1066,bg_mean_delay_ms,0.0,0.0,0.0,FROZEN_PRODUCTION_CONTEXT
OFF,0,1067,bg_mean_delay_ms,0.0,0.0,0.0,FROZEN_PRODUCTION_CONTEXT
OFF,0,1068,bg_mean_delay_ms,0.0,0.0,0.0,FROZEN_PRODUCTION_CONTEXT
OFF,0,1069,bg_mean_delay_ms,0.0,0.0,0.0,FROZEN_PRODUCTION_CONTEXT
OFF,0,1070,bg_mean_delay_ms,0.0,0.0,0.0,FROZEN_PRODUCTION_CONTEXT
OFF,0,1071,bg_mean_delay_ms,0.0,0.0,0.0,FROZEN_PRODUCTION_CONTEXT
OFF,0,1072,bg_mean_delay_ms,0.0,0.0,0.0,FROZEN_PRODUCTION_CONTEXT
OFF,0,1073,bg_mean_delay_ms,0.0,0.0,0.0,FROZEN_PRODUCTION_CONTEXT
OFF,0,1074,bg_mean_delay_ms,0.0,0.0,0.0,FROZEN_PRODUCTION_CONTEXT
OFF,0,1075,bg_mean_delay_ms,0.0,0.0,0.0,FROZEN_PRODUCTION_CONTEXT
OFF,0,1076,bg_mean_delay_ms,0.0,0.0,0.0,FROZEN_PRODUCTION_CONTEXT
OFF,0,1077,bg_mean_delay_ms,0.0,0.0,0.0,FROZEN_PRODUCTION_CONTEXT
OFF,0,1078,bg_mean_delay_ms,0.0,0.0,0.0,FROZEN_PRODUCTION_CONTEXT
OFF,0,1079,bg_mean_delay_ms,0.0,0.0,0.0,FROZEN_PRODUCTION_CONTEXT
OFF,0,1080,bg_mean_delay_ms,0.0,0.0,0.0,FROZEN_PRODUCTION_CONTEXT
OFF,0,1081,bg_mean_delay_ms,0.0,0.0,0.0,FROZEN_PRODUCTION_CONTEXT
OFF,0,1082,bg_mean_delay_ms,0.0,0.0,0.0,FROZEN_PRODUCTION_CONTEXT
OFF,0,1083,bg_mean_delay_ms,0.0,0.0,0.0,FROZEN_PRODUCTION_CONTEXT
OFF,0,1084,bg_mean_delay_ms,0.0,0.0,0.0,FROZEN_PRODUCTION_CONTEXT
OFF,0,1085,bg_mean_delay_ms,0.0,0.0,0.0,FROZEN_PRODUCTION_CONTEXT
OFF,0,1086,bg_mean_delay_ms,0.0,0.0,0.0,FROZEN_PRODUCTION_CONTEXT
OFF,0,1087,bg_mean_delay_ms,0.0,0.0,0.0,FROZEN_PRODUCTION_CONTEXT
OFF,0,1088,bg_mean_delay_ms,0.0,0.0,0.0,FROZEN_PRODUCTION_CONTEXT
OFF,0,1001,bg_p95_delay_ms,0.0,0.0,0.0,FROZEN_PRODUCTION_CONTEXT
OFF,0,1002,bg_p95_delay_ms,0.0,0.0,0.0,FROZEN_PRODUCTION_CONTEXT
OFF,0,1003,bg_p95_delay_ms,0.0,0.0,0.0,FROZEN_PRODUCTION_CONTEXT
OFF,0,1004,bg_p95_delay_ms,0.0,0.0,0.0,FROZEN_PRODUCTION_CONTEXT
OFF,0,1005,bg_p95_delay_ms,0.0,0.0,0.0,FROZEN_PRODUCTION_CONTEXT
OFF,0,1006,bg_p95_delay_ms,0.0,0.0,0.0,FROZEN_PRODUCTION_CONTEXT
OFF,0,1007,bg_p95_delay_ms,0.0,0.0,0.0,FROZEN_PRODUCTION_CONTEXT
OFF,0,1008,bg_p95_delay_ms,0.0,0.0,0.0,FROZEN_PRODUCTION_CONTEXT
OFF,0,1009,bg_p95_delay_ms,0.0,0.0,0.0,FROZEN_PRODUCTION_CONTEXT
OFF,0,1010,bg_p95_delay_ms,0.0,0.0,0.0,FROZEN_PRODUCTION_CONTEXT
OFF,0,1011,bg_p95_delay_ms,0.0,0.0,0.0,FROZEN_PRODUCTION_CONTEXT
OFF,0,1012,bg_p95_delay_ms,0.0,0.0,0.0,FROZEN_PRODUCTION_CONTEXT
OFF,0,1013,bg_p95_delay_ms,0.0,0.0,0.0,FROZEN_PRODUCTION_CONTEXT
OFF,0,1014,bg_p95_delay_ms,0.0,0.0,0.0,FROZEN_PRODUCTION_CONTEXT
OFF,0,1015,bg_p95_delay_ms,0.0,0.0,0.0,FROZEN_PRODUCTION_CONTEXT
OFF,0,1016,bg_p95_delay_ms,0.0,0.0,0.0,FROZEN_PRODUCTION_CONTEXT
OFF,0,1017,bg_p95_delay_ms,0.0,0.0,0.0,FROZEN_PRODUCTION_CONTEXT
OFF,0,1018,bg_p95_delay_ms,0.0,0.0,0.0,FROZEN_PRODUCTION_CONTEXT
OFF,0,1019,bg_p95_delay_ms,0.0,0.0,0.0,FROZEN_PRODUCTION_CONTEXT
OFF,0,1020,bg_p95_delay_ms,0.0,0.0,0.0,FROZEN_PRODUCTION_CONTEXT
OFF,0,1021,bg_p95_delay_ms,0.0,0.0,0.0,FROZEN_PRODUCTION_CONTEXT
OFF,0,1022,bg_p95_delay_ms,0.0,0.0,0.0,FROZEN_PRODUCTION_CONTEXT
OFF,0,1023,bg_p95_delay_ms,0.0,0.0,0.0,FROZEN_PRODUCTION_CONTEXT
OFF,0,1024,bg_p95_delay_ms,0.0,0.0,0.0,FROZEN_PRODUCTION_CONTEXT
OFF,0,1025,bg_p95_delay_ms,0.0,0.0,0.0,FROZEN_PRODUCTION_CONTEXT
OFF,0,1026,bg_p95_delay_ms,0.0,0.0,0.0,FROZEN_PRODUCTION_CONTEXT
OFF,0,1027,bg_p95_delay_ms,0.0,0.0,0.0,FROZEN_PRODUCTION_CONTEXT
OFF,0,1028,bg_p95_delay_ms,0.0,0.0,0.0,FROZEN_PRODUCTION_CONTEXT
OFF,0,1029,bg_p95_delay_ms,0.0,0.0,0.0,FROZEN_PRODUCTION_CONTEXT
OFF,0,1030,bg_p95_delay_ms,0.0,0.0,0.0,FROZEN_PRODUCTION_CONTEXT
OFF,0,1031,bg_p95_delay_ms,0.0,0.0,0.0,FROZEN_PRODUCTION_CONTEXT
OFF,0,1032,bg_p95_delay_ms,0.0,0.0,0.0,FROZEN_PRODUCTION_CONTEXT
OFF,0,1033,bg_p95_delay_ms,0.0,0.0,0.0,FROZEN_PRODUCTION_CONTEXT
OFF,0,1034,bg_p95_delay_ms,0.0,0.0,0.0,FROZEN_PRODUCTION_CONTEXT
OFF,0,1035,bg_p95_delay_ms,0.0,0.0,0.0,FROZEN_PRODUCTION_CONTEXT
OFF,0,1036,bg_p95_delay_ms,0.0,0.0,0.0,FROZEN_PRODUCTION_CONTEXT
OFF,0,1037,bg_p95_delay_ms,0.0,0.0,0.0,FROZEN_PRODUCTION_CONTEXT
OFF,0,1038,bg_p95_delay_ms,0.0,0.0,0.0,FROZEN_PRODUCTION_CONTEXT
OFF,0,1039,bg_p95_delay_ms,0.0,0.0,0.0,FROZEN_PRODUCTION_CONTEXT
OFF,0,1040,bg_p95_delay_ms,0.0,0.0,0.0,FROZEN_PRODUCTION_CONTEXT
OFF,0,1041,bg_p95_delay_ms,0.0,0.0,0.0,FROZEN_PRODUCTION_CONTEXT
OFF,0,1042,bg_p95_delay_ms,0.0,0.0,0.0,FROZEN_PRODUCTION_CONTEXT
OFF,0,1043,bg_p95_delay_ms,0.0,0.0,0.0,FROZEN_PRODUCTION_CONTEXT
OFF,0,1044,bg_p95_delay_ms,0.0,0.0,0.0,FROZEN_PRODUCTION_CONTEXT
OFF,0,1045,bg_p95_delay_ms,0.0,0.0,0.0,FROZEN_PRODUCTION_CONTEXT
OFF,0,1046,bg_p95_delay_ms,0.0,0.0,0.0,FROZEN_PRODUCTION_CONTEXT
OFF,0,1047,bg_p95_delay_ms,0.0,0.0,0.0,FROZEN_PRODUCTION_CONTEXT
OFF,0,1048,bg_p95_delay_ms,0.0,0.0,0.0,FROZEN_PRODUCTION_CONTEXT
OFF,0,1049,bg_p95_delay_ms,0.0,0.0,0.0,FROZEN_PRODUCTION_CONTEXT
OFF,0,1050,bg_p95_delay_ms,0.0,0.0,0.0,FROZEN_PRODUCTION_CONTEXT
OFF,0,1051,bg_p95_delay_ms,0.0,0.0,0.0,FROZEN_PRODUCTION_CONTEXT
OFF,0,1052,bg_p95_delay_ms,0.0,0.0,0.0,FROZEN_PRODUCTION_CONTEXT
OFF,0,1053,bg_p95_delay_ms,0.0,0.0,0.0,FROZEN_PRODUCTION_CONTEXT
OFF,0,1054,bg_p95_delay_ms,0.0,0.0,0.0,FROZEN_PRODUCTION_CONTEXT
OFF,0,1055,bg_p95_delay_ms,0.0,0.0,0.0,FROZEN_PRODUCTION_CONTEXT
OFF,0,1056,bg_p95_delay_ms,0.0,0.0,0.0,FROZEN_PRODUCTION_CONTEXT
OFF,0,1057,bg_p95_delay_ms,0.0,0.0,0.0,FROZEN_PRODUCTION_CONTEXT
OFF,0,1058,bg_p95_delay_ms,0.0,0.0,0.0,FROZEN_PRODUCTION_CONTEXT
OFF,0,1059,bg_p95_delay_ms,0.0,0.0,0.0,FROZEN_PRODUCTION_CONTEXT
OFF,0,1060,bg_p95_delay_ms,0.0,0.0,0.0,FROZEN_PRODUCTION_CONTEXT
OFF,0,1061,bg_p95_delay_ms,0.0,0.0,0.0,FROZEN_PRODUCTION_CONTEXT
OFF,0,1062,bg_p95_delay_ms,0.0,0.0,0.0,FROZEN_PRODUCTION_CONTEXT
OFF,0,1063,bg_p95_delay_ms,0.0,0.0,0.0,FROZEN_PRODUCTION_CONTEXT
OFF,0,1064,bg_p95_delay_ms,0.0,0.0,0.0,FROZEN_PRODUCTION_CONTEXT
OFF,0,1065,bg_p95_delay_ms,0.0,0.0,0.0,FROZEN_PRODUCTION_CONTEXT
OFF,0,1066,bg_p95_delay_ms,0.0,0.0,0.0,FROZEN_PRODUCTION_CONTEXT
OFF,0,1067,bg_p95_delay_ms,0.0,0.0,0.0,FROZEN_PRODUCTION_CONTEXT
OFF,0,1068,bg_p95_delay_ms,0.0,0.0,0.0,FROZEN_PRODUCTION_CONTEXT
OFF,0,1069,bg_p95_delay_ms,0.0,0.0,0.0,FROZEN_PRODUCTION_CONTEXT
OFF,0,1070,bg_p95_delay_ms,0.0,0.0,0.0,FROZEN_PRODUCTION_CONTEXT
OFF,0,1071,bg_p95_delay_ms,0.0,0.0,0.0,FROZEN_PRODUCTION_CONTEXT
OFF,0,1072,bg_p95_delay_ms,0.0,0.0,0.0,FROZEN_PRODUCTION_CONTEXT
OFF,0,1073,bg_p95_delay_ms,0.0,0.0,0.0,FROZEN_PRODUCTION_CONTEXT
OFF,0,1074,bg_p95_delay_ms,0.0,0.0,0.0,FROZEN_PRODUCTION_CONTEXT
OFF,0,1075,bg_p95_delay_ms,0.0,0.0,0.0,FROZEN_PRODUCTION_CONTEXT
OFF,0,1076,bg_p95_delay_ms,0.0,0.0,0.0,FROZEN_PRODUCTION_CONTEXT
OFF,0,1077,bg_p95_delay_ms,0.0,0.0,0.0,FROZEN_PRODUCTION_CONTEXT
OFF,0,1078,bg_p95_delay_ms,0.0,0.0,0.0,FROZEN_PRODUCTION_CONTEXT
OFF,0,1079,bg_p95_delay_ms,0.0,0.0,0.0,FROZEN_PRODUCTION_CONTEXT
OFF,0,1080,bg_p95_delay_ms,0.0,0.0,0.0,FROZEN_PRODUCTION_CONTEXT
OFF,0,1081,bg_p95_delay_ms,0.0,0.0,0.0,FROZEN_PRODUCTION_CONTEXT
OFF,0,1082,bg_p95_delay_ms,0.0,0.0,0.0,FROZEN_PRODUCTION_CONTEXT
OFF,0,1083,bg_p95_delay_ms,0.0,0.0,0.0,FROZEN_PRODUCTION_CONTEXT
OFF,0,1084,bg_p95_delay_ms,0.0,0.0,0.0,FROZEN_PRODUCTION_CONTEXT
OFF,0,1085,bg_p95_delay_ms,0.0,0.0,0.0,FROZEN_PRODUCTION_CONTEXT
OFF,0,1086,bg_p95_delay_ms,0.0,0.0,0.0,FROZEN_PRODUCTION_CONTEXT
OFF,0,1087,bg_p95_delay_ms,0.0,0.0,0.0,FROZEN_PRODUCTION_CONTEXT
OFF,0,1088,bg_p95_delay_ms,0.0,0.0,0.0,FROZEN_PRODUCTION_CONTEXT
OFF,0,1001,bg_p99_delay_ms,nan,nan,nan,FROZEN_PRODUCTION_CONTEXT
OFF,0,1002,bg_p99_delay_ms,nan,nan,nan,FROZEN_PRODUCTION_CONTEXT
OFF,0,1003,bg_p99_delay_ms,nan,nan,nan,FROZEN_PRODUCTION_CONTEXT
OFF,0,1004,bg_p99_delay_ms,nan,nan,nan,FROZEN_PRODUCTION_CONTEXT
OFF,0,1005,bg_p99_delay_ms,nan,nan,nan,FROZEN_PRODUCTION_CONTEXT
OFF,0,1006,bg_p99_delay_ms,nan,nan,nan,FROZEN_PRODUCTION_CONTEXT
OFF,0,1007,bg_p99_delay_ms,nan,nan,nan,FROZEN_PRODUCTION_CONTEXT
OFF,0,1008,bg_p99_delay_ms,nan,nan,nan,FROZEN_PRODUCTION_CONTEXT
OFF,0,1009,bg_p99_delay_ms,nan,nan,nan,FROZEN_PRODUCTION_CONTEXT
OFF,0,1010,bg_p99_delay_ms,nan,nan,nan,FROZEN_PRODUCTION_CONTEXT
OFF,0,1011,bg_p99_delay_ms,nan,nan,nan,FROZEN_PRODUCTION_CONTEXT
OFF,0,1012,bg_p99_delay_ms,nan,nan,nan,FROZEN_PRODUCTION_CONTEXT
OFF,0,1013,bg_p99_delay_ms,nan,nan,nan,FROZEN_PRODUCTION_CONTEXT
OFF,0,1014,bg_p99_delay_ms,nan,nan,nan,FROZEN_PRODUCTION_CONTEXT
OFF,0,1015,bg_p99_delay_ms,nan,nan,nan,FROZEN_PRODUCTION_CONTEXT
OFF,0,1016,bg_p99_delay_ms,nan,nan,nan,FROZEN_PRODUCTION_CONTEXT
OFF,0,1017,bg_p99_delay_ms,nan,nan,nan,FROZEN_PRODUCTION_CONTEXT
OFF,0,1018,bg_p99_delay_ms,nan,nan,nan,FROZEN_PRODUCTION_CONTEXT
OFF,0,1019,bg_p99_delay_ms,nan,nan,nan,FROZEN_PRODUCTION_CONTEXT
OFF,0,1020,bg_p99_delay_ms,nan,nan,nan,FROZEN_PRODUCTION_CONTEXT
OFF,0,1021,bg_p99_delay_ms,nan,nan,nan,FROZEN_PRODUCTION_CONTEXT
OFF,0,1022,bg_p99_delay_ms,nan,nan,nan,FROZEN_PRODUCTION_CONTEXT
OFF,0,1023,bg_p99_delay_ms,nan,nan,nan,FROZEN_PRODUCTION_CONTEXT
OFF,0,1024,bg_p99_delay_ms,nan,nan,nan,FROZEN_PRODUCTION_CONTEXT
OFF,0,1025,bg_p99_delay_ms,nan,nan,nan,FROZEN_PRODUCTION_CONTEXT
OFF,0,1026,bg_p99_delay_ms,nan,nan,nan,FROZEN_PRODUCTION_CONTEXT
OFF,0,1027,bg_p99_delay_ms,nan,nan,nan,FROZEN_PRODUCTION_CONTEXT
OFF,0,1028,bg_p99_delay_ms,nan,nan,nan,FROZEN_PRODUCTION_CONTEXT
OFF,0,1029,bg_p99_delay_ms,nan,nan,nan,FROZEN_PRODUCTION_CONTEXT
OFF,0,1030,bg_p99_delay_ms,nan,nan,nan,FROZEN_PRODUCTION_CONTEXT
OFF,0,1031,bg_p99_delay_ms,nan,nan,nan,FROZEN_PRODUCTION_CONTEXT
OFF,0,1032,bg_p99_delay_ms,nan,nan,nan,FROZEN_PRODUCTION_CONTEXT
OFF,0,1033,bg_p99_delay_ms,nan,nan,nan,FROZEN_PRODUCTION_CONTEXT
OFF,0,1034,bg_p99_delay_ms,nan,nan,nan,FROZEN_PRODUCTION_CONTEXT
OFF,0,1035,bg_p99_delay_ms,nan,nan,nan,FROZEN_PRODUCTION_CONTEXT
OFF,0,1036,bg_p99_delay_ms,nan,nan,nan,FROZEN_PRODUCTION_CONTEXT
OFF,0,1037,bg_p99_delay_ms,nan,nan,nan,FROZEN_PRODUCTION_CONTEXT
OFF,0,1038,bg_p99_delay_ms,nan,nan,nan,FROZEN_PRODUCTION_CONTEXT
OFF,0,1039,bg_p99_delay_ms,nan,nan,nan,FROZEN_PRODUCTION_CONTEXT
OFF,0,1040,bg_p99_delay_ms,nan,nan,nan,FROZEN_PRODUCTION_CONTEXT
OFF,0,1041,bg_p99_delay_ms,nan,nan,nan,FROZEN_PRODUCTION_CONTEXT
OFF,0,1042,bg_p99_delay_ms,nan,nan,nan,FROZEN_PRODUCTION_CONTEXT
OFF,0,1043,bg_p99_delay_ms,nan,nan,nan,FROZEN_PRODUCTION_CONTEXT
OFF,0,1044,bg_p99_delay_ms,nan,nan,nan,FROZEN_PRODUCTION_CONTEXT
OFF,0,1045,bg_p99_delay_ms,nan,nan,nan,FROZEN_PRODUCTION_CONTEXT
OFF,0,1046,bg_p99_delay_ms,nan,nan,nan,FROZEN_PRODUCTION_CONTEXT
OFF,0,1047,bg_p99_delay_ms,nan,nan,nan,FROZEN_PRODUCTION_CONTEXT
OFF,0,1048,bg_p99_delay_ms,nan,nan,nan,FROZEN_PRODUCTION_CONTEXT
OFF,0,1049,bg_p99_delay_ms,nan,nan,nan,FROZEN_PRODUCTION_CONTEXT
OFF,0,1050,bg_p99_delay_ms,nan,nan,nan,FROZEN_PRODUCTION_CONTEXT
OFF,0,1051,bg_p99_delay_ms,nan,nan,nan,FROZEN_PRODUCTION_CONTEXT
OFF,0,1052,bg_p99_delay_ms,nan,nan,nan,FROZEN_PRODUCTION_CONTEXT
OFF,0,1053,bg_p99_delay_ms,nan,nan,nan,FROZEN_PRODUCTION_CONTEXT
OFF,0,1054,bg_p99_delay_ms,nan,nan,nan,FROZEN_PRODUCTION_CONTEXT
OFF,0,1055,bg_p99_delay_ms,nan,nan,nan,FROZEN_PRODUCTION_CONTEXT
OFF,0,1056,bg_p99_delay_ms,nan,nan,nan,FROZEN_PRODUCTION_CONTEXT
OFF,0,1057,bg_p99_delay_ms,nan,nan,nan,FROZEN_PRODUCTION_CONTEXT
OFF,0,1058,bg_p99_delay_ms,nan,nan,nan,FROZEN_PRODUCTION_CONTEXT
OFF,0,1059,bg_p99_delay_ms,nan,nan,nan,FROZEN_PRODUCTION_CONTEXT
OFF,0,1060,bg_p99_delay_ms,nan,nan,nan,FROZEN_PRODUCTION_CONTEXT
OFF,0,1061,bg_p99_delay_ms,nan,nan,nan,FROZEN_PRODUCTION_CONTEXT
OFF,0,1062,bg_p99_delay_ms,nan,nan,nan,FROZEN_PRODUCTION_CONTEXT
OFF,0,1063,bg_p99_delay_ms,nan,nan,nan,FROZEN_PRODUCTION_CONTEXT
OFF,0,1064,bg_p99_delay_ms,nan,nan,nan,FROZEN_PRODUCTION_CONTEXT
OFF,0,1065,bg_p99_delay_ms,nan,nan,nan,FROZEN_PRODUCTION_CONTEXT
OFF,0,1066,bg_p99_delay_ms,nan,nan,nan,FROZEN_PRODUCTION_CONTEXT
OFF,0,1067,bg_p99_delay_ms,nan,nan,nan,FROZEN_PRODUCTION_CONTEXT
OFF,0,1068,bg_p99_delay_ms,nan,nan,nan,FROZEN_PRODUCTION_CONTEXT
OFF,0,1069,bg_p99_delay_ms,nan,nan,nan,FROZEN_PRODUCTION_CONTEXT
OFF,0,1070,bg_p99_delay_ms,nan,nan,nan,FROZEN_PRODUCTION_CONTEXT
OFF,0,1071,bg_p99_delay_ms,nan,nan,nan,FROZEN_PRODUCTION_CONTEXT
OFF,0,1072,bg_p99_delay_ms,nan,nan,nan,FROZEN_PRODUCTION_CONTEXT
OFF,0,1073,bg_p99_delay_ms,nan,nan,nan,FROZEN_PRODUCTION_CONTEXT
OFF,0,1074,bg_p99_delay_ms,nan,nan,nan,FROZEN_PRODUCTION_CONTEXT
OFF,0,1075,bg_p99_delay_ms,nan,nan,nan,FROZEN_PRODUCTION_CONTEXT
OFF,0,1076,bg_p99_delay_ms,nan,nan,nan,FROZEN_PRODUCTION_CONTEXT
OFF,0,1077,bg_p99_delay_ms,nan,nan,nan,FROZEN_PRODUCTION_CONTEXT
OFF,0,1078,bg_p99_delay_ms,nan,nan,nan,FROZEN_PRODUCTION_CONTEXT
OFF,0,1079,bg_p99_delay_ms,nan,nan,nan,FROZEN_PRODUCTION_CONTEXT
OFF,0,1080,bg_p99_delay_ms,nan,nan,nan,FROZEN_PRODUCTION_CONTEXT
OFF,0,1081,bg_p99_delay_ms,nan,nan,nan,FROZEN_PRODUCTION_CONTEXT
OFF,0,1082,bg_p99_delay_ms,nan,nan,nan,FROZEN_PRODUCTION_CONTEXT
OFF,0,1083,bg_p99_delay_ms,nan,nan,nan,FROZEN_PRODUCTION_CONTEXT
OFF,0,1084,bg_p99_delay_ms,nan,nan,nan,FROZEN_PRODUCTION_CONTEXT
OFF,0,1085,bg_p99_delay_ms,nan,nan,nan,FROZEN_PRODUCTION_CONTEXT
OFF,0,1086,bg_p99_delay_ms,nan,nan,nan,FROZEN_PRODUCTION_CONTEXT
OFF,0,1087,bg_p99_delay_ms,nan,nan,nan,FROZEN_PRODUCTION_CONTEXT
OFF,0,1088,bg_p99_delay_ms,nan,nan,nan,FROZEN_PRODUCTION_CONTEXT
OFF,0,1001,bg_worst_ue_p95_ms,nan,nan,nan,FROZEN_PRODUCTION_CONTEXT
OFF,0,1002,bg_worst_ue_p95_ms,nan,nan,nan,FROZEN_PRODUCTION_CONTEXT
OFF,0,1003,bg_worst_ue_p95_ms,nan,nan,nan,FROZEN_PRODUCTION_CONTEXT
OFF,0,1004,bg_worst_ue_p95_ms,nan,nan,nan,FROZEN_PRODUCTION_CONTEXT
OFF,0,1005,bg_worst_ue_p95_ms,nan,nan,nan,FROZEN_PRODUCTION_CONTEXT
OFF,0,1006,bg_worst_ue_p95_ms,nan,nan,nan,FROZEN_PRODUCTION_CONTEXT
OFF,0,1007,bg_worst_ue_p95_ms,nan,nan,nan,FROZEN_PRODUCTION_CONTEXT
OFF,0,1008,bg_worst_ue_p95_ms,nan,nan,nan,FROZEN_PRODUCTION_CONTEXT
OFF,0,1009,bg_worst_ue_p95_ms,nan,nan,nan,FROZEN_PRODUCTION_CONTEXT
OFF,0,1010,bg_worst_ue_p95_ms,nan,nan,nan,FROZEN_PRODUCTION_CONTEXT
OFF,0,1011,bg_worst_ue_p95_ms,nan,nan,nan,FROZEN_PRODUCTION_CONTEXT
OFF,0,1012,bg_worst_ue_p95_ms,nan,nan,nan,FROZEN_PRODUCTION_CONTEXT
OFF,0,1013,bg_worst_ue_p95_ms,nan,nan,nan,FROZEN_PRODUCTION_CONTEXT
OFF,0,1014,bg_worst_ue_p95_ms,nan,nan,nan,FROZEN_PRODUCTION_CONTEXT
OFF,0,1015,bg_worst_ue_p95_ms,nan,nan,nan,FROZEN_PRODUCTION_CONTEXT
OFF,0,1016,bg_worst_ue_p95_ms,nan,nan,nan,FROZEN_PRODUCTION_CONTEXT
OFF,0,1017,bg_worst_ue_p95_ms,nan,nan,nan,FROZEN_PRODUCTION_CONTEXT
OFF,0,1018,bg_worst_ue_p95_ms,nan,nan,nan,FROZEN_PRODUCTION_CONTEXT
OFF,0,1019,bg_worst_ue_p95_ms,nan,nan,nan,FROZEN_PRODUCTION_CONTEXT
OFF,0,1020,bg_worst_ue_p95_ms,nan,nan,nan,FROZEN_PRODUCTION_CONTEXT
OFF,0,1021,bg_worst_ue_p95_ms,nan,nan,nan,FROZEN_PRODUCTION_CONTEXT
OFF,0,1022,bg_worst_ue_p95_ms,nan,nan,nan,FROZEN_PRODUCTION_CONTEXT
OFF,0,1023,bg_worst_ue_p95_ms,nan,nan,nan,FROZEN_PRODUCTION_CONTEXT
OFF,0,1024,bg_worst_ue_p95_ms,nan,nan,nan,FROZEN_PRODUCTION_CONTEXT
OFF,0,1025,bg_worst_ue_p95_ms,nan,nan,nan,FROZEN_PRODUCTION_CONTEXT
OFF,0,1026,bg_worst_ue_p95_ms,nan,nan,nan,FROZEN_PRODUCTION_CONTEXT
OFF,0,1027,bg_worst_ue_p95_ms,nan,nan,nan,FROZEN_PRODUCTION_CONTEXT
OFF,0,1028,bg_worst_ue_p95_ms,nan,nan,nan,FROZEN_PRODUCTION_CONTEXT
OFF,0,1029,bg_worst_ue_p95_ms,nan,nan,nan,FROZEN_PRODUCTION_CONTEXT
OFF,0,1030,bg_worst_ue_p95_ms,nan,nan,nan,FROZEN_PRODUCTION_CONTEXT
OFF,0,1031,bg_worst_ue_p95_ms,nan,nan,nan,FROZEN_PRODUCTION_CONTEXT
OFF,0,1032,bg_worst_ue_p95_ms,nan,nan,nan,FROZEN_PRODUCTION_CONTEXT
OFF,0,1033,bg_worst_ue_p95_ms,nan,nan,nan,FROZEN_PRODUCTION_CONTEXT
OFF,0,1034,bg_worst_ue_p95_ms,nan,nan,nan,FROZEN_PRODUCTION_CONTEXT
OFF,0,1035,bg_worst_ue_p95_ms,nan,nan,nan,FROZEN_PRODUCTION_CONTEXT
OFF,0,1036,bg_worst_ue_p95_ms,nan,nan,nan,FROZEN_PRODUCTION_CONTEXT
OFF,0,1037,bg_worst_ue_p95_ms,nan,nan,nan,FROZEN_PRODUCTION_CONTEXT
OFF,0,1038,bg_worst_ue_p95_ms,nan,nan,nan,FROZEN_PRODUCTION_CONTEXT
OFF,0,1039,bg_worst_ue_p95_ms,nan,nan,nan,FROZEN_PRODUCTION_CONTEXT
OFF,0,1040,bg_worst_ue_p95_ms,nan,nan,nan,FROZEN_PRODUCTION_CONTEXT
OFF,0,1041,bg_worst_ue_p95_ms,nan,nan,nan,FROZEN_PRODUCTION_CONTEXT
OFF,0,1042,bg_worst_ue_p95_ms,nan,nan,nan,FROZEN_PRODUCTION_CONTEXT
OFF,0,1043,bg_worst_ue_p95_ms,nan,nan,nan,FROZEN_PRODUCTION_CONTEXT
OFF,0,1044,bg_worst_ue_p95_ms,nan,nan,nan,FROZEN_PRODUCTION_CONTEXT
OFF,0,1045,bg_worst_ue_p95_ms,nan,nan,nan,FROZEN_PRODUCTION_CONTEXT
OFF,0,1046,bg_worst_ue_p95_ms,nan,nan,nan,FROZEN_PRODUCTION_CONTEXT
OFF,0,1047,bg_worst_ue_p95_ms,nan,nan,nan,FROZEN_PRODUCTION_CONTEXT
OFF,0,1048,bg_worst_ue_p95_ms,nan,nan,nan,FROZEN_PRODUCTION_CONTEXT
OFF,0,1049,bg_worst_ue_p95_ms,nan,nan,nan,FROZEN_PRODUCTION_CONTEXT
OFF,0,1050,bg_worst_ue_p95_ms,nan,nan,nan,FROZEN_PRODUCTION_CONTEXT
OFF,0,1051,bg_worst_ue_p95_ms,nan,nan,nan,FROZEN_PRODUCTION_CONTEXT
OFF,0,1052,bg_worst_ue_p95_ms,nan,nan,nan,FROZEN_PRODUCTION_CONTEXT
OFF,0,1053,bg_worst_ue_p95_ms,nan,nan,nan,FROZEN_PRODUCTION_CONTEXT
OFF,0,1054,bg_worst_ue_p95_ms,nan,nan,nan,FROZEN_PRODUCTION_CONTEXT
OFF,0,1055,bg_worst_ue_p95_ms,nan,nan,nan,FROZEN_PRODUCTION_CONTEXT
OFF,0,1056,bg_worst_ue_p95_ms,nan,nan,nan,FROZEN_PRODUCTION_CONTEXT
OFF,0,1057,bg_worst_ue_p95_ms,nan,nan,nan,FROZEN_PRODUCTION_CONTEXT
OFF,0,1058,bg_worst_ue_p95_ms,nan,nan,nan,FROZEN_PRODUCTION_CONTEXT
OFF,0,1059,bg_worst_ue_p95_ms,nan,nan,nan,FROZEN_PRODUCTION_CONTEXT
OFF,0,1060,bg_worst_ue_p95_ms,nan,nan,nan,FROZEN_PRODUCTION_CONTEXT
OFF,0,1061,bg_worst_ue_p95_ms,nan,nan,nan,FROZEN_PRODUCTION_CONTEXT
OFF,0,1062,bg_worst_ue_p95_ms,nan,nan,nan,FROZEN_PRODUCTION_CONTEXT
OFF,0,1063,bg_worst_ue_p95_ms,nan,nan,nan,FROZEN_PRODUCTION_CONTEXT
OFF,0,1064,bg_worst_ue_p95_ms,nan,nan,nan,FROZEN_PRODUCTION_CONTEXT
OFF,0,1065,bg_worst_ue_p95_ms,nan,nan,nan,FROZEN_PRODUCTION_CONTEXT
OFF,0,1066,bg_worst_ue_p95_ms,nan,nan,nan,FROZEN_PRODUCTION_CONTEXT
OFF,0,1067,bg_worst_ue_p95_ms,nan,nan,nan,FROZEN_PRODUCTION_CONTEXT
OFF,0,1068,bg_worst_ue_p95_ms,nan,nan,nan,FROZEN_PRODUCTION_CONTEXT
OFF,0,1069,bg_worst_ue_p95_ms,nan,nan,nan,FROZEN_PRODUCTION_CONTEXT
OFF,0,1070,bg_worst_ue_p95_ms,nan,nan,nan,FROZEN_PRODUCTION_CONTEXT
OFF,0,1071,bg_worst_ue_p95_ms,nan,nan,nan,FROZEN_PRODUCTION_CONTEXT
OFF,0,1072,bg_worst_ue_p95_ms,nan,nan,nan,FROZEN_PRODUCTION_CONTEXT
OFF,0,1073,bg_worst_ue_p95_ms,nan,nan,nan,FROZEN_PRODUCTION_CONTEXT
OFF,0,1074,bg_worst_ue_p95_ms,nan,nan,nan,FROZEN_PRODUCTION_CONTEXT
OFF,0,1075,bg_worst_ue_p95_ms,nan,nan,nan,FROZEN_PRODUCTION_CONTEXT
OFF,0,1076,bg_worst_ue_p95_ms,nan,nan,nan,FROZEN_PRODUCTION_CONTEXT
OFF,0,1077,bg_worst_ue_p95_ms,nan,nan,nan,FROZEN_PRODUCTION_CONTEXT
OFF,0,1078,bg_worst_ue_p95_ms,nan,nan,nan,FROZEN_PRODUCTION_CONTEXT
OFF,0,1079,bg_worst_ue_p95_ms,nan,nan,nan,FROZEN_PRODUCTION_CONTEXT
OFF,0,1080,bg_worst_ue_p95_ms,nan,nan,nan,FROZEN_PRODUCTION_CONTEXT
OFF,0,1081,bg_worst_ue_p95_ms,nan,nan,nan,FROZEN_PRODUCTION_CONTEXT
OFF,0,1082,bg_worst_ue_p95_ms,nan,nan,nan,FROZEN_PRODUCTION_CONTEXT
OFF,0,1083,bg_worst_ue_p95_ms,nan,nan,nan,FROZEN_PRODUCTION_CONTEXT
OFF,0,1084,bg_worst_ue_p95_ms,nan,nan,nan,FROZEN_PRODUCTION_CONTEXT
OFF,0,1085,bg_worst_ue_p95_ms,nan,nan,nan,FROZEN_PRODUCTION_CONTEXT
OFF,0,1086,bg_worst_ue_p95_ms,nan,nan,nan,FROZEN_PRODUCTION_CONTEXT
OFF,0,1087,bg_worst_ue_p95_ms,nan,nan,nan,FROZEN_PRODUCTION_CONTEXT
OFF,0,1088,bg_worst_ue_p95_ms,nan,nan,nan,FROZEN_PRODUCTION_CONTEXT
OFF,0,1001,bg_worst_ue_p99_ms,nan,nan,nan,FROZEN_PRODUCTION_CONTEXT
OFF,0,1002,bg_worst_ue_p99_ms,nan,nan,nan,FROZEN_PRODUCTION_CONTEXT
OFF,0,1003,bg_worst_ue_p99_ms,nan,nan,nan,FROZEN_PRODUCTION_CONTEXT
OFF,0,1004,bg_worst_ue_p99_ms,nan,nan,nan,FROZEN_PRODUCTION_CONTEXT
OFF,0,1005,bg_worst_ue_p99_ms,nan,nan,nan,FROZEN_PRODUCTION_CONTEXT
OFF,0,1006,bg_worst_ue_p99_ms,nan,nan,nan,FROZEN_PRODUCTION_CONTEXT
OFF,0,1007,bg_worst_ue_p99_ms,nan,nan,nan,FROZEN_PRODUCTION_CONTEXT
OFF,0,1008,bg_worst_ue_p99_ms,nan,nan,nan,FROZEN_PRODUCTION_CONTEXT
OFF,0,1009,bg_worst_ue_p99_ms,nan,nan,nan,FROZEN_PRODUCTION_CONTEXT
OFF,0,1010,bg_worst_ue_p99_ms,nan,nan,nan,FROZEN_PRODUCTION_CONTEXT
OFF,0,1011,bg_worst_ue_p99_ms,nan,nan,nan,FROZEN_PRODUCTION_CONTEXT
OFF,0,1012,bg_worst_ue_p99_ms,nan,nan,nan,FROZEN_PRODUCTION_CONTEXT
OFF,0,1013,bg_worst_ue_p99_ms,nan,nan,nan,FROZEN_PRODUCTION_CONTEXT
OFF,0,1014,bg_worst_ue_p99_ms,nan,nan,nan,FROZEN_PRODUCTION_CONTEXT
OFF,0,1015,bg_worst_ue_p99_ms,nan,nan,nan,FROZEN_PRODUCTION_CONTEXT
OFF,0,1016,bg_worst_ue_p99_ms,nan,nan,nan,FROZEN_PRODUCTION_CONTEXT
OFF,0,1017,bg_worst_ue_p99_ms,nan,nan,nan,FROZEN_PRODUCTION_CONTEXT
OFF,0,1018,bg_worst_ue_p99_ms,nan,nan,nan,FROZEN_PRODUCTION_CONTEXT
OFF,0,1019,bg_worst_ue_p99_ms,nan,nan,nan,FROZEN_PRODUCTION_CONTEXT
OFF,0,1020,bg_worst_ue_p99_ms,nan,nan,nan,FROZEN_PRODUCTION_CONTEXT
OFF,0,1021,bg_worst_ue_p99_ms,nan,nan,nan,FROZEN_PRODUCTION_CONTEXT
OFF,0,1022,bg_worst_ue_p99_ms,nan,nan,nan,FROZEN_PRODUCTION_CONTEXT
OFF,0,1023,bg_worst_ue_p99_ms,nan,nan,nan,FROZEN_PRODUCTION_CONTEXT
OFF,0,1024,bg_worst_ue_p99_ms,nan,nan,nan,FROZEN_PRODUCTION_CONTEXT
OFF,0,1025,bg_worst_ue_p99_ms,nan,nan,nan,FROZEN_PRODUCTION_CONTEXT
OFF,0,1026,bg_worst_ue_p99_ms,nan,nan,nan,FROZEN_PRODUCTION_CONTEXT
OFF,0,1027,bg_worst_ue_p99_ms,nan,nan,nan,FROZEN_PRODUCTION_CONTEXT
OFF,0,1028,bg_worst_ue_p99_ms,nan,nan,nan,FROZEN_PRODUCTION_CONTEXT
OFF,0,1029,bg_worst_ue_p99_ms,nan,nan,nan,FROZEN_PRODUCTION_CONTEXT
OFF,0,1030,bg_worst_ue_p99_ms,nan,nan,nan,FROZEN_PRODUCTION_CONTEXT
OFF,0,1031,bg_worst_ue_p99_ms,nan,nan,nan,FROZEN_PRODUCTION_CONTEXT
OFF,0,1032,bg_worst_ue_p99_ms,nan,nan,nan,FROZEN_PRODUCTION_CONTEXT
OFF,0,1033,bg_worst_ue_p99_ms,nan,nan,nan,FROZEN_PRODUCTION_CONTEXT
OFF,0,1034,bg_worst_ue_p99_ms,nan,nan,nan,FROZEN_PRODUCTION_CONTEXT
OFF,0,1035,bg_worst_ue_p99_ms,nan,nan,nan,FROZEN_PRODUCTION_CONTEXT
OFF,0,1036,bg_worst_ue_p99_ms,nan,nan,nan,FROZEN_PRODUCTION_CONTEXT
OFF,0,1037,bg_worst_ue_p99_ms,nan,nan,nan,FROZEN_PRODUCTION_CONTEXT
OFF,0,1038,bg_worst_ue_p99_ms,nan,nan,nan,FROZEN_PRODUCTION_CONTEXT
OFF,0,1039,bg_worst_ue_p99_ms,nan,nan,nan,FROZEN_PRODUCTION_CONTEXT
OFF,0,1040,bg_worst_ue_p99_ms,nan,nan,nan,FROZEN_PRODUCTION_CONTEXT
OFF,0,1041,bg_worst_ue_p99_ms,nan,nan,nan,FROZEN_PRODUCTION_CONTEXT
OFF,0,1042,bg_worst_ue_p99_ms,nan,nan,nan,FROZEN_PRODUCTION_CONTEXT
OFF,0,1043,bg_worst_ue_p99_ms,nan,nan,nan,FROZEN_PRODUCTION_CONTEXT
OFF,0,1044,bg_worst_ue_p99_ms,nan,nan,nan,FROZEN_PRODUCTION_CONTEXT
OFF,0,1045,bg_worst_ue_p99_ms,nan,nan,nan,FROZEN_PRODUCTION_CONTEXT
OFF,0,1046,bg_worst_ue_p99_ms,nan,nan,nan,FROZEN_PRODUCTION_CONTEXT
OFF,0,1047,bg_worst_ue_p99_ms,nan,nan,nan,FROZEN_PRODUCTION_CONTEXT
OFF,0,1048,bg_worst_ue_p99_ms,nan,nan,nan,FROZEN_PRODUCTION_CONTEXT
OFF,0,1049,bg_worst_ue_p99_ms,nan,nan,nan,FROZEN_PRODUCTION_CONTEXT
OFF,0,1050,bg_worst_ue_p99_ms,nan,nan,nan,FROZEN_PRODUCTION_CONTEXT
OFF,0,1051,bg_worst_ue_p99_ms,nan,nan,nan,FROZEN_PRODUCTION_CONTEXT
OFF,0,1052,bg_worst_ue_p99_ms,nan,nan,nan,FROZEN_PRODUCTION_CONTEXT
OFF,0,1053,bg_worst_ue_p99_ms,nan,nan,nan,FROZEN_PRODUCTION_CONTEXT
OFF,0,1054,bg_worst_ue_p99_ms,nan,nan,nan,FROZEN_PRODUCTION_CONTEXT
OFF,0,1055,bg_worst_ue_p99_ms,nan,nan,nan,FROZEN_PRODUCTION_CONTEXT
OFF,0,1056,bg_worst_ue_p99_ms,nan,nan,nan,FROZEN_PRODUCTION_CONTEXT
OFF,0,1057,bg_worst_ue_p99_ms,nan,nan,nan,FROZEN_PRODUCTION_CONTEXT
OFF,0,1058,bg_worst_ue_p99_ms,nan,nan,nan,FROZEN_PRODUCTION_CONTEXT
OFF,0,1059,bg_worst_ue_p99_ms,nan,nan,nan,FROZEN_PRODUCTION_CONTEXT
OFF,0,1060,bg_worst_ue_p99_ms,nan,nan,nan,FROZEN_PRODUCTION_CONTEXT
OFF,0,1061,bg_worst_ue_p99_ms,nan,nan,nan,FROZEN_PRODUCTION_CONTEXT
OFF,0,1062,bg_worst_ue_p99_ms,nan,nan,nan,FROZEN_PRODUCTION_CONTEXT
OFF,0,1063,bg_worst_ue_p99_ms,nan,nan,nan,FROZEN_PRODUCTION_CONTEXT
OFF,0,1064,bg_worst_ue_p99_ms,nan,nan,nan,FROZEN_PRODUCTION_CONTEXT
OFF,0,1065,bg_worst_ue_p99_ms,nan,nan,nan,FROZEN_PRODUCTION_CONTEXT
OFF,0,1066,bg_worst_ue_p99_ms,nan,nan,nan,FROZEN_PRODUCTION_CONTEXT
OFF,0,1067,bg_worst_ue_p99_ms,nan,nan,nan,FROZEN_PRODUCTION_CONTEXT
OFF,0,1068,bg_worst_ue_p99_ms,nan,nan,nan,FROZEN_PRODUCTION_CONTEXT
OFF,0,1069,bg_worst_ue_p99_ms,nan,nan,nan,FROZEN_PRODUCTION_CONTEXT
OFF,0,1070,bg_worst_ue_p99_ms,nan,nan,nan,FROZEN_PRODUCTION_CONTEXT
OFF,0,1071,bg_worst_ue_p99_ms,nan,nan,nan,FROZEN_PRODUCTION_CONTEXT
OFF,0,1072,bg_worst_ue_p99_ms,nan,nan,nan,FROZEN_PRODUCTION_CONTEXT
OFF,0,1073,bg_worst_ue_p99_ms,nan,nan,nan,FROZEN_PRODUCTION_CONTEXT
OFF,0,1074,bg_worst_ue_p99_ms,nan,nan,nan,FROZEN_PRODUCTION_CONTEXT
OFF,0,1075,bg_worst_ue_p99_ms,nan,nan,nan,FROZEN_PRODUCTION_CONTEXT
OFF,0,1076,bg_worst_ue_p99_ms,nan,nan,nan,FROZEN_PRODUCTION_CONTEXT
OFF,0,1077,bg_worst_ue_p99_ms,nan,nan,nan,FROZEN_PRODUCTION_CONTEXT
OFF,0,1078,bg_worst_ue_p99_ms,nan,nan,nan,FROZEN_PRODUCTION_CONTEXT
OFF,0,1079,bg_worst_ue_p99_ms,nan,nan,nan,FROZEN_PRODUCTION_CONTEXT
OFF,0,1080,bg_worst_ue_p99_ms,nan,nan,nan,FROZEN_PRODUCTION_CONTEXT
OFF,0,1081,bg_worst_ue_p99_ms,nan,nan,nan,FROZEN_PRODUCTION_CONTEXT
OFF,0,1082,bg_worst_ue_p99_ms,nan,nan,nan,FROZEN_PRODUCTION_CONTEXT
OFF,0,1083,bg_worst_ue_p99_ms,nan,nan,nan,FROZEN_PRODUCTION_CONTEXT
OFF,0,1084,bg_worst_ue_p99_ms,nan,nan,nan,FROZEN_PRODUCTION_CONTEXT
OFF,0,1085,bg_worst_ue_p99_ms,nan,nan,nan,FROZEN_PRODUCTION_CONTEXT
OFF,0,1086,bg_worst_ue_p99_ms,nan,nan,nan,FROZEN_PRODUCTION_CONTEXT
OFF,0,1087,bg_worst_ue_p99_ms,nan,nan,nan,FROZEN_PRODUCTION_CONTEXT
OFF,0,1088,bg_worst_ue_p99_ms,nan,nan,nan,FROZEN_PRODUCTION_CONTEXT
OFF,0,1001,a_plus_s2,0.1474271706771646,0.1474271706771646,0.0,FROZEN_PRODUCTION_CONTEXT
OFF,0,1002,a_plus_s2,0.22031199884346525,0.22031199884346525,0.0,FROZEN_PRODUCTION_CONTEXT
OFF,0,1003,a_plus_s2,0.16902754237795278,0.16902754237795278,0.0,FROZEN_PRODUCTION_CONTEXT
OFF,0,1004,a_plus_s2,0.17587585108598747,0.17587585108598747,0.0,FROZEN_PRODUCTION_CONTEXT
OFF,0,1005,a_plus_s2,0.2833394798085805,0.2833394798085805,0.0,FROZEN_PRODUCTION_CONTEXT
OFF,0,1006,a_plus_s2,0.19192795172715188,0.19192795172715188,0.0,FROZEN_PRODUCTION_CONTEXT
OFF,0,1007,a_plus_s2,0.14997558927337293,0.14997558927337293,0.0,FROZEN_PRODUCTION_CONTEXT
OFF,0,1008,a_plus_s2,0.4135099706867575,0.4135099706867575,0.0,FROZEN_PRODUCTION_CONTEXT
OFF,0,1009,a_plus_s2,0.23770018530596515,0.23770018530596515,0.0,FROZEN_PRODUCTION_CONTEXT
OFF,0,1010,a_plus_s2,0.16911065964079175,0.16911065964079175,0.0,FROZEN_PRODUCTION_CONTEXT
OFF,0,1011,a_plus_s2,0.4606478794632247,0.4606478794632247,0.0,FROZEN_PRODUCTION_CONTEXT
OFF,0,1012,a_plus_s2,0.21450001807699381,0.21450001807699381,0.0,FROZEN_PRODUCTION_CONTEXT
OFF,0,1013,a_plus_s2,0.2759075000844527,0.2759075000844527,0.0,FROZEN_PRODUCTION_CONTEXT
OFF,0,1014,a_plus_s2,0.1891656354234339,0.1891656354234339,0.0,FROZEN_PRODUCTION_CONTEXT
OFF,0,1015,a_plus_s2,0.4311895840165372,0.4311895840165372,0.0,FROZEN_PRODUCTION_CONTEXT
OFF,0,1016,a_plus_s2,0.2831815201767443,0.2831815201767443,0.0,FROZEN_PRODUCTION_CONTEXT
OFF,0,1017,a_plus_s2,0.16172351358114398,0.16172351358114398,0.0,FROZEN_PRODUCTION_CONTEXT
OFF,0,1018,a_plus_s2,0.30537301271524775,0.30537301271524775,0.0,FROZEN_PRODUCTION_CONTEXT
OFF,0,1019,a_plus_s2,0.19277683731504197,0.19277683731504197,0.0,FROZEN_PRODUCTION_CONTEXT
OFF,0,1020,a_plus_s2,0.24884655447305368,0.24884655447305368,0.0,FROZEN_PRODUCTION_CONTEXT
OFF,0,1021,a_plus_s2,0.15994197984629943,0.15994197984629943,0.0,FROZEN_PRODUCTION_CONTEXT
OFF,0,1022,a_plus_s2,0.2950076576927754,0.2950076576927754,0.0,FROZEN_PRODUCTION_CONTEXT
OFF,0,1023,a_plus_s2,0.2750532619675539,0.2750532619675539,0.0,FROZEN_PRODUCTION_CONTEXT
OFF,0,1024,a_plus_s2,0.22196850135280471,0.22196850135280471,0.0,FROZEN_PRODUCTION_CONTEXT
OFF,0,1025,a_plus_s2,0.17332940697909444,0.17332940697909444,0.0,FROZEN_PRODUCTION_CONTEXT
OFF,0,1026,a_plus_s2,0.18555863732954972,0.18555863732954972,0.0,FROZEN_PRODUCTION_CONTEXT
OFF,0,1027,a_plus_s2,0.3415520722135956,0.3415520722135956,0.0,FROZEN_PRODUCTION_CONTEXT
OFF,0,1028,a_plus_s2,0.3331666783434114,0.3331666783434114,0.0,FROZEN_PRODUCTION_CONTEXT
OFF,0,1029,a_plus_s2,0.24556326674535708,0.24556326674535708,0.0,FROZEN_PRODUCTION_CONTEXT
OFF,0,1030,a_plus_s2,0.1404016463268569,0.1404016463268569,0.0,FROZEN_PRODUCTION_CONTEXT
OFF,0,1031,a_plus_s2,0.32639256555163465,0.32639256555163465,0.0,FROZEN_PRODUCTION_CONTEXT
OFF,0,1032,a_plus_s2,0.46914020790061844,0.46914020790061844,0.0,FROZEN_PRODUCTION_CONTEXT
OFF,0,1033,a_plus_s2,0.3984026397136909,0.3984026397136909,0.0,FROZEN_PRODUCTION_CONTEXT
OFF,0,1034,a_plus_s2,0.30864447142349194,0.30864447142349194,0.0,FROZEN_PRODUCTION_CONTEXT
OFF,0,1035,a_plus_s2,0.176276573318555,0.176276573318555,0.0,FROZEN_PRODUCTION_CONTEXT
OFF,0,1036,a_plus_s2,0.2352475266122129,0.2352475266122129,0.0,FROZEN_PRODUCTION_CONTEXT
OFF,0,1037,a_plus_s2,0.20939718868575044,0.20939718868575044,0.0,FROZEN_PRODUCTION_CONTEXT
OFF,0,1038,a_plus_s2,0.2298022727488133,0.2298022727488133,0.0,FROZEN_PRODUCTION_CONTEXT
OFF,0,1039,a_plus_s2,0.5984096414506982,0.5984096414506982,0.0,FROZEN_PRODUCTION_CONTEXT
OFF,0,1040,a_plus_s2,0.20370927940604242,0.20370927940604242,0.0,FROZEN_PRODUCTION_CONTEXT
OFF,0,1041,a_plus_s2,0.17076864041912568,0.17076864041912568,0.0,FROZEN_PRODUCTION_CONTEXT
OFF,0,1042,a_plus_s2,0.2116952421434047,0.2116952421434047,0.0,FROZEN_PRODUCTION_CONTEXT
OFF,0,1043,a_plus_s2,0.200165915662231,0.200165915662231,0.0,FROZEN_PRODUCTION_CONTEXT
OFF,0,1044,a_plus_s2,0.24525174014120166,0.24525174014120166,0.0,FROZEN_PRODUCTION_CONTEXT
OFF,0,1045,a_plus_s2,0.22353745032480843,0.22353745032480843,0.0,FROZEN_PRODUCTION_CONTEXT
OFF,0,1046,a_plus_s2,0.16911744622736039,0.16911744622736039,0.0,FROZEN_PRODUCTION_CONTEXT
OFF,0,1047,a_plus_s2,0.1845659994285313,0.1845659994285313,0.0,FROZEN_PRODUCTION_CONTEXT
OFF,0,1048,a_plus_s2,0.2250898933629889,0.2250898933629889,0.0,FROZEN_PRODUCTION_CONTEXT
OFF,0,1049,a_plus_s2,0.19295818388233454,0.19295818388233454,0.0,FROZEN_PRODUCTION_CONTEXT
OFF,0,1050,a_plus_s2,0.1487228702821004,0.1487228702821004,0.0,FROZEN_PRODUCTION_CONTEXT
OFF,0,1051,a_plus_s2,0.16348847586520085,0.16348847586520085,0.0,FROZEN_PRODUCTION_CONTEXT
OFF,0,1052,a_plus_s2,0.21665370641281703,0.21665370641281703,0.0,FROZEN_PRODUCTION_CONTEXT
OFF,0,1053,a_plus_s2,0.26579478197610645,0.26579478197610645,0.0,FROZEN_PRODUCTION_CONTEXT
OFF,0,1054,a_plus_s2,0.14034558198668157,0.14034558198668157,0.0,FROZEN_PRODUCTION_CONTEXT
OFF,0,1055,a_plus_s2,0.1396890940449992,0.1396890940449992,0.0,FROZEN_PRODUCTION_CONTEXT
OFF,0,1056,a_plus_s2,0.19393225199227263,0.19393225199227263,0.0,FROZEN_PRODUCTION_CONTEXT
OFF,0,1057,a_plus_s2,0.2743056607836536,0.2743056607836536,0.0,FROZEN_PRODUCTION_CONTEXT
OFF,0,1058,a_plus_s2,0.1681179130056126,0.1681179130056126,0.0,FROZEN_PRODUCTION_CONTEXT
OFF,0,1059,a_plus_s2,0.26386839685681684,0.26386839685681684,0.0,FROZEN_PRODUCTION_CONTEXT
OFF,0,1060,a_plus_s2,0.22652764751034113,0.22652764751034113,0.0,FROZEN_PRODUCTION_CONTEXT
OFF,0,1061,a_plus_s2,0.28176719545885526,0.28176719545885526,0.0,FROZEN_PRODUCTION_CONTEXT
OFF,0,1062,a_plus_s2,0.1918497507988666,0.1918497507988666,0.0,FROZEN_PRODUCTION_CONTEXT
OFF,0,1063,a_plus_s2,0.28334160350905685,0.28334160350905685,0.0,FROZEN_PRODUCTION_CONTEXT
OFF,0,1064,a_plus_s2,0.19609849829878986,0.19609849829878986,0.0,FROZEN_PRODUCTION_CONTEXT
OFF,0,1065,a_plus_s2,0.1570634764261809,0.1570634764261809,0.0,FROZEN_PRODUCTION_CONTEXT
OFF,0,1066,a_plus_s2,0.2869813635637239,0.2869813635637239,0.0,FROZEN_PRODUCTION_CONTEXT
OFF,0,1067,a_plus_s2,0.2616275071577432,0.2616275071577432,0.0,FROZEN_PRODUCTION_CONTEXT
OFF,0,1068,a_plus_s2,0.19642377235920577,0.19642377235920577,0.0,FROZEN_PRODUCTION_CONTEXT
OFF,0,1069,a_plus_s2,0.1727261984331564,0.1727261984331564,0.0,FROZEN_PRODUCTION_CONTEXT
OFF,0,1070,a_plus_s2,0.18779516098199026,0.18779516098199026,0.0,FROZEN_PRODUCTION_CONTEXT
OFF,0,1071,a_plus_s2,0.2313973920650866,0.2313973920650866,0.0,FROZEN_PRODUCTION_CONTEXT
OFF,0,1072,a_plus_s2,0.3372592479878317,0.3372592479878317,0.0,FROZEN_PRODUCTION_CONTEXT
OFF,0,1073,a_plus_s2,0.2427576015776224,0.2427576015776224,0.0,FROZEN_PRODUCTION_CONTEXT
OFF,0,1074,a_plus_s2,0.14624949105833893,0.14624949105833893,0.0,FROZEN_PRODUCTION_CONTEXT
OFF,0,1075,a_plus_s2,0.16564384857392242,0.16564384857392242,0.0,FROZEN_PRODUCTION_CONTEXT
OFF,0,1076,a_plus_s2,0.3099555069950552,0.3099555069950552,0.0,FROZEN_PRODUCTION_CONTEXT
OFF,0,1077,a_plus_s2,0.19371600332350322,0.19371600332350322,0.0,FROZEN_PRODUCTION_CONTEXT
OFF,0,1078,a_plus_s2,0.21788429368726836,0.21788429368726836,0.0,FROZEN_PRODUCTION_CONTEXT
OFF,0,1079,a_plus_s2,0.1996761741669194,0.1996761741669194,0.0,FROZEN_PRODUCTION_CONTEXT
OFF,0,1080,a_plus_s2,0.17340814871652713,0.17340814871652713,0.0,FROZEN_PRODUCTION_CONTEXT
OFF,0,1081,a_plus_s2,0.21718905984465017,0.21718905984465017,0.0,FROZEN_PRODUCTION_CONTEXT
OFF,0,1082,a_plus_s2,0.22725559851764238,0.22725559851764238,0.0,FROZEN_PRODUCTION_CONTEXT
OFF,0,1083,a_plus_s2,0.23145115082390025,0.23145115082390025,0.0,FROZEN_PRODUCTION_CONTEXT
OFF,0,1084,a_plus_s2,0.22162620101629787,0.22162620101629787,0.0,FROZEN_PRODUCTION_CONTEXT
OFF,0,1085,a_plus_s2,0.24672184160971009,0.24672184160971009,0.0,FROZEN_PRODUCTION_CONTEXT
OFF,0,1086,a_plus_s2,0.22547683895519463,0.22547683895519463,0.0,FROZEN_PRODUCTION_CONTEXT
OFF,0,1087,a_plus_s2,0.15704888211151494,0.15704888211151494,0.0,FROZEN_PRODUCTION_CONTEXT
OFF,0,1088,a_plus_s2,0.2173958263199483,0.2173958263199483,0.0,FROZEN_PRODUCTION_CONTEXT
OFF,0,1001,post_ho_fresh_ms,209.64344328571428,209.64344328571428,0.0,FROZEN_PRODUCTION_CONTEXT
OFF,0,1002,post_ho_fresh_ms,203.5719995142857,203.5719995142857,0.0,FROZEN_PRODUCTION_CONTEXT
OFF,0,1003,post_ho_fresh_ms,197.54338682857144,197.54338682857144,0.0,FROZEN_PRODUCTION_CONTEXT
OFF,0,1004,post_ho_fresh_ms,208.25764648571428,208.25764648571428,0.0,FROZEN_PRODUCTION_CONTEXT
OFF,0,1005,post_ho_fresh_ms,237.8862635142857,237.8862635142857,0.0,FROZEN_PRODUCTION_CONTEXT
OFF,0,1006,post_ho_fresh_ms,191.40055139999998,191.40055139999998,0.0,FROZEN_PRODUCTION_CONTEXT
OFF,0,1007,post_ho_fresh_ms,184.04344545714284,184.04344545714284,0.0,FROZEN_PRODUCTION_CONTEXT
OFF,0,1008,post_ho_fresh_ms,294.1149000857143,294.1149000857143,0.0,FROZEN_PRODUCTION_CONTEXT
OFF,0,1009,post_ho_fresh_ms,209.64340854285714,209.64340854285714,0.0,FROZEN_PRODUCTION_CONTEXT
OFF,0,1010,post_ho_fresh_ms,210.4291011142857,210.4291011142857,0.0,FROZEN_PRODUCTION_CONTEXT
OFF,0,1011,post_ho_fresh_ms,243.0577072857143,243.0577072857143,0.0,FROZEN_PRODUCTION_CONTEXT
OFF,0,1012,post_ho_fresh_ms,227.8290946,227.8290946,0.0,FROZEN_PRODUCTION_CONTEXT
OFF,0,1013,post_ho_fresh_ms,219.4291098,219.4291098,0.0,FROZEN_PRODUCTION_CONTEXT
OFF,0,1014,post_ho_fresh_ms,199.25767471428568,199.25767471428568,0.0,FROZEN_PRODUCTION_CONTEXT
OFF,0,1015,post_ho_fresh_ms,232.3005514,232.3005514,0.0,FROZEN_PRODUCTION_CONTEXT
OFF,0,1016,post_ho_fresh_ms,235.27199517142856,235.27199517142856,0.0,FROZEN_PRODUCTION_CONTEXT
OFF,0,1017,post_ho_fresh_ms,178.75776157142855,178.75776157142855,0.0,FROZEN_PRODUCTION_CONTEXT
OFF,0,1018,post_ho_fresh_ms,277.65768774285715,277.65768774285715,0.0,FROZEN_PRODUCTION_CONTEXT
OFF,0,1019,post_ho_fresh_ms,214.20052968571426,214.20052968571426,0.0,FROZEN_PRODUCTION_CONTEXT
OFF,0,1020,post_ho_fresh_ms,249.10052968571426,249.10052968571426,0.0,FROZEN_PRODUCTION_CONTEXT
OFF,0,1021,post_ho_fresh_ms,202.78632648571428,202.78632648571428,0.0,FROZEN_PRODUCTION_CONTEXT
OFF,0,1022,post_ho_fresh_ms,212.77199299999998,212.77199299999998,0.0,FROZEN_PRODUCTION_CONTEXT
OFF,0,1023,post_ho_fresh_ms,221.48629825714286,221.48629825714286,0.0,FROZEN_PRODUCTION_CONTEXT
OFF,0,1024,post_ho_fresh_ms,223.55770294285713,223.55770294285713,0.0,FROZEN_PRODUCTION_CONTEXT
OFF,0,1025,post_ho_fresh_ms,207.47202557142856,207.47202557142856,0.0,FROZEN_PRODUCTION_CONTEXT
OFF,0,1026,post_ho_fresh_ms,214.42910545714284,214.42910545714284,0.0,FROZEN_PRODUCTION_CONTEXT
OFF,0,1027,post_ho_fresh_ms,230.5719995142857,230.5719995142857,0.0,FROZEN_PRODUCTION_CONTEXT
OFF,0,1028,post_ho_fresh_ms,203.20054705714284,203.20054705714284,0.0,FROZEN_PRODUCTION_CONTEXT
OFF,0,1029,post_ho_fresh_ms,250.75767254285714,250.75767254285714,0.0,FROZEN_PRODUCTION_CONTEXT
OFF,0,1030,post_ho_fresh_ms,187.4863091142857,187.4863091142857,0.0,FROZEN_PRODUCTION_CONTEXT
OFF,0,1031,post_ho_fresh_ms,249.40059048571428,249.40059048571428,0.0,FROZEN_PRODUCTION_CONTEXT
OFF,0,1032,post_ho_fresh_ms,279.40054054285713,279.40054054285713,0.0,FROZEN_PRODUCTION_CONTEXT
OFF,0,1033,post_ho_fresh_ms,234.30059048571428,234.30059048571428,0.0,FROZEN_PRODUCTION_CONTEXT
OFF,0,1034,post_ho_fresh_ms,252.1576660285714,252.1576660285714,0.0,FROZEN_PRODUCTION_CONTEXT
OFF,0,1035,post_ho_fresh_ms,194.24339985714286,194.24339985714286,0.0,FROZEN_PRODUCTION_CONTEXT
OFF,0,1036,post_ho_fresh_ms,244.80056008571427,244.80056008571427,0.0,FROZEN_PRODUCTION_CONTEXT
OFF,0,1037,post_ho_fresh_ms,211.8434237428571,211.8434237428571,0.0,FROZEN_PRODUCTION_CONTEXT
OFF,0,1038,post_ho_fresh_ms,204.57196694285713,204.57196694285713,0.0,FROZEN_PRODUCTION_CONTEXT
OFF,0,1039,post_ho_fresh_ms,243.58626134285714,243.58626134285714,0.0,FROZEN_PRODUCTION_CONTEXT
OFF,0,1040,post_ho_fresh_ms,211.61488054285712,211.61488054285712,0.0,FROZEN_PRODUCTION_CONTEXT
OFF,0,1041,post_ho_fresh_ms,197.9862635142857,197.9862635142857,0.0,FROZEN_PRODUCTION_CONTEXT
OFF,0,1042,post_ho_fresh_ms,189.22913368571426,189.22913368571426,0.0,FROZEN_PRODUCTION_CONTEXT
OFF,0,1043,post_ho_fresh_ms,253.82913585714286,253.82913585714286,0.0,FROZEN_PRODUCTION_CONTEXT
OFF,0,1044,post_ho_fresh_ms,197.31481105714283,197.31481105714283,0.0,FROZEN_PRODUCTION_CONTEXT
OFF,0,1045,post_ho_fresh_ms,219.07200168571427,219.07200168571427,0.0,FROZEN_PRODUCTION_CONTEXT
OFF,0,1046,post_ho_fresh_ms,212.50055574285713,212.50055574285713,0.0,FROZEN_PRODUCTION_CONTEXT
OFF,0,1047,post_ho_fresh_ms,210.25764648571428,210.25764648571428,0.0,FROZEN_PRODUCTION_CONTEXT
OFF,0,1048,post_ho_fresh_ms,214.60054488571427,214.60054488571427,0.0,FROZEN_PRODUCTION_CONTEXT
OFF,0,1049,post_ho_fresh_ms,200.54339768571427,200.54339768571427,0.0,FROZEN_PRODUCTION_CONTEXT
OFF,0,1050,post_ho_fresh_ms,201.48627002857143,201.48627002857143,0.0,FROZEN_PRODUCTION_CONTEXT
OFF,0,1051,post_ho_fresh_ms,213.57202774285713,213.57202774285713,0.0,FROZEN_PRODUCTION_CONTEXT
OFF,0,1052,post_ho_fresh_ms,199.24339768571426,199.24339768571426,0.0,FROZEN_PRODUCTION_CONTEXT
OFF,0,1053,post_ho_fresh_ms,243.51483711428568,243.51483711428568,0.0,FROZEN_PRODUCTION_CONTEXT
OFF,0,1054,post_ho_fresh_ms,183.386257,183.386257,0.0,FROZEN_PRODUCTION_CONTEXT
OFF,0,1055,post_ho_fresh_ms,198.28629174285712,198.28629174285712,0.0,FROZEN_PRODUCTION_CONTEXT
OFF,0,1056,post_ho_fresh_ms,201.22911197142855,201.22911197142855,0.0,FROZEN_PRODUCTION_CONTEXT
OFF,0,1057,post_ho_fresh_ms,253.85767905714283,253.85767905714283,0.0,FROZEN_PRODUCTION_CONTEXT
OFF,0,1058,post_ho_fresh_ms,216.7719995142857,216.7719995142857,0.0,FROZEN_PRODUCTION_CONTEXT
OFF,0,1059,post_ho_fresh_ms,223.00059482857142,223.00059482857142,0.0,FROZEN_PRODUCTION_CONTEXT
OFF,0,1060,post_ho_fresh_ms,196.91483494285714,196.91483494285714,0.0,FROZEN_PRODUCTION_CONTEXT
OFF,0,1061,post_ho_fresh_ms,204.6290794,204.6290794,0.0,FROZEN_PRODUCTION_CONTEXT
OFF,0,1062,post_ho_fresh_ms,192.87197345714284,192.87197345714284,0.0,FROZEN_PRODUCTION_CONTEXT
OFF,0,1063,post_ho_fresh_ms,249.4433955142857,249.4433955142857,0.0,FROZEN_PRODUCTION_CONTEXT
OFF,0,1064,post_ho_fresh_ms,218.78625917142855,218.78625917142855,0.0,FROZEN_PRODUCTION_CONTEXT
OFF,0,1065,post_ho_fresh_ms,205.1862939142857,205.1862939142857,0.0,FROZEN_PRODUCTION_CONTEXT
OFF,0,1066,post_ho_fresh_ms,214.74338465714283,214.74338465714283,0.0,FROZEN_PRODUCTION_CONTEXT
OFF,0,1067,post_ho_fresh_ms,270.40054705714283,270.40054705714283,0.0,FROZEN_PRODUCTION_CONTEXT
OFF,0,1068,post_ho_fresh_ms,210.64340637142857,210.64340637142857,0.0,FROZEN_PRODUCTION_CONTEXT
OFF,0,1069,post_ho_fresh_ms,185.9577072857143,185.9577072857143,0.0,FROZEN_PRODUCTION_CONTEXT
OFF,0,1070,post_ho_fresh_ms,204.68625048571428,204.68625048571428,0.0,FROZEN_PRODUCTION_CONTEXT
OFF,0,1071,post_ho_fresh_ms,205.67196259999997,205.67196259999997,0.0,FROZEN_PRODUCTION_CONTEXT
OFF,0,1072,post_ho_fresh_ms,222.04343459999998,222.04343459999998,0.0,FROZEN_PRODUCTION_CONTEXT
OFF,0,1073,post_ho_fresh_ms,213.71483928571428,213.71483928571428,0.0,FROZEN_PRODUCTION_CONTEXT
OFF,0,1074,post_ho_fresh_ms,191.9720147142857,191.9720147142857,0.0,FROZEN_PRODUCTION_CONTEXT
OFF,0,1075,post_ho_fresh_ms,195.8576877428571,195.8576877428571,0.0,FROZEN_PRODUCTION_CONTEXT
OFF,0,1076,post_ho_fresh_ms,221.98624397142856,221.98624397142856,0.0,FROZEN_PRODUCTION_CONTEXT
OFF,0,1077,post_ho_fresh_ms,213.40058614285712,213.40058614285712,0.0,FROZEN_PRODUCTION_CONTEXT
OFF,0,1078,post_ho_fresh_ms,192.0291619142857,192.0291619142857,0.0,FROZEN_PRODUCTION_CONTEXT
OFF,0,1079,post_ho_fresh_ms,192.45771814285712,192.45771814285712,0.0,FROZEN_PRODUCTION_CONTEXT
OFF,0,1080,post_ho_fresh_ms,203.7862808857143,203.7862808857143,0.0,FROZEN_PRODUCTION_CONTEXT
OFF,0,1081,post_ho_fresh_ms,204.50057745714284,204.50057745714284,0.0,FROZEN_PRODUCTION_CONTEXT
OFF,0,1082,post_ho_fresh_ms,224.7719626,224.7719626,0.0,FROZEN_PRODUCTION_CONTEXT
OFF,0,1083,post_ho_fresh_ms,219.40059265714285,219.40059265714285,0.0,FROZEN_PRODUCTION_CONTEXT
OFF,0,1084,post_ho_fresh_ms,210.0434172285714,210.0434172285714,0.0,FROZEN_PRODUCTION_CONTEXT
OFF,0,1085,post_ho_fresh_ms,242.1576682,242.1576682,0.0,FROZEN_PRODUCTION_CONTEXT
OFF,0,1086,post_ho_fresh_ms,190.2719626,190.2719626,0.0,FROZEN_PRODUCTION_CONTEXT
OFF,0,1087,post_ho_fresh_ms,210.30058614285713,210.30058614285713,0.0,FROZEN_PRODUCTION_CONTEXT
OFF,0,1088,post_ho_fresh_ms,222.80058397142855,222.80058397142855,0.0,FROZEN_PRODUCTION_CONTEXT
I80,0.25,2001,aoi_p95_ms,404.35637853065174,252.23061853427012,-152.12575999638162,SUPPORTING_ROBUSTNESS
I80,0.25,2002,aoi_p95_ms,710.4497583529255,295.19753219620145,-415.2522261567241,SUPPORTING_ROBUSTNESS
I80,0.25,2003,aoi_p95_ms,464.1796464216157,253.63883017716097,-210.54081624445473,SUPPORTING_ROBUSTNESS
I80,0.25,2004,aoi_p95_ms,609.1552054565643,312.0026751551934,-297.1525303013709,SUPPORTING_ROBUSTNESS
I80,0.25,2005,aoi_p95_ms,698.0453755358409,299.5105126552329,-398.534862880608,SUPPORTING_ROBUSTNESS
I80,0.25,2006,aoi_p95_ms,426.5999894386744,261.0360490553964,-165.563940383278,SUPPORTING_ROBUSTNESS
I80,0.25,2007,aoi_p95_ms,453.250855257348,258.17727082664385,-195.07358443070416,SUPPORTING_ROBUSTNESS
I80,0.25,2008,aoi_p95_ms,779.1745267330842,299.5799242068735,-479.59460252621074,SUPPORTING_ROBUSTNESS
I80,0.25,2009,aoi_p95_ms,331.3067104329303,254.31656979838706,-76.99014063454322,SUPPORTING_ROBUSTNESS
I80,0.25,2010,aoi_p95_ms,384.42990649637125,253.9469698396778,-130.48293665669345,SUPPORTING_ROBUSTNESS
I80,0.25,2011,aoi_p95_ms,473.19552314114173,265.3484818799602,-207.84704126118152,SUPPORTING_ROBUSTNESS
I80,0.25,2012,aoi_p95_ms,994.7696891663454,308.80643909692503,-685.9632500694204,SUPPORTING_ROBUSTNESS
I80,0.25,2013,aoi_p95_ms,880.8505072769711,305.8747873422497,-574.9757199347214,SUPPORTING_ROBUSTNESS
I80,0.25,2014,aoi_p95_ms,726.5744175450999,356.7669023476648,-369.80751519743507,SUPPORTING_ROBUSTNESS
I80,0.25,2015,aoi_p95_ms,586.6836552330144,383.28489298189936,-203.39876225111504,SUPPORTING_ROBUSTNESS
I80,0.25,2016,aoi_p95_ms,382.2602107369494,256.10879018487753,-126.15142055207184,SUPPORTING_ROBUSTNESS
I80,0.25,2017,aoi_p95_ms,1041.3476085767782,342.2703257666489,-699.0772828101292,SUPPORTING_ROBUSTNESS
I80,0.25,2018,aoi_p95_ms,547.8792598047813,262.0353514023679,-285.84390840241343,SUPPORTING_ROBUSTNESS
I80,0.25,2019,aoi_p95_ms,403.03895822681403,297.83808447283826,-105.20087375397577,SUPPORTING_ROBUSTNESS
I80,0.25,2020,aoi_p95_ms,530.3414684147731,298.45469542020703,-231.88677299456606,SUPPORTING_ROBUSTNESS
I80,0.25,2001,aoi_mean_ms,162.31338150389112,142.04496492658504,-20.268416577306084,SUPPORTING_ROBUSTNESS
I80,0.25,2002,aoi_mean_ms,208.86540155025847,150.5700013264762,-58.29540022378228,SUPPORTING_ROBUSTNESS
I80,0.25,2003,aoi_mean_ms,169.87524925289796,142.87078708234012,-27.004462170557844,SUPPORTING_ROBUSTNESS
I80,0.25,2004,aoi_mean_ms,196.959257174966,154.13786908985034,-42.82138808511567,SUPPORTING_ROBUSTNESS
I80,0.25,2005,aoi_mean_ms,206.0856407400272,151.49679449763264,-54.58884624239457,SUPPORTING_ROBUSTNESS
I80,0.25,2006,aoi_mean_ms,165.84377103227212,144.8319644372245,-21.011806595047602,SUPPORTING_ROBUSTNESS
I80,0.25,2007,aoi_mean_ms,167.59749720065304,143.02519994590475,-24.572297254748293,SUPPORTING_ROBUSTNESS
I80,0.25,2008,aoi_mean_ms,207.52685200838093,152.43439087357822,-55.092461134802704,SUPPORTING_ROBUSTNESS
I80,0.25,2009,aoi_mean_ms,149.38503918487075,138.7954849605442,-10.589554224326548,SUPPORTING_ROBUSTNESS
I80,0.25,2010,aoi_mean_ms,160.14722918040815,142.49345662421769,-17.65377255619046,SUPPORTING_ROBUSTNESS
I80,0.25,2011,aoi_mean_ms,174.6159926459864,145.58481447434013,-29.031178171646275,SUPPORTING_ROBUSTNESS
I80,0.25,2012,aoi_mean_ms,235.61520984108844,153.92182316223128,-81.69338667885717,SUPPORTING_ROBUSTNESS
I80,0.25,2013,aoi_mean_ms,231.27360770644898,152.77858608185034,-78.49502162459865,SUPPORTING_ROBUSTNESS
I80,0.25,2014,aoi_mean_ms,214.5870700650884,157.9145811577687,-56.67248890731969,SUPPORTING_ROBUSTNESS
I80,0.25,2015,aoi_mean_ms,184.68741510780953,157.0033307780136,-27.684084329795922,SUPPORTING_ROBUSTNESS
I80,0.25,2016,aoi_mean_ms,162.268042643483,142.79049412865305,-19.477548514829948,SUPPORTING_ROBUSTNESS
I80,0.25,2017,aoi_mean_ms,276.08002863314283,160.57896786971426,-115.50106076342857,SUPPORTING_ROBUSTNESS
I80,0.25,2018,aoi_mean_ms,180.16664059722447,142.87820030813603,-37.28844028908844,SUPPORTING_ROBUSTNESS
I80,0.25,2019,aoi_mean_ms,173.70541089991838,148.8030457807891,-24.902365119129286,SUPPORTING_ROBUSTNESS
I80,0.25,2020,aoi_mean_ms,179.1035882825578,146.3926752842449,-32.71091299831292,SUPPORTING_ROBUSTNESS
I80,0.25,2001,status_wait_p95_ms,134.70428499999966,39.18428499999998,-95.51999999999967,SUPPORTING_ROBUSTNESS
I80,0.25,2002,status_wait_p95_ms,343.55142785714344,49.21714214285712,-294.3342857142863,SUPPORTING_ROBUSTNESS
I80,0.25,2003,status_wait_p95_ms,207.51142785714282,30.154284999999923,-177.3571428571429,SUPPORTING_ROBUSTNESS
I80,0.25,2004,status_wait_p95_ms,232.3385707142856,62.337142142857104,-170.0014285714285,SUPPORTING_ROBUSTNESS
I80,0.25,2005,status_wait_p95_ms,301.265713571428,50.73285642857138,-250.53285714285664,SUPPORTING_ROBUSTNESS
I80,0.25,2006,status_wait_p95_ms,94.21999928571415,32.64999928571427,-61.56999999999988,SUPPORTING_ROBUSTNESS
I80,0.25,2007,status_wait_p95_ms,153.9171421428569,38.56714214285709,-115.34999999999982,SUPPORTING_ROBUSTNESS
I80,0.25,2008,status_wait_p95_ms,244.9099992857129,48.63428499999996,-196.27571428571292,SUPPORTING_ROBUSTNESS
I80,0.25,2009,status_wait_p95_ms,44.34999928571421,23.4585707142857,-20.891428571428513,SUPPORTING_ROBUSTNESS
I80,0.25,2010,status_wait_p95_ms,97.28428499999967,31.101427857142834,-66.18285714285683,SUPPORTING_ROBUSTNESS
I80,0.25,2011,status_wait_p95_ms,234.9199992857141,45.97999928571424,-188.93999999999988,SUPPORTING_ROBUSTNESS
I80,0.25,2012,status_wait_p95_ms,449.40999928571375,60.33428499999997,-389.0757142857138,SUPPORTING_ROBUSTNESS
I80,0.25,2013,status_wait_p95_ms,449.22142785714254,68.51999928571422,-380.7014285714283,SUPPORTING_ROBUSTNESS
I80,0.25,2014,status_wait_p95_ms,316.2842849999995,56.18428499999998,-260.0999999999995,SUPPORTING_ROBUSTNESS
I80,0.25,2015,status_wait_p95_ms,63.91857071428564,34.474284999999966,-29.444285714285677,SUPPORTING_ROBUSTNESS
I80,0.25,2016,status_wait_p95_ms,135.8399992857142,33.3585707142857,-102.48142857142852,SUPPORTING_ROBUSTNESS
I80,0.25,2017,status_wait_p95_ms,614.8728564285713,80.69571357142854,-534.1771428571427,SUPPORTING_ROBUSTNESS
I80,0.25,2018,status_wait_p95_ms,233.9185707142856,36.194284999999994,-197.7242857142856,SUPPORTING_ROBUSTNESS
I80,0.25,2019,status_wait_p95_ms,147.43571357142847,37.5585707142857,-109.87714285714276,SUPPORTING_ROBUSTNESS
I80,0.25,2020,status_wait_p95_ms,262.1742849999998,52.76571357142851,-209.40857142857132,SUPPORTING_ROBUSTNESS
I80,0.25,2001,status_residence_p95_ms,148.96285642857123,63.2085707142857,-85.75428571428553,SUPPORTING_ROBUSTNESS
I80,0.25,2002,status_residence_p95_ms,367.9271421428572,80.38999928571423,-287.53714285714295,SUPPORTING_ROBUSTNESS
I80,0.25,2003,status_residence_p95_ms,227.16714214285702,54.34857071428567,-172.81857142857135,SUPPORTING_ROBUSTNESS
I80,0.25,2004,status_residence_p95_ms,251.78285642857125,90.68571357142852,-161.09714285714273,SUPPORTING_ROBUSTNESS
I80,0.25,2005,status_residence_p95_ms,320.59857071428524,85.38571357142854,-235.2128571428567,SUPPORTING_ROBUSTNESS
I80,0.25,2006,status_residence_p95_ms,116.66857071428583,56.42571357142857,-60.24285714285727,SUPPORTING_ROBUSTNESS
I80,0.25,2007,status_residence_p95_ms,175.42857071428568,65.6142849999999,-109.81428571428579,SUPPORTING_ROBUSTNESS
I80,0.25,2008,status_residence_p95_ms,260.9228564285701,74.71285642857133,-186.2099999999988,SUPPORTING_ROBUSTNESS
I80,0.25,2009,status_residence_p95_ms,58.57999928571419,43.36142785714282,-15.218571428571366,SUPPORTING_ROBUSTNESS
I80,0.25,2010,status_residence_p95_ms,117.08857071428558,53.10714214285711,-63.981428571428474,SUPPORTING_ROBUSTNESS
I80,0.25,2011,status_residence_p95_ms,253.8228564285713,69.06285642857138,-184.75999999999993,SUPPORTING_ROBUSTNESS
I80,0.25,2012,status_residence_p95_ms,477.2914278571421,91.56857071428566,-385.7228571428564,SUPPORTING_ROBUSTNESS
I80,0.25,2013,status_residence_p95_ms,468.1242849999997,104.67857071428561,-363.4457142857141,SUPPORTING_ROBUSTNESS
I80,0.25,2014,status_residence_p95_ms,341.5957135714281,84.70857071428568,-256.8871428571424,SUPPORTING_ROBUSTNESS
I80,0.25,2015,status_residence_p95_ms,82.79999928571416,56.318570714285656,-26.48142857142851,SUPPORTING_ROBUSTNESS
I80,0.25,2016,status_residence_p95_ms,154.93428499999985,57.85428499999999,-97.07999999999986,SUPPORTING_ROBUSTNESS
I80,0.25,2017,status_residence_p95_ms,636.9114278571425,119.1585707142856,-517.7528571428569,SUPPORTING_ROBUSTNESS
I80,0.25,2018,status_residence_p95_ms,255.49428499999988,62.885713571428525,-192.60857142857134,SUPPORTING_ROBUSTNESS
I80,0.25,2019,status_residence_p95_ms,169.3014278571428,64.35571357142851,-104.9457142857143,SUPPORTING_ROBUSTNESS
I80,0.25,2020,status_residence_p95_ms,278.9428564285713,81.28857071428567,-197.65428571428563,SUPPORTING_ROBUSTNESS
I80,0.25,2001,service_duration_p95_ms,22.75999999999997,26.682857142857124,3.922857142857154,SUPPORTING_ROBUSTNESS
I80,0.25,2002,service_duration_p95_ms,28.364285714285703,33.89142857142854,5.527142857142838,SUPPORTING_ROBUSTNESS
I80,0.25,2003,service_duration_p95_ms,24.795714285714272,25.80714285714284,1.0114285714285671,SUPPORTING_ROBUSTNESS
I80,0.25,2004,service_duration_p95_ms,29.24999999999999,34.838571428571406,5.5885714285714165,SUPPORTING_ROBUSTNESS
I80,0.25,2005,service_duration_p95_ms,26.952857142857123,32.45857142857141,5.505714285714287,SUPPORTING_ROBUSTNESS
I80,0.25,2006,service_duration_p95_ms,22.70142857142856,25.724285714285706,3.022857142857145,SUPPORTING_ROBUSTNESS
I80,0.25,2007,service_duration_p95_ms,22.438571428571418,26.108571428571413,3.6699999999999946,SUPPORTING_ROBUSTNESS
I80,0.25,2008,service_duration_p95_ms,26.368571428571414,29.42142857142854,3.0528571428571247,SUPPORTING_ROBUSTNESS
I80,0.25,2009,service_duration_p95_ms,15.697142857142854,17.745714285714286,2.0485714285714316,SUPPORTING_ROBUSTNESS
I80,0.25,2010,service_duration_p95_ms,20.359999999999975,22.657142857142837,2.2971428571428625,SUPPORTING_ROBUSTNESS
I80,0.25,2011,service_duration_p95_ms,25.18571428571427,28.508571428571404,3.322857142857135,SUPPORTING_ROBUSTNESS
I80,0.25,2012,service_duration_p95_ms,27.92714285714284,33.502857142857124,5.575714285714284,SUPPORTING_ROBUSTNESS
I80,0.25,2013,service_duration_p95_ms,26.83571428571427,33.86142857142855,7.025714285714276,SUPPORTING_ROBUSTNESS
I80,0.25,2014,service_duration_p95_ms,29.149999999999963,33.385714285714265,4.235714285714302,SUPPORTING_ROBUSTNESS
I80,0.25,2015,service_duration_p95_ms,21.56857142857142,22.89142857142856,1.3228571428571385,SUPPORTING_ROBUSTNESS
I80,0.25,2016,service_duration_p95_ms,22.195714285714274,24.00285714285713,1.807142857142857,SUPPORTING_ROBUSTNESS
I80,0.25,2017,service_duration_p95_ms,29.479999999999986,39.14142857142855,9.661428571428562,SUPPORTING_ROBUSTNESS
I80,0.25,2018,service_duration_p95_ms,20.128571428571423,23.244285714285695,3.1157142857142723,SUPPORTING_ROBUSTNESS
I80,0.25,2019,service_duration_p95_ms,25.14428571428571,28.158571428571406,3.0142857142856947,SUPPORTING_ROBUSTNESS
I80,0.25,2020,service_duration_p95_ms,23.55714285714284,26.762857142857126,3.2057142857142864,SUPPORTING_ROBUSTNESS
I80,0.25,2001,fully_served_to_rx_p95_ms,24.715174599999997,22.714709,-2.0004655999999983,SUPPORTING_ROBUSTNESS
I80,0.25,2002,fully_served_to_rx_p95_ms,27.715013,27.714709,-0.00030399999999985994,SUPPORTING_ROBUSTNESS
I80,0.25,2003,fully_served_to_rx_p95_ms,28.714709,28.714709,0.0,SUPPORTING_ROBUSTNESS
I80,0.25,2004,fully_served_to_rx_p95_ms,22.714709,21.715716999999998,-0.9989920000000012,SUPPORTING_ROBUSTNESS
I80,0.25,2005,fully_served_to_rx_p95_ms,21.715719399999998,21.715677799999998,-4.159999999941988e-05,SUPPORTING_ROBUSTNESS
I80,0.25,2006,fully_served_to_rx_p95_ms,26.714861,26.714709,-0.00015199999999992997,SUPPORTING_ROBUSTNESS
I80,0.25,2007,fully_served_to_rx_p95_ms,25.714709,25.714709,0.0,SUPPORTING_ROBUSTNESS
I80,0.25,2008,fully_served_to_rx_p95_ms,26.7154174,26.715260999999998,-0.0001564000000016108,SUPPORTING_ROBUSTNESS
I80,0.25,2009,fully_served_to_rx_p95_ms,27.714709,27.714709,0.0,SUPPORTING_ROBUSTNESS
I80,0.25,2010,fully_served_to_rx_p95_ms,27.714709,26.715013,-0.9996960000000001,SUPPORTING_ROBUSTNESS
I80,0.25,2011,fully_served_to_rx_p95_ms,27.714709,26.714861,-0.9998480000000001,SUPPORTING_ROBUSTNESS
I80,0.25,2012,fully_served_to_rx_p95_ms,24.714709,24.714861,0.00015199999999992997,SUPPORTING_ROBUSTNESS
I80,0.25,2013,fully_served_to_rx_p95_ms,23.714861,22.714709,-1.000152,SUPPORTING_ROBUSTNESS
I80,0.25,2014,fully_served_to_rx_p95_ms,26.714709,25.714709,-1.0,SUPPORTING_ROBUSTNESS
I80,0.25,2015,fully_served_to_rx_p95_ms,27.714709,27.714709,0.0,SUPPORTING_ROBUSTNESS
I80,0.25,2016,fully_served_to_rx_p95_ms,26.7151194,26.715013,-0.00010639999999995098,SUPPORTING_ROBUSTNESS
I80,0.25,2017,fully_served_to_rx_p95_ms,21.715469,21.715389,-8.00000000005241e-05,SUPPORTING_ROBUSTNESS
I80,0.25,2018,fully_served_to_rx_p95_ms,25.714861,25.714861,0.0,SUPPORTING_ROBUSTNESS
I80,0.25,2019,fully_served_to_rx_p95_ms,28.714709,27.714709,-1.0,SUPPORTING_ROBUSTNESS
I80,0.25,2020,fully_served_to_rx_p95_ms,21.716157,21.716165,8.000000001118224e-06,SUPPORTING_ROBUSTNESS
I80,0.25,2001,delivery_age_p95_ms,201.16483061714274,86.75199827428565,-114.41283234285709,SUPPORTING_ROBUSTNESS
I80,0.25,2002,delivery_age_p95_ms,479.7019627199996,108.43910598857137,-371.2628567314282,SUPPORTING_ROBUSTNESS
I80,0.25,2003,delivery_age_p95_ms,276.2920256799997,80.13774781714282,-196.15427786285687,SUPPORTING_ROBUSTNESS
I80,0.25,2004,delivery_age_p95_ms,296.70478935999995,118.10338465142853,-178.6014047085714,SUPPORTING_ROBUSTNESS
I80,0.25,2005,delivery_age_p95_ms,416.29772748571366,115.89055438857137,-300.4071730971423,SUPPORTING_ROBUSTNESS
I80,0.25,2006,delivery_age_p95_ms,191.91490895999988,78.52341158857139,-113.39149737142849,SUPPORTING_ROBUSTNESS
I80,0.25,2007,delivery_age_p95_ms,212.17910135999986,90.54205918857136,-121.6370421714285,SUPPORTING_ROBUSTNESS
I80,0.25,2008,delivery_age_p95_ms,367.57627979428526,101.55196910857136,-266.0243106857139,SUPPORTING_ROBUSTNESS
I80,0.25,2009,delivery_age_p95_ms,88.18635282285709,65.62058555428568,-22.565767268571406,SUPPORTING_ROBUSTNESS
I80,0.25,2010,delivery_age_p95_ms,161.69919811428562,78.23911841142852,-83.4600797028571,SUPPORTING_ROBUSTNESS
I80,0.25,2011,delivery_age_p95_ms,295.0319766742853,93.67637610285706,-201.35560057142825,SUPPORTING_ROBUSTNESS
I80,0.25,2012,delivery_age_p95_ms,611.0976004228564,120.52197049142846,-490.57562993142795,SUPPORTING_ROBUSTNESS
I80,0.25,2013,delivery_age_p95_ms,562.9120077028566,133.45909602285707,-429.45291167999954,SUPPORTING_ROBUSTNESS
I80,0.25,2014,delivery_age_p95_ms,414.6933494285712,108.7862637714285,-305.9070856571427,SUPPORTING_ROBUSTNESS
I80,0.25,2015,delivery_age_p95_ms,115.93198873142842,81.87770236571424,-34.05428636571418,SUPPORTING_ROBUSTNESS
I80,0.25,2016,delivery_age_p95_ms,188.18196187428555,81.2805855542857,-106.90137631999986,SUPPORTING_ROBUSTNESS
I80,0.25,2017,delivery_age_p95_ms,723.9519082514284,145.88624011428564,-578.0656681371428,SUPPORTING_ROBUSTNESS
I80,0.25,2018,delivery_age_p95_ms,323.19769737142843,88.45052919999995,-234.74716817142848,SUPPORTING_ROBUSTNESS
I80,0.25,2019,delivery_age_p95_ms,201.05343065142847,91.75774282285711,-109.29568782857136,SUPPORTING_ROBUSTNESS
I80,0.25,2020,delivery_age_p95_ms,333.2148661714284,107.23342597714272,-225.9814401942857,SUPPORTING_ROBUSTNESS
I80,0.25,2001,useful_gap_p95_ms,245.39854061714283,241.18289259428565,-4.215648022857181,SUPPORTING_ROBUSTNESS
I80,0.25,2002,useful_gap_p95_ms,261.3642825257142,257.3371258742857,-4.027156651428527,SUPPORTING_ROBUSTNESS
I80,0.25,2003,useful_gap_p95_ms,245.06571899428556,245.5800495085714,0.514330514285831,SUPPORTING_ROBUSTNESS
I80,0.25,2004,useful_gap_p95_ms,270.94280202285705,264.8141688342856,-6.128633188571428,SUPPORTING_ROBUSTNESS
I80,0.25,2005,useful_gap_p95_ms,254.06148420571424,253.37153491428566,-0.6899492914285759,SUPPORTING_ROBUSTNESS
I80,0.25,2006,useful_gap_p95_ms,239.32852507428564,235.46429987428564,-3.864225199999993,SUPPORTING_ROBUSTNESS
I80,0.25,2007,useful_gap_p95_ms,242.0014556685714,240.4457615314285,-1.5556941371428934,SUPPORTING_ROBUSTNESS
I80,0.25,2008,useful_gap_p95_ms,253.35002110857133,251.0057299314285,-2.3442911771428214,SUPPORTING_ROBUSTNESS
I80,0.25,2009,useful_gap_p95_ms,227.46148843428568,227.42151825142852,-0.03997018285716081,SUPPORTING_ROBUSTNESS
I80,0.25,2010,useful_gap_p95_ms,238.11147307428564,235.80276693714285,-2.308706137142792,SUPPORTING_ROBUSTNESS
I80,0.25,2011,useful_gap_p95_ms,256.89430402285706,253.15717724571422,-3.7371267771428336,SUPPORTING_ROBUSTNESS
I80,0.25,2012,useful_gap_p95_ms,260.8999038285714,257.607138582857,-3.2927652457144063,SUPPORTING_ROBUSTNESS
I80,0.25,2013,useful_gap_p95_ms,269.594348982857,265.47722373714277,-4.117125245714249,SUPPORTING_ROBUSTNESS
I80,0.25,2014,useful_gap_p95_ms,264.67999439999994,262.3199493257142,-2.360045074285722,SUPPORTING_ROBUSTNESS
I80,0.25,2015,useful_gap_p95_ms,237.92857278857142,238.63710297142853,0.7085301828571176,SUPPORTING_ROBUSTNESS
I80,0.25,2016,useful_gap_p95_ms,242.29140330285708,238.61426999999995,-3.677133302857129,SUPPORTING_ROBUSTNESS
I80,0.25,2017,useful_gap_p95_ms,274.2227749599999,267.4284466057142,-6.79432835428571,SUPPORTING_ROBUSTNESS
I80,0.25,2018,useful_gap_p95_ms,236.47142833142854,237.77286395428567,1.3014356228571273,SUPPORTING_ROBUSTNESS
I80,0.25,2019,useful_gap_p95_ms,247.9685774628571,247.43718271999995,-0.5313947428571453,SUPPORTING_ROBUSTNESS
I80,0.25,2020,useful_gap_p95_ms,248.96428865142855,245.55576871999995,-3.4085199314286,SUPPORTING_ROBUSTNESS
I80,0.25,2001,qbar_bytes,200.11494926343403,195.97099447178775,-4.14395479164628,SUPPORTING_ROBUSTNESS
I80,0.25,2002,qbar_bytes,319.71103011086126,319.72131872124896,0.010288610387704011,SUPPORTING_ROBUSTNESS
I80,0.25,2003,qbar_bytes,182.77978932415374,181.9985776230408,-0.7812117011129374,SUPPORTING_ROBUSTNESS
I80,0.25,2004,qbar_bytes,316.45086043983537,358.7098940266707,42.25903358683536,SUPPORTING_ROBUSTNESS
I80,0.25,2005,qbar_bytes,314.2059811735034,317.87403695658367,3.6680557830802627,SUPPORTING_ROBUSTNESS
I80,0.25,2006,qbar_bytes,193.0495070339415,199.37736954171018,6.327862507768685,SUPPORTING_ROBUSTNESS
I80,0.25,2007,qbar_bytes,216.61514334534832,213.7848084940585,-2.8303348512898197,SUPPORTING_ROBUSTNESS
I80,0.25,2008,qbar_bytes,310.32010326435375,317.8039967552326,7.48389349087887,SUPPORTING_ROBUSTNESS
I80,0.25,2009,qbar_bytes,132.54719717038776,132.38465549871293,-0.16254167167483047,SUPPORTING_ROBUSTNESS
I80,0.25,2010,qbar_bytes,172.46038578357414,172.1131352492095,-0.34725053436463327,SUPPORTING_ROBUSTNESS
I80,0.25,2011,qbar_bytes,247.17089097285304,249.9397603029306,2.768869330077564,SUPPORTING_ROBUSTNESS
I80,0.25,2012,qbar_bytes,353.25696970065576,369.78452526392925,16.527555563273495,SUPPORTING_ROBUSTNESS
I80,0.25,2013,qbar_bytes,431.1423264455021,422.1628681170408,-8.979458328461305,SUPPORTING_ROBUSTNESS
I80,0.25,2014,qbar_bytes,342.84841831811156,362.7565635088517,19.90814519074013,SUPPORTING_ROBUSTNESS
I80,0.25,2015,qbar_bytes,189.63648462979864,189.98878669048025,0.35230206068160896,SUPPORTING_ROBUSTNESS
I80,0.25,2016,qbar_bytes,166.91838133792382,165.63623103686666,-1.2821503010571575,SUPPORTING_ROBUSTNESS
I80,0.25,2017,qbar_bytes,491.70499052060677,498.7055428084504,7.000552287843618,SUPPORTING_ROBUSTNESS
I80,0.25,2018,qbar_bytes,248.54783495003264,251.1336508294517,2.585815879419073,SUPPORTING_ROBUSTNESS
I80,0.25,2019,qbar_bytes,217.89181113594424,221.20892007706394,3.317108941119699,SUPPORTING_ROBUSTNESS
I80,0.25,2020,qbar_bytes,253.75995481209117,256.938095785064,3.1781409729728125,SUPPORTING_ROBUSTNESS
I80,0.25,2001,hbar_ms,30.51789836995699,26.593740213848506,-3.924158156108483,SUPPORTING_ROBUSTNESS
I80,0.25,2002,hbar_ms,75.15404552447902,62.789922030571226,-12.36412349390779,SUPPORTING_ROBUSTNESS
I80,0.25,2003,hbar_ms,36.89992984604104,28.91650329104698,-7.983426554994061,SUPPORTING_ROBUSTNESS
I80,0.25,2004,hbar_ms,63.839132881497314,67.3641220574768,3.524989175979492,SUPPORTING_ROBUSTNESS
I80,0.25,2005,hbar_ms,74.32556929869543,59.164023855926885,-15.161545442768542,SUPPORTING_ROBUSTNESS
I80,0.25,2006,hbar_ms,34.03603187199164,29.198493530544965,-4.837538341446674,SUPPORTING_ROBUSTNESS
I80,0.25,2007,hbar_ms,36.71416017109701,29.873897280187894,-6.840262890909113,SUPPORTING_ROBUSTNESS
I80,0.25,2008,hbar_ms,74.64120321515361,65.21389574195,-9.427307473203612,SUPPORTING_ROBUSTNESS
I80,0.25,2009,hbar_ms,18.670305335813715,15.773790644219796,-2.8965146915939197,SUPPORTING_ROBUSTNESS
I80,0.25,2010,hbar_ms,28.378247745521143,24.921418608863583,-3.4568291366575608,SUPPORTING_ROBUSTNESS
I80,0.25,2011,hbar_ms,42.163333696842535,39.660922539905286,-2.5024111569372494,SUPPORTING_ROBUSTNESS
I80,0.25,2012,hbar_ms,102.68755068391982,72.83929900906284,-29.848251674856982,SUPPORTING_ROBUSTNESS
I80,0.25,2013,hbar_ms,97.62516437823595,83.56828407105391,-14.056880307182041,SUPPORTING_ROBUSTNESS
I80,0.25,2014,hbar_ms,81.17752528697397,84.44599120296188,3.2684659159879033,SUPPORTING_ROBUSTNESS
I80,0.25,2015,hbar_ms,50.218948613686926,44.91642550182182,-5.302523111865106,SUPPORTING_ROBUSTNESS
I80,0.25,2016,hbar_ms,29.539683694552878,23.770426101773428,-5.76925759277945,SUPPORTING_ROBUSTNESS
I80,0.25,2017,hbar_ms,142.84996136894404,116.99675985105186,-25.853201517892174,SUPPORTING_ROBUSTNESS
I80,0.25,2018,hbar_ms,48.6741914938603,42.41204230846785,-6.262149185392445,SUPPORTING_ROBUSTNESS
I80,0.25,2019,hbar_ms,40.688522846349464,38.169432100095456,-2.519090746254008,SUPPORTING_ROBUSTNESS
I80,0.25,2020,hbar_ms,48.094220687264695,38.989001024474135,-9.10521966279056,SUPPORTING_ROBUSTNESS
I80,0.25,2001,backlog_occupancy,0.3431021283333333,0.34287237128435377,-0.00022975704897953975,SUPPORTING_ROBUSTNESS
I80,0.25,2002,backlog_occupancy,0.37613380990884354,0.37570263400136056,-0.0004311759074829835,SUPPORTING_ROBUSTNESS
I80,0.25,2003,backlog_occupancy,0.35892617103129254,0.35942821185034013,0.0005020408190475889,SUPPORTING_ROBUSTNESS
I80,0.25,2004,backlog_occupancy,0.4052671822408163,0.4062166866190476,0.0009495043782312695,SUPPORTING_ROBUSTNESS
I80,0.25,2005,backlog_occupancy,0.389613382292517,0.3887820314666667,-0.000831350825850341,SUPPORTING_ROBUSTNESS
I80,0.25,2006,backlog_occupancy,0.33781884354557823,0.33866655978911564,0.0008477162435374108,SUPPORTING_ROBUSTNESS
I80,0.25,2007,backlog_occupancy,0.344801137059864,0.34460675415782316,-0.00019438290204082387,SUPPORTING_ROBUSTNESS
I80,0.25,2008,backlog_occupancy,0.35559029172108847,0.3565844608312925,0.0009941691102040573,SUPPORTING_ROBUSTNESS
I80,0.25,2009,backlog_occupancy,0.2930011950312925,0.29286688987482995,-0.00013430515646256636,SUPPORTING_ROBUSTNESS
I80,0.25,2010,backlog_occupancy,0.3279279007687075,0.3280253351755102,9.743440680270998e-05,SUPPORTING_ROBUSTNESS
I80,0.25,2011,backlog_occupancy,0.36324329474013606,0.3616287952163265,-0.0016144995238095428,SUPPORTING_ROBUSTNESS
I80,0.25,2012,backlog_occupancy,0.4018887177020408,0.4018024008952381,-8.631680680271092e-05,SUPPORTING_ROBUSTNESS
I80,0.25,2013,backlog_occupancy,0.3992084066217687,0.39900354753333334,-0.00020485908843537182,SUPPORTING_ROBUSTNESS
I80,0.25,2014,backlog_occupancy,0.39923820265306126,0.3984872599891156,-0.0007509426639456529,SUPPORTING_ROBUSTNESS
I80,0.25,2015,backlog_occupancy,0.3393521379210884,0.3389398541496599,-0.00041228377142854544,SUPPORTING_ROBUSTNESS
I80,0.25,2016,backlog_occupancy,0.3431147423782313,0.34323892119047617,0.00012417881224485727,SUPPORTING_ROBUSTNESS
I80,0.25,2017,backlog_occupancy,0.4064420122557823,0.4053754038979592,-0.001066608357823129,SUPPORTING_ROBUSTNESS
I80,0.25,2018,backlog_occupancy,0.3480351311265306,0.3475076286965987,-0.0005275024299319364,SUPPORTING_ROBUSTNESS
I80,0.25,2019,backlog_occupancy,0.36269312930884356,0.3620277259986394,-0.000665403310204149,SUPPORTING_ROBUSTNESS
I80,0.25,2020,backlog_occupancy,0.33863590870748295,0.3377931292993197,-0.0008427794081632412,SUPPORTING_ROBUSTNESS
I80,0.25,2001,contention_count,59436.0,46584.0,-12852.0,SUPPORTING_ROBUSTNESS
I80,0.25,2002,contention_count,76333.0,55911.0,-20422.0,SUPPORTING_ROBUSTNESS
I80,0.25,2003,contention_count,56984.0,50247.0,-6737.0,SUPPORTING_ROBUSTNESS
I80,0.25,2004,contention_count,85185.0,62027.0,-23158.0,SUPPORTING_ROBUSTNESS
I80,0.25,2005,contention_count,75324.0,56350.0,-18974.0,SUPPORTING_ROBUSTNESS
I80,0.25,2006,contention_count,54958.0,45756.0,-9202.0,SUPPORTING_ROBUSTNESS
I80,0.25,2007,contention_count,60666.0,47788.0,-12878.0,SUPPORTING_ROBUSTNESS
I80,0.25,2008,contention_count,62288.0,50398.0,-11890.0,SUPPORTING_ROBUSTNESS
I80,0.25,2009,contention_count,44514.0,37383.0,-7131.0,SUPPORTING_ROBUSTNESS
I80,0.25,2010,contention_count,51666.0,43649.0,-8017.0,SUPPORTING_ROBUSTNESS
I80,0.25,2011,contention_count,71530.0,53537.0,-17993.0,SUPPORTING_ROBUSTNESS
I80,0.25,2012,contention_count,80155.0,59750.0,-20405.0,SUPPORTING_ROBUSTNESS
I80,0.25,2013,contention_count,77373.0,57151.0,-20222.0,SUPPORTING_ROBUSTNESS
I80,0.25,2014,contention_count,83535.0,60390.0,-23145.0,SUPPORTING_ROBUSTNESS
I80,0.25,2015,contention_count,51248.0,44964.0,-6284.0,SUPPORTING_ROBUSTNESS
I80,0.25,2016,contention_count,51320.0,45786.0,-5534.0,SUPPORTING_ROBUSTNESS
I80,0.25,2017,contention_count,85949.0,60142.0,-25807.0,SUPPORTING_ROBUSTNESS
I80,0.25,2018,contention_count,56716.0,46209.0,-10507.0,SUPPORTING_ROBUSTNESS
I80,0.25,2019,contention_count,58114.0,49408.0,-8706.0,SUPPORTING_ROBUSTNESS
I80,0.25,2020,contention_count,58956.0,45522.0,-13434.0,SUPPORTING_ROBUSTNESS
I80,0.25,2001,select_priority_count,0.0,20796.0,20796.0,SUPPORTING_ROBUSTNESS
I80,0.25,2002,select_priority_count,0.0,20754.0,20754.0,SUPPORTING_ROBUSTNESS
I80,0.25,2003,select_priority_count,0.0,20795.0,20795.0,SUPPORTING_ROBUSTNESS
I80,0.25,2004,select_priority_count,0.0,20723.0,20723.0,SUPPORTING_ROBUSTNESS
I80,0.25,2005,select_priority_count,0.0,20744.0,20744.0,SUPPORTING_ROBUSTNESS
I80,0.25,2006,select_priority_count,0.0,20775.0,20775.0,SUPPORTING_ROBUSTNESS
I80,0.25,2007,select_priority_count,0.0,20790.0,20790.0,SUPPORTING_ROBUSTNESS
I80,0.25,2008,select_priority_count,0.0,20707.0,20707.0,SUPPORTING_ROBUSTNESS
I80,0.25,2009,select_priority_count,0.0,20792.0,20792.0,SUPPORTING_ROBUSTNESS
I80,0.25,2010,select_priority_count,0.0,20792.0,20792.0,SUPPORTING_ROBUSTNESS
I80,0.25,2011,select_priority_count,0.0,20797.0,20797.0,SUPPORTING_ROBUSTNESS
I80,0.25,2012,select_priority_count,0.0,20717.0,20717.0,SUPPORTING_ROBUSTNESS
I80,0.25,2013,select_priority_count,0.0,20727.0,20727.0,SUPPORTING_ROBUSTNESS
I80,0.25,2014,select_priority_count,0.0,20711.0,20711.0,SUPPORTING_ROBUSTNESS
I80,0.25,2015,select_priority_count,0.0,20742.0,20742.0,SUPPORTING_ROBUSTNESS
I80,0.25,2016,select_priority_count,0.0,20782.0,20782.0,SUPPORTING_ROBUSTNESS
I80,0.25,2017,select_priority_count,0.0,20638.0,20638.0,SUPPORTING_ROBUSTNESS
I80,0.25,2018,select_priority_count,0.0,20773.0,20773.0,SUPPORTING_ROBUSTNESS
I80,0.25,2019,select_priority_count,0.0,20771.0,20771.0,SUPPORTING_ROBUSTNESS
I80,0.25,2020,select_priority_count,0.0,20764.0,20764.0,SUPPORTING_ROBUSTNESS
I80,0.25,2001,select_fifo_count,72637.0,51870.0,-20767.0,SUPPORTING_ROBUSTNESS
I80,0.25,2002,select_fifo_count,72449.0,51698.0,-20751.0,SUPPORTING_ROBUSTNESS
I80,0.25,2003,select_fifo_count,72605.0,51833.0,-20772.0,SUPPORTING_ROBUSTNESS
I80,0.25,2004,select_fifo_count,72273.0,51574.0,-20699.0,SUPPORTING_ROBUSTNESS
I80,0.25,2005,select_fifo_count,72386.0,51643.0,-20743.0,SUPPORTING_ROBUSTNESS
I80,0.25,2006,select_fifo_count,72540.0,51778.0,-20762.0,SUPPORTING_ROBUSTNESS
I80,0.25,2007,select_fifo_count,72462.0,51746.0,-20716.0,SUPPORTING_ROBUSTNESS
I80,0.25,2008,select_fifo_count,72177.0,51466.0,-20711.0,SUPPORTING_ROBUSTNESS
I80,0.25,2009,select_fifo_count,72696.0,51922.0,-20774.0,SUPPORTING_ROBUSTNESS
I80,0.25,2010,select_fifo_count,72654.0,51873.0,-20781.0,SUPPORTING_ROBUSTNESS
I80,0.25,2011,select_fifo_count,72669.0,51872.0,-20797.0,SUPPORTING_ROBUSTNESS
I80,0.25,2012,select_fifo_count,72134.0,51535.0,-20599.0,SUPPORTING_ROBUSTNESS
I80,0.25,2013,select_fifo_count,71944.0,51288.0,-20656.0,SUPPORTING_ROBUSTNESS
I80,0.25,2014,select_fifo_count,72350.0,51622.0,-20728.0,SUPPORTING_ROBUSTNESS
I80,0.25,2015,select_fifo_count,72414.0,51698.0,-20716.0,SUPPORTING_ROBUSTNESS
I80,0.25,2016,select_fifo_count,72556.0,51795.0,-20761.0,SUPPORTING_ROBUSTNESS
I80,0.25,2017,select_fifo_count,71722.0,51058.0,-20664.0,SUPPORTING_ROBUSTNESS
I80,0.25,2018,select_fifo_count,72447.0,51700.0,-20747.0,SUPPORTING_ROBUSTNESS
I80,0.25,2019,select_fifo_count,72520.0,51764.0,-20756.0,SUPPORTING_ROBUSTNESS
I80,0.25,2020,select_fifo_count,72485.0,51715.0,-20770.0,SUPPORTING_ROBUSTNESS
I80,0.25,2001,continue_partial_count,305483.0,304713.0,-770.0,SUPPORTING_ROBUSTNESS
I80,0.25,2002,continue_partial_count,346392.0,346908.0,516.0,SUPPORTING_ROBUSTNESS
I80,0.25,2003,continue_partial_count,345968.0,346934.0,966.0,SUPPORTING_ROBUSTNESS
I80,0.25,2004,continue_partial_count,375740.0,376951.0,1211.0,SUPPORTING_ROBUSTNESS
I80,0.25,2005,continue_partial_count,357168.0,356814.0,-354.0,SUPPORTING_ROBUSTNESS
I80,0.25,2006,continue_partial_count,306901.0,307600.0,699.0,SUPPORTING_ROBUSTNESS
I80,0.25,2007,continue_partial_count,315669.0,315726.0,57.0,SUPPORTING_ROBUSTNESS
I80,0.25,2008,continue_partial_count,324675.0,323973.0,-702.0,SUPPORTING_ROBUSTNESS
I80,0.25,2009,continue_partial_count,258901.0,258888.0,-13.0,SUPPORTING_ROBUSTNESS
I80,0.25,2010,continue_partial_count,296819.0,296723.0,-96.0,SUPPORTING_ROBUSTNESS
I80,0.25,2011,continue_partial_count,333116.0,331947.0,-1169.0,SUPPORTING_ROBUSTNESS
I80,0.25,2012,continue_partial_count,368650.0,369836.0,1186.0,SUPPORTING_ROBUSTNESS
I80,0.25,2013,continue_partial_count,357600.0,358166.0,566.0,SUPPORTING_ROBUSTNESS
I80,0.25,2014,continue_partial_count,372635.0,372854.0,219.0,SUPPORTING_ROBUSTNESS
I80,0.25,2015,continue_partial_count,316437.0,315911.0,-526.0,SUPPORTING_ROBUSTNESS
I80,0.25,2016,continue_partial_count,317875.0,318018.0,143.0,SUPPORTING_ROBUSTNESS
I80,0.25,2017,continue_partial_count,363440.0,361960.0,-1480.0,SUPPORTING_ROBUSTNESS
I80,0.25,2018,continue_partial_count,319735.0,319988.0,253.0,SUPPORTING_ROBUSTNESS
I80,0.25,2019,continue_partial_count,342126.0,342261.0,135.0,SUPPORTING_ROBUSTNESS
I80,0.25,2020,continue_partial_count,294975.0,294790.0,-185.0,SUPPORTING_ROBUSTNESS
I80,0.25,2001,bg_pdr,0.984615,0.984594,-2.1000000000048757e-05,SUPPORTING_ROBUSTNESS
I80,0.25,2002,bg_pdr,0.975215,0.975563,0.00034799999999990394,SUPPORTING_ROBUSTNESS
I80,0.25,2003,bg_pdr,0.9775,0.977565,6.499999999998174e-05,SUPPORTING_ROBUSTNESS
I80,0.25,2004,bg_pdr,0.9775,0.977021,-0.0004790000000000072,SUPPORTING_ROBUSTNESS
I80,0.25,2005,bg_pdr,0.980154,0.978414,-0.0017399999999999638,SUPPORTING_ROBUSTNESS
I80,0.25,2006,bg_pdr,0.983723,0.98331,-0.0004129999999999967,SUPPORTING_ROBUSTNESS
I80,0.25,2007,bg_pdr,0.98294,0.982766,-0.00017400000000000748,SUPPORTING_ROBUSTNESS
I80,0.25,2008,bg_pdr,0.975063,0.973953,-0.0011100000000000554,SUPPORTING_ROBUSTNESS
I80,0.25,2009,bg_pdr,0.98653,0.98677,0.00024000000000001798,SUPPORTING_ROBUSTNESS
I80,0.25,2010,bg_pdr,0.984158,0.98418,2.2000000000077513e-05,SUPPORTING_ROBUSTNESS
I80,0.25,2011,bg_pdr,0.980699,0.980742,4.300000000001525e-05,SUPPORTING_ROBUSTNESS
I80,0.25,2012,bg_pdr,0.972995,0.974627,0.0016319999999999668,SUPPORTING_ROBUSTNESS
I80,0.25,2013,bg_pdr,0.970993,0.969688,-0.0013050000000000006,SUPPORTING_ROBUSTNESS
I80,0.25,2014,bg_pdr,0.975237,0.975258,2.0999999999937735e-05,SUPPORTING_ROBUSTNESS
I80,0.25,2015,bg_pdr,0.979175,0.979393,0.00021799999999994046,SUPPORTING_ROBUSTNESS
I80,0.25,2016,bg_pdr,0.979197,0.978283,-0.0009139999999999704,SUPPORTING_ROBUSTNESS
I80,0.25,2017,bg_pdr,0.969122,0.967229,-0.0018930000000000335,SUPPORTING_ROBUSTNESS
I80,0.25,2018,bg_pdr,0.98035,0.979937,-0.0004130000000001077,SUPPORTING_ROBUSTNESS
I80,0.25,2019,bg_pdr,0.977173,0.977565,0.00039200000000005897,SUPPORTING_ROBUSTNESS
I80,0.25,2020,bg_pdr,0.983593,0.982983,-0.0006099999999999994,SUPPORTING_ROBUSTNESS
I80,0.25,2001,bg_mean_delay_ms,64.2528,66.1318,1.8790000000000049,SUPPORTING_ROBUSTNESS
I80,0.25,2002,bg_mean_delay_ms,87.8746,93.8764,6.001800000000003,SUPPORTING_ROBUSTNESS
I80,0.25,2003,bg_mean_delay_ms,61.183,64.499,3.3159999999999954,SUPPORTING_ROBUSTNESS
I80,0.25,2004,bg_mean_delay_ms,84.129,100.118,15.98899999999999,SUPPORTING_ROBUSTNESS
I80,0.25,2005,bg_mean_delay_ms,85.3915,94.5667,9.175200000000004,SUPPORTING_ROBUSTNESS
I80,0.25,2006,bg_mean_delay_ms,62.0037,65.8536,3.849899999999998,SUPPORTING_ROBUSTNESS
I80,0.25,2007,bg_mean_delay_ms,64.3538,66.0321,1.678299999999993,SUPPORTING_ROBUSTNESS
I80,0.25,2008,bg_mean_delay_ms,81.7979,88.9779,7.180000000000007,SUPPORTING_ROBUSTNESS
I80,0.25,2009,bg_mean_delay_ms,48.9285,49.8633,0.9348000000000027,SUPPORTING_ROBUSTNESS
I80,0.25,2010,bg_mean_delay_ms,58.686,60.5481,1.862099999999998,SUPPORTING_ROBUSTNESS
I80,0.25,2011,bg_mean_delay_ms,75.3811,80.7658,5.384699999999995,SUPPORTING_ROBUSTNESS
I80,0.25,2012,bg_mean_delay_ms,89.8061,101.28,11.4739,SUPPORTING_ROBUSTNESS
I80,0.25,2013,bg_mean_delay_ms,102.763,108.365,5.60199999999999,SUPPORTING_ROBUSTNESS
I80,0.25,2014,bg_mean_delay_ms,90.3669,104.663,14.296099999999996,SUPPORTING_ROBUSTNESS
I80,0.25,2015,bg_mean_delay_ms,52.8342,53.0508,0.21659999999999968,SUPPORTING_ROBUSTNESS
I80,0.25,2016,bg_mean_delay_ms,55.4588,56.9407,1.481900000000003,SUPPORTING_ROBUSTNESS
I80,0.25,2017,bg_mean_delay_ms,114.02,123.162,9.14200000000001,SUPPORTING_ROBUSTNESS
I80,0.25,2018,bg_mean_delay_ms,73.0713,79.3536,6.282300000000006,SUPPORTING_ROBUSTNESS
I80,0.25,2019,bg_mean_delay_ms,66.9819,71.1406,4.15870000000001,SUPPORTING_ROBUSTNESS
I80,0.25,2020,bg_mean_delay_ms,74.4597,79.3001,4.8404000000000025,SUPPORTING_ROBUSTNESS
I80,0.25,2001,bg_p95_delay_ms,125.0,125.0,0.0,SUPPORTING_ROBUSTNESS
I80,0.25,2002,bg_p95_delay_ms,190.0,187.0,-3.0,SUPPORTING_ROBUSTNESS
I80,0.25,2003,bg_p95_delay_ms,115.0,115.0,0.0,SUPPORTING_ROBUSTNESS
I80,0.25,2004,bg_p95_delay_ms,210.0,240.0,30.0,SUPPORTING_ROBUSTNESS
I80,0.25,2005,bg_p95_delay_ms,171.0,167.0,-4.0,SUPPORTING_ROBUSTNESS
I80,0.25,2006,bg_p95_delay_ms,117.0,118.0,1.0,SUPPORTING_ROBUSTNESS
I80,0.25,2007,bg_p95_delay_ms,124.0,124.0,0.0,SUPPORTING_ROBUSTNESS
I80,0.25,2008,bg_p95_delay_ms,126.0,127.0,1.0,SUPPORTING_ROBUSTNESS
I80,0.25,2009,bg_p95_delay_ms,103.0,102.0,-1.0,SUPPORTING_ROBUSTNESS
I80,0.25,2010,bg_p95_delay_ms,114.0,114.0,0.0,SUPPORTING_ROBUSTNESS
I80,0.25,2011,bg_p95_delay_ms,161.0,155.0,-6.0,SUPPORTING_ROBUSTNESS
I80,0.25,2012,bg_p95_delay_ms,195.0,206.0,11.0,SUPPORTING_ROBUSTNESS
I80,0.25,2013,bg_p95_delay_ms,195.0,197.0,2.0,SUPPORTING_ROBUSTNESS
I80,0.25,2014,bg_p95_delay_ms,208.0,214.0,6.0,SUPPORTING_ROBUSTNESS
I80,0.25,2015,bg_p95_delay_ms,112.0,112.0,0.0,SUPPORTING_ROBUSTNESS
I80,0.25,2016,bg_p95_delay_ms,111.0,110.0,-1.0,SUPPORTING_ROBUSTNESS
I80,0.25,2017,bg_p95_delay_ms,252.0,237.0,-15.0,SUPPORTING_ROBUSTNESS
I80,0.25,2018,bg_p95_delay_ms,116.0,116.0,0.0,SUPPORTING_ROBUSTNESS
I80,0.25,2019,bg_p95_delay_ms,118.0,118.0,0.0,SUPPORTING_ROBUSTNESS
I80,0.25,2020,bg_p95_delay_ms,130.0,132.0,2.0,SUPPORTING_ROBUSTNESS
I80,0.25,2001,bg_p99_delay_ms,566.8752680479998,620.4452819794287,53.57001393142889,SUPPORTING_ROBUSTNESS
I80,0.25,2002,bg_p99_delay_ms,1034.0838835291427,1187.5004129851422,153.41652945599958,SUPPORTING_ROBUSTNESS
I80,0.25,2003,bg_p99_delay_ms,522.4903554628573,565.5920902377134,43.10173477485603,SUPPORTING_ROBUSTNESS
I80,0.25,2004,bg_p99_delay_ms,828.500404157714,1055.7646761622857,227.2642720045717,SUPPORTING_ROBUSTNESS
I80,0.25,2005,bg_p99_delay_ms,1178.930043380572,1346.8192554399996,167.88921205942756,SUPPORTING_ROBUSTNESS
I80,0.25,2006,bg_p99_delay_ms,678.2535141462859,781.5169448091426,103.26343066285676,SUPPORTING_ROBUSTNESS
I80,0.25,2007,bg_p99_delay_ms,624.278319851428,644.0723616868562,19.794041835428175,SUPPORTING_ROBUSTNESS
I80,0.25,2008,bg_p99_delay_ms,1119.3835557165717,1283.0586477691409,163.6750920525692,SUPPORTING_ROBUSTNESS
I80,0.25,2009,bg_p99_delay_ms,358.91549580342877,398.1727096594285,39.25721385599974,SUPPORTING_ROBUSTNESS
I80,0.25,2010,bg_p99_delay_ms,642.1443414125721,694.8220779542856,52.67773654171356,SUPPORTING_ROBUSTNESS
I80,0.25,2011,bg_p99_delay_ms,570.8672661577143,710.6324355382856,139.76516938057125,SUPPORTING_ROBUSTNESS
I80,0.25,2012,bg_p99_delay_ms,1306.811764413714,1452.203576406856,145.39181199314203,SUPPORTING_ROBUSTNESS
I80,0.25,2013,bg_p99_delay_ms,1213.0737964982861,1381.3180392662853,168.24424276799914,SUPPORTING_ROBUSTNESS
I80,0.25,2014,bg_p99_delay_ms,870.8718197919998,1010.2420509234274,139.37023113142766,SUPPORTING_ROBUSTNESS
I80,0.25,2015,bg_p99_delay_ms,664.4238128205715,715.454396754278,51.030583933706566,SUPPORTING_ROBUSTNESS
I80,0.25,2016,bg_p99_delay_ms,370.9677851268573,411.81234914742856,40.84456402057128,SUPPORTING_ROBUSTNESS
I80,0.25,2017,bg_p99_delay_ms,1406.95604800686,1815.9289552000002,408.97290719314014,SUPPORTING_ROBUSTNESS
I80,0.25,2018,bg_p99_delay_ms,860.3032415908591,1035.5246124228574,175.22137083199834,SUPPORTING_ROBUSTNESS
I80,0.25,2019,bg_p99_delay_ms,498.0915199999998,488.8412329622854,-9.250287037714372,SUPPORTING_ROBUSTNESS
I80,0.25,2020,bg_p99_delay_ms,720.8189669691419,800.8083414742852,79.98937450514325,SUPPORTING_ROBUSTNESS
I80,0.25,2001,bg_worst_ue_p95_ms,1420.329425999991,1592.479426000003,172.15000000001214,SUPPORTING_ROBUSTNESS
I80,0.25,2002,bg_worst_ue_p95_ms,2558.9294259999997,3407.279431199998,848.3500051999981,SUPPORTING_ROBUSTNESS
I80,0.25,2003,bg_worst_ue_p95_ms,2197.2294260000103,3745.1294259999263,1547.899999999916,SUPPORTING_ROBUSTNESS
I80,0.25,2004,bg_worst_ue_p95_ms,1553.3296775999995,1962.3294259999968,408.9997483999973,SUPPORTING_ROBUSTNESS
I80,0.25,2005,bg_worst_ue_p95_ms,2612.9294259999997,3261.1294259999986,648.1999999999989,SUPPORTING_ROBUSTNESS
I80,0.25,2006,bg_worst_ue_p95_ms,628.1794259999999,1005.6294259999943,377.44999999999436,SUPPORTING_ROBUSTNESS
I80,0.25,2007,bg_worst_ue_p95_ms,2186.629440799998,1721.929426,-464.70001479999814,SUPPORTING_ROBUSTNESS
I80,0.25,2008,bg_worst_ue_p95_ms,2135.329603599999,3444.2296331999964,1308.9000295999977,SUPPORTING_ROBUSTNESS
I80,0.25,2009,bg_worst_ue_p95_ms,478.32942599999916,505.82972199999915,27.50029599999999,SUPPORTING_ROBUSTNESS
I80,0.25,2010,bg_worst_ue_p95_ms,845.9294259999999,946.9294259999999,101.0,SUPPORTING_ROBUSTNESS
I80,0.25,2011,bg_worst_ue_p95_ms,2828.7294323999995,3233.3295779999985,404.600145599999,SUPPORTING_ROBUSTNESS
I80,0.25,2012,bg_worst_ue_p95_ms,1503.1794259999995,1849.529425999999,346.34999999999945,SUPPORTING_ROBUSTNESS
I80,0.25,2013,bg_worst_ue_p95_ms,2779.9294259999997,3546.9294259999997,767.0,SUPPORTING_ROBUSTNESS
I80,0.25,2014,bg_worst_ue_p95_ms,2351.929648,3304.5295475999983,952.5998995999985,SUPPORTING_ROBUSTNESS
I80,0.25,2015,bg_worst_ue_p95_ms,889.8294555999973,709.6794259999958,-180.15002960000152,SUPPORTING_ROBUSTNESS
I80,0.25,2016,bg_worst_ue_p95_ms,3298.3294260000002,4175.3294703999945,877.0000443999943,SUPPORTING_ROBUSTNESS
I80,0.25,2017,bg_worst_ue_p95_ms,4372.7297516,5884.929722,1512.1999704,SUPPORTING_ROBUSTNESS
I80,0.25,2018,bg_worst_ue_p95_ms,1933.9296539999998,2458.329425999995,524.399771999995,SUPPORTING_ROBUSTNESS
I80,0.25,2019,bg_worst_ue_p95_ms,3077.1294407999994,4401.729425999996,1324.5999851999968,SUPPORTING_ROBUSTNESS
I80,0.25,2020,bg_worst_ue_p95_ms,2804.5294259999946,3298.679425999959,494.1499999999646,SUPPORTING_ROBUSTNESS
I80,0.25,2001,bg_worst_ue_p99_ms,3897.730382800001,4210.530614800002,312.80023200000096,SUPPORTING_ROBUSTNESS
I80,0.25,2002,bg_worst_ue_p99_ms,9048.130952079997,11126.730086239995,2078.5991341599984,SUPPORTING_ROBUSTNESS
I80,0.25,2003,bg_worst_ue_p99_ms,6569.329606560006,7552.589425999963,983.259819439957,SUPPORTING_ROBUSTNESS
I80,0.25,2004,bg_worst_ue_p99_ms,5728.529662799999,7276.379440800003,1547.8497780000043,SUPPORTING_ROBUSTNESS
I80,0.25,2005,bg_worst_ue_p99_ms,9590.189426000003,8547.329449679983,-1042.85997632002,SUPPORTING_ROBUSTNESS
I80,0.25,2006,bg_worst_ue_p99_ms,5574.129426000001,7182.289639120001,1608.1602131199998,SUPPORTING_ROBUSTNESS
I80,0.25,2007,bg_worst_ue_p99_ms,3594.7895414399973,3673.629677599996,78.84013615999856,SUPPORTING_ROBUSTNESS
I80,0.25,2008,bg_worst_ue_p99_ms,6290.609426000004,8246.929425999999,1956.3199999999952,SUPPORTING_ROBUSTNESS
I80,0.25,2009,bg_worst_ue_p99_ms,3230.1394340000006,3417.929988399993,187.7905543999923,SUPPORTING_ROBUSTNESS
I80,0.25,2010,bg_worst_ue_p99_ms,5400.479426000002,6170.9294260000015,770.4499999999998,SUPPORTING_ROBUSTNESS
I80,0.25,2011,bg_worst_ue_p99_ms,3531.6894259999995,4190.7694260000035,659.080000000004,SUPPORTING_ROBUSTNESS
I80,0.25,2012,bg_worst_ue_p99_ms,9716.439425999995,10951.129559199995,1234.6901331999998,SUPPORTING_ROBUSTNESS
I80,0.25,2013,bg_worst_ue_p99_ms,5576.8494314399995,6079.249450320001,502.4000188800019,SUPPORTING_ROBUSTNESS
I80,0.25,2014,bg_worst_ue_p99_ms,10703.549426000001,10297.129662800002,-406.4197631999996,SUPPORTING_ROBUSTNESS
I80,0.25,2015,bg_worst_ue_p99_ms,12918.490017999999,14035.250160319732,1116.7601423197339,SUPPORTING_ROBUSTNESS
I80,0.25,2016,bg_worst_ue_p99_ms,4713.679716080001,5706.229425999998,992.5497099199974,SUPPORTING_ROBUSTNESS
I80,0.25,2017,bg_worst_ue_p99_ms,10152.689425999997,14296.329425999997,4143.639999999999,SUPPORTING_ROBUSTNESS
I80,0.25,2018,bg_worst_ue_p99_ms,4689.749425999994,6180.289425999987,1490.5399999999927,SUPPORTING_ROBUSTNESS
I80,0.25,2019,bg_worst_ue_p99_ms,6161.439426000001,6939.769497039993,778.3300710399926,SUPPORTING_ROBUSTNESS
I80,0.25,2020,bg_worst_ue_p99_ms,5681.559425999998,6238.089426,556.5300000000016,SUPPORTING_ROBUSTNESS
I80,0.25,2001,a_plus_s2,0.21088073563900606,0.13302120828707986,-0.0778595273519262,SUPPORTING_ROBUSTNESS
I80,0.25,2002,a_plus_s2,0.27240645975730604,0.16292095147704197,-0.10948550828026407,SUPPORTING_ROBUSTNESS
I80,0.25,2003,a_plus_s2,0.20655382780404827,0.12567857800003177,-0.0808752498040165,SUPPORTING_ROBUSTNESS
I80,0.25,2004,a_plus_s2,0.22577420333905018,0.14713051672249589,-0.0786436866165543,SUPPORTING_ROBUSTNESS
I80,0.25,2005,a_plus_s2,0.3256678176660061,0.1745511223884982,-0.1511166952775079,SUPPORTING_ROBUSTNESS
I80,0.25,2006,a_plus_s2,0.46449038900208356,0.22398270092516442,-0.24050768807691913,SUPPORTING_ROBUSTNESS
I80,0.25,2007,a_plus_s2,0.20096043396132282,0.14767763156606095,-0.05328280239526187,SUPPORTING_ROBUSTNESS
I80,0.25,2008,a_plus_s2,0.11903030884964652,0.11525206162906794,-0.0037782472205785816,SUPPORTING_ROBUSTNESS
I80,0.25,2009,a_plus_s2,0.1879122287948252,0.13652035291820397,-0.051391875876621224,SUPPORTING_ROBUSTNESS
I80,0.25,2010,a_plus_s2,0.2912639776419791,0.1584639375457752,-0.1328000400962039,SUPPORTING_ROBUSTNESS
I80,0.25,2011,a_plus_s2,0.3422049703514596,0.17027241974811125,-0.17193255060334833,SUPPORTING_ROBUSTNESS
I80,0.25,2012,a_plus_s2,0.46243173315247765,0.18587082514341557,-0.2765609080090621,SUPPORTING_ROBUSTNESS
I80,0.25,2013,a_plus_s2,0.31322129738771565,0.17151554509075206,-0.14170575229696358,SUPPORTING_ROBUSTNESS
I80,0.25,2014,a_plus_s2,0.28382279196443155,0.14492234876811605,-0.1389004431963155,SUPPORTING_ROBUSTNESS
I80,0.25,2015,a_plus_s2,0.2827506298849139,0.1992402492157785,-0.08351038066913541,SUPPORTING_ROBUSTNESS
I80,0.25,2016,a_plus_s2,0.18037972816452646,0.12470051336933584,-0.055679214795190626,SUPPORTING_ROBUSTNESS
I80,0.25,2017,a_plus_s2,0.4444767348207065,0.1949634478786456,-0.24951328694206087,SUPPORTING_ROBUSTNESS
I80,0.25,2018,a_plus_s2,0.578217776555853,0.23144491618347565,-0.3467728603723774,SUPPORTING_ROBUSTNESS
I80,0.25,2019,a_plus_s2,0.17716066231353836,0.12724228877676405,-0.04991837353677431,SUPPORTING_ROBUSTNESS
I80,0.25,2020,a_plus_s2,0.32984096949759445,0.23307058424212732,-0.09677038525546713,SUPPORTING_ROBUSTNESS
I80,0.25,2001,post_ho_fresh_ms,194.88635437142858,185.9291904857143,-8.957163885714294,SUPPORTING_ROBUSTNESS
I80,0.25,2002,post_ho_fresh_ms,205.11481745714286,200.4292488857143,-4.6855685714285755,SUPPORTING_ROBUSTNESS
I80,0.25,2003,post_ho_fresh_ms,195.97205208571427,190.34342385714285,-5.628628228571415,SUPPORTING_ROBUSTNESS
I80,0.25,2004,post_ho_fresh_ms,195.58634602857143,192.20056077142857,-3.3857852571428566,SUPPORTING_ROBUSTNESS
I80,0.25,2005,post_ho_fresh_ms,230.2434194,197.3863058,-32.85711359999999,SUPPORTING_ROBUSTNESS
I80,0.25,2006,post_ho_fresh_ms,253.2005556285714,222.1434234,-31.05713222857142,SUPPORTING_ROBUSTNESS
I80,0.25,2007,post_ho_fresh_ms,216.35775059999997,208.67199357142854,-7.68575702857143,SUPPORTING_ROBUSTNESS
I80,0.25,2008,post_ho_fresh_ms,177.3577432857143,176.27199242857142,-1.0857508571428696,SUPPORTING_ROBUSTNESS
I80,0.25,2009,post_ho_fresh_ms,184.24350099999998,178.94353757142855,-5.299963428571431,SUPPORTING_ROBUSTNESS
I80,0.25,2010,post_ho_fresh_ms,202.32911208571426,202.51484705714284,0.18573497142858741,SUPPORTING_ROBUSTNESS
I80,0.25,2011,post_ho_fresh_ms,196.7862874,201.92916991428572,5.142882514285731,SUPPORTING_ROBUSTNESS
I80,0.25,2012,post_ho_fresh_ms,221.65769814285713,221.1577220285714,-0.4999761142857153,SUPPORTING_ROBUSTNESS
I80,0.25,2013,post_ho_fresh_ms,200.40057757142856,191.24340728571428,-9.157170285714272,SUPPORTING_ROBUSTNESS
I80,0.25,2014,post_ho_fresh_ms,189.1005515142857,184.44341402857142,-4.657137485714287,SUPPORTING_ROBUSTNESS
I80,0.25,2015,post_ho_fresh_ms,226.7148426,204.48631619999998,-22.22852640000002,SUPPORTING_ROBUSTNESS
I80,0.25,2016,post_ho_fresh_ms,202.986345,193.28630077142859,-9.700044228571414,SUPPORTING_ROBUSTNESS
I80,0.25,2017,post_ho_fresh_ms,238.52910568571426,229.54338282857142,-8.985722857142832,SUPPORTING_ROBUSTNESS
I80,0.25,2018,post_ho_fresh_ms,240.35771437142856,245.8434091142857,5.4856947428571345,SUPPORTING_ROBUSTNESS
I80,0.25,2019,post_ho_fresh_ms,208.60061368571428,212.10056957142857,3.499955885714286,SUPPORTING_ROBUSTNESS
I80,0.25,2020,post_ho_fresh_ms,231.25774511428568,218.8006187142857,-12.457126399999993,SUPPORTING_ROBUSTNESS
I40,0.5,2001,aoi_p95_ms,561.8595164276545,252.20563299498858,-309.6538834326659,SUPPORTING_ROBUSTNESS
I40,0.5,2002,aoi_p95_ms,976.9399503557464,297.3783781142496,-679.5615722414968,SUPPORTING_ROBUSTNESS
I40,0.5,2003,aoi_p95_ms,558.8045326922905,255.3262498989484,-303.47828279334215,SUPPORTING_ROBUSTNESS
I40,0.5,2004,aoi_p95_ms,1162.8144225212197,301.33233676998543,-861.4820857512343,SUPPORTING_ROBUSTNESS
I40,0.5,2005,aoi_p95_ms,1185.7329355657182,275.81860701622696,-909.9143285494913,SUPPORTING_ROBUSTNESS
I40,0.5,2006,aoi_p95_ms,619.1577398270556,254.59134863135003,-364.5663911957056,SUPPORTING_ROBUSTNESS
I40,0.5,2007,aoi_p95_ms,707.9134147464383,255.92009852061744,-451.9933162258209,SUPPORTING_ROBUSTNESS
I40,0.5,2008,aoi_p95_ms,998.9935103538639,291.6758929387342,-707.3176174151297,SUPPORTING_ROBUSTNESS
I40,0.5,2009,aoi_p95_ms,453.1031984551473,255.69446959134766,-197.40872886379967,SUPPORTING_ROBUSTNESS
I40,0.5,2010,aoi_p95_ms,480.90796807534963,247.85458834795767,-233.05337972739196,SUPPORTING_ROBUSTNESS
I40,0.5,2011,aoi_p95_ms,721.172819887512,263.4335928801754,-457.7392270073366,SUPPORTING_ROBUSTNESS
I40,0.5,2012,aoi_p95_ms,1371.0872484264353,306.2039166151278,-1064.8833318113075,SUPPORTING_ROBUSTNESS
I40,0.5,2013,aoi_p95_ms,1253.9314247755588,313.2493313359556,-940.6820934396031,SUPPORTING_ROBUSTNESS
I40,0.5,2014,aoi_p95_ms,1067.2432331018522,324.7101508034887,-742.5330822983635,SUPPORTING_ROBUSTNESS
I40,0.5,2015,aoi_p95_ms,670.2259888632819,309.99000799702674,-360.2359808662552,SUPPORTING_ROBUSTNESS
I40,0.5,2016,aoi_p95_ms,429.19901303943647,254.34865824570028,-174.8503547937362,SUPPORTING_ROBUSTNESS
I40,0.5,2017,aoi_p95_ms,1318.322236076112,333.8393624407875,-984.4828736353245,SUPPORTING_ROBUSTNESS
I40,0.5,2018,aoi_p95_ms,849.506409609252,261.97627240680725,-587.5301372024448,SUPPORTING_ROBUSTNESS
I40,0.5,2019,aoi_p95_ms,500.94759144779846,287.1156623615485,-213.83192908624994,SUPPORTING_ROBUSTNESS
I40,0.5,2020,aoi_p95_ms,773.8134543462818,273.96914160392146,-499.84431274236033,SUPPORTING_ROBUSTNESS
I40,0.5,2001,aoi_mean_ms,190.83205330666667,143.2682435608163,-47.563809745850364,SUPPORTING_ROBUSTNESS
I40,0.5,2002,aoi_mean_ms,269.52171282100676,152.32622038846256,-117.1954924325442,SUPPORTING_ROBUSTNESS
I40,0.5,2003,aoi_mean_ms,187.1992574692789,143.99130692517008,-43.207950544108826,SUPPORTING_ROBUSTNESS
I40,0.5,2004,aoi_mean_ms,294.1261683820408,152.85024313882994,-141.27592524321088,SUPPORTING_ROBUSTNESS
I40,0.5,2005,aoi_mean_ms,271.1614904828299,148.78788623053057,-122.37360425229932,SUPPORTING_ROBUSTNESS
I40,0.5,2006,aoi_mean_ms,185.72898678236734,144.64561344076188,-41.083373341605466,SUPPORTING_ROBUSTNESS
I40,0.5,2007,aoi_mean_ms,203.14317406160544,143.52324836691156,-59.619925694693876,SUPPORTING_ROBUSTNESS
I40,0.5,2008,aoi_mean_ms,241.28957316560542,150.73386510530614,-90.55570806029928,SUPPORTING_ROBUSTNESS
I40,0.5,2009,aoi_mean_ms,167.86231816696596,139.6179055149932,-28.244412651972766,SUPPORTING_ROBUSTNESS
I40,0.5,2010,aoi_mean_ms,174.75184708038094,142.83293655760545,-31.91891052277549,SUPPORTING_ROBUSTNESS
I40,0.5,2011,aoi_mean_ms,218.9455704044626,145.81206728870748,-73.1335031157551,SUPPORTING_ROBUSTNESS
I40,0.5,2012,aoi_mean_ms,316.56110625164627,153.72627859363263,-162.83482765801364,SUPPORTING_ROBUSTNESS
I40,0.5,2013,aoi_mean_ms,289.7338335023673,155.27228526443537,-134.46154823793194,SUPPORTING_ROBUSTNESS
I40,0.5,2014,aoi_mean_ms,296.40840014574144,157.29399657904762,-139.11440356669382,SUPPORTING_ROBUSTNESS
I40,0.5,2015,aoi_mean_ms,197.6392961483537,150.2318395096599,-47.407456638693816,SUPPORTING_ROBUSTNESS
I40,0.5,2016,aoi_mean_ms,171.38592450416326,143.15718415444897,-28.228740349714286,SUPPORTING_ROBUSTNESS
I40,0.5,2017,aoi_mean_ms,355.5021161368163,160.04426345785032,-195.457852678966,SUPPORTING_ROBUSTNESS
I40,0.5,2018,aoi_mean_ms,213.39780521697958,144.04340724538775,-69.35439797159182,SUPPORTING_ROBUSTNESS
I40,0.5,2019,aoi_mean_ms,190.51422399510204,149.1281002195374,-41.38612377556464,SUPPORTING_ROBUSTNESS
I40,0.5,2020,aoi_mean_ms,214.93618009447619,144.96518711357822,-69.97099298089796,SUPPORTING_ROBUSTNESS
I40,0.5,2001,status_wait_p95_ms,245.68428499999962,31.394284999999986,-214.28999999999962,SUPPORTING_ROBUSTNESS
I40,0.5,2002,status_wait_p95_ms,527.965713571428,39.69999928571424,-488.2657142857137,SUPPORTING_ROBUSTNESS
I40,0.5,2003,status_wait_p95_ms,282.1142849999997,26.29428499999997,-255.81999999999974,SUPPORTING_ROBUSTNESS
I40,0.5,2004,status_wait_p95_ms,707.7528564285709,48.54571357142854,-659.2071428571423,SUPPORTING_ROBUSTNESS
I40,0.5,2005,status_wait_p95_ms,693.0114278571417,42.86428499999995,-650.1471428571417,SUPPORTING_ROBUSTNESS
I40,0.5,2006,status_wait_p95_ms,177.0871421428566,28.528570714285696,-148.5585714285709,SUPPORTING_ROBUSTNESS
I40,0.5,2007,status_wait_p95_ms,361.1942849999997,31.73285642857139,-329.4614285714283,SUPPORTING_ROBUSTNESS
I40,0.5,2008,status_wait_p95_ms,425.40428499999945,34.79285642857137,-390.61142857142806,SUPPORTING_ROBUSTNESS
I40,0.5,2009,status_wait_p95_ms,104.92142785714265,20.779999285714272,-84.14142857142838,SUPPORTING_ROBUSTNESS
I40,0.5,2010,status_wait_p95_ms,117.5699992857137,27.135713571428557,-90.43428571428515,SUPPORTING_ROBUSTNESS
I40,0.5,2011,status_wait_p95_ms,393.54999928571374,37.64571357142855,-355.9042857142852,SUPPORTING_ROBUSTNESS
I40,0.5,2012,status_wait_p95_ms,759.4914278571423,45.86857071428561,-713.6228571428567,SUPPORTING_ROBUSTNESS
I40,0.5,2013,status_wait_p95_ms,644.1428564285709,48.38285642857138,-595.7599999999995,SUPPORTING_ROBUSTNESS
I40,0.5,2014,status_wait_p95_ms,665.642856428571,49.871427857142805,-615.7714285714283,SUPPORTING_ROBUSTNESS
I40,0.5,2015,status_wait_p95_ms,156.69142785714277,27.285713571428506,-129.40571428571425,SUPPORTING_ROBUSTNESS
I40,0.5,2016,status_wait_p95_ms,175.19571357142846,24.745713571428553,-150.4499999999999,SUPPORTING_ROBUSTNESS
I40,0.5,2017,status_wait_p95_ms,919.1399992857139,58.21857071428566,-860.9214285714282,SUPPORTING_ROBUSTNESS
I40,0.5,2018,status_wait_p95_ms,455.5157135714286,29.255713571428533,-426.26000000000005,SUPPORTING_ROBUSTNESS
I40,0.5,2019,status_wait_p95_ms,214.93285642857137,31.4085707142857,-183.52428571428567,SUPPORTING_ROBUSTNESS
I40,0.5,2020,status_wait_p95_ms,450.73428499999983,36.27999928571426,-414.45428571428556,SUPPORTING_ROBUSTNESS
I40,0.5,2001,status_residence_p95_ms,259.88571357142837,49.98142785714282,-209.90428571428555,SUPPORTING_ROBUSTNESS
I40,0.5,2002,status_residence_p95_ms,544.8442849999994,61.34428499999995,-483.4999999999995,SUPPORTING_ROBUSTNESS
I40,0.5,2003,status_residence_p95_ms,299.8657135714284,46.114284999999974,-253.75142857142842,SUPPORTING_ROBUSTNESS
I40,0.5,2004,status_residence_p95_ms,728.2571421428562,75.05142785714277,-653.2057142857134,SUPPORTING_ROBUSTNESS
I40,0.5,2005,status_residence_p95_ms,713.8499992857129,67.96857071428565,-645.8814285714273,SUPPORTING_ROBUSTNESS
I40,0.5,2006,status_residence_p95_ms,189.49142785714236,44.721427857142814,-144.76999999999953,SUPPORTING_ROBUSTNESS
I40,0.5,2007,status_residence_p95_ms,374.29142785714254,51.05999928571425,-323.2314285714283,SUPPORTING_ROBUSTNESS
I40,0.5,2008,status_residence_p95_ms,445.5299992857135,56.18857071428567,-389.3414285714278,SUPPORTING_ROBUSTNESS
I40,0.5,2009,status_residence_p95_ms,118.62571357142828,35.748570714285684,-82.87714285714259,SUPPORTING_ROBUSTNESS
I40,0.5,2010,status_residence_p95_ms,131.26428499999966,43.16714214285712,-88.09714285714254,SUPPORTING_ROBUSTNESS
I40,0.5,2011,status_residence_p95_ms,408.7142849999994,56.168570714285664,-352.54571428571376,SUPPORTING_ROBUSTNESS
I40,0.5,2012,status_residence_p95_ms,792.0328564285705,71.94285642857137,-720.0899999999991,SUPPORTING_ROBUSTNESS
I40,0.5,2013,status_residence_p95_ms,667.0928564285706,74.23428499999996,-592.8585714285706,SUPPORTING_ROBUSTNESS
I40,0.5,2014,status_residence_p95_ms,682.242856428571,72.79571357142852,-609.4471428571425,SUPPORTING_ROBUSTNESS
I40,0.5,2015,status_residence_p95_ms,170.1357135714285,43.544284999999945,-126.59142857142857,SUPPORTING_ROBUSTNESS
I40,0.5,2016,status_residence_p95_ms,188.66142785714274,44.36285642857142,-144.29857142857134,SUPPORTING_ROBUSTNESS
I40,0.5,2017,status_residence_p95_ms,935.2585707142855,89.3785707142857,-845.8799999999998,SUPPORTING_ROBUSTNESS
I40,0.5,2018,status_residence_p95_ms,470.9614278571428,50.657142142857076,-420.3042857142857,SUPPORTING_ROBUSTNESS
I40,0.5,2019,status_residence_p95_ms,232.8357135714285,49.24571357142854,-183.58999999999997,SUPPORTING_ROBUSTNESS
I40,0.5,2020,status_residence_p95_ms,467.4828564285712,56.021427857142804,-411.4614285714284,SUPPORTING_ROBUSTNESS
I40,0.5,2001,service_duration_p95_ms,18.744285714285702,19.854285714285705,1.110000000000003,SUPPORTING_ROBUSTNESS
I40,0.5,2002,service_duration_p95_ms,22.422857142857136,25.701428571428558,3.2785714285714214,SUPPORTING_ROBUSTNESS
I40,0.5,2003,service_duration_p95_ms,19.648571428571415,21.748571428571417,2.1000000000000014,SUPPORTING_ROBUSTNESS
I40,0.5,2004,service_duration_p95_ms,23.98999999999999,28.664285714285686,4.674285714285695,SUPPORTING_ROBUSTNESS
I40,0.5,2005,service_duration_p95_ms,22.537142857142832,26.467142857142832,3.9299999999999997,SUPPORTING_ROBUSTNESS
I40,0.5,2006,service_duration_p95_ms,18.134285714285706,19.585714285714275,1.4514285714285684,SUPPORTING_ROBUSTNESS
I40,0.5,2007,service_duration_p95_ms,18.70714285714285,20.994285714285702,2.287142857142854,SUPPORTING_ROBUSTNESS
I40,0.5,2008,service_duration_p95_ms,20.75714285714285,23.467142857142846,2.7099999999999973,SUPPORTING_ROBUSTNESS
I40,0.5,2009,service_duration_p95_ms,14.111428571428565,15.029999999999992,0.9185714285714273,SUPPORTING_ROBUSTNESS
I40,0.5,2010,service_duration_p95_ms,17.658571428571417,18.39714285714286,0.7385714285714435,SUPPORTING_ROBUSTNESS
I40,0.5,2011,service_duration_p95_ms,20.285714285714278,22.879999999999995,2.594285714285718,SUPPORTING_ROBUSTNESS
I40,0.5,2012,service_duration_p95_ms,24.02285714285713,28.039999999999974,4.017142857142844,SUPPORTING_ROBUSTNESS
I40,0.5,2013,service_duration_p95_ms,22.92142857142855,26.7385714285714,3.8171428571428514,SUPPORTING_ROBUSTNESS
I40,0.5,2014,service_duration_p95_ms,24.4242857142857,27.822857142857117,3.398571428571419,SUPPORTING_ROBUSTNESS
I40,0.5,2015,service_duration_p95_ms,18.019999999999992,19.49571428571427,1.4757142857142789,SUPPORTING_ROBUSTNESS
I40,0.5,2016,service_duration_p95_ms,18.552857142857135,19.94857142857142,1.3957142857142841,SUPPORTING_ROBUSTNESS
I40,0.5,2017,service_duration_p95_ms,25.42999999999998,32.580000000000005,7.150000000000027,SUPPORTING_ROBUSTNESS
I40,0.5,2018,service_duration_p95_ms,18.015714285714278,20.532857142857136,2.517142857142858,SUPPORTING_ROBUSTNESS
I40,0.5,2019,service_duration_p95_ms,20.77285714285713,21.411428571428566,0.638571428571435,SUPPORTING_ROBUSTNESS
I40,0.5,2020,service_duration_p95_ms,17.81857142857142,21.759999999999973,3.9414285714285526,SUPPORTING_ROBUSTNESS
I40,0.5,2001,fully_served_to_rx_p95_ms,28.714709,28.714709,0.0,SUPPORTING_ROBUSTNESS
I40,0.5,2002,fully_served_to_rx_p95_ms,28.714861,28.714861,0.0,SUPPORTING_ROBUSTNESS
I40,0.5,2003,fully_served_to_rx_p95_ms,28.715260999999998,28.714861,-0.00039999999999906777,SUPPORTING_ROBUSTNESS
I40,0.5,2004,fully_served_to_rx_p95_ms,28.714709,27.714861,-0.9998480000000001,SUPPORTING_ROBUSTNESS
I40,0.5,2005,fully_served_to_rx_p95_ms,27.714709,27.714709,0.0,SUPPORTING_ROBUSTNESS
I40,0.5,2006,fully_served_to_rx_p95_ms,28.714709,28.714709,0.0,SUPPORTING_ROBUSTNESS
I40,0.5,2007,fully_served_to_rx_p95_ms,28.714709,28.714709,0.0,SUPPORTING_ROBUSTNESS
I40,0.5,2008,fully_served_to_rx_p95_ms,28.714861,28.714709,-0.00015199999999992997,SUPPORTING_ROBUSTNESS
I40,0.5,2009,fully_served_to_rx_p95_ms,28.714861,28.714709,-0.00015199999999992997,SUPPORTING_ROBUSTNESS
I40,0.5,2010,fully_served_to_rx_p95_ms,28.714709,28.714709,0.0,SUPPORTING_ROBUSTNESS
I40,0.5,2011,fully_served_to_rx_p95_ms,28.714861,28.714709,-0.00015199999999992997,SUPPORTING_ROBUSTNESS
I40,0.5,2012,fully_served_to_rx_p95_ms,28.714709,28.714709,0.0,SUPPORTING_ROBUSTNESS
I40,0.5,2013,fully_served_to_rx_p95_ms,28.714709,27.714709,-1.0,SUPPORTING_ROBUSTNESS
I40,0.5,2014,fully_served_to_rx_p95_ms,28.714709,28.714709,0.0,SUPPORTING_ROBUSTNESS
I40,0.5,2015,fully_served_to_rx_p95_ms,28.714861,28.714861,0.0,SUPPORTING_ROBUSTNESS
I40,0.5,2016,fully_served_to_rx_p95_ms,28.714709,28.714709,0.0,SUPPORTING_ROBUSTNESS
I40,0.5,2017,fully_served_to_rx_p95_ms,25.7148154,25.714709,-0.00010639999999995098,SUPPORTING_ROBUSTNESS
I40,0.5,2018,fully_served_to_rx_p95_ms,28.714709,28.714709,0.0,SUPPORTING_ROBUSTNESS
I40,0.5,2019,fully_served_to_rx_p95_ms,28.714861,28.714861,0.0,SUPPORTING_ROBUSTNESS
I40,0.5,2020,fully_served_to_rx_p95_ms,27.715013,27.714861,-0.00015199999999992997,SUPPORTING_ROBUSTNESS
I40,0.5,2001,delivery_age_p95_ms,314.5106550628569,74.17782054857139,-240.33283451428554,SUPPORTING_ROBUSTNESS
I40,0.5,2002,delivery_age_p95_ms,649.0533808571424,90.16915383999995,-558.8842270171425,SUPPORTING_ROBUSTNESS
I40,0.5,2003,delivery_age_p95_ms,349.61061916571407,73.4935099085714,-276.11710925714266,SUPPORTING_ROBUSTNESS
I40,0.5,2004,delivery_age_p95_ms,806.1477525599997,102.93057622857135,-703.2171763314284,SUPPORTING_ROBUSTNESS
I40,0.5,2005,delivery_age_p95_ms,850.5420669599995,93.04774383999997,-757.4943231199995,SUPPORTING_ROBUSTNESS
I40,0.5,2006,delivery_age_p95_ms,295.10641275428486,70.11927413714282,-224.98713861714202,SUPPORTING_ROBUSTNESS
I40,0.5,2007,delivery_age_p95_ms,451.1021687885712,76.30202579428568,-374.8001429942855,SUPPORTING_ROBUSTNESS
I40,0.5,2008,delivery_age_p95_ms,525.8363914628568,82.74632873142855,-443.09006273142825,SUPPORTING_ROBUSTNESS
I40,0.5,2009,delivery_age_p95_ms,164.83503110857131,62.32209517714282,-102.5129359314285,SUPPORTING_ROBUSTNESS
I40,0.5,2010,delivery_age_p95_ms,198.74212997714247,69.09078924571426,-129.6513407314282,SUPPORTING_ROBUSTNESS
I40,0.5,2011,delivery_age_p95_ms,476.93065007999957,81.95775057142853,-394.972899508571,SUPPORTING_ROBUSTNESS
I40,0.5,2012,delivery_age_p95_ms,964.7906166057136,101.71206684571415,-863.0785497599994,SUPPORTING_ROBUSTNESS
I40,0.5,2013,delivery_age_p95_ms,730.4633820114282,100.57347411428567,-629.8899078971425,SUPPORTING_ROBUSTNESS
I40,0.5,2014,delivery_age_p95_ms,791.2591863771427,99.45340630857136,-691.8057800685713,SUPPORTING_ROBUSTNESS
I40,0.5,2015,delivery_age_p95_ms,210.77347902857096,69.62783038857135,-141.1456486399996,SUPPORTING_ROBUSTNESS
I40,0.5,2016,delivery_age_p95_ms,224.7420622514284,70.58492161142854,-154.15714063999985,SUPPORTING_ROBUSTNESS
I40,0.5,2017,delivery_age_p95_ms,1025.9363037371425,114.14629522285713,-911.7900085142853,SUPPORTING_ROBUSTNESS
I40,0.5,2018,delivery_age_p95_ms,549.0892283657141,77.01062940571423,-472.0785989599999,SUPPORTING_ROBUSTNESS
I40,0.5,2019,delivery_age_p95_ms,272.0448754971427,78.08781875428569,-193.957056742857,SUPPORTING_ROBUSTNESS
I40,0.5,2020,delivery_age_p95_ms,514.9092469142856,81.40354510857138,-433.50570180571424,SUPPORTING_ROBUSTNESS
I40,0.5,2001,useful_gap_p95_ms,247.0843563771428,238.66284881142855,-8.42150756571425,SUPPORTING_ROBUSTNESS
I40,0.5,2002,useful_gap_p95_ms,273.661447222857,258.72719229714284,-14.934254925714185,SUPPORTING_ROBUSTNESS
I40,0.5,2003,useful_gap_p95_ms,252.51299324571417,247.2243150399999,-5.2886782057142625,SUPPORTING_ROBUSTNESS
I40,0.5,2004,useful_gap_p95_ms,288.62285693714284,265.1185985485714,-23.50425838857143,SUPPORTING_ROBUSTNESS
I40,0.5,2005,useful_gap_p95_ms,268.19284919999996,250.87280982857138,-17.320039371428578,SUPPORTING_ROBUSTNESS
I40,0.5,2006,useful_gap_p95_ms,238.5156274285714,234.34146886857138,-4.1741585600000235,SUPPORTING_ROBUSTNESS
I40,0.5,2007,useful_gap_p95_ms,252.4628887199999,240.6701287771428,-11.792759942857117,SUPPORTING_ROBUSTNESS
I40,0.5,2008,useful_gap_p95_ms,259.9472624914285,250.42428781714275,-9.522974674285734,SUPPORTING_ROBUSTNESS
I40,0.5,2009,useful_gap_p95_ms,236.52446389714274,232.99306043428567,-3.531403462857071,SUPPORTING_ROBUSTNESS
I40,0.5,2010,useful_gap_p95_ms,238.07153974857138,232.88004747428567,-5.191492274285707,SUPPORTING_ROBUSTNESS
I40,0.5,2011,useful_gap_p95_ms,261.72295227428566,253.01714861714282,-8.705803657142837,SUPPORTING_ROBUSTNESS
I40,0.5,2012,useful_gap_p95_ms,272.64429565714283,257.60579183999994,-15.038503817142896,SUPPORTING_ROBUSTNESS
I40,0.5,2013,useful_gap_p95_ms,278.4529967542856,264.1100254171428,-14.342971337142785,SUPPORTING_ROBUSTNESS
I40,0.5,2014,useful_gap_p95_ms,279.2457390171428,264.0300107199999,-15.215728297142903,SUPPORTING_ROBUSTNESS
I40,0.5,2015,useful_gap_p95_ms,241.7386871771428,235.96144780571424,-5.77723937142855,SUPPORTING_ROBUSTNESS
I40,0.5,2016,useful_gap_p95_ms,246.21148868571424,240.56287899428565,-5.6486096914285895,SUPPORTING_ROBUSTNESS
I40,0.5,2017,useful_gap_p95_ms,284.16141866285705,268.25153706285704,-15.909881600000006,SUPPORTING_ROBUSTNESS
I40,0.5,2018,useful_gap_p95_ms,242.10023775999994,236.93442027428566,-5.165817485714285,SUPPORTING_ROBUSTNESS
I40,0.5,2019,useful_gap_p95_ms,253.36709442285706,245.9229074171428,-7.444187005714269,SUPPORTING_ROBUSTNESS
I40,0.5,2020,useful_gap_p95_ms,251.21141,241.21592875428564,-9.995481245714359,SUPPORTING_ROBUSTNESS
I40,0.5,2001,qbar_bytes,465.5431984538544,461.5829217779973,-3.9602766758571306,SUPPORTING_ROBUSTNESS
I40,0.5,2002,qbar_bytes,739.098670781853,742.1102266844287,3.011555902575651,SUPPORTING_ROBUSTNESS
I40,0.5,2003,qbar_bytes,359.9618748445633,360.596007224298,0.6341323797346945,SUPPORTING_ROBUSTNESS
I40,0.5,2004,qbar_bytes,939.9557557205267,945.3328430687743,5.377087348247642,SUPPORTING_ROBUSTNESS
I40,0.5,2005,qbar_bytes,741.2186296289237,738.0892823720259,-3.1293472568978586,SUPPORTING_ROBUSTNESS
I40,0.5,2006,qbar_bytes,374.45268649910065,366.30275755777825,-8.1499289413224,SUPPORTING_ROBUSTNESS
I40,0.5,2007,qbar_bytes,534.7325227437415,530.0479702039538,-4.68455253978766,SUPPORTING_ROBUSTNESS
I40,0.5,2008,qbar_bytes,528.6124158662068,529.6385673507538,1.026151484546972,SUPPORTING_ROBUSTNESS
I40,0.5,2009,qbar_bytes,313.8579681050408,313.90291018473334,0.04494207969253239,SUPPORTING_ROBUSTNESS
I40,0.5,2010,qbar_bytes,337.3442083042762,346.32149633387485,8.97728802959864,SUPPORTING_ROBUSTNESS
I40,0.5,2011,qbar_bytes,593.3921059435972,605.0340516381442,11.641945694546962,SUPPORTING_ROBUSTNESS
I40,0.5,2012,qbar_bytes,903.8186834737892,917.4258764035415,13.607192929752273,SUPPORTING_ROBUSTNESS
I40,0.5,2013,qbar_bytes,771.5583449067116,767.7187608634748,-3.839584043236755,SUPPORTING_ROBUSTNESS
I40,0.5,2014,qbar_bytes,927.3834503076476,922.0659436246694,-5.317506682978205,SUPPORTING_ROBUSTNESS
I40,0.5,2015,qbar_bytes,351.55184453306396,349.6561674487401,-1.895677084323836,SUPPORTING_ROBUSTNESS
I40,0.5,2016,qbar_bytes,316.582693941,316.638424086785,0.05573014578499169,SUPPORTING_ROBUSTNESS
I40,0.5,2017,qbar_bytes,1012.4457372318409,1018.9401458252423,6.494408593401431,SUPPORTING_ROBUSTNESS
I40,0.5,2018,qbar_bytes,471.7716424026477,484.19546376374825,12.423821361100579,SUPPORTING_ROBUSTNESS
I40,0.5,2019,qbar_bytes,413.321581718117,410.474614779098,-2.846966939019012,SUPPORTING_ROBUSTNESS
I40,0.5,2020,qbar_bytes,534.069855164638,539.5592666326843,5.489411468046228,SUPPORTING_ROBUSTNESS
I40,0.5,2001,hbar_ms,60.788446471281766,57.67497146663104,-3.1134750046507236,SUPPORTING_ROBUSTNESS
I40,0.5,2002,hbar_ms,136.60921869492384,126.04877387425732,-10.560444820666518,SUPPORTING_ROBUSTNESS
I40,0.5,2003,hbar_ms,54.5669969923742,44.88348344426241,-9.68351354811179,SUPPORTING_ROBUSTNESS
I40,0.5,2004,hbar_ms,162.12296115819248,150.5114779812058,-11.611483176986695,SUPPORTING_ROBUSTNESS
I40,0.5,2005,hbar_ms,140.68436455873592,120.5354304678477,-20.14893409088822,SUPPORTING_ROBUSTNESS
I40,0.5,2006,hbar_ms,55.38471528710709,47.45187415531301,-7.932841131794085,SUPPORTING_ROBUSTNESS
I40,0.5,2007,hbar_ms,73.11841945494974,67.39659344462527,-5.721826010324477,SUPPORTING_ROBUSTNESS
I40,0.5,2008,hbar_ms,108.87884465811277,99.35963974018414,-9.519204917928633,SUPPORTING_ROBUSTNESS
I40,0.5,2009,hbar_ms,37.67773383573805,33.574008294925804,-4.103725540812249,SUPPORTING_ROBUSTNESS
I40,0.5,2010,hbar_ms,44.149141269923476,41.765354054781085,-2.383787215142391,SUPPORTING_ROBUSTNESS
I40,0.5,2011,hbar_ms,87.86039967273176,84.07513258304476,-3.7852670896869967,SUPPORTING_ROBUSTNESS
I40,0.5,2012,hbar_ms,184.9118434766995,149.245936245835,-35.66590723086449,SUPPORTING_ROBUSTNESS
I40,0.5,2013,hbar_ms,156.36928212643036,141.13961914114867,-15.229662985281692,SUPPORTING_ROBUSTNESS
I40,0.5,2014,hbar_ms,163.82174844046466,158.7827230550104,-5.039025385454266,SUPPORTING_ROBUSTNESS
I40,0.5,2015,hbar_ms,64.45382599860153,47.46874754465186,-16.98507845394967,SUPPORTING_ROBUSTNESS
I40,0.5,2016,hbar_ms,39.36404272499708,36.398613123387555,-2.9654296016095216,SUPPORTING_ROBUSTNESS
I40,0.5,2017,hbar_ms,223.23958118124563,198.04670609843492,-25.1928750828107,SUPPORTING_ROBUSTNESS
I40,0.5,2018,hbar_ms,82.54693174799012,73.09774884242435,-9.449182905565763,SUPPORTING_ROBUSTNESS
I40,0.5,2019,hbar_ms,57.873189138340685,54.510795007692096,-3.362394130648589,SUPPORTING_ROBUSTNESS
I40,0.5,2020,hbar_ms,84.61667373880435,74.63962775789291,-9.977045980911441,SUPPORTING_ROBUSTNESS
I40,0.5,2001,backlog_occupancy,0.5301788963986395,0.5297951063006803,-0.0003837900979591913,SUPPORTING_ROBUSTNESS
I40,0.5,2002,backlog_occupancy,0.5635163120938775,0.5633280127877551,-0.00018829930612240808,SUPPORTING_ROBUSTNESS
I40,0.5,2003,backlog_occupancy,0.563167642895238,0.5624838722285714,-0.0006837706666665833,SUPPORTING_ROBUSTNESS
I40,0.5,2004,backlog_occupancy,0.6010379452857143,0.6009024545115647,-0.00013549077414964916,SUPPORTING_ROBUSTNESS
I40,0.5,2005,backlog_occupancy,0.5860040673659864,0.5853694706775511,-0.0006345966884353516,SUPPORTING_ROBUSTNESS
I40,0.5,2006,backlog_occupancy,0.525749450307483,0.5244611703836735,-0.0012882799238095322,SUPPORTING_ROBUSTNESS
I40,0.5,2007,backlog_occupancy,0.5324339400857142,0.5322737262612245,-0.00016021382448971888,SUPPORTING_ROBUSTNESS
I40,0.5,2008,backlog_occupancy,0.5434455439183673,0.5434907334598639,4.518954149657084e-05,SUPPORTING_ROBUSTNESS
I40,0.5,2009,backlog_occupancy,0.4652943279428572,0.4652940558340136,-2.721088435686525e-07,SUPPORTING_ROBUSTNESS
I40,0.5,2010,backlog_occupancy,0.5144020253401361,0.5134514713836734,-0.0009505539564627075,SUPPORTING_ROBUSTNESS
I40,0.5,2011,backlog_occupancy,0.546890228292517,0.5470042224544217,0.000113994161904718,SUPPORTING_ROBUSTNESS
I40,0.5,2012,backlog_occupancy,0.5969695293238095,0.5979160211020408,0.000946491778231251,SUPPORTING_ROBUSTNESS
I40,0.5,2013,backlog_occupancy,0.5973957874394559,0.5982740770367347,0.0008782895972788696,SUPPORTING_ROBUSTNESS
I40,0.5,2014,backlog_occupancy,0.5953176925578232,0.5953596556204082,4.1963062584970956e-05,SUPPORTING_ROBUSTNESS
I40,0.5,2015,backlog_occupancy,0.530652093459864,0.5304839107537416,-0.0001681827061223995,SUPPORTING_ROBUSTNESS
I40,0.5,2016,backlog_occupancy,0.5410145425346938,0.5410148146435374,2.721088435686525e-07,SUPPORTING_ROBUSTNESS
I40,0.5,2017,backlog_occupancy,0.5992606664707483,0.5988208413918368,-0.00043982507891149325,SUPPORTING_ROBUSTNESS
I40,0.5,2018,backlog_occupancy,0.5430674870489796,0.5434688864884354,0.00040139943945582957,SUPPORTING_ROBUSTNESS
I40,0.5,2019,backlog_occupancy,0.5622742124503401,0.5623393630816327,6.515063129253207e-05,SUPPORTING_ROBUSTNESS
I40,0.5,2020,backlog_occupancy,0.5193687310394558,0.519623677585034,0.0002549465455782274,SUPPORTING_ROBUSTNESS
I40,0.5,2001,contention_count,114578.0,78702.0,-35876.0,SUPPORTING_ROBUSTNESS
I40,0.5,2002,contention_count,139957.0,90579.0,-49378.0,SUPPORTING_ROBUSTNESS
I40,0.5,2003,contention_count,107037.0,85558.0,-21479.0,SUPPORTING_ROBUSTNESS
I40,0.5,2004,contention_count,168341.0,99389.0,-68952.0,SUPPORTING_ROBUSTNESS
I40,0.5,2005,contention_count,149575.0,92597.0,-56978.0,SUPPORTING_ROBUSTNESS
I40,0.5,2006,contention_count,101844.0,78568.0,-23276.0,SUPPORTING_ROBUSTNESS
I40,0.5,2007,contention_count,120405.0,80792.0,-39613.0,SUPPORTING_ROBUSTNESS
I40,0.5,2008,contention_count,118418.0,84157.0,-34261.0,SUPPORTING_ROBUSTNESS
I40,0.5,2009,contention_count,83902.0,65383.0,-18519.0,SUPPORTING_ROBUSTNESS
I40,0.5,2010,contention_count,98512.0,75027.0,-23485.0,SUPPORTING_ROBUSTNESS
I40,0.5,2011,contention_count,135439.0,86930.0,-48509.0,SUPPORTING_ROBUSTNESS
I40,0.5,2012,contention_count,162228.0,96983.0,-65245.0,SUPPORTING_ROBUSTNESS
I40,0.5,2013,contention_count,136953.0,92933.0,-44020.0,SUPPORTING_ROBUSTNESS
I40,0.5,2014,contention_count,165455.0,97151.0,-68304.0,SUPPORTING_ROBUSTNESS
I40,0.5,2015,contention_count,95182.0,78118.0,-17064.0,SUPPORTING_ROBUSTNESS
I40,0.5,2016,contention_count,97180.0,79566.0,-17614.0,SUPPORTING_ROBUSTNESS
I40,0.5,2017,contention_count,159542.0,95679.0,-63863.0,SUPPORTING_ROBUSTNESS
I40,0.5,2018,contention_count,104254.0,79399.0,-24855.0,SUPPORTING_ROBUSTNESS
I40,0.5,2019,contention_count,108541.0,84704.0,-23837.0,SUPPORTING_ROBUSTNESS
I40,0.5,2020,contention_count,111135.0,76452.0,-34683.0,SUPPORTING_ROBUSTNESS
I40,0.5,2001,select_priority_count,0.0,20745.0,20745.0,SUPPORTING_ROBUSTNESS
I40,0.5,2002,select_priority_count,0.0,20645.0,20645.0,SUPPORTING_ROBUSTNESS
I40,0.5,2003,select_priority_count,0.0,20773.0,20773.0,SUPPORTING_ROBUSTNESS
I40,0.5,2004,select_priority_count,0.0,20613.0,20613.0,SUPPORTING_ROBUSTNESS
I40,0.5,2005,select_priority_count,0.0,20682.0,20682.0,SUPPORTING_ROBUSTNESS
I40,0.5,2006,select_priority_count,0.0,20743.0,20743.0,SUPPORTING_ROBUSTNESS
I40,0.5,2007,select_priority_count,0.0,20719.0,20719.0,SUPPORTING_ROBUSTNESS
I40,0.5,2008,select_priority_count,0.0,20652.0,20652.0,SUPPORTING_ROBUSTNESS
I40,0.5,2009,select_priority_count,0.0,20771.0,20771.0,SUPPORTING_ROBUSTNESS
I40,0.5,2010,select_priority_count,0.0,20753.0,20753.0,SUPPORTING_ROBUSTNESS
I40,0.5,2011,select_priority_count,0.0,20723.0,20723.0,SUPPORTING_ROBUSTNESS
I40,0.5,2012,select_priority_count,0.0,20614.0,20614.0,SUPPORTING_ROBUSTNESS
I40,0.5,2013,select_priority_count,0.0,20586.0,20586.0,SUPPORTING_ROBUSTNESS
I40,0.5,2014,select_priority_count,0.0,20610.0,20610.0,SUPPORTING_ROBUSTNESS
I40,0.5,2015,select_priority_count,0.0,20711.0,20711.0,SUPPORTING_ROBUSTNESS
I40,0.5,2016,select_priority_count,0.0,20772.0,20772.0,SUPPORTING_ROBUSTNESS
I40,0.5,2017,select_priority_count,0.0,20522.0,20522.0,SUPPORTING_ROBUSTNESS
I40,0.5,2018,select_priority_count,0.0,20710.0,20710.0,SUPPORTING_ROBUSTNESS
I40,0.5,2019,select_priority_count,0.0,20735.0,20735.0,SUPPORTING_ROBUSTNESS
I40,0.5,2020,select_priority_count,0.0,20717.0,20717.0,SUPPORTING_ROBUSTNESS
I40,0.5,2001,select_fifo_count,123630.0,102904.0,-20726.0,SUPPORTING_ROBUSTNESS
I40,0.5,2002,select_fifo_count,122282.0,101605.0,-20677.0,SUPPORTING_ROBUSTNESS
I40,0.5,2003,select_fifo_count,123859.0,103134.0,-20725.0,SUPPORTING_ROBUSTNESS
I40,0.5,2004,select_fifo_count,121298.0,100743.0,-20555.0,SUPPORTING_ROBUSTNESS
I40,0.5,2005,select_fifo_count,122393.0,101859.0,-20534.0,SUPPORTING_ROBUSTNESS
I40,0.5,2006,select_fifo_count,123653.0,102944.0,-20709.0,SUPPORTING_ROBUSTNESS
I40,0.5,2007,select_fifo_count,123067.0,102460.0,-20607.0,SUPPORTING_ROBUSTNESS
I40,0.5,2008,select_fifo_count,122698.0,102124.0,-20574.0,SUPPORTING_ROBUSTNESS
I40,0.5,2009,select_fifo_count,124080.0,103339.0,-20741.0,SUPPORTING_ROBUSTNESS
I40,0.5,2010,select_fifo_count,124001.0,103234.0,-20767.0,SUPPORTING_ROBUSTNESS
I40,0.5,2011,select_fifo_count,123222.0,102524.0,-20698.0,SUPPORTING_ROBUSTNESS
I40,0.5,2012,select_fifo_count,121650.0,101000.0,-20650.0,SUPPORTING_ROBUSTNESS
I40,0.5,2013,select_fifo_count,121360.0,100875.0,-20485.0,SUPPORTING_ROBUSTNESS
I40,0.5,2014,select_fifo_count,121772.0,101141.0,-20631.0,SUPPORTING_ROBUSTNESS
I40,0.5,2015,select_fifo_count,123672.0,102989.0,-20683.0,SUPPORTING_ROBUSTNESS
I40,0.5,2016,select_fifo_count,124004.0,103266.0,-20738.0,SUPPORTING_ROBUSTNESS
I40,0.5,2017,select_fifo_count,120404.0,99907.0,-20497.0,SUPPORTING_ROBUSTNESS
I40,0.5,2018,select_fifo_count,122938.0,102264.0,-20674.0,SUPPORTING_ROBUSTNESS
I40,0.5,2019,select_fifo_count,123639.0,102940.0,-20699.0,SUPPORTING_ROBUSTNESS
I40,0.5,2020,select_fifo_count,123058.0,102386.0,-20672.0,SUPPORTING_ROBUSTNESS
I40,0.5,2001,continue_partial_count,561669.0,561197.0,-472.0,SUPPORTING_ROBUSTNESS
I40,0.5,2002,continue_partial_count,630803.0,629660.0,-1143.0,SUPPORTING_ROBUSTNESS
I40,0.5,2003,continue_partial_count,640597.0,640714.0,117.0,SUPPORTING_ROBUSTNESS
I40,0.5,2004,continue_partial_count,671279.0,672614.0,1335.0,SUPPORTING_ROBUSTNESS
I40,0.5,2005,continue_partial_count,645702.0,646158.0,456.0,SUPPORTING_ROBUSTNESS
I40,0.5,2006,continue_partial_count,568884.0,568074.0,-810.0,SUPPORTING_ROBUSTNESS
I40,0.5,2007,continue_partial_count,578284.0,578241.0,-43.0,SUPPORTING_ROBUSTNESS
I40,0.5,2008,continue_partial_count,597803.0,597400.0,-403.0,SUPPORTING_ROBUSTNESS
I40,0.5,2009,continue_partial_count,479265.0,479252.0,-13.0,SUPPORTING_ROBUSTNESS
I40,0.5,2010,continue_partial_count,551522.0,550481.0,-1041.0,SUPPORTING_ROBUSTNESS
I40,0.5,2011,continue_partial_count,607394.0,606297.0,-1097.0,SUPPORTING_ROBUSTNESS
I40,0.5,2012,continue_partial_count,661758.0,663561.0,1803.0,SUPPORTING_ROBUSTNESS
I40,0.5,2013,continue_partial_count,647370.0,648081.0,711.0,SUPPORTING_ROBUSTNESS
I40,0.5,2014,continue_partial_count,669440.0,668294.0,-1146.0,SUPPORTING_ROBUSTNESS
I40,0.5,2015,continue_partial_count,585914.0,585112.0,-802.0,SUPPORTING_ROBUSTNESS
I40,0.5,2016,continue_partial_count,592682.0,592689.0,7.0,SUPPORTING_ROBUSTNESS
I40,0.5,2017,continue_partial_count,648170.0,647748.0,-422.0,SUPPORTING_ROBUSTNESS
I40,0.5,2018,continue_partial_count,583050.0,583657.0,607.0,SUPPORTING_ROBUSTNESS
I40,0.5,2019,continue_partial_count,632423.0,632548.0,125.0,SUPPORTING_ROBUSTNESS
I40,0.5,2020,continue_partial_count,541006.0,540619.0,-387.0,SUPPORTING_ROBUSTNESS
I40,0.5,2001,bg_pdr,0.975129,0.974716,-0.0004129999999999967,SUPPORTING_ROBUSTNESS
I40,0.5,2002,bg_pdr,0.956691,0.955733,-0.0009579999999999034,SUPPORTING_ROBUSTNESS
I40,0.5,2003,bg_pdr,0.970688,0.970732,4.4000000000044004e-05,SUPPORTING_ROBUSTNESS
I40,0.5,2004,bg_pdr,0.949453,0.949464,1.0999999999983245e-05,SUPPORTING_ROBUSTNESS
I40,0.5,2005,bg_pdr,0.962057,0.963559,0.0015020000000000033,SUPPORTING_ROBUSTNESS
I40,0.5,2006,bg_pdr,0.976424,0.975793,-0.0006309999999999372,SUPPORTING_ROBUSTNESS
I40,0.5,2007,bg_pdr,0.971733,0.971755,2.2000000000077513e-05,SUPPORTING_ROBUSTNESS
I40,0.5,2008,bg_pdr,0.964376,0.964071,-0.0003049999999999997,SUPPORTING_ROBUSTNESS
I40,0.5,2009,bg_pdr,0.980626,0.980419,-0.00020699999999995722,SUPPORTING_ROBUSTNESS
I40,0.5,2010,bg_pdr,0.978601,0.978231,-0.0003700000000000925,SUPPORTING_ROBUSTNESS
I40,0.5,2011,bg_pdr,0.966846,0.967314,0.00046800000000002395,SUPPORTING_ROBUSTNESS
I40,0.5,2012,bg_pdr,0.952218,0.951576,-0.0006420000000000314,SUPPORTING_ROBUSTNESS
I40,0.5,2013,bg_pdr,0.952435,0.951075,-0.0013600000000000279,SUPPORTING_ROBUSTNESS
I40,0.5,2014,bg_pdr,0.951597,0.951586,-1.0999999999983245e-05,SUPPORTING_ROBUSTNESS
I40,0.5,2015,bg_pdr,0.973997,0.97354,-0.0004570000000000407,SUPPORTING_ROBUSTNESS
I40,0.5,2016,bg_pdr,0.975978,0.975728,-0.00024999999999997247,SUPPORTING_ROBUSTNESS
I40,0.5,2017,bg_pdr,0.943423,0.94203,-0.0013929999999999776,SUPPORTING_ROBUSTNESS
I40,0.5,2018,bg_pdr,0.968457,0.967935,-0.0005220000000000224,SUPPORTING_ROBUSTNESS
I40,0.5,2019,bg_pdr,0.969741,0.969611,-0.00012999999999996348,SUPPORTING_ROBUSTNESS
I40,0.5,2020,bg_pdr,0.972093,0.970928,-0.0011649999999999716,SUPPORTING_ROBUSTNESS
I40,0.5,2001,bg_mean_delay_ms,73.6357,76.6274,2.9916999999999945,SUPPORTING_ROBUSTNESS
I40,0.5,2002,bg_mean_delay_ms,103.611,110.213,6.60199999999999,SUPPORTING_ROBUSTNESS
I40,0.5,2003,bg_mean_delay_ms,62.4737,65.3703,2.8965999999999994,SUPPORTING_ROBUSTNESS
I40,0.5,2004,bg_mean_delay_ms,122.963,133.233,10.27000000000001,SUPPORTING_ROBUSTNESS
I40,0.5,2005,bg_mean_delay_ms,104.14,111.144,7.004000000000005,SUPPORTING_ROBUSTNESS
I40,0.5,2006,bg_mean_delay_ms,62.6377,63.9496,1.3118999999999943,SUPPORTING_ROBUSTNESS
I40,0.5,2007,bg_mean_delay_ms,77.2841,80.3325,3.048400000000001,SUPPORTING_ROBUSTNESS
I40,0.5,2008,bg_mean_delay_ms,76.7866,82.2099,5.423299999999998,SUPPORTING_ROBUSTNESS
I40,0.5,2009,bg_mean_delay_ms,55.7323,57.0999,1.367599999999996,SUPPORTING_ROBUSTNESS
I40,0.5,2010,bg_mean_delay_ms,59.9521,62.724,2.771899999999995,SUPPORTING_ROBUSTNESS
I40,0.5,2011,bg_mean_delay_ms,89.427,96.5832,7.156199999999998,SUPPORTING_ROBUSTNESS
I40,0.5,2012,bg_mean_delay_ms,119.872,127.533,7.661000000000001,SUPPORTING_ROBUSTNESS
I40,0.5,2013,bg_mean_delay_ms,101.9,107.743,5.842999999999989,SUPPORTING_ROBUSTNESS
I40,0.5,2014,bg_mean_delay_ms,124.763,132.785,8.021999999999991,SUPPORTING_ROBUSTNESS
I40,0.5,2015,bg_mean_delay_ms,57.2284,57.5128,0.284399999999998,SUPPORTING_ROBUSTNESS
I40,0.5,2016,bg_mean_delay_ms,56.5188,57.9014,1.3826000000000036,SUPPORTING_ROBUSTNESS
I40,0.5,2017,bg_mean_delay_ms,127.814,138.157,10.343000000000018,SUPPORTING_ROBUSTNESS
I40,0.5,2018,bg_mean_delay_ms,72.6987,78.0367,5.337999999999994,SUPPORTING_ROBUSTNESS
I40,0.5,2019,bg_mean_delay_ms,68.5549,70.6368,2.0818999999999903,SUPPORTING_ROBUSTNESS
I40,0.5,2020,bg_mean_delay_ms,79.3539,83.9908,4.636899999999997,SUPPORTING_ROBUSTNESS
I40,0.5,2001,bg_p95_delay_ms,128.0,130.0,2.0,SUPPORTING_ROBUSTNESS
I40,0.5,2002,bg_p95_delay_ms,194.0,188.0,-6.0,SUPPORTING_ROBUSTNESS
I40,0.5,2003,bg_p95_delay_ms,103.0,104.0,1.0,SUPPORTING_ROBUSTNESS
I40,0.5,2004,bg_p95_delay_ms,453.0,525.0,72.0,SUPPORTING_ROBUSTNESS
I40,0.5,2005,bg_p95_delay_ms,280.0,290.0,10.0,SUPPORTING_ROBUSTNESS
I40,0.5,2006,bg_p95_delay_ms,107.0,104.0,-3.0,SUPPORTING_ROBUSTNESS
I40,0.5,2007,bg_p95_delay_ms,132.0,135.0,3.0,SUPPORTING_ROBUSTNESS
I40,0.5,2008,bg_p95_delay_ms,130.0,130.0,0.0,SUPPORTING_ROBUSTNESS
I40,0.5,2009,bg_p95_delay_ms,85.0,85.0,0.0,SUPPORTING_ROBUSTNESS
I40,0.5,2010,bg_p95_delay_ms,104.0,104.0,0.0,SUPPORTING_ROBUSTNESS
I40,0.5,2011,bg_p95_delay_ms,178.0,193.0,15.0,SUPPORTING_ROBUSTNESS
I40,0.5,2012,bg_p95_delay_ms,472.0,511.0,39.0,SUPPORTING_ROBUSTNESS
I40,0.5,2013,bg_p95_delay_ms,171.0,175.0,4.0,SUPPORTING_ROBUSTNESS
I40,0.5,2014,bg_p95_delay_ms,636.0,616.0,-20.0,SUPPORTING_ROBUSTNESS
I40,0.5,2015,bg_p95_delay_ms,93.0,93.0,0.0,SUPPORTING_ROBUSTNESS
I40,0.5,2016,bg_p95_delay_ms,99.0,99.0,0.0,SUPPORTING_ROBUSTNESS
I40,0.5,2017,bg_p95_delay_ms,488.0,500.0,12.0,SUPPORTING_ROBUSTNESS
I40,0.5,2018,bg_p95_delay_ms,98.0,99.0,1.0,SUPPORTING_ROBUSTNESS
I40,0.5,2019,bg_p95_delay_ms,110.0,111.0,1.0,SUPPORTING_ROBUSTNESS
I40,0.5,2020,bg_p95_delay_ms,132.0,134.0,2.0,SUPPORTING_ROBUSTNESS
I40,0.5,2001,bg_p99_delay_ms,690.6064693782829,791.8245836502881,101.21811427200521,SUPPORTING_ROBUSTNESS
I40,0.5,2002,bg_p99_delay_ms,1193.6595507679976,1492.3373646834286,298.677813915431,SUPPORTING_ROBUSTNESS
I40,0.5,2003,bg_p99_delay_ms,587.2164420502853,678.2153879611419,90.9989459108566,SUPPORTING_ROBUSTNESS
I40,0.5,2004,bg_p99_delay_ms,1275.6533372022848,1439.9944020457137,164.34106484342897,SUPPORTING_ROBUSTNESS
I40,0.5,2005,bg_p99_delay_ms,1547.6958338468548,1775.3965269965709,227.70069314971602,SUPPORTING_ROBUSTNESS
I40,0.5,2006,bg_p99_delay_ms,773.2285100479996,926.3716313462852,153.14312129828556,SUPPORTING_ROBUSTNESS
I40,0.5,2007,bg_p99_delay_ms,857.8103628571437,926.4359143977134,68.62555154056975,SUPPORTING_ROBUSTNESS
I40,0.5,2008,bg_p99_delay_ms,940.0427110879996,1161.8630602902865,221.82034920228693,SUPPORTING_ROBUSTNESS
I40,0.5,2009,bg_p99_delay_ms,604.4167218971436,657.9376304822857,53.52090858514214,SUPPORTING_ROBUSTNESS
I40,0.5,2010,bg_p99_delay_ms,720.3233772114269,816.3941953462872,96.07081813486036,SUPPORTING_ROBUSTNESS
I40,0.5,2011,bg_p99_delay_ms,912.2861777942866,1031.280802,118.99462420571342,SUPPORTING_ROBUSTNESS
I40,0.5,2012,bg_p99_delay_ms,1534.8401678674275,1925.971916452568,391.1317485851405,SUPPORTING_ROBUSTNESS
I40,0.5,2013,bg_p99_delay_ms,1330.888431782859,1512.0449971885723,181.1565654057133,SUPPORTING_ROBUSTNESS
I40,0.5,2014,bg_p99_delay_ms,1145.0790123428567,1359.063623257143,213.98461091428635,SUPPORTING_ROBUSTNESS
I40,0.5,2015,bg_p99_delay_ms,503.5986813897127,551.7989691451427,48.20028775543,SUPPORTING_ROBUSTNESS
I40,0.5,2016,bg_p99_delay_ms,441.87381908114276,469.50295050742864,27.62913142628588,SUPPORTING_ROBUSTNESS
I40,0.5,2017,bg_p99_delay_ms,1542.7557909119994,1942.947580870852,400.1917899588527,SUPPORTING_ROBUSTNESS
I40,0.5,2018,bg_p99_delay_ms,979.3295624731427,1151.1350062285717,171.805443755429,SUPPORTING_ROBUSTNESS
I40,0.5,2019,bg_p99_delay_ms,582.5459353508572,630.3856128297138,47.839677478856515,SUPPORTING_ROBUSTNESS
I40,0.5,2020,bg_p99_delay_ms,851.1866821417144,934.8310454239996,83.64436328228521,SUPPORTING_ROBUSTNESS
I40,0.5,2001,bg_worst_ue_p95_ms,1614.8294260000005,1897.429426,282.59999999999945,SUPPORTING_ROBUSTNESS
I40,0.5,2002,bg_worst_ue_p95_ms,2569.5794259999993,2845.3297811999983,275.7503551999989,SUPPORTING_ROBUSTNESS
I40,0.5,2003,bg_worst_ue_p95_ms,1207.5296331999994,1248.1298403999992,40.600207199999886,SUPPORTING_ROBUSTNESS
I40,0.5,2004,bg_worst_ue_p95_ms,2246.029721999993,2497.3294259999993,251.2997040000064,SUPPORTING_ROBUSTNESS
I40,0.5,2005,bg_worst_ue_p95_ms,1645.1294260000002,2461.3300475999868,816.2006215999866,SUPPORTING_ROBUSTNESS
I40,0.5,2006,bg_worst_ue_p95_ms,879.1795,724.7294851999997,-154.4500148000003,SUPPORTING_ROBUSTNESS
I40,0.5,2007,bg_worst_ue_p95_ms,1705.5294259999985,2022.5294259999994,317.0000000000009,SUPPORTING_ROBUSTNESS
I40,0.5,2008,bg_worst_ue_p95_ms,2091.779425999999,1835.679426,-256.0999999999992,SUPPORTING_ROBUSTNESS
I40,0.5,2009,bg_worst_ue_p95_ms,947.9314276,1028.6312907999993,80.6998631999993,SUPPORTING_ROBUSTNESS
I40,0.5,2010,bg_worst_ue_p95_ms,768.6296775999998,905.129431599999,136.49975399999914,SUPPORTING_ROBUSTNESS
I40,0.5,2011,bg_worst_ue_p95_ms,2209.529425999993,2735.6794259999997,526.1500000000069,SUPPORTING_ROBUSTNESS
I40,0.5,2012,bg_worst_ue_p95_ms,2429.1296083999982,2840.9296923999973,411.80008399999906,SUPPORTING_ROBUSTNESS
I40,0.5,2013,bg_worst_ue_p95_ms,2318.2294259999994,2877.0295379999984,558.800111999999,SUPPORTING_ROBUSTNESS
I40,0.5,2014,bg_worst_ue_p95_ms,2480.2296787999994,3028.1297859999986,547.9001071999992,SUPPORTING_ROBUSTNESS
I40,0.5,2015,bg_worst_ue_p95_ms,1185.4297219999944,1053.679426,-131.75029599999448,SUPPORTING_ROBUSTNESS
I40,0.5,2016,bg_worst_ue_p95_ms,1099.929426,1174.429426,74.5,SUPPORTING_ROBUSTNESS
I40,0.5,2017,bg_worst_ue_p95_ms,2821.929425999996,3478.6297219999997,656.7002960000036,SUPPORTING_ROBUSTNESS
I40,0.5,2018,bg_worst_ue_p95_ms,1525.5301955999985,1617.9294259999945,92.39923039999599,SUPPORTING_ROBUSTNESS
I40,0.5,2019,bg_worst_ue_p95_ms,2361.5296659999995,2674.8794287999995,313.3497628,SUPPORTING_ROBUSTNESS
I40,0.5,2020,bg_worst_ue_p95_ms,1780.929426,1954.579929200001,173.65050320000114,SUPPORTING_ROBUSTNESS
I40,0.5,2001,bg_worst_ue_p99_ms,3224.4898759199928,4188.929425999983,964.4395500799906,SUPPORTING_ROBUSTNESS
I40,0.5,2002,bg_worst_ue_p99_ms,5777.559426000016,10105.710006160014,4328.150580159998,SUPPORTING_ROBUSTNESS
I40,0.5,2003,bg_worst_ue_p99_ms,5099.5896243199995,6429.879425999987,1330.2898016799872,SUPPORTING_ROBUSTNESS
I40,0.5,2004,bg_worst_ue_p99_ms,4392.689923279999,5045.189689439995,652.4997661599964,SUPPORTING_ROBUSTNESS
I40,0.5,2005,bg_worst_ue_p99_ms,6587.7295443999865,8304.729426000002,1716.9998816000152,SUPPORTING_ROBUSTNESS
I40,0.5,2006,bg_worst_ue_p99_ms,4148.729425999975,6552.809425999998,2404.0800000000227,SUPPORTING_ROBUSTNESS
I40,0.5,2007,bg_worst_ue_p99_ms,2709.2094259999985,3391.7694259999744,682.5599999999758,SUPPORTING_ROBUSTNESS
I40,0.5,2008,bg_worst_ue_p99_ms,4999.699426000001,6026.729559199999,1027.030133199998,SUPPORTING_ROBUSTNESS
I40,0.5,2009,bg_worst_ue_p99_ms,3486.649425999999,3770.399722000002,283.7502960000029,SUPPORTING_ROBUSTNESS
I40,0.5,2010,bg_worst_ue_p99_ms,4239.531790159998,5657.2094260000495,1417.6776358400512,SUPPORTING_ROBUSTNESS
I40,0.5,2011,bg_worst_ue_p99_ms,4318.529899600005,5266.699425999997,948.1695263999927,SUPPORTING_ROBUSTNESS
I40,0.5,2012,bg_worst_ue_p99_ms,6834.8494259999325,10917.910018,4083.060592000068,SUPPORTING_ROBUSTNESS
I40,0.5,2013,bg_worst_ue_p99_ms,4798.929579920002,5829.249426000001,1030.3198460799995,SUPPORTING_ROBUSTNESS
I40,0.5,2014,bg_worst_ue_p99_ms,6492.569721999997,8984.849425999997,2492.2797040000005,SUPPORTING_ROBUSTNESS
I40,0.5,2015,bg_worst_ue_p99_ms,2980.7594299199413,3947.079426000006,966.3199960800648,SUPPORTING_ROBUSTNESS
I40,0.5,2016,bg_worst_ue_p99_ms,4262.6794792799965,4767.829425999999,505.14994672000284,SUPPORTING_ROBUSTNESS
I40,0.5,2017,bg_worst_ue_p99_ms,8245.299425999987,13481.189594719915,5235.890168719929,SUPPORTING_ROBUSTNESS
I40,0.5,2018,bg_worst_ue_p99_ms,4453.4895293599975,5761.93942600003,1308.4498966400324,SUPPORTING_ROBUSTNESS
I40,0.5,2019,bg_worst_ue_p99_ms,5651.370145680011,6110.0994644799985,458.7293187999876,SUPPORTING_ROBUSTNESS
I40,0.5,2020,bg_worst_ue_p99_ms,5690.5094260000005,6085.929426,395.41999999999916,SUPPORTING_ROBUSTNESS
I40,0.5,2001,a_plus_s2,0.2826301640696445,0.13590353978149444,-0.14672662428815003,SUPPORTING_ROBUSTNESS
I40,0.5,2002,a_plus_s2,0.5373722544482455,0.1645072281642225,-0.37286502628402307,SUPPORTING_ROBUSTNESS
I40,0.5,2003,a_plus_s2,0.36967395364362193,0.12415406793344692,-0.24551988571017502,SUPPORTING_ROBUSTNESS
I40,0.5,2004,a_plus_s2,0.36127390632645656,0.11716862374940301,-0.24410528257705355,SUPPORTING_ROBUSTNESS
I40,0.5,2005,a_plus_s2,0.49313145264619407,0.15423778553543926,-0.3388936671107548,SUPPORTING_ROBUSTNESS
I40,0.5,2006,a_plus_s2,0.6544195536978499,0.22335228617094716,-0.4310672675269027,SUPPORTING_ROBUSTNESS
I40,0.5,2007,a_plus_s2,0.31448405341094915,0.14906422689311802,-0.16541982651783113,SUPPORTING_ROBUSTNESS
I40,0.5,2008,a_plus_s2,0.13530264033429631,0.1134219632594293,-0.021880677074867017,SUPPORTING_ROBUSTNESS
I40,0.5,2009,a_plus_s2,0.3186713657985098,0.12353094200921923,-0.19514042378929058,SUPPORTING_ROBUSTNESS
I40,0.5,2010,a_plus_s2,0.3888188169400221,0.15463427648678585,-0.23418454045323628,SUPPORTING_ROBUSTNESS
I40,0.5,2011,a_plus_s2,0.5069062999350136,0.15903201584737808,-0.3478742840876355,SUPPORTING_ROBUSTNESS
I40,0.5,2012,a_plus_s2,0.7877043024164693,0.17534045334587955,-0.6123638490705897,SUPPORTING_ROBUSTNESS
I40,0.5,2013,a_plus_s2,0.39080883451131876,0.17386502965074566,-0.2169438048605731,SUPPORTING_ROBUSTNESS
I40,0.5,2014,a_plus_s2,0.7049392259436783,0.15724789156767205,-0.5476913343760063,SUPPORTING_ROBUSTNESS
I40,0.5,2015,a_plus_s2,0.26408490145628793,0.15779307409830198,-0.10629182735798595,SUPPORTING_ROBUSTNESS
I40,0.5,2016,a_plus_s2,0.20278815563318514,0.12975017156427998,-0.07303798406890516,SUPPORTING_ROBUSTNESS
I40,0.5,2017,a_plus_s2,0.5544640046370719,0.1828660005775377,-0.3715980040595342,SUPPORTING_ROBUSTNESS
I40,0.5,2018,a_plus_s2,0.7729903402266374,0.22702027946270692,-0.5459700607639304,SUPPORTING_ROBUSTNESS
I40,0.5,2019,a_plus_s2,0.2790599858779095,0.11696810480367162,-0.16209188107423786,SUPPORTING_ROBUSTNESS
I40,0.5,2020,a_plus_s2,0.36816960278915023,0.21015519821081902,-0.1580144045783312,SUPPORTING_ROBUSTNESS
I40,0.5,2001,post_ho_fresh_ms,186.2863867142857,180.5006307142857,-5.785755999999992,SUPPORTING_ROBUSTNESS
I40,0.5,2002,post_ho_fresh_ms,226.87207757142855,213.18637357142856,-13.685703999999987,SUPPORTING_ROBUSTNESS
I40,0.5,2003,post_ho_fresh_ms,191.3577931142857,191.5149026,0.15710948571430094,SUPPORTING_ROBUSTNESS
I40,0.5,2004,post_ho_fresh_ms,194.95780808571428,182.78636797142858,-12.171440114285701,SUPPORTING_ROBUSTNESS
I40,0.5,2005,post_ho_fresh_ms,237.814937,193.84344614285712,-43.97149085714287,SUPPORTING_ROBUSTNESS
I40,0.5,2006,post_ho_fresh_ms,262.5435008857143,225.67204099999998,-36.87145988571433,SUPPORTING_ROBUSTNESS
I40,0.5,2007,post_ho_fresh_ms,229.65785277142857,217.22921037142856,-12.428642400000001,SUPPORTING_ROBUSTNESS
I40,0.5,2008,post_ho_fresh_ms,190.30065094285715,177.98633482857144,-12.314316114285702,SUPPORTING_ROBUSTNESS
I40,0.5,2009,post_ho_fresh_ms,205.9149291142857,195.11492934285715,-10.79999977142856,SUPPORTING_ROBUSTNESS
I40,0.5,2010,post_ho_fresh_ms,206.8005835142857,208.92917094285713,2.1285874285714215,SUPPORTING_ROBUSTNESS
I40,0.5,2011,post_ho_fresh_ms,195.11491837142856,194.6863692285714,-0.4285491428571504,SUPPORTING_ROBUSTNESS
I40,0.5,2012,post_ho_fresh_ms,242.88632568571427,214.6577008857143,-28.228624799999977,SUPPORTING_ROBUSTNESS
I40,0.5,2013,post_ho_fresh_ms,211.28625951428572,202.14349734285713,-9.142762171428586,SUPPORTING_ROBUSTNESS
I40,0.5,2014,post_ho_fresh_ms,212.55778819999998,194.31487848571427,-18.2429097142857,SUPPORTING_ROBUSTNESS
I40,0.5,2015,post_ho_fresh_ms,217.37206785714287,198.62928808571428,-18.742779771428587,SUPPORTING_ROBUSTNESS
I40,0.5,2016,post_ho_fresh_ms,206.28635448571427,196.7149771142857,-9.571377371428582,SUPPORTING_ROBUSTNESS
I40,0.5,2017,post_ho_fresh_ms,223.15775299999999,201.05777974285712,-22.099973257142864,SUPPORTING_ROBUSTNESS
I40,0.5,2018,post_ho_fresh_ms,264.9720552857143,238.52920214285712,-26.44285314285719,SUPPORTING_ROBUSTNESS
I40,0.5,2019,post_ho_fresh_ms,202.95783619999997,200.68639745714285,-2.2714387428571285,SUPPORTING_ROBUSTNESS
I40,0.5,2020,post_ho_fresh_ms,251.00065025714287,225.1863907142857,-25.814259542857172,SUPPORTING_ROBUSTNESS
I30,0.6666666666666666,2001,aoi_p95_ms,710.9109446878659,259.63935145266726,-451.2715932351987,SUPPORTING_ROBUSTNESS
I30,0.6666666666666666,2002,aoi_p95_ms,1128.2504348040154,296.14606266253645,-832.104372141479,SUPPORTING_ROBUSTNESS
I30,0.6666666666666666,2003,aoi_p95_ms,701.7813469339978,264.02394850226347,-437.7573984317344,SUPPORTING_ROBUSTNESS
I30,0.6666666666666666,2004,aoi_p95_ms,1426.3687044032717,310.3146216458336,-1116.0540827574382,SUPPORTING_ROBUSTNESS
I30,0.6666666666666666,2005,aoi_p95_ms,1535.4002499709027,289.5814526864588,-1245.818797284444,SUPPORTING_ROBUSTNESS
I30,0.6666666666666666,2006,aoi_p95_ms,785.256106890721,259.4650516001206,-525.7910552906003,SUPPORTING_ROBUSTNESS
I30,0.6666666666666666,2007,aoi_p95_ms,869.0155438656802,261.8706987991104,-607.1448450665698,SUPPORTING_ROBUSTNESS
I30,0.6666666666666666,2008,aoi_p95_ms,1107.0901363778594,302.5155300640553,-804.574606313804,SUPPORTING_ROBUSTNESS
I30,0.6666666666666666,2009,aoi_p95_ms,515.7176113808057,245.42767730161495,-270.28993407919074,SUPPORTING_ROBUSTNESS
I30,0.6666666666666666,2010,aoi_p95_ms,675.7091885766763,256.4962058403251,-419.2129827363512,SUPPORTING_ROBUSTNESS
I30,0.6666666666666666,2011,aoi_p95_ms,902.4272763719042,279.7121632272608,-622.7151131446434,SUPPORTING_ROBUSTNESS
I30,0.6666666666666666,2012,aoi_p95_ms,1733.6691807286074,319.8627455717991,-1413.8064351568082,SUPPORTING_ROBUSTNESS
I30,0.6666666666666666,2013,aoi_p95_ms,1524.0513885801145,325.6884635500763,-1198.3629250300382,SUPPORTING_ROBUSTNESS
I30,0.6666666666666666,2014,aoi_p95_ms,1276.983735991988,329.7702678230733,-947.2134681689147,SUPPORTING_ROBUSTNESS
I30,0.6666666666666666,2015,aoi_p95_ms,781.0938875635865,320.0092559687894,-461.0846315947971,SUPPORTING_ROBUSTNESS
I30,0.6666666666666666,2016,aoi_p95_ms,483.3451841508275,254.24437148285423,-229.10081266797326,SUPPORTING_ROBUSTNESS
I30,0.6666666666666666,2017,aoi_p95_ms,1670.8476037336627,354.9246855425503,-1315.9229181911123,SUPPORTING_ROBUSTNESS
I30,0.6666666666666666,2018,aoi_p95_ms,1071.5646156067603,283.65777531401216,-787.9068402927481,SUPPORTING_ROBUSTNESS
I30,0.6666666666666666,2019,aoi_p95_ms,647.4100671730126,296.77747968202215,-350.6325874909905,SUPPORTING_ROBUSTNESS
I30,0.6666666666666666,2020,aoi_p95_ms,866.4190887529538,271.31220538826153,-595.1068833646923,SUPPORTING_ROBUSTNESS
I30,0.6666666666666666,2001,aoi_mean_ms,217.0801059547211,144.16652229910204,-72.91358365561905,SUPPORTING_ROBUSTNESS
I30,0.6666666666666666,2002,aoi_mean_ms,305.9135110389115,153.496738835483,-152.4167722034285,SUPPORTING_ROBUSTNESS
I30,0.6666666666666666,2003,aoi_mean_ms,208.65859366302038,145.96340511814964,-62.695188544870746,SUPPORTING_ROBUSTNESS
I30,0.6666666666666666,2004,aoi_mean_ms,361.6068321295238,155.19069998258504,-206.41613214693876,SUPPORTING_ROBUSTNESS
I30,0.6666666666666666,2005,aoi_mean_ms,328.83985241589113,151.98743590040817,-176.85241651548296,SUPPORTING_ROBUSTNESS
I30,0.6666666666666666,2006,aoi_mean_ms,205.6327109892789,145.6994801727347,-59.93323081654421,SUPPORTING_ROBUSTNESS
I30,0.6666666666666666,2007,aoi_mean_ms,233.71078908244897,144.45717713142855,-89.25361195102042,SUPPORTING_ROBUSTNESS
I30,0.6666666666666666,2008,aoi_mean_ms,269.56727769850335,151.94898028789117,-117.61829741061217,SUPPORTING_ROBUSTNESS
I30,0.6666666666666666,2009,aoi_mean_ms,177.7907809609796,138.46495306960543,-39.32582789137416,SUPPORTING_ROBUSTNESS
I30,0.6666666666666666,2010,aoi_mean_ms,201.05001559063948,144.5584760092517,-56.49153958138777,SUPPORTING_ROBUSTNESS
I30,0.6666666666666666,2011,aoi_mean_ms,259.7028521133061,149.83160222770067,-109.87124988560544,SUPPORTING_ROBUSTNESS
I30,0.6666666666666666,2012,aoi_mean_ms,388.72905709746937,157.73007879564625,-230.99897830182312,SUPPORTING_ROBUSTNESS
I30,0.6666666666666666,2013,aoi_mean_ms,338.06173254204083,158.9230552157823,-179.13867732625852,SUPPORTING_ROBUSTNESS
I30,0.6666666666666666,2014,aoi_mean_ms,348.51663685866663,159.8747816614966,-188.64185519717003,SUPPORTING_ROBUSTNESS
I30,0.6666666666666666,2015,aoi_mean_ms,213.64380101213604,153.47640029986397,-60.16740071227207,SUPPORTING_ROBUSTNESS
I30,0.6666666666666666,2016,aoi_mean_ms,183.89442599836735,143.31819332865305,-40.5762326697143,SUPPORTING_ROBUSTNESS
I30,0.6666666666666666,2017,aoi_mean_ms,426.43453018024485,163.21888817970068,-263.21564200054416,SUPPORTING_ROBUSTNESS
I30,0.6666666666666666,2018,aoi_mean_ms,248.51329280424486,147.39845590628573,-101.11483689795912,SUPPORTING_ROBUSTNESS
I30,0.6666666666666666,2019,aoi_mean_ms,214.8481421952653,151.140497299483,-63.707644895782295,SUPPORTING_ROBUSTNESS
I30,0.6666666666666666,2020,aoi_mean_ms,244.74547345197277,144.96270946122448,-99.7827639907483,SUPPORTING_ROBUSTNESS
I30,0.6666666666666666,2001,status_wait_p95_ms,347.41571357142834,34.76428499999998,-312.65142857142837,SUPPORTING_ROBUSTNESS
I30,0.6666666666666666,2002,status_wait_p95_ms,590.8957135714277,40.45285642857141,-550.4428571428563,SUPPORTING_ROBUSTNESS
I30,0.6666666666666666,2003,status_wait_p95_ms,336.89142785714245,29.794284999999977,-307.09714285714244,SUPPORTING_ROBUSTNESS
I30,0.6666666666666666,2004,status_wait_p95_ms,938.1528564285711,48.65714214285712,-889.495714285714,SUPPORTING_ROBUSTNESS
I30,0.6666666666666666,2005,status_wait_p95_ms,876.9485707142844,44.848570714285664,-832.0999999999988,SUPPORTING_ROBUSTNESS
I30,0.6666666666666666,2006,status_wait_p95_ms,226.63571357142794,30.894284999999986,-195.74142857142795,SUPPORTING_ROBUSTNESS
I30,0.6666666666666666,2007,status_wait_p95_ms,496.43142785714235,32.114284999999974,-464.31714285714236,SUPPORTING_ROBUSTNESS
I30,0.6666666666666666,2008,status_wait_p95_ms,506.0557135714288,36.55857071428571,-469.4971428571431,SUPPORTING_ROBUSTNESS
I30,0.6666666666666666,2009,status_wait_p95_ms,155.16714214285716,22.85428499999999,-132.31285714285718,SUPPORTING_ROBUSTNESS
I30,0.6666666666666666,2010,status_wait_p95_ms,227.73428500000006,29.984284999999982,-197.75000000000009,SUPPORTING_ROBUSTNESS
I30,0.6666666666666666,2011,status_wait_p95_ms,515.6085707142854,36.68571357142853,-478.92285714285686,SUPPORTING_ROBUSTNESS
I30,0.6666666666666666,2012,status_wait_p95_ms,1022.7271421428555,51.00857071428568,-971.7185714285698,SUPPORTING_ROBUSTNESS
I30,0.6666666666666666,2013,status_wait_p95_ms,734.0314278571424,47.664284999999964,-686.3671428571424,SUPPORTING_ROBUSTNESS
I30,0.6666666666666666,2014,status_wait_p95_ms,836.275713571428,51.14428499999997,-785.131428571428,SUPPORTING_ROBUSTNESS
I30,0.6666666666666666,2015,status_wait_p95_ms,203.31714214285708,30.438570714285664,-172.8785714285714,SUPPORTING_ROBUSTNESS
I30,0.6666666666666666,2016,status_wait_p95_ms,227.79857071428557,27.94714214285712,-199.85142857142844,SUPPORTING_ROBUSTNESS
I30,0.6666666666666666,2017,status_wait_p95_ms,1124.0485707142855,57.94999928571427,-1066.0985714285712,SUPPORTING_ROBUSTNESS
I30,0.6666666666666666,2018,status_wait_p95_ms,478.0114278571421,32.86428499999998,-445.1471428571421,SUPPORTING_ROBUSTNESS
I30,0.6666666666666666,2019,status_wait_p95_ms,333.4528564285707,34.18857071428568,-299.26428571428505,SUPPORTING_ROBUSTNESS
I30,0.6666666666666666,2020,status_wait_p95_ms,533.2928564285712,38.22428499999997,-495.06857142857126,SUPPORTING_ROBUSTNESS
I30,0.6666666666666666,2001,status_residence_p95_ms,358.89428499999985,49.96999928571425,-308.9242857142856,SUPPORTING_ROBUSTNESS
I30,0.6666666666666666,2002,status_residence_p95_ms,607.8399992857134,61.02857071428569,-546.8114285714277,SUPPORTING_ROBUSTNESS
I30,0.6666666666666666,2003,status_residence_p95_ms,352.20428499999974,46.63428499999998,-305.56999999999977,SUPPORTING_ROBUSTNESS
I30,0.6666666666666666,2004,status_residence_p95_ms,947.9657135714273,71.98999928571425,-875.975714285713,SUPPORTING_ROBUSTNESS
I30,0.6666666666666666,2005,status_residence_p95_ms,889.294284999999,68.18857071428567,-821.1057142857134,SUPPORTING_ROBUSTNESS
I30,0.6666666666666666,2006,status_residence_p95_ms,238.15714214285637,46.55571357142855,-191.60142857142782,SUPPORTING_ROBUSTNESS
I30,0.6666666666666666,2007,status_residence_p95_ms,509.46428499999973,49.93857071428569,-459.52571428571406,SUPPORTING_ROBUSTNESS
I30,0.6666666666666666,2008,status_residence_p95_ms,522.4842849999998,54.81714214285711,-467.66714285714266,SUPPORTING_ROBUSTNESS
I30,0.6666666666666666,2009,status_residence_p95_ms,166.09857071428564,34.7885707142857,-131.30999999999995,SUPPORTING_ROBUSTNESS
I30,0.6666666666666666,2010,status_residence_p95_ms,238.74142785714287,44.11428499999996,-194.6271428571429,SUPPORTING_ROBUSTNESS
I30,0.6666666666666666,2011,status_residence_p95_ms,527.4871421428569,54.87285642857139,-472.61428571428553,SUPPORTING_ROBUSTNESS
I30,0.6666666666666666,2012,status_residence_p95_ms,1043.2142849999987,79.75428499999995,-963.4599999999987,SUPPORTING_ROBUSTNESS
I30,0.6666666666666666,2013,status_residence_p95_ms,740.184284999999,72.16285642857139,-668.0214285714276,SUPPORTING_ROBUSTNESS
I30,0.6666666666666666,2014,status_residence_p95_ms,848.7399992857138,71.42428499999997,-777.3157142857139,SUPPORTING_ROBUSTNESS
I30,0.6666666666666666,2015,status_residence_p95_ms,213.90428499999985,43.90714214285712,-169.99714285714273,SUPPORTING_ROBUSTNESS
I30,0.6666666666666666,2016,status_residence_p95_ms,238.57285642857136,42.70714214285711,-195.86571428571426,SUPPORTING_ROBUSTNESS
I30,0.6666666666666666,2017,status_residence_p95_ms,1144.7142849999993,87.5971421428571,-1057.1171428571422,SUPPORTING_ROBUSTNESS
I30,0.6666666666666666,2018,status_residence_p95_ms,495.6042849999993,52.042856428571426,-443.5614285714279,SUPPORTING_ROBUSTNESS
I30,0.6666666666666666,2019,status_residence_p95_ms,345.3942849999995,49.37285642857142,-296.0214285714281,SUPPORTING_ROBUSTNESS
I30,0.6666666666666666,2020,status_residence_p95_ms,544.447142142857,54.73999928571427,-489.7071428571428,SUPPORTING_ROBUSTNESS
I30,0.6666666666666666,2001,service_duration_p95_ms,17.135714285714283,19.72571428571428,2.5899999999999963,SUPPORTING_ROBUSTNESS
I30,0.6666666666666666,2002,service_duration_p95_ms,21.468571428571412,25.048571428571424,3.5800000000000125,SUPPORTING_ROBUSTNESS
I30,0.6666666666666666,2003,service_duration_p95_ms,18.869999999999994,20.481428571428566,1.611428571428572,SUPPORTING_ROBUSTNESS
I30,0.6666666666666666,2004,service_duration_p95_ms,22.648571428571415,26.76285714285713,4.114285714285714,SUPPORTING_ROBUSTNESS
I30,0.6666666666666666,2005,service_duration_p95_ms,21.148571428571422,26.407142857142837,5.258571428571415,SUPPORTING_ROBUSTNESS
I30,0.6666666666666666,2006,service_duration_p95_ms,16.72571428571428,18.78714285714285,2.0614285714285714,SUPPORTING_ROBUSTNESS
I30,0.6666666666666666,2007,service_duration_p95_ms,17.241428571428568,20.379999999999978,3.13857142857141,SUPPORTING_ROBUSTNESS
I30,0.6666666666666666,2008,service_duration_p95_ms,18.954285714285707,21.819999999999997,2.86571428571429,SUPPORTING_ROBUSTNESS
I30,0.6666666666666666,2009,service_duration_p95_ms,13.578571428571426,14.941428571428567,1.3628571428571412,SUPPORTING_ROBUSTNESS
I30,0.6666666666666666,2010,service_duration_p95_ms,16.274285714285707,18.10857142857142,1.8342857142857127,SUPPORTING_ROBUSTNESS
I30,0.6666666666666666,2011,service_duration_p95_ms,18.765714285714278,22.897142857142843,4.131428571428565,SUPPORTING_ROBUSTNESS
I30,0.6666666666666666,2012,service_duration_p95_ms,22.407142857142844,29.119999999999973,6.712857142857128,SUPPORTING_ROBUSTNESS
I30,0.6666666666666666,2013,service_duration_p95_ms,20.7842857142857,25.689999999999973,4.9057142857142715,SUPPORTING_ROBUSTNESS
I30,0.6666666666666666,2014,service_duration_p95_ms,23.07285714285713,26.32999999999998,3.257142857142849,SUPPORTING_ROBUSTNESS
I30,0.6666666666666666,2015,service_duration_p95_ms,16.389999999999997,18.447142857142843,2.0571428571428463,SUPPORTING_ROBUSTNESS
I30,0.6666666666666666,2016,service_duration_p95_ms,16.969999999999995,18.54714285714285,1.577142857142853,SUPPORTING_ROBUSTNESS
I30,0.6666666666666666,2017,service_duration_p95_ms,24.69857142857141,31.5242857142857,6.825714285714291,SUPPORTING_ROBUSTNESS
I30,0.6666666666666666,2018,service_duration_p95_ms,17.33571428571427,20.631428571428568,3.295714285714297,SUPPORTING_ROBUSTNESS
I30,0.6666666666666666,2019,service_duration_p95_ms,18.675714285714285,21.037142857142847,2.3614285714285614,SUPPORTING_ROBUSTNESS
I30,0.6666666666666666,2020,service_duration_p95_ms,16.842857142857138,21.128571428571423,4.285714285714285,SUPPORTING_ROBUSTNESS
I30,0.6666666666666666,2001,fully_served_to_rx_p95_ms,28.714709,28.714709,0.0,SUPPORTING_ROBUSTNESS
I30,0.6666666666666666,2002,fully_served_to_rx_p95_ms,32.714709,28.716157,-3.998552,SUPPORTING_ROBUSTNESS
I30,0.6666666666666666,2003,fully_served_to_rx_p95_ms,33.715723399999995,32.714709,-1.0010143999999954,SUPPORTING_ROBUSTNESS
I30,0.6666666666666666,2004,fully_served_to_rx_p95_ms,28.714709,28.714709,0.0,SUPPORTING_ROBUSTNESS
I30,0.6666666666666666,2005,fully_served_to_rx_p95_ms,28.714709,28.714709,0.0,SUPPORTING_ROBUSTNESS
I30,0.6666666666666666,2006,fully_served_to_rx_p95_ms,28.714709,28.714709,0.0,SUPPORTING_ROBUSTNESS
I30,0.6666666666666666,2007,fully_served_to_rx_p95_ms,28.714709,28.714709,0.0,SUPPORTING_ROBUSTNESS
I30,0.6666666666666666,2008,fully_served_to_rx_p95_ms,28.714861,28.714861,0.0,SUPPORTING_ROBUSTNESS
I30,0.6666666666666666,2009,fully_served_to_rx_p95_ms,28.714709,28.714709,0.0,SUPPORTING_ROBUSTNESS
I30,0.6666666666666666,2010,fully_served_to_rx_p95_ms,28.714709,28.714709,0.0,SUPPORTING_ROBUSTNESS
I30,0.6666666666666666,2011,fully_served_to_rx_p95_ms,28.715557,28.715684999999997,0.0001279999999965753,SUPPORTING_ROBUSTNESS
I30,0.6666666666666666,2012,fully_served_to_rx_p95_ms,28.714861,28.714709,-0.00015199999999992997,SUPPORTING_ROBUSTNESS
I30,0.6666666666666666,2013,fully_served_to_rx_p95_ms,28.714709,28.714709,0.0,SUPPORTING_ROBUSTNESS
I30,0.6666666666666666,2014,fully_served_to_rx_p95_ms,28.715262199999998,28.715013,-0.00024919999999895026,SUPPORTING_ROBUSTNESS
I30,0.6666666666666666,2015,fully_served_to_rx_p95_ms,28.714861,28.714861,0.0,SUPPORTING_ROBUSTNESS
I30,0.6666666666666666,2016,fully_served_to_rx_p95_ms,28.715260999999998,28.714861,-0.00039999999999906777,SUPPORTING_ROBUSTNESS
I30,0.6666666666666666,2017,fully_served_to_rx_p95_ms,26.715557,26.714709,-0.0008480000000012922,SUPPORTING_ROBUSTNESS
I30,0.6666666666666666,2018,fully_served_to_rx_p95_ms,28.714709,28.714709,0.0,SUPPORTING_ROBUSTNESS
I30,0.6666666666666666,2019,fully_served_to_rx_p95_ms,32.714709,31.715269,-0.9994399999999999,SUPPORTING_ROBUSTNESS
I30,0.6666666666666666,2020,fully_served_to_rx_p95_ms,27.715861,27.714709,-0.001152000000001152,SUPPORTING_ROBUSTNESS
I30,0.6666666666666666,2001,delivery_age_p95_ms,428.05506897142834,78.86348770285709,-349.19158126857127,SUPPORTING_ROBUSTNESS
I30,0.6666666666666666,2002,delivery_age_p95_ms,717.8307124799994,96.16214647999996,-621.6685659999995,SUPPORTING_ROBUSTNESS
I30,0.6666666666666666,2003,delivery_age_p95_ms,402.7706458742853,81.93940564571426,-320.83124022857106,SUPPORTING_ROBUSTNESS
I30,0.6666666666666666,2004,delivery_age_p95_ms,1034.6992173371423,101.25058397714281,-933.4486333599995,SUPPORTING_ROBUSTNESS
I30,0.6666666666666666,2005,delivery_age_p95_ms,1046.3721560228557,101.05351044571418,-945.3186455771415,SUPPORTING_ROBUSTNESS
I30,0.6666666666666666,2006,delivery_age_p95_ms,322.6422236342854,76.18929851428568,-246.45292511999975,SUPPORTING_ROBUSTNESS
I30,0.6666666666666666,2007,delivery_age_p95_ms,574.1622094628568,77.88917773714283,-496.27303172571396,SUPPORTING_ROBUSTNESS
I30,0.6666666666666666,2008,delivery_age_p95_ms,595.0735442971425,84.66058675428567,-510.4129575428568,SUPPORTING_ROBUSTNESS
I30,0.6666666666666666,2009,delivery_age_p95_ms,213.84783108571418,64.67077197714282,-149.17705910857137,SUPPORTING_ROBUSTNESS
I30,0.6666666666666666,2010,delivery_age_p95_ms,309.49779294857115,76.77774449142855,-232.72004845714258,SUPPORTING_ROBUSTNESS
I30,0.6666666666666666,2011,delivery_age_p95_ms,602.1549073371423,88.66927541714281,-513.4856319199995,SUPPORTING_ROBUSTNESS
I30,0.6666666666666666,2012,delivery_age_p95_ms,1192.9221231771414,114.49498847999993,-1078.4271346971416,SUPPORTING_ROBUSTNESS
I30,0.6666666666666666,2013,delivery_age_p95_ms,952.9021517371416,105.33358226285708,-847.5685694742845,SUPPORTING_ROBUSTNESS
I30,0.6666666666666666,2014,delivery_age_p95_ms,957.5364538399979,104.07637531428564,-853.4600785257122,SUPPORTING_ROBUSTNESS
I30,0.6666666666666666,2015,delivery_age_p95_ms,269.9906945142855,74.52641949714281,-195.4642750171427,SUPPORTING_ROBUSTNESS
I30,0.6666666666666666,2016,delivery_age_p95_ms,266.015000342857,74.21228388571426,-191.8027164571427,SUPPORTING_ROBUSTNESS
I30,0.6666666666666666,2017,delivery_age_p95_ms,1261.5277971999992,115.72928900571425,-1145.798508194285,SUPPORTING_ROBUSTNESS
I30,0.6666666666666666,2018,delivery_age_p95_ms,669.9078371199995,83.78068382857138,-586.1271532914282,SUPPORTING_ROBUSTNESS
I30,0.6666666666666666,2019,delivery_age_p95_ms,423.62787083428543,86.58220002285711,-337.0456708114283,SUPPORTING_ROBUSTNESS
I30,0.6666666666666666,2020,delivery_age_p95_ms,603.6092399771426,82.68072639999995,-520.9285135771427,SUPPORTING_ROBUSTNESS
I30,0.6666666666666666,2001,useful_gap_p95_ms,264.04577215999996,250.37145755428568,-13.674314605714272,SUPPORTING_ROBUSTNESS
I30,0.6666666666666666,2002,useful_gap_p95_ms,287.6542294628571,272.3014008457142,-15.352828617142848,SUPPORTING_ROBUSTNESS
I30,0.6666666666666666,2003,useful_gap_p95_ms,262.4073570628571,255.00564668571423,-7.4017103771428765,SUPPORTING_ROBUSTNESS
I30,0.6666666666666666,2004,useful_gap_p95_ms,306.8113849028571,284.19005972571415,-22.621325177142978,SUPPORTING_ROBUSTNESS
I30,0.6666666666666666,2005,useful_gap_p95_ms,283.9444441714285,266.8356432914285,-17.10880087999999,SUPPORTING_ROBUSTNESS
I30,0.6666666666666666,2006,useful_gap_p95_ms,246.70130567999996,241.5972372914285,-5.104068388571449,SUPPORTING_ROBUSTNESS
I30,0.6666666666666666,2007,useful_gap_p95_ms,267.2585050628571,248.77572227428567,-18.482782788571456,SUPPORTING_ROBUSTNESS
I30,0.6666666666666666,2008,useful_gap_p95_ms,275.26708597714276,258.43585778285706,-16.8312281942857,SUPPORTING_ROBUSTNESS
I30,0.6666666666666666,2009,useful_gap_p95_ms,244.14422633142846,236.83585301714282,-7.308373314285632,SUPPORTING_ROBUSTNESS
I30,0.6666666666666666,2010,useful_gap_p95_ms,254.38138865142855,244.92273149714282,-9.458657154285731,SUPPORTING_ROBUSTNESS
I30,0.6666666666666666,2011,useful_gap_p95_ms,277.8342601942856,264.35010387428565,-13.484156319999954,SUPPORTING_ROBUSTNESS
I30,0.6666666666666666,2012,useful_gap_p95_ms,293.98861095999996,278.57568302857135,-15.412927931428612,SUPPORTING_ROBUSTNESS
I30,0.6666666666666666,2013,useful_gap_p95_ms,292.9829753599999,276.4543535199999,-16.52862183999997,SUPPORTING_ROBUSTNESS
I30,0.6666666666666666,2014,useful_gap_p95_ms,302.01004046857133,283.93852931428563,-18.0715111542857,SUPPORTING_ROBUSTNESS
I30,0.6666666666666666,2015,useful_gap_p95_ms,251.19272884571424,245.35436478857142,-5.838364057142826,SUPPORTING_ROBUSTNESS
I30,0.6666666666666666,2016,useful_gap_p95_ms,254.09704719999993,247.34557813714278,-6.751469062857154,SUPPORTING_ROBUSTNESS
I30,0.6666666666666666,2017,useful_gap_p95_ms,306.8599750742856,286.41718292571426,-20.442792148571357,SUPPORTING_ROBUSTNESS
I30,0.6666666666666666,2018,useful_gap_p95_ms,252.53437735999995,249.22857326857135,-3.305804091428598,SUPPORTING_ROBUSTNESS
I30,0.6666666666666666,2019,useful_gap_p95_ms,269.60148540571424,257.0484385599999,-12.553046845714334,SUPPORTING_ROBUSTNESS
I30,0.6666666666666666,2020,useful_gap_p95_ms,263.88015312,248.39569609142853,-15.484457028571455,SUPPORTING_ROBUSTNESS
I30,0.6666666666666666,2001,qbar_bytes,678.8776828111769,693.724045204781,14.846362393604068,SUPPORTING_ROBUSTNESS
I30,0.6666666666666666,2002,qbar_bytes,974.4938995578381,978.948229980872,4.45433042303398,SUPPORTING_ROBUSTNESS
I30,0.6666666666666666,2003,qbar_bytes,516.6300840254667,525.8156966053075,9.185612579840836,SUPPORTING_ROBUSTNESS
I30,0.6666666666666666,2004,qbar_bytes,1345.116183299649,1340.63020799014,-4.485975309509058,SUPPORTING_ROBUSTNESS
I30,0.6666666666666666,2005,qbar_bytes,1121.8988955944137,1135.2341886619347,13.335293067520979,SUPPORTING_ROBUSTNESS
I30,0.6666666666666666,2006,qbar_bytes,502.9205782341333,499.20080106839595,-3.719777165737355,SUPPORTING_ROBUSTNESS
I30,0.6666666666666666,2007,qbar_bytes,757.845213043102,763.8315363073878,5.986323264285716,SUPPORTING_ROBUSTNESS
I30,0.6666666666666666,2008,qbar_bytes,777.1624611346449,762.1166290005428,-15.045832134102056,SUPPORTING_ROBUSTNESS
I30,0.6666666666666666,2009,qbar_bytes,413.9353801899415,413.90670530171155,-0.028674888229943463,SUPPORTING_ROBUSTNESS
I30,0.6666666666666666,2010,qbar_bytes,539.0338270229619,534.3085738257523,-4.725253197209554,SUPPORTING_ROBUSTNESS
I30,0.6666666666666666,2011,qbar_bytes,911.178520880302,903.3830945449511,-7.795426335350953,SUPPORTING_ROBUSTNESS
I30,0.6666666666666666,2012,qbar_bytes,1352.253320370668,1359.1759392219415,6.922618851273455,SUPPORTING_ROBUSTNESS
I30,0.6666666666666666,2013,qbar_bytes,1048.9650397992857,1054.4369478290162,5.471908029730457,SUPPORTING_ROBUSTNESS
I30,0.6666666666666666,2014,qbar_bytes,1266.7592913487565,1275.1039065746734,8.344615225916868,SUPPORTING_ROBUSTNESS
I30,0.6666666666666666,2015,qbar_bytes,466.0684113961755,464.2314562547578,-1.836955141417718,SUPPORTING_ROBUSTNESS
I30,0.6666666666666666,2016,qbar_bytes,452.7531617629646,461.25727280327345,8.504111040308828,SUPPORTING_ROBUSTNESS
I30,0.6666666666666666,2017,qbar_bytes,1414.502620310932,1425.9377647059403,11.435144395008365,SUPPORTING_ROBUSTNESS
I30,0.6666666666666666,2018,qbar_bytes,660.1101947632626,666.8959092652449,6.785714501982284,SUPPORTING_ROBUSTNESS
I30,0.6666666666666666,2019,qbar_bytes,619.3288007138966,618.3368715367809,-0.9919291771157077,SUPPORTING_ROBUSTNESS
I30,0.6666666666666666,2020,qbar_bytes,767.702632263351,760.7702371974136,-6.932395065937385,SUPPORTING_ROBUSTNESS
I30,0.6666666666666666,2001,hbar_ms,84.49220909663427,82.71542322495415,-1.7767858716801186,SUPPORTING_ROBUSTNESS
I30,0.6666666666666666,2002,hbar_ms,168.29575916079872,159.5788448106371,-8.71691435016163,SUPPORTING_ROBUSTNESS
I30,0.6666666666666666,2003,hbar_ms,73.54786013152895,65.91405790101635,-7.6338022305126,SUPPORTING_ROBUSTNESS
I30,0.6666666666666666,2004,hbar_ms,223.5774829593347,208.93039323176114,-14.647089727573558,SUPPORTING_ROBUSTNESS
I30,0.6666666666666666,2005,hbar_ms,195.042633133666,180.20761406281895,-14.83501907084704,SUPPORTING_ROBUSTNESS
I30,0.6666666666666666,2006,hbar_ms,72.57116275652855,61.500209501101374,-11.070953255427177,SUPPORTING_ROBUSTNESS
I30,0.6666666666666666,2007,hbar_ms,100.43177199162703,95.72776301707788,-4.704008974549154,SUPPORTING_ROBUSTNESS
I30,0.6666666666666666,2008,hbar_ms,134.37913241808343,119.323858973448,-15.055273444635432,SUPPORTING_ROBUSTNESS
I30,0.6666666666666666,2009,hbar_ms,46.672164611932466,43.09267195762362,-3.5794926543088437,SUPPORTING_ROBUSTNESS
I30,0.6666666666666666,2010,hbar_ms,68.30620595859533,62.42773171431977,-5.878474244275559,SUPPORTING_ROBUSTNESS
I30,0.6666666666666666,2011,hbar_ms,124.21484255795399,118.72981517238375,-5.485027385570234,SUPPORTING_ROBUSTNESS
I30,0.6666666666666666,2012,hbar_ms,250.27548082345461,210.83515584243918,-39.440324981015436,SUPPORTING_ROBUSTNESS
I30,0.6666666666666666,2013,hbar_ms,199.37846438105223,186.3351886319715,-13.04327574908072,SUPPORTING_ROBUSTNESS
I30,0.6666666666666666,2014,hbar_ms,210.53801826552873,212.4797736103684,1.9417553448396632,SUPPORTING_ROBUSTNESS
I30,0.6666666666666666,2015,hbar_ms,77.17523917843803,62.227074370183274,-14.94816480825476,SUPPORTING_ROBUSTNESS
I30,0.6666666666666666,2016,hbar_ms,49.922987098656364,50.061340358801466,0.1383532601451023,SUPPORTING_ROBUSTNESS
I30,0.6666666666666666,2017,hbar_ms,287.13055035605515,255.85820908848478,-31.27234126757037,SUPPORTING_ROBUSTNESS
I30,0.6666666666666666,2018,hbar_ms,113.63765732139946,98.72885580013217,-14.908801521267293,SUPPORTING_ROBUSTNESS
I30,0.6666666666666666,2019,hbar_ms,79.91187098308748,73.99711877464334,-5.914752208444142,SUPPORTING_ROBUSTNESS
I30,0.6666666666666666,2020,hbar_ms,111.61883683456622,104.11004474016362,-7.508792094402608,SUPPORTING_ROBUSTNESS
I30,0.6666666666666666,2001,backlog_occupancy,0.644370981662585,0.6447360157129252,0.0003650340503401628,SUPPORTING_ROBUSTNESS
I30,0.6666666666666666,2002,backlog_occupancy,0.6716719160394558,0.6713317799496599,-0.00034013608979588383,SUPPORTING_ROBUSTNESS
I30,0.6666666666666666,2003,backlog_occupancy,0.6757874063442176,0.6763007008462585,0.0005132945020408508,SUPPORTING_ROBUSTNESS
I30,0.6666666666666666,2004,backlog_occupancy,0.7128774179836734,0.7121394587972789,-0.0007379591863945212,SUPPORTING_ROBUSTNESS
I30,0.6666666666666666,2005,backlog_occupancy,0.6975235397482993,0.6972989527836735,-0.00022458696462579475,SUPPORTING_ROBUSTNESS
I30,0.6666666666666666,2006,backlog_occupancy,0.6374135277836734,0.6381127114884353,0.0006991837047618521,SUPPORTING_ROBUSTNESS
I30,0.6666666666666666,2007,backlog_occupancy,0.6480298543795918,0.6479940137455783,-3.584063401351756e-05,SUPPORTING_ROBUSTNESS
I30,0.6666666666666666,2008,backlog_occupancy,0.6551724594829932,0.6548552777646258,-0.0003171817183673653,SUPPORTING_ROBUSTNESS
I30,0.6666666666666666,2009,backlog_occupancy,0.5815130011197279,0.5815127290108844,-2.721088435686525e-07,SUPPORTING_ROBUSTNESS
I30,0.6666666666666666,2010,backlog_occupancy,0.6288529053836734,0.6288695234612245,1.661807755104494e-05,SUPPORTING_ROBUSTNESS
I30,0.6666666666666666,2011,backlog_occupancy,0.6585192235986395,0.6582663956040816,-0.000252827994557836,SUPPORTING_ROBUSTNESS
I30,0.6666666666666666,2012,backlog_occupancy,0.7090539969727891,0.7092672720054422,0.00021327503265300418,SUPPORTING_ROBUSTNESS
I30,0.6666666666666666,2013,backlog_occupancy,0.7122305954870748,0.7123973204585033,0.0001667249714285557,SUPPORTING_ROBUSTNESS
I30,0.6666666666666666,2014,backlog_occupancy,0.7050829180394558,0.7050682824734694,-1.463556598635396e-05,SUPPORTING_ROBUSTNESS
I30,0.6666666666666666,2015,backlog_occupancy,0.6436487853102041,0.6435729447197279,-7.584059047616165e-05,SUPPORTING_ROBUSTNESS
I30,0.6666666666666666,2016,backlog_occupancy,0.655839475659864,0.655977784707483,0.00013830904761902296,SUPPORTING_ROBUSTNESS
I30,0.6666666666666666,2017,backlog_occupancy,0.7075013440829931,0.7077471166911564,0.00024577260816327495,SUPPORTING_ROBUSTNESS
I30,0.6666666666666666,2018,backlog_occupancy,0.6625787176544218,0.6628211277659865,0.00024241011156467263,SUPPORTING_ROBUSTNESS
I30,0.6666666666666666,2019,backlog_occupancy,0.6758767942857142,0.6766028001482993,0.0007260058625850885,SUPPORTING_ROBUSTNESS
I30,0.6666666666666666,2020,backlog_occupancy,0.6334135081006802,0.6338370260680273,0.0004235179673470757,SUPPORTING_ROBUSTNESS
I30,0.6666666666666666,2001,contention_count,157495.0,87228.0,-70267.0,SUPPORTING_ROBUSTNESS
I30,0.6666666666666666,2002,contention_count,201352.0,102959.0,-98393.0,SUPPORTING_ROBUSTNESS
I30,0.6666666666666666,2003,contention_count,162935.0,100366.0,-62569.0,SUPPORTING_ROBUSTNESS
I30,0.6666666666666666,2004,contention_count,248397.0,113894.0,-134503.0,SUPPORTING_ROBUSTNESS
I30,0.6666666666666666,2005,contention_count,215661.0,105540.0,-110121.0,SUPPORTING_ROBUSTNESS
I30,0.6666666666666666,2006,contention_count,138264.0,88058.0,-50206.0,SUPPORTING_ROBUSTNESS
I30,0.6666666666666666,2007,contention_count,161913.0,91247.0,-70666.0,SUPPORTING_ROBUSTNESS
I30,0.6666666666666666,2008,contention_count,180448.0,94123.0,-86325.0,SUPPORTING_ROBUSTNESS
I30,0.6666666666666666,2009,contention_count,103499.0,68858.0,-34641.0,SUPPORTING_ROBUSTNESS
I30,0.6666666666666666,2010,contention_count,134550.0,83503.0,-51047.0,SUPPORTING_ROBUSTNESS
I30,0.6666666666666666,2011,contention_count,197869.0,96245.0,-101624.0,SUPPORTING_ROBUSTNESS
I30,0.6666666666666666,2012,contention_count,231836.0,110097.0,-121739.0,SUPPORTING_ROBUSTNESS
I30,0.6666666666666666,2013,contention_count,204300.0,108512.0,-95788.0,SUPPORTING_ROBUSTNESS
I30,0.6666666666666666,2014,contention_count,246444.0,110734.0,-135710.0,SUPPORTING_ROBUSTNESS
I30,0.6666666666666666,2015,contention_count,131440.0,89442.0,-41998.0,SUPPORTING_ROBUSTNESS
I30,0.6666666666666666,2016,contention_count,151353.0,92300.0,-59053.0,SUPPORTING_ROBUSTNESS
I30,0.6666666666666666,2017,contention_count,235269.0,108694.0,-126575.0,SUPPORTING_ROBUSTNESS
I30,0.6666666666666666,2018,contention_count,149741.0,91976.0,-57765.0,SUPPORTING_ROBUSTNESS
I30,0.6666666666666666,2019,contention_count,164925.0,99845.0,-65080.0,SUPPORTING_ROBUSTNESS
I30,0.6666666666666666,2020,contention_count,148246.0,83724.0,-64522.0,SUPPORTING_ROBUSTNESS
I30,0.6666666666666666,2001,select_priority_count,0.0,20653.0,20653.0,SUPPORTING_ROBUSTNESS
I30,0.6666666666666666,2002,select_priority_count,0.0,20539.0,20539.0,SUPPORTING_ROBUSTNESS
I30,0.6666666666666666,2003,select_priority_count,0.0,20708.0,20708.0,SUPPORTING_ROBUSTNESS
I30,0.6666666666666666,2004,select_priority_count,0.0,20402.0,20402.0,SUPPORTING_ROBUSTNESS
I30,0.6666666666666666,2005,select_priority_count,0.0,20543.0,20543.0,SUPPORTING_ROBUSTNESS
I30,0.6666666666666666,2006,select_priority_count,0.0,20698.0,20698.0,SUPPORTING_ROBUSTNESS
I30,0.6666666666666666,2007,select_priority_count,0.0,20632.0,20632.0,SUPPORTING_ROBUSTNESS
I30,0.6666666666666666,2008,select_priority_count,0.0,20585.0,20585.0,SUPPORTING_ROBUSTNESS
I30,0.6666666666666666,2009,select_priority_count,0.0,20742.0,20742.0,SUPPORTING_ROBUSTNESS
I30,0.6666666666666666,2010,select_priority_count,0.0,20701.0,20701.0,SUPPORTING_ROBUSTNESS
I30,0.6666666666666666,2011,select_priority_count,0.0,20592.0,20592.0,SUPPORTING_ROBUSTNESS
I30,0.6666666666666666,2012,select_priority_count,0.0,20444.0,20444.0,SUPPORTING_ROBUSTNESS
I30,0.6666666666666666,2013,select_priority_count,0.0,20444.0,20444.0,SUPPORTING_ROBUSTNESS
I30,0.6666666666666666,2014,select_priority_count,0.0,20407.0,20407.0,SUPPORTING_ROBUSTNESS
I30,0.6666666666666666,2015,select_priority_count,0.0,20676.0,20676.0,SUPPORTING_ROBUSTNESS
I30,0.6666666666666666,2016,select_priority_count,0.0,20723.0,20723.0,SUPPORTING_ROBUSTNESS
I30,0.6666666666666666,2017,select_priority_count,0.0,20314.0,20314.0,SUPPORTING_ROBUSTNESS
I30,0.6666666666666666,2018,select_priority_count,0.0,20633.0,20633.0,SUPPORTING_ROBUSTNESS
I30,0.6666666666666666,2019,select_priority_count,0.0,20691.0,20691.0,SUPPORTING_ROBUSTNESS
I30,0.6666666666666666,2020,select_priority_count,0.0,20617.0,20617.0,SUPPORTING_ROBUSTNESS
I30,0.6666666666666666,2001,select_fifo_count,156704.0,136031.0,-20673.0,SUPPORTING_ROBUSTNESS
I30,0.6666666666666666,2002,select_fifo_count,154324.0,133749.0,-20575.0,SUPPORTING_ROBUSTNESS
I30,0.6666666666666666,2003,select_fifo_count,157489.0,136750.0,-20739.0,SUPPORTING_ROBUSTNESS
I30,0.6666666666666666,2004,select_fifo_count,151967.0,131843.0,-20124.0,SUPPORTING_ROBUSTNESS
I30,0.6666666666666666,2005,select_fifo_count,153995.0,133404.0,-20591.0,SUPPORTING_ROBUSTNESS
I30,0.6666666666666666,2006,select_fifo_count,157171.0,136597.0,-20574.0,SUPPORTING_ROBUSTNESS
I30,0.6666666666666666,2007,select_fifo_count,155598.0,135067.0,-20531.0,SUPPORTING_ROBUSTNESS
I30,0.6666666666666666,2008,select_fifo_count,155484.0,135058.0,-20426.0,SUPPORTING_ROBUSTNESS
I30,0.6666666666666666,2009,select_fifo_count,157914.0,137209.0,-20705.0,SUPPORTING_ROBUSTNESS
I30,0.6666666666666666,2010,select_fifo_count,157422.0,136782.0,-20640.0,SUPPORTING_ROBUSTNESS
I30,0.6666666666666666,2011,select_fifo_count,155552.0,134986.0,-20566.0,SUPPORTING_ROBUSTNESS
I30,0.6666666666666666,2012,select_fifo_count,152194.0,131842.0,-20352.0,SUPPORTING_ROBUSTNESS
I30,0.6666666666666666,2013,select_fifo_count,153207.0,132829.0,-20378.0,SUPPORTING_ROBUSTNESS
I30,0.6666666666666666,2014,select_fifo_count,152874.0,132378.0,-20496.0,SUPPORTING_ROBUSTNESS
I30,0.6666666666666666,2015,select_fifo_count,157401.0,136776.0,-20625.0,SUPPORTING_ROBUSTNESS
I30,0.6666666666666666,2016,select_fifo_count,157959.0,137276.0,-20683.0,SUPPORTING_ROBUSTNESS
I30,0.6666666666666666,2017,select_fifo_count,150958.0,130665.0,-20293.0,SUPPORTING_ROBUSTNESS
I30,0.6666666666666666,2018,select_fifo_count,155765.0,135163.0,-20602.0,SUPPORTING_ROBUSTNESS
I30,0.6666666666666666,2019,select_fifo_count,156980.0,136393.0,-20587.0,SUPPORTING_ROBUSTNESS
I30,0.6666666666666666,2020,select_fifo_count,155696.0,135163.0,-20533.0,SUPPORTING_ROBUSTNESS
I30,0.6666666666666666,2001,continue_partial_count,718566.0,719533.0,967.0,SUPPORTING_ROBUSTNESS
I30,0.6666666666666666,2002,continue_partial_count,798659.0,796339.0,-2320.0,SUPPORTING_ROBUSTNESS
I30,0.6666666666666666,2003,continue_partial_count,823940.0,825037.0,1097.0,SUPPORTING_ROBUSTNESS
I30,0.6666666666666666,2004,continue_partial_count,843988.0,845275.0,1287.0,SUPPORTING_ROBUSTNESS
I30,0.6666666666666666,2005,continue_partial_count,815851.0,815639.0,-212.0,SUPPORTING_ROBUSTNESS
I30,0.6666666666666666,2006,continue_partial_count,732406.0,732606.0,200.0,SUPPORTING_ROBUSTNESS
I30,0.6666666666666666,2007,continue_partial_count,739939.0,740355.0,416.0,SUPPORTING_ROBUSTNESS
I30,0.6666666666666666,2008,continue_partial_count,764446.0,764216.0,-230.0,SUPPORTING_ROBUSTNESS
I30,0.6666666666666666,2009,continue_partial_count,619039.0,619027.0,-12.0,SUPPORTING_ROBUSTNESS
I30,0.6666666666666666,2010,continue_partial_count,707962.0,707622.0,-340.0,SUPPORTING_ROBUSTNESS
I30,0.6666666666666666,2011,continue_partial_count,770288.0,768820.0,-1468.0,SUPPORTING_ROBUSTNESS
I30,0.6666666666666666,2012,continue_partial_count,831385.0,831480.0,95.0,SUPPORTING_ROBUSTNESS
I30,0.6666666666666666,2013,continue_partial_count,827849.0,827795.0,-54.0,SUPPORTING_ROBUSTNESS
I30,0.6666666666666666,2014,continue_partial_count,840999.0,839449.0,-1550.0,SUPPORTING_ROBUSTNESS
I30,0.6666666666666666,2015,continue_partial_count,753913.0,753808.0,-105.0,SUPPORTING_ROBUSTNESS
I30,0.6666666666666666,2016,continue_partial_count,764014.0,765154.0,1140.0,SUPPORTING_ROBUSTNESS
I30,0.6666666666666666,2017,continue_partial_count,813164.0,813608.0,444.0,SUPPORTING_ROBUSTNESS
I30,0.6666666666666666,2018,continue_partial_count,749814.0,750008.0,194.0,SUPPORTING_ROBUSTNESS
I30,0.6666666666666666,2019,continue_partial_count,811789.0,812539.0,750.0,SUPPORTING_ROBUSTNESS
I30,0.6666666666666666,2020,continue_partial_count,692802.0,692476.0,-326.0,SUPPORTING_ROBUSTNESS
I30,0.6666666666666666,2001,bg_pdr,0.964424,0.964384,-3.999999999992898e-05,SUPPORTING_ROBUSTNESS
I30,0.6666666666666666,2002,bg_pdr,0.93991,0.939722,-0.000188000000000077,SUPPORTING_ROBUSTNESS
I30,0.6666666666666666,2003,bg_pdr,0.962669,0.962424,-0.00024500000000005073,SUPPORTING_ROBUSTNESS
I30,0.6666666666666666,2004,bg_pdr,0.925665,0.927086,0.0014210000000000056,SUPPORTING_ROBUSTNESS
I30,0.6666666666666666,2005,bg_pdr,0.943812,0.942049,-0.001762999999999959,SUPPORTING_ROBUSTNESS
I30,0.6666666666666666,2006,bg_pdr,0.968849,0.968833,-1.599999999990498e-05,SUPPORTING_ROBUSTNESS
I30,0.6666666666666666,2007,bg_pdr,0.958457,0.957967,-0.0004899999999999904,SUPPORTING_ROBUSTNESS
I30,0.6666666666666666,2008,bg_pdr,0.95391,0.954588,0.0006779999999999564,SUPPORTING_ROBUSTNESS
I30,0.6666666666666666,2009,bg_pdr,0.975551,0.975388,-0.00016299999999991321,SUPPORTING_ROBUSTNESS
I30,0.6666666666666666,2010,bg_pdr,0.96978,0.969837,5.699999999997374e-05,SUPPORTING_ROBUSTNESS
I30,0.6666666666666666,2011,bg_pdr,0.95178,0.951306,-0.00047399999999997444,SUPPORTING_ROBUSTNESS
I30,0.6666666666666666,2012,bg_pdr,0.926669,0.926433,-0.00023600000000001398,SUPPORTING_ROBUSTNESS
I30,0.6666666666666666,2013,bg_pdr,0.9368,0.935967,-0.0008329999999999727,SUPPORTING_ROBUSTNESS
I30,0.6666666666666666,2014,bg_pdr,0.931265,0.929633,-0.0016319999999999668,SUPPORTING_ROBUSTNESS
I30,0.6666666666666666,2015,bg_pdr,0.968678,0.967918,-0.0007600000000000939,SUPPORTING_ROBUSTNESS
I30,0.6666666666666666,2016,bg_pdr,0.970424,0.970433,9.000000000036756e-06,SUPPORTING_ROBUSTNESS
I30,0.6666666666666666,2017,bg_pdr,0.920873,0.920522,-0.00035100000000010123,SUPPORTING_ROBUSTNESS
I30,0.6666666666666666,2018,bg_pdr,0.957069,0.956229,-0.0008399999999999519,SUPPORTING_ROBUSTNESS
I30,0.6666666666666666,2019,bg_pdr,0.960555,0.959796,-0.0007590000000000652,SUPPORTING_ROBUSTNESS
I30,0.6666666666666666,2020,bg_pdr,0.958808,0.959078,0.00026999999999999247,SUPPORTING_ROBUSTNESS
I30,0.6666666666666666,2001,bg_mean_delay_ms,79.5238,84.5469,5.0230999999999995,SUPPORTING_ROBUSTNESS
I30,0.6666666666666666,2002,bg_mean_delay_ms,105.529,112.203,6.674000000000007,SUPPORTING_ROBUSTNESS
I30,0.6666666666666666,2003,bg_mean_delay_ms,67.2362,69.9589,2.7227000000000032,SUPPORTING_ROBUSTNESS
I30,0.6666666666666666,2004,bg_mean_delay_ms,134.611,143.783,9.171999999999997,SUPPORTING_ROBUSTNESS
I30,0.6666666666666666,2005,bg_mean_delay_ms,118.644,127.438,8.793999999999997,SUPPORTING_ROBUSTNESS
I30,0.6666666666666666,2006,bg_mean_delay_ms,63.4065,65.6213,2.214800000000004,SUPPORTING_ROBUSTNESS
I30,0.6666666666666666,2007,bg_mean_delay_ms,82.6146,86.5367,3.9221000000000004,SUPPORTING_ROBUSTNESS
I30,0.6666666666666666,2008,bg_mean_delay_ms,85.6906,89.6182,3.927599999999998,SUPPORTING_ROBUSTNESS
I30,0.6666666666666666,2009,bg_mean_delay_ms,56.5625,58.1226,1.5600999999999985,SUPPORTING_ROBUSTNESS
I30,0.6666666666666666,2010,bg_mean_delay_ms,68.4131,70.6703,2.2571999999999974,SUPPORTING_ROBUSTNESS
I30,0.6666666666666666,2011,bg_mean_delay_ms,101.677,106.297,4.61999999999999,SUPPORTING_ROBUSTNESS
I30,0.6666666666666666,2012,bg_mean_delay_ms,136.645,145.278,8.632999999999981,SUPPORTING_ROBUSTNESS
I30,0.6666666666666666,2013,bg_mean_delay_ms,106.894,112.9,6.006,SUPPORTING_ROBUSTNESS
I30,0.6666666666666666,2014,bg_mean_delay_ms,131.375,140.006,8.631,SUPPORTING_ROBUSTNESS
I30,0.6666666666666666,2015,bg_mean_delay_ms,58.8958,59.8645,0.9686999999999983,SUPPORTING_ROBUSTNESS
I30,0.6666666666666666,2016,bg_mean_delay_ms,60.5833,63.3826,2.7992999999999952,SUPPORTING_ROBUSTNESS
I30,0.6666666666666666,2017,bg_mean_delay_ms,137.149,147.516,10.36699999999999,SUPPORTING_ROBUSTNESS
I30,0.6666666666666666,2018,bg_mean_delay_ms,76.055,80.5875,4.532499999999999,SUPPORTING_ROBUSTNESS
I30,0.6666666666666666,2019,bg_mean_delay_ms,75.2324,78.2761,3.043700000000001,SUPPORTING_ROBUSTNESS
I30,0.6666666666666666,2020,bg_mean_delay_ms,85.6949,89.8788,4.183899999999994,SUPPORTING_ROBUSTNESS
I30,0.6666666666666666,2001,bg_p95_delay_ms,162.0,163.0,1.0,SUPPORTING_ROBUSTNESS
I30,0.6666666666666666,2002,bg_p95_delay_ms,259.0,266.0,7.0,SUPPORTING_ROBUSTNESS
I30,0.6666666666666666,2003,bg_p95_delay_ms,122.0,122.0,0.0,SUPPORTING_ROBUSTNESS
I30,0.6666666666666666,2004,bg_p95_delay_ms,707.0,788.0,81.0,SUPPORTING_ROBUSTNESS
I30,0.6666666666666666,2005,bg_p95_delay_ms,550.0,609.0,59.0,SUPPORTING_ROBUSTNESS
I30,0.6666666666666666,2006,bg_p95_delay_ms,110.0,114.0,4.0,SUPPORTING_ROBUSTNESS
I30,0.6666666666666666,2007,bg_p95_delay_ms,133.0,134.0,1.0,SUPPORTING_ROBUSTNESS
I30,0.6666666666666666,2008,bg_p95_delay_ms,187.0,186.0,-1.0,SUPPORTING_ROBUSTNESS
I30,0.6666666666666666,2009,bg_p95_delay_ms,93.0,93.0,0.0,SUPPORTING_ROBUSTNESS
I30,0.6666666666666666,2010,bg_p95_delay_ms,123.0,124.0,1.0,SUPPORTING_ROBUSTNESS
I30,0.6666666666666666,2011,bg_p95_delay_ms,351.0,341.0,-10.0,SUPPORTING_ROBUSTNESS
I30,0.6666666666666666,2012,bg_p95_delay_ms,796.0,848.0,52.0,SUPPORTING_ROBUSTNESS
I30,0.6666666666666666,2013,bg_p95_delay_ms,271.0,286.0,15.0,SUPPORTING_ROBUSTNESS
I30,0.6666666666666666,2014,bg_p95_delay_ms,715.0,787.0,72.0,SUPPORTING_ROBUSTNESS
I30,0.6666666666666666,2015,bg_p95_delay_ms,103.0,104.0,1.0,SUPPORTING_ROBUSTNESS
I30,0.6666666666666666,2016,bg_p95_delay_ms,123.0,129.0,6.0,SUPPORTING_ROBUSTNESS
I30,0.6666666666666666,2017,bg_p95_delay_ms,737.0,795.0,58.0,SUPPORTING_ROBUSTNESS
I30,0.6666666666666666,2018,bg_p95_delay_ms,115.0,118.0,3.0,SUPPORTING_ROBUSTNESS
I30,0.6666666666666666,2019,bg_p95_delay_ms,141.0,142.0,1.0,SUPPORTING_ROBUSTNESS
I30,0.6666666666666666,2020,bg_p95_delay_ms,146.0,154.0,8.0,SUPPORTING_ROBUSTNESS
I30,0.6666666666666666,2001,bg_p99_delay_ms,792.5102414994284,918.7133662880002,126.20312478857181,SUPPORTING_ROBUSTNESS
I30,0.6666666666666666,2002,bg_p99_delay_ms,1229.5593323817145,1449.2935845005668,219.73425211885228,SUPPORTING_ROBUSTNESS
I30,0.6666666666666666,2003,bg_p99_delay_ms,788.2548029920002,893.7262598171409,105.47145682514065,SUPPORTING_ROBUSTNESS
I30,0.6666666666666666,2004,bg_p99_delay_ms,1465.7338920799996,1639.621398416,173.88750633600034,SUPPORTING_ROBUSTNESS
I30,0.6666666666666666,2005,bg_p99_delay_ms,1595.839117227429,1956.7751066902852,360.93598946285624,SUPPORTING_ROBUSTNESS
I30,0.6666666666666666,2006,bg_p99_delay_ms,831.1802131337141,916.6847298788583,85.5045167451442,SUPPORTING_ROBUSTNESS
I30,0.6666666666666666,2007,bg_p99_delay_ms,924.6584429805711,1050.1584900594273,125.50004707885626,SUPPORTING_ROBUSTNESS
I30,0.6666666666666666,2008,bg_p99_delay_ms,938.7824770879996,1115.1947990628569,176.41232197485726,SUPPORTING_ROBUSTNESS
I30,0.6666666666666666,2009,bg_p99_delay_ms,679.5334151931424,744.875752482285,65.3423372891425,SUPPORTING_ROBUSTNESS
I30,0.6666666666666666,2010,bg_p99_delay_ms,746.8091512891424,837.7773947908565,90.96824350171414,SUPPORTING_ROBUSTNESS
I30,0.6666666666666666,2011,bg_p99_delay_ms,988.1911398834278,1133.5681849942853,145.37704511085747,SUPPORTING_ROBUSTNESS
I30,0.6666666666666666,2012,bg_p99_delay_ms,1636.9378912708573,1835.0053670559976,198.06747578514023,SUPPORTING_ROBUSTNESS
I30,0.6666666666666666,2013,bg_p99_delay_ms,1377.2175854994264,1516.025387046856,138.80780154742956,SUPPORTING_ROBUSTNESS
I30,0.6666666666666666,2014,bg_p99_delay_ms,1325.0108080434281,1595.5550308662853,270.54422282285714,SUPPORTING_ROBUSTNESS
I30,0.6666666666666666,2015,bg_p99_delay_ms,581.7430794697154,603.2124424662854,21.46936299657,SUPPORTING_ROBUSTNESS
I30,0.6666666666666666,2016,bg_p99_delay_ms,536.1749117257145,576.5345517279991,40.35964000228455,SUPPORTING_ROBUSTNESS
I30,0.6666666666666666,2017,bg_p99_delay_ms,1599.0724162422837,2017.396776191997,418.3243599497134,SUPPORTING_ROBUSTNESS
I30,0.6666666666666666,2018,bg_p99_delay_ms,1086.6491477188572,1264.1302923931428,177.4811446742856,SUPPORTING_ROBUSTNESS
I30,0.6666666666666666,2019,bg_p99_delay_ms,757.8504394285711,775.8856218079998,18.035182379428647,SUPPORTING_ROBUSTNESS
I30,0.6666666666666666,2020,bg_p99_delay_ms,922.7919579474282,1003.2262614811425,80.43430353371434,SUPPORTING_ROBUSTNESS
I30,0.6666666666666666,2001,bg_worst_ue_p95_ms,1720.3794259999997,1820.9294407999998,100.5500148000001,SUPPORTING_ROBUSTNESS
I30,0.6666666666666666,2002,bg_worst_ue_p95_ms,2376.6794259999997,2875.4294259999997,498.75,SUPPORTING_ROBUSTNESS
I30,0.6666666666666666,2003,bg_worst_ue_p95_ms,1151.929426,1283.6299587999988,131.70053279999888,SUPPORTING_ROBUSTNESS
I30,0.6666666666666666,2004,bg_worst_ue_p95_ms,2254.6294703999997,2417.729426,163.09995560000016,SUPPORTING_ROBUSTNESS
I30,0.6666666666666666,2005,bg_worst_ue_p95_ms,1852.7795295999988,1969.7794555999953,116.99992599999655,SUPPORTING_ROBUSTNESS
I30,0.6666666666666666,2006,bg_worst_ue_p95_ms,866.0795887999964,943.2294259999996,77.14983720000328,SUPPORTING_ROBUSTNESS
I30,0.6666666666666666,2007,bg_worst_ue_p95_ms,1651.7294259999996,1639.0294259999998,-12.699999999999818,SUPPORTING_ROBUSTNESS
I30,0.6666666666666666,2008,bg_worst_ue_p95_ms,1852.7294259999983,2099.1794259999997,246.4500000000014,SUPPORTING_ROBUSTNESS
I30,0.6666666666666666,2009,bg_worst_ue_p95_ms,1216.1297851999998,1338.5304619999995,122.4006767999997,SUPPORTING_ROBUSTNESS
I30,0.6666666666666666,2010,bg_worst_ue_p95_ms,1128.929426,1240.1294259999988,111.19999999999891,SUPPORTING_ROBUSTNESS
I30,0.6666666666666666,2011,bg_worst_ue_p95_ms,2138.9796183999997,2442.729736799999,303.75011839999934,SUPPORTING_ROBUSTNESS
I30,0.6666666666666666,2012,bg_worst_ue_p95_ms,2575.8294259999993,3004.529603599999,428.70017759999973,SUPPORTING_ROBUSTNESS
I30,0.6666666666666666,2013,bg_worst_ue_p95_ms,2168.7794259999955,2594.079426,425.3000000000043,SUPPORTING_ROBUSTNESS
I30,0.6666666666666666,2014,bg_worst_ue_p95_ms,2410.5297219999998,2830.729721999999,420.19999999999936,SUPPORTING_ROBUSTNESS
I30,0.6666666666666666,2015,bg_worst_ue_p95_ms,1231.5297811999994,1112.329722,-119.20005919999949,SUPPORTING_ROBUSTNESS
I30,0.6666666666666666,2016,bg_worst_ue_p95_ms,1083.5798551999992,1218.929426,135.34957080000072,SUPPORTING_ROBUSTNESS
I30,0.6666666666666666,2017,bg_worst_ue_p95_ms,2884.6296775999995,3180.779988399996,296.15031079999653,SUPPORTING_ROBUSTNESS
I30,0.6666666666666666,2018,bg_worst_ue_p95_ms,1395.5294260000007,1676.2296775999964,280.7002515999957,SUPPORTING_ROBUSTNESS
I30,0.6666666666666666,2019,bg_worst_ue_p95_ms,2342.9297812,2619.0297516000023,276.09997040000235,SUPPORTING_ROBUSTNESS
I30,0.6666666666666666,2020,bg_worst_ue_p95_ms,1699.1297971999998,1902.5294259999994,203.39962879999962,SUPPORTING_ROBUSTNESS
I30,0.6666666666666666,2001,bg_worst_ue_p99_ms,3330.3494260000034,3709.449804880004,379.1003788800008,SUPPORTING_ROBUSTNESS
I30,0.6666666666666666,2002,bg_worst_ue_p99_ms,4580.079426,6161.989425999927,1581.909999999927,SUPPORTING_ROBUSTNESS
I30,0.6666666666666666,2003,bg_worst_ue_p99_ms,5334.679470400008,7237.099434879928,1902.41996447992,SUPPORTING_ROBUSTNESS
I30,0.6666666666666666,2004,bg_worst_ue_p99_ms,3824.609425999998,4337.809425999999,513.2000000000007,SUPPORTING_ROBUSTNESS
I30,0.6666666666666666,2005,bg_worst_ue_p99_ms,5577.2094467200495,7547.67942599999,1970.4699792799402,SUPPORTING_ROBUSTNESS
I30,0.6666666666666666,2006,bg_worst_ue_p99_ms,3118.0294259999964,4352.669426,1234.640000000004,SUPPORTING_ROBUSTNESS
I30,0.6666666666666666,2007,bg_worst_ue_p99_ms,3178.8494259999998,3491.289674639997,312.4402486399972,SUPPORTING_ROBUSTNESS
I30,0.6666666666666666,2008,bg_worst_ue_p99_ms,4299.679425999999,5534.319571039998,1234.640145039999,SUPPORTING_ROBUSTNESS
I30,0.6666666666666666,2009,bg_worst_ue_p99_ms,3545.8098759199997,3722.06959928,176.2597233600004,SUPPORTING_ROBUSTNESS
I30,0.6666666666666666,2010,bg_worst_ue_p99_ms,3277.659425999994,4244.929426000016,967.2700000000223,SUPPORTING_ROBUSTNESS
I30,0.6666666666666666,2011,bg_worst_ue_p99_ms,3691.369426000002,4581.1494260000145,889.7800000000125,SUPPORTING_ROBUSTNESS
I30,0.6666666666666666,2012,bg_worst_ue_p99_ms,5971.309425999999,7974.049426000019,2002.7400000000198,SUPPORTING_ROBUSTNESS
I30,0.6666666666666666,2013,bg_worst_ue_p99_ms,5169.9295828799995,6779.329958799979,1609.4003759199795,SUPPORTING_ROBUSTNESS
I30,0.6666666666666666,2014,bg_worst_ue_p99_ms,6522.1896213599985,10132.789425999981,3610.5998046399827,SUPPORTING_ROBUSTNESS
I30,0.6666666666666666,2015,bg_worst_ue_p99_ms,2811.489722000044,2994.829514799991,183.3397927999472,SUPPORTING_ROBUSTNESS
I30,0.6666666666666666,2016,bg_worst_ue_p99_ms,3990.9899543200054,4909.809425999979,918.8194716799735,SUPPORTING_ROBUSTNESS
I30,0.6666666666666666,2017,bg_worst_ue_p99_ms,6371.25968944,12693.899557119952,6322.639867679952,SUPPORTING_ROBUSTNESS
I30,0.6666666666666666,2018,bg_worst_ue_p99_ms,4789.359479280019,6431.729722000019,1642.3702427200005,SUPPORTING_ROBUSTNESS
I30,0.6666666666666666,2019,bg_worst_ue_p99_ms,5096.010161999996,4101.72943976,-994.2807222399961,SUPPORTING_ROBUSTNESS
I30,0.6666666666666666,2020,bg_worst_ue_p99_ms,5624.129426000001,6101.609425999995,477.4799999999941,SUPPORTING_ROBUSTNESS
I30,0.6666666666666666,2001,a_plus_s2,0.3789533896550016,0.14325845632021464,-0.23569493333478694,SUPPORTING_ROBUSTNESS
I30,0.6666666666666666,2002,a_plus_s2,0.7747771777562419,0.15790361523200444,-0.6168735625242374,SUPPORTING_ROBUSTNESS
I30,0.6666666666666666,2003,a_plus_s2,0.4410762387685856,0.1284071044649451,-0.3126691343036405,SUPPORTING_ROBUSTNESS
I30,0.6666666666666666,2004,a_plus_s2,0.4528830713502287,0.13868692640555577,-0.31419614494467296,SUPPORTING_ROBUSTNESS
I30,0.6666666666666666,2005,a_plus_s2,0.6504112584491557,0.15783924608435493,-0.49257201236480075,SUPPORTING_ROBUSTNESS
I30,0.6666666666666666,2006,a_plus_s2,0.7645360437224682,0.20736293177750212,-0.5571731119449661,SUPPORTING_ROBUSTNESS
I30,0.6666666666666666,2007,a_plus_s2,0.38745607557553674,0.14639225356463437,-0.24106382201090237,SUPPORTING_ROBUSTNESS
I30,0.6666666666666666,2008,a_plus_s2,0.2083105008627881,0.10970499348585322,-0.09860550737693488,SUPPORTING_ROBUSTNESS
I30,0.6666666666666666,2009,a_plus_s2,0.4156347372093949,0.11611891577681799,-0.29951582143257693,SUPPORTING_ROBUSTNESS
I30,0.6666666666666666,2010,a_plus_s2,0.6323279947031472,0.15782389925245957,-0.4745040954506876,SUPPORTING_ROBUSTNESS
I30,0.6666666666666666,2011,a_plus_s2,0.7302841288082154,0.2230181941286426,-0.5072659346795727,SUPPORTING_ROBUSTNESS
I30,0.6666666666666666,2012,a_plus_s2,0.9432626976448543,0.18703999890261208,-0.7562226987422422,SUPPORTING_ROBUSTNESS
I30,0.6666666666666666,2013,a_plus_s2,0.4659478272674352,0.1763971109408021,-0.2895507163266331,SUPPORTING_ROBUSTNESS
I30,0.6666666666666666,2014,a_plus_s2,0.9386843274594924,0.17240916090705388,-0.7662751665524385,SUPPORTING_ROBUSTNESS
I30,0.6666666666666666,2015,a_plus_s2,0.36355603785354207,0.17470180917774436,-0.1888542286757977,SUPPORTING_ROBUSTNESS
I30,0.6666666666666666,2016,a_plus_s2,0.31591417603385674,0.13932659117663893,-0.17658758485721782,SUPPORTING_ROBUSTNESS
I30,0.6666666666666666,2017,a_plus_s2,0.6827928724798648,0.18816557865361086,-0.4946272938262539,SUPPORTING_ROBUSTNESS
I30,0.6666666666666666,2018,a_plus_s2,0.843479983148476,0.26257266200240775,-0.5809073211460682,SUPPORTING_ROBUSTNESS
I30,0.6666666666666666,2019,a_plus_s2,0.3694338132936418,0.12276655643570517,-0.2466672568579366,SUPPORTING_ROBUSTNESS
I30,0.6666666666666666,2020,a_plus_s2,0.5261210442591391,0.21273074494051697,-0.3133902993186221,SUPPORTING_ROBUSTNESS
I30,0.6666666666666666,2001,post_ho_fresh_ms,197.92925665714284,186.71498808571428,-11.214268571428562,SUPPORTING_ROBUSTNESS
I30,0.6666666666666666,2002,post_ho_fresh_ms,241.9293162,181.7006818,-60.228634399999976,SUPPORTING_ROBUSTNESS
I30,0.6666666666666666,2003,post_ho_fresh_ms,207.74348454285712,191.98632522857142,-15.757159314285701,SUPPORTING_ROBUSTNESS
I30,0.6666666666666666,2004,post_ho_fresh_ms,220.65781448571428,192.20070637142857,-28.457108114285717,SUPPORTING_ROBUSTNESS
I30,0.6666666666666666,2005,post_ho_fresh_ms,249.94351768571426,193.6578107142857,-56.28570697142857,SUPPORTING_ROBUSTNESS
I30,0.6666666666666666,2006,post_ho_fresh_ms,281.6578608857143,218.00074442857144,-63.65711645714285,SUPPORTING_ROBUSTNESS
I30,0.6666666666666666,2007,post_ho_fresh_ms,243.37212465714285,213.12929734285714,-30.242827314285705,SUPPORTING_ROBUSTNESS
I30,0.6666666666666666,2008,post_ho_fresh_ms,198.8577954,186.1578098,-12.69998559999999,SUPPORTING_ROBUSTNESS
I30,0.6666666666666666,2009,post_ho_fresh_ms,212.42933459999998,185.8149997428571,-26.614334857142865,SUPPORTING_ROBUSTNESS
I30,0.6666666666666666,2010,post_ho_fresh_ms,226.34354877142857,205.74351882857144,-20.600029942857134,SUPPORTING_ROBUSTNESS
I30,0.6666666666666666,2011,post_ho_fresh_ms,243.98638774285712,204.8149624857143,-39.17142525714283,SUPPORTING_ROBUSTNESS
I30,0.6666666666666666,2012,post_ho_fresh_ms,249.64361048571428,228.40067985714285,-21.24293062857143,SUPPORTING_ROBUSTNESS
I30,0.6666666666666666,2013,post_ho_fresh_ms,239.1434852285714,205.1149232857143,-34.028561942857095,SUPPORTING_ROBUSTNESS
I30,0.6666666666666666,2014,post_ho_fresh_ms,251.61495082857144,194.30073837142857,-57.31421245714287,SUPPORTING_ROBUSTNESS
I30,0.6666666666666666,2015,post_ho_fresh_ms,232.4578968857143,198.94354454285713,-33.514352342857165,SUPPORTING_ROBUSTNESS
I30,0.6666666666666666,2016,post_ho_fresh_ms,218.61496419999997,201.95784054285713,-16.657123657142847,SUPPORTING_ROBUSTNESS
I30,0.6666666666666666,2017,post_ho_fresh_ms,249.82918545714284,209.786405,-40.04278045714284,SUPPORTING_ROBUSTNESS
I30,0.6666666666666666,2018,post_ho_fresh_ms,299.0293276285714,240.32931768571427,-58.70000994285715,SUPPORTING_ROBUSTNESS
I30,0.6666666666666666,2019,post_ho_fresh_ms,210.31489265714285,201.44360168571427,-8.871290971428579,SUPPORTING_ROBUSTNESS
I30,0.6666666666666666,2020,post_ho_fresh_ms,259.2435396285714,228.35784637142856,-30.885693257142833,SUPPORTING_ROBUSTNESS
HEAVY,1,1001,aoi_p95_ms,911.8312898963569,284.53822809965726,-627.2930617966997,FROZEN_PRODUCTION_CONTEXT
HEAVY,1,1002,aoi_p95_ms,883.6778182469421,293.53612676625283,-590.1416914806894,FROZEN_PRODUCTION_CONTEXT
HEAVY,1,1003,aoi_p95_ms,1599.9071496781526,358.8363798819668,-1241.0707697961857,FROZEN_PRODUCTION_CONTEXT
HEAVY,1,1004,aoi_p95_ms,1563.398409084327,354.20020726112,-1209.198201823207,FROZEN_PRODUCTION_CONTEXT
HEAVY,1,1005,aoi_p95_ms,1321.591762230467,339.65031683169536,-981.9414453987717,FROZEN_PRODUCTION_CONTEXT
HEAVY,1,1006,aoi_p95_ms,1815.7619652808378,331.570810010607,-1484.1911552702309,FROZEN_PRODUCTION_CONTEXT
HEAVY,1,1007,aoi_p95_ms,1268.5185520707846,296.3808615369653,-972.1376905338193,FROZEN_PRODUCTION_CONTEXT
HEAVY,1,1008,aoi_p95_ms,1047.4614590802905,280.1245840737892,-767.3368750065013,FROZEN_PRODUCTION_CONTEXT
HEAVY,1,1009,aoi_p95_ms,1094.3088301156577,283.4853345489969,-810.8234955666608,FROZEN_PRODUCTION_CONTEXT
HEAVY,1,1010,aoi_p95_ms,1800.2523557727548,328.0184605439508,-1472.233895228804,FROZEN_PRODUCTION_CONTEXT
HEAVY,1,1011,aoi_p95_ms,1106.936720884555,299.7857286542071,-807.1509922303478,FROZEN_PRODUCTION_CONTEXT
HEAVY,1,1012,aoi_p95_ms,1319.3488426800966,311.60558128294775,-1007.7432613971489,FROZEN_PRODUCTION_CONTEXT
HEAVY,1,1013,aoi_p95_ms,1564.422181040098,562.8719276182584,-1001.5502534218396,FROZEN_PRODUCTION_CONTEXT
HEAVY,1,1014,aoi_p95_ms,1602.545389270463,296.74716568518124,-1305.7982235852817,FROZEN_PRODUCTION_CONTEXT
HEAVY,1,1015,aoi_p95_ms,1242.482804265797,351.32831917296437,-891.1544850928327,FROZEN_PRODUCTION_CONTEXT
HEAVY,1,1016,aoi_p95_ms,1233.2547171740655,287.0152791177435,-946.239438056322,FROZEN_PRODUCTION_CONTEXT
HEAVY,1,1017,aoi_p95_ms,722.5964416572948,255.36247320201758,-467.23396845527725,FROZEN_PRODUCTION_CONTEXT
HEAVY,1,1018,aoi_p95_ms,1902.888256754557,352.5766112490617,-1550.3116455054953,FROZEN_PRODUCTION_CONTEXT
HEAVY,1,1019,aoi_p95_ms,1238.240140359276,313.0625573766611,-925.1775829826149,FROZEN_PRODUCTION_CONTEXT
HEAVY,1,1020,aoi_p95_ms,1674.7084615177084,398.6166865924222,-1276.0917749252862,FROZEN_PRODUCTION_CONTEXT
HEAVY,1,1021,aoi_p95_ms,880.5800097267347,267.25306958557735,-613.3269401411574,FROZEN_PRODUCTION_CONTEXT
HEAVY,1,1022,aoi_p95_ms,1552.3774055928034,361.633859627909,-1190.7435459648943,FROZEN_PRODUCTION_CONTEXT
HEAVY,1,1023,aoi_p95_ms,1879.2902131664173,344.0176611041095,-1535.2725520623078,FROZEN_PRODUCTION_CONTEXT
HEAVY,1,1024,aoi_p95_ms,1308.8836293925438,304.3335408705685,-1004.5500885219752,FROZEN_PRODUCTION_CONTEXT
HEAVY,1,1025,aoi_p95_ms,1348.2749826732406,333.75079346826215,-1014.5241892049785,FROZEN_PRODUCTION_CONTEXT
HEAVY,1,1026,aoi_p95_ms,1931.742417367009,334.36971498775176,-1597.3727023792571,FROZEN_PRODUCTION_CONTEXT
HEAVY,1,1027,aoi_p95_ms,910.2808250376677,278.39883827059975,-631.8819867670679,FROZEN_PRODUCTION_CONTEXT
HEAVY,1,1028,aoi_p95_ms,1525.7395565992888,338.4230351447617,-1187.316521454527,FROZEN_PRODUCTION_CONTEXT
HEAVY,1,1029,aoi_p95_ms,1095.4740672181583,285.7991549851275,-809.6749122330309,FROZEN_PRODUCTION_CONTEXT
HEAVY,1,1030,aoi_p95_ms,1071.043290807873,319.10758986939715,-751.935700938476,FROZEN_PRODUCTION_CONTEXT
HEAVY,1,1031,aoi_p95_ms,797.4854531743526,264.48556802523393,-532.9998851491187,FROZEN_PRODUCTION_CONTEXT
HEAVY,1,1032,aoi_p95_ms,1346.2165047992135,347.2720749546578,-998.9444298445557,FROZEN_PRODUCTION_CONTEXT
HEAVY,1,1033,aoi_p95_ms,1605.9953697105248,324.56616408939095,-1281.4292056211339,FROZEN_PRODUCTION_CONTEXT
HEAVY,1,1034,aoi_p95_ms,1134.331173411488,298.8566658883079,-835.4745075231801,FROZEN_PRODUCTION_CONTEXT
HEAVY,1,1035,aoi_p95_ms,1170.0577815850138,288.9671844557031,-881.0905971293107,FROZEN_PRODUCTION_CONTEXT
HEAVY,1,1036,aoi_p95_ms,1130.6198585628665,313.2434189309422,-817.3764396319243,FROZEN_PRODUCTION_CONTEXT
HEAVY,1,1037,aoi_p95_ms,729.9923423451938,269.8563628170274,-460.13597952816644,FROZEN_PRODUCTION_CONTEXT
HEAVY,1,1038,aoi_p95_ms,1616.1751043142228,343.94872440527143,-1272.2263799089515,FROZEN_PRODUCTION_CONTEXT
HEAVY,1,1039,aoi_p95_ms,1732.3492728857473,333.60417371802106,-1398.7450991677263,FROZEN_PRODUCTION_CONTEXT
HEAVY,1,1040,aoi_p95_ms,1004.7101084489946,341.65154249778243,-663.0585659512121,FROZEN_PRODUCTION_CONTEXT
HEAVY,1,1041,aoi_p95_ms,1348.8529314149803,295.1048307865606,-1053.7481006284197,FROZEN_PRODUCTION_CONTEXT
HEAVY,1,1042,aoi_p95_ms,1492.8678948374322,324.67880343752256,-1168.1890913999096,FROZEN_PRODUCTION_CONTEXT
HEAVY,1,1043,aoi_p95_ms,1302.6903103464977,292.20145233128574,-1010.4888580152119,FROZEN_PRODUCTION_CONTEXT
HEAVY,1,1044,aoi_p95_ms,980.5016133961926,287.74585335745417,-692.7557600387385,FROZEN_PRODUCTION_CONTEXT
HEAVY,1,1045,aoi_p95_ms,1159.9170497204987,294.8632114298136,-865.053838290685,FROZEN_PRODUCTION_CONTEXT
HEAVY,1,1046,aoi_p95_ms,1545.4120838488302,316.1034630578275,-1229.3086207910028,FROZEN_PRODUCTION_CONTEXT
HEAVY,1,1047,aoi_p95_ms,1489.229308512028,318.3218268113769,-1170.907481700651,FROZEN_PRODUCTION_CONTEXT
HEAVY,1,1048,aoi_p95_ms,1113.9890184376713,302.9972411142478,-810.9917773234235,FROZEN_PRODUCTION_CONTEXT
HEAVY,1,1049,aoi_p95_ms,1511.6219853622313,322.87517904098723,-1188.746806321244,FROZEN_PRODUCTION_CONTEXT
HEAVY,1,1050,aoi_p95_ms,1127.960678535099,274.6866904308147,-853.2739881042844,FROZEN_PRODUCTION_CONTEXT
HEAVY,1,1051,aoi_p95_ms,942.0592509466079,283.1519929040757,-658.9072580425322,FROZEN_PRODUCTION_CONTEXT
HEAVY,1,1052,aoi_p95_ms,1435.6915337093517,335.351719214019,-1100.3398144953326,FROZEN_PRODUCTION_CONTEXT
HEAVY,1,1053,aoi_p95_ms,1326.4059861795276,315.17343504468647,-1011.2325511348412,FROZEN_PRODUCTION_CONTEXT
HEAVY,1,1054,aoi_p95_ms,962.4971567980242,290.35139161839504,-672.1457651796292,FROZEN_PRODUCTION_CONTEXT
HEAVY,1,1055,aoi_p95_ms,1215.311770671042,306.493832583103,-908.817938087939,FROZEN_PRODUCTION_CONTEXT
HEAVY,1,1056,aoi_p95_ms,1205.8535086150162,294.28477096888173,-911.5687376461344,FROZEN_PRODUCTION_CONTEXT
HEAVY,1,1057,aoi_p95_ms,1623.0689831277014,352.50724513305187,-1270.5617379946495,FROZEN_PRODUCTION_CONTEXT
HEAVY,1,1058,aoi_p95_ms,1828.9097868626964,332.03673140091837,-1496.873055461778,FROZEN_PRODUCTION_CONTEXT
HEAVY,1,1059,aoi_p95_ms,1115.3058413118129,292.9301853444289,-822.375655967384,FROZEN_PRODUCTION_CONTEXT
HEAVY,1,1060,aoi_p95_ms,1416.7809713541294,348.90598831332005,-1067.8749830408094,FROZEN_PRODUCTION_CONTEXT
HEAVY,1,1061,aoi_p95_ms,1564.628784411058,325.7417966076664,-1238.8869878033915,FROZEN_PRODUCTION_CONTEXT
HEAVY,1,1062,aoi_p95_ms,1757.1763380729542,338.58261039764756,-1418.5937276753066,FROZEN_PRODUCTION_CONTEXT
HEAVY,1,1063,aoi_p95_ms,1428.9027853476732,319.2442527563693,-1109.6585325913038,FROZEN_PRODUCTION_CONTEXT
HEAVY,1,1064,aoi_p95_ms,1419.3533025829681,308.0861094534214,-1111.2671931295467,FROZEN_PRODUCTION_CONTEXT
HEAVY,1,1065,aoi_p95_ms,1099.7348349657632,295.10048880155085,-804.6343461642123,FROZEN_PRODUCTION_CONTEXT
HEAVY,1,1066,aoi_p95_ms,2115.8733290011837,355.33818334870875,-1760.535145652475,FROZEN_PRODUCTION_CONTEXT
HEAVY,1,1067,aoi_p95_ms,1066.2686567115654,287.2550964075311,-779.0135603040344,FROZEN_PRODUCTION_CONTEXT
HEAVY,1,1068,aoi_p95_ms,1533.7476378385438,318.1652987657002,-1215.5823390728438,FROZEN_PRODUCTION_CONTEXT
HEAVY,1,1069,aoi_p95_ms,1212.660249398657,285.5889670834245,-927.0712823152326,FROZEN_PRODUCTION_CONTEXT
HEAVY,1,1070,aoi_p95_ms,949.4182597455904,302.24184567727497,-647.1764140683154,FROZEN_PRODUCTION_CONTEXT
HEAVY,1,1071,aoi_p95_ms,1146.4031285067356,311.6853244752687,-834.7178040314668,FROZEN_PRODUCTION_CONTEXT
HEAVY,1,1072,aoi_p95_ms,1619.0570702817638,328.01265400610106,-1291.0444162756628,FROZEN_PRODUCTION_CONTEXT
HEAVY,1,1073,aoi_p95_ms,914.0175214838606,282.74364067942133,-631.2738808044393,FROZEN_PRODUCTION_CONTEXT
HEAVY,1,1074,aoi_p95_ms,1368.4540967591545,367.3631685742139,-1001.0909281849406,FROZEN_PRODUCTION_CONTEXT
HEAVY,1,1075,aoi_p95_ms,1175.3553248342268,297.28413574925287,-878.071189084974,FROZEN_PRODUCTION_CONTEXT
HEAVY,1,1076,aoi_p95_ms,1317.3926238139136,317.7587570421395,-999.6338667717741,FROZEN_PRODUCTION_CONTEXT
HEAVY,1,1077,aoi_p95_ms,1094.3895204288137,296.49443261739424,-797.8950878114194,FROZEN_PRODUCTION_CONTEXT
HEAVY,1,1078,aoi_p95_ms,1075.8355874633232,293.65057780896245,-782.1850096543608,FROZEN_PRODUCTION_CONTEXT
HEAVY,1,1079,aoi_p95_ms,1391.3659990446195,372.37085255627386,-1018.9951464883457,FROZEN_PRODUCTION_CONTEXT
HEAVY,1,1080,aoi_p95_ms,835.0464470421579,271.80048869501246,-563.2459583471455,FROZEN_PRODUCTION_CONTEXT
HEAVY,1,1081,aoi_p95_ms,1488.9718664040288,316.5299024606982,-1172.4419639433306,FROZEN_PRODUCTION_CONTEXT
HEAVY,1,1082,aoi_p95_ms,1540.802566505853,311.6082988529771,-1229.194267652876,FROZEN_PRODUCTION_CONTEXT
HEAVY,1,1083,aoi_p95_ms,749.7555619813091,266.893840843677,-482.8617211376321,FROZEN_PRODUCTION_CONTEXT
HEAVY,1,1084,aoi_p95_ms,1549.4081838091922,340.1892631283021,-1209.21892068089,FROZEN_PRODUCTION_CONTEXT
HEAVY,1,1085,aoi_p95_ms,1833.9484885570894,386.1286895461578,-1447.8197990109315,FROZEN_PRODUCTION_CONTEXT
HEAVY,1,1086,aoi_p95_ms,1507.5466701750427,315.03946161234876,-1192.507208562694,FROZEN_PRODUCTION_CONTEXT
HEAVY,1,1087,aoi_p95_ms,1124.410153478509,283.60001016469266,-840.8101433138164,FROZEN_PRODUCTION_CONTEXT
HEAVY,1,1088,aoi_p95_ms,1061.4369283858805,311.6099073568824,-749.8270210289982,FROZEN_PRODUCTION_CONTEXT
HEAVY,1,1001,aoi_mean_ms,329.15771257284354,150.32368780908843,-178.8340247637551,FROZEN_PRODUCTION_CONTEXT
HEAVY,1,1002,aoi_mean_ms,263.65842119825845,150.74821737741496,-112.91020382084349,FROZEN_PRODUCTION_CONTEXT
HEAVY,1,1003,aoi_mean_ms,470.12823030574145,164.67393022508844,-305.454300080653,FROZEN_PRODUCTION_CONTEXT
HEAVY,1,1004,aoi_mean_ms,368.1338510849523,161.05135404342857,-207.08249704152374,FROZEN_PRODUCTION_CONTEXT
HEAVY,1,1005,aoi_mean_ms,382.16299231510203,160.9001538519728,-221.26283846312924,FROZEN_PRODUCTION_CONTEXT
HEAVY,1,1006,aoi_mean_ms,484.59821886846254,160.93558181474828,-323.66263705371426,FROZEN_PRODUCTION_CONTEXT
HEAVY,1,1007,aoi_mean_ms,322.363661988136,151.45859579580954,-170.90506619232647,FROZEN_PRODUCTION_CONTEXT
HEAVY,1,1008,aoi_mean_ms,269.37749636288436,146.02491984391835,-123.352576518966,FROZEN_PRODUCTION_CONTEXT
HEAVY,1,1009,aoi_mean_ms,287.4372062704762,148.95387721610882,-138.4833290543674,FROZEN_PRODUCTION_CONTEXT
HEAVY,1,1010,aoi_mean_ms,511.498382761687,161.4652557198367,-350.0331270418503,FROZEN_PRODUCTION_CONTEXT
HEAVY,1,1011,aoi_mean_ms,357.83575634840815,153.14484032337415,-204.690916025034,FROZEN_PRODUCTION_CONTEXT
HEAVY,1,1012,aoi_mean_ms,413.9764147164081,158.81209645137415,-255.16431826503396,FROZEN_PRODUCTION_CONTEXT
HEAVY,1,1013,aoi_mean_ms,377.378751989551,183.29823840032654,-194.08051358922447,FROZEN_PRODUCTION_CONTEXT
HEAVY,1,1014,aoi_mean_ms,391.6700143675646,154.64675959412244,-237.02325477344215,FROZEN_PRODUCTION_CONTEXT
HEAVY,1,1015,aoi_mean_ms,373.08425760163266,160.51986895357823,-212.56438864805443,FROZEN_PRODUCTION_CONTEXT
HEAVY,1,1016,aoi_mean_ms,332.6038288992653,149.45641342726532,-183.14741547199998,FROZEN_PRODUCTION_CONTEXT
HEAVY,1,1017,aoi_mean_ms,245.30814637866666,143.1767514887619,-102.13139488990475,FROZEN_PRODUCTION_CONTEXT
HEAVY,1,1018,aoi_mean_ms,476.9259489818775,165.22048652353743,-311.7054624583401,FROZEN_PRODUCTION_CONTEXT
HEAVY,1,1019,aoi_mean_ms,352.6726721195102,155.8539727428571,-196.8186993766531,FROZEN_PRODUCTION_CONTEXT
HEAVY,1,1020,aoi_mean_ms,505.2970918899591,171.25486931853058,-334.0422225714285,FROZEN_PRODUCTION_CONTEXT
HEAVY,1,1021,aoi_mean_ms,265.1989232633469,145.95792052495239,-119.24100273839451,FROZEN_PRODUCTION_CONTEXT
HEAVY,1,1022,aoi_mean_ms,442.95392534824487,163.90359578764625,-279.0503295605986,FROZEN_PRODUCTION_CONTEXT
HEAVY,1,1023,aoi_mean_ms,449.12455939689795,161.19093150682994,-287.933627890068,FROZEN_PRODUCTION_CONTEXT
HEAVY,1,1024,aoi_mean_ms,337.7164390306394,150.94016874917006,-186.77627028146932,FROZEN_PRODUCTION_CONTEXT
HEAVY,1,1025,aoi_mean_ms,376.32910364157823,158.40987190802718,-217.91923173355104,FROZEN_PRODUCTION_CONTEXT
HEAVY,1,1026,aoi_mean_ms,478.70593580680264,162.26182322187756,-316.44411258492505,FROZEN_PRODUCTION_CONTEXT
HEAVY,1,1027,aoi_mean_ms,264.8545958438095,148.31868750095236,-116.53590834285711,FROZEN_PRODUCTION_CONTEXT
HEAVY,1,1028,aoi_mean_ms,379.39676144337415,159.2414412331973,-220.15532021017685,FROZEN_PRODUCTION_CONTEXT
HEAVY,1,1029,aoi_mean_ms,317.0443966391293,151.79073197736054,-165.25366466176874,FROZEN_PRODUCTION_CONTEXT
HEAVY,1,1030,aoi_mean_ms,284.5868391367619,153.35064307189114,-131.23619606487077,FROZEN_PRODUCTION_CONTEXT
HEAVY,1,1031,aoi_mean_ms,237.47672312522448,144.62464118149657,-92.85208194372791,FROZEN_PRODUCTION_CONTEXT
HEAVY,1,1032,aoi_mean_ms,353.90251449436727,159.47460402057143,-194.42791047379583,FROZEN_PRODUCTION_CONTEXT
HEAVY,1,1033,aoi_mean_ms,391.6014822447891,159.67797654106124,-231.92350570372787,FROZEN_PRODUCTION_CONTEXT
HEAVY,1,1034,aoi_mean_ms,315.41695599542857,151.77712466666665,-163.63983132876191,FROZEN_PRODUCTION_CONTEXT
HEAVY,1,1035,aoi_mean_ms,322.74494779287073,152.25668775292516,-170.48826003994557,FROZEN_PRODUCTION_CONTEXT
HEAVY,1,1036,aoi_mean_ms,330.5719294527347,155.0194466645986,-175.5524827881361,FROZEN_PRODUCTION_CONTEXT
HEAVY,1,1037,aoi_mean_ms,230.36710777610884,147.14948330960544,-83.2176244665034,FROZEN_PRODUCTION_CONTEXT
HEAVY,1,1038,aoi_mean_ms,485.7725926827755,163.33711203189114,-322.43548065088436,FROZEN_PRODUCTION_CONTEXT
HEAVY,1,1039,aoi_mean_ms,431.9344197310476,159.58118441785035,-272.3532353131973,FROZEN_PRODUCTION_CONTEXT
HEAVY,1,1040,aoi_mean_ms,277.2432033799183,154.25102424805442,-122.9921791318639,FROZEN_PRODUCTION_CONTEXT
HEAVY,1,1041,aoi_mean_ms,321.08307751172794,150.93352549692517,-170.14955201480277,FROZEN_PRODUCTION_CONTEXT
HEAVY,1,1042,aoi_mean_ms,339.428683242449,156.1977558107211,-183.23092743172788,FROZEN_PRODUCTION_CONTEXT
HEAVY,1,1043,aoi_mean_ms,324.63558114361905,150.59225598508843,-174.04332515853062,FROZEN_PRODUCTION_CONTEXT
HEAVY,1,1044,aoi_mean_ms,295.74888103412246,150.69577852288432,-145.05310251123814,FROZEN_PRODUCTION_CONTEXT
HEAVY,1,1045,aoi_mean_ms,288.8466260309116,149.9895321825306,-138.85709384838097,FROZEN_PRODUCTION_CONTEXT
HEAVY,1,1046,aoi_mean_ms,428.97103608816326,158.39426232185033,-270.57677376631295,FROZEN_PRODUCTION_CONTEXT
HEAVY,1,1047,aoi_mean_ms,426.63905582040815,159.49189101659863,-267.1471648038095,FROZEN_PRODUCTION_CONTEXT
HEAVY,1,1048,aoi_mean_ms,350.80570544065307,156.10433001730613,-194.70137542334695,FROZEN_PRODUCTION_CONTEXT
HEAVY,1,1049,aoi_mean_ms,401.79042719096594,156.740852220517,-245.04957497044893,FROZEN_PRODUCTION_CONTEXT
HEAVY,1,1050,aoi_mean_ms,298.894102774966,147.92514697142857,-150.9689558035374,FROZEN_PRODUCTION_CONTEXT
HEAVY,1,1051,aoi_mean_ms,308.081183651483,150.79949541986394,-157.28168823161906,FROZEN_PRODUCTION_CONTEXT
HEAVY,1,1052,aoi_mean_ms,395.5823369030748,160.390509523483,-235.1918273795918,FROZEN_PRODUCTION_CONTEXT
HEAVY,1,1053,aoi_mean_ms,357.9138121909116,157.40835658089796,-200.50545561001363,FROZEN_PRODUCTION_CONTEXT
HEAVY,1,1054,aoi_mean_ms,280.23427375804084,150.84327261670748,-129.39100114133336,FROZEN_PRODUCTION_CONTEXT
HEAVY,1,1055,aoi_mean_ms,351.7886826785306,156.00109335542854,-195.78758932310208,FROZEN_PRODUCTION_CONTEXT
HEAVY,1,1056,aoi_mean_ms,347.86311497654424,151.11491432914286,-196.74820064740138,FROZEN_PRODUCTION_CONTEXT
HEAVY,1,1057,aoi_mean_ms,468.54438234318366,163.69121649567347,-304.8531658475102,FROZEN_PRODUCTION_CONTEXT
HEAVY,1,1058,aoi_mean_ms,456.8026525763265,161.2337110068027,-295.5689415695238,FROZEN_PRODUCTION_CONTEXT
HEAVY,1,1059,aoi_mean_ms,321.2334277294149,151.01680777959183,-170.2166199498231,FROZEN_PRODUCTION_CONTEXT
HEAVY,1,1060,aoi_mean_ms,325.402408126585,155.3125896310204,-170.0898184955646,FROZEN_PRODUCTION_CONTEXT
HEAVY,1,1061,aoi_mean_ms,481.5436115068299,162.30282671923808,-319.2407847875918,FROZEN_PRODUCTION_CONTEXT
HEAVY,1,1062,aoi_mean_ms,422.0186481606531,160.0743697139592,-261.9442784466939,FROZEN_PRODUCTION_CONTEXT
HEAVY,1,1063,aoi_mean_ms,439.5231597458503,157.4722935535238,-282.0508661923265,FROZEN_PRODUCTION_CONTEXT
HEAVY,1,1064,aoi_mean_ms,391.68969222813604,153.94129872228572,-237.74839350585032,FROZEN_PRODUCTION_CONTEXT
HEAVY,1,1065,aoi_mean_ms,292.6140152950204,153.37359918878911,-139.2404161062313,FROZEN_PRODUCTION_CONTEXT
HEAVY,1,1066,aoi_mean_ms,508.0608723816054,165.0723316865306,-342.9885406950748,FROZEN_PRODUCTION_CONTEXT
HEAVY,1,1067,aoi_mean_ms,341.93095336413603,153.52973477714283,-188.4012185869932,FROZEN_PRODUCTION_CONTEXT
HEAVY,1,1068,aoi_mean_ms,438.45032156081635,158.78250957300676,-279.6678119878096,FROZEN_PRODUCTION_CONTEXT
HEAVY,1,1069,aoi_mean_ms,312.9325406999728,148.8479932350476,-164.08454746492518,FROZEN_PRODUCTION_CONTEXT
HEAVY,1,1070,aoi_mean_ms,284.28989913882987,152.87957538024492,-131.41032375858495,FROZEN_PRODUCTION_CONTEXT
HEAVY,1,1071,aoi_mean_ms,351.3976850451156,155.82921859863944,-195.56846644647618,FROZEN_PRODUCTION_CONTEXT
HEAVY,1,1072,aoi_mean_ms,374.4677897340952,159.50594630476192,-214.9618434293333,FROZEN_PRODUCTION_CONTEXT
HEAVY,1,1073,aoi_mean_ms,304.523532832653,148.5387083780136,-155.9848244546394,FROZEN_PRODUCTION_CONTEXT
HEAVY,1,1074,aoi_mean_ms,400.6509483232653,162.42756444462586,-238.22338387863945,FROZEN_PRODUCTION_CONTEXT
HEAVY,1,1075,aoi_mean_ms,338.30332085300677,152.74528884843537,-185.5580320045714,FROZEN_PRODUCTION_CONTEXT
HEAVY,1,1076,aoi_mean_ms,414.76420212440814,158.8397658378231,-255.92443628658503,FROZEN_PRODUCTION_CONTEXT
HEAVY,1,1077,aoi_mean_ms,308.062194708136,154.28216008827212,-153.7800346198639,FROZEN_PRODUCTION_CONTEXT
HEAVY,1,1078,aoi_mean_ms,328.37327923863944,151.18583831619048,-177.18744092244896,FROZEN_PRODUCTION_CONTEXT
HEAVY,1,1079,aoi_mean_ms,359.21837169687075,160.33516368348296,-198.8832080133878,FROZEN_PRODUCTION_CONTEXT
HEAVY,1,1080,aoi_mean_ms,247.14580674296596,146.88510081817685,-100.26070592478911,FROZEN_PRODUCTION_CONTEXT
HEAVY,1,1081,aoi_mean_ms,326.9577634620953,153.13452848315646,-173.8232349789388,FROZEN_PRODUCTION_CONTEXT
HEAVY,1,1082,aoi_mean_ms,393.5533075492789,154.26500225512925,-239.28830529414964,FROZEN_PRODUCTION_CONTEXT
HEAVY,1,1083,aoi_mean_ms,267.2193460524626,146.83418032141498,-120.3851657310476,FROZEN_PRODUCTION_CONTEXT
HEAVY,1,1084,aoi_mean_ms,444.87230947210884,163.17396320097959,-281.69834627112925,FROZEN_PRODUCTION_CONTEXT
HEAVY,1,1085,aoi_mean_ms,476.47363264478906,168.03908775292516,-308.4345448918639,FROZEN_PRODUCTION_CONTEXT
HEAVY,1,1086,aoi_mean_ms,370.0547314556735,154.84834488979592,-215.20638656587758,FROZEN_PRODUCTION_CONTEXT
HEAVY,1,1087,aoi_mean_ms,334.84363833991836,148.30914880642175,-186.5344895334966,FROZEN_PRODUCTION_CONTEXT
HEAVY,1,1088,aoi_mean_ms,300.19368759161904,154.25383112783672,-145.93985646378232,FROZEN_PRODUCTION_CONTEXT
HEAVY,1,1001,status_wait_p95_ms,699.167142142857,28.258570714285703,-670.9085714285712,FROZEN_PRODUCTION_CONTEXT
HEAVY,1,1002,status_wait_p95_ms,601.7614278571425,27.81285642857141,-573.9485714285711,FROZEN_PRODUCTION_CONTEXT
HEAVY,1,1003,status_wait_p95_ms,1143.9985707142853,42.97714214285712,-1101.0214285714283,FROZEN_PRODUCTION_CONTEXT
HEAVY,1,1004,status_wait_p95_ms,823.812856428571,33.84571357142854,-789.9671428571424,FROZEN_PRODUCTION_CONTEXT
HEAVY,1,1005,status_wait_p95_ms,835.2242849999996,34.40428499999997,-800.8199999999996,FROZEN_PRODUCTION_CONTEXT
HEAVY,1,1006,status_wait_p95_ms,1343.7314278571414,43.62428499999996,-1300.1071428571415,FROZEN_PRODUCTION_CONTEXT
HEAVY,1,1007,status_wait_p95_ms,785.4085707142848,33.60428499999999,-751.8042857142848,FROZEN_PRODUCTION_CONTEXT
HEAVY,1,1008,status_wait_p95_ms,619.1671421428566,24.15285642857142,-595.0142857142852,FROZEN_PRODUCTION_CONTEXT
HEAVY,1,1009,status_wait_p95_ms,597.5928564285708,32.60285642857139,-564.9899999999994,FROZEN_PRODUCTION_CONTEXT
HEAVY,1,1010,status_wait_p95_ms,1288.2214278571428,46.74142785714282,-1241.48,FROZEN_PRODUCTION_CONTEXT
HEAVY,1,1011,status_wait_p95_ms,796.5971421428567,31.431427857142832,-765.1657142857139,FROZEN_PRODUCTION_CONTEXT
HEAVY,1,1012,status_wait_p95_ms,964.6571421428565,37.74428499999996,-926.9128571428565,FROZEN_PRODUCTION_CONTEXT
HEAVY,1,1013,status_wait_p95_ms,871.3885707142842,36.412856428571416,-834.9757142857128,FROZEN_PRODUCTION_CONTEXT
HEAVY,1,1014,status_wait_p95_ms,1086.0214278571425,37.14571357142855,-1048.875714285714,FROZEN_PRODUCTION_CONTEXT
HEAVY,1,1015,status_wait_p95_ms,654.9157135714282,33.96428499999998,-620.9514285714282,FROZEN_PRODUCTION_CONTEXT
HEAVY,1,1016,status_wait_p95_ms,820.1757135714282,32.58571357142855,-787.5899999999997,FROZEN_PRODUCTION_CONTEXT
HEAVY,1,1017,status_wait_p95_ms,443.7242849999995,21.624284999999993,-422.0999999999995,FROZEN_PRODUCTION_CONTEXT
HEAVY,1,1018,status_wait_p95_ms,1255.5228564285717,46.445713571428534,-1209.0771428571431,FROZEN_PRODUCTION_CONTEXT
HEAVY,1,1019,status_wait_p95_ms,687.2114278571426,31.15571357142854,-656.055714285714,FROZEN_PRODUCTION_CONTEXT
HEAVY,1,1020,status_wait_p95_ms,1118.4599992857136,44.15571357142854,-1074.304285714285,FROZEN_PRODUCTION_CONTEXT
HEAVY,1,1021,status_wait_p95_ms,487.2071421428569,26.85714214285713,-460.3499999999998,FROZEN_PRODUCTION_CONTEXT
HEAVY,1,1022,status_wait_p95_ms,1072.1657135714283,38.22999928571426,-1033.935714285714,FROZEN_PRODUCTION_CONTEXT
HEAVY,1,1023,status_wait_p95_ms,1283.5171421428565,42.3485707142857,-1241.1685714285709,FROZEN_PRODUCTION_CONTEXT
HEAVY,1,1024,status_wait_p95_ms,879.3199992857138,32.51999928571425,-846.7999999999996,FROZEN_PRODUCTION_CONTEXT
HEAVY,1,1025,status_wait_p95_ms,872.0899992857137,37.57714214285711,-834.5128571428565,FROZEN_PRODUCTION_CONTEXT
HEAVY,1,1026,status_wait_p95_ms,1371.072856428571,46.25857071428569,-1324.8142857142852,FROZEN_PRODUCTION_CONTEXT
HEAVY,1,1027,status_wait_p95_ms,516.5771421428568,22.372856428571414,-494.2042857142854,FROZEN_PRODUCTION_CONTEXT
HEAVY,1,1028,status_wait_p95_ms,956.0428564285714,38.189999285714265,-917.8528571428571,FROZEN_PRODUCTION_CONTEXT
HEAVY,1,1029,status_wait_p95_ms,688.2642849999997,31.20428499999997,-657.0599999999997,FROZEN_PRODUCTION_CONTEXT
HEAVY,1,1030,status_wait_p95_ms,522.0571421428565,23.377142142857128,-498.6799999999994,FROZEN_PRODUCTION_CONTEXT
HEAVY,1,1031,status_wait_p95_ms,439.3885707142855,21.68714214285714,-417.7014285714283,FROZEN_PRODUCTION_CONTEXT
HEAVY,1,1032,status_wait_p95_ms,692.8157135714283,30.37999928571427,-662.4357142857141,FROZEN_PRODUCTION_CONTEXT
HEAVY,1,1033,status_wait_p95_ms,1071.6928564285713,33.08857071428569,-1038.6042857142857,FROZEN_PRODUCTION_CONTEXT
HEAVY,1,1034,status_wait_p95_ms,686.5871421428558,27.55857071428571,-659.0285714285701,FROZEN_PRODUCTION_CONTEXT
HEAVY,1,1035,status_wait_p95_ms,755.4628564285707,32.07999928571423,-723.3828571428564,FROZEN_PRODUCTION_CONTEXT
HEAVY,1,1036,status_wait_p95_ms,744.425713571428,32.59142785714283,-711.8342857142852,FROZEN_PRODUCTION_CONTEXT
HEAVY,1,1037,status_wait_p95_ms,408.1971421428571,22.419999285714272,-385.77714285714285,FROZEN_PRODUCTION_CONTEXT
HEAVY,1,1038,status_wait_p95_ms,1121.4485707142849,43.799999285714264,-1077.6485714285707,FROZEN_PRODUCTION_CONTEXT
HEAVY,1,1039,status_wait_p95_ms,906.9271421428565,35.9985707142857,-870.9285714285708,FROZEN_PRODUCTION_CONTEXT
HEAVY,1,1040,status_wait_p95_ms,561.3414278571422,24.687142142857127,-536.654285714285,FROZEN_PRODUCTION_CONTEXT
HEAVY,1,1041,status_wait_p95_ms,976.7628564285711,32.747142142857115,-944.015714285714,FROZEN_PRODUCTION_CONTEXT
HEAVY,1,1042,status_wait_p95_ms,843.9414278571414,29.221427857142842,-814.7199999999985,FROZEN_PRODUCTION_CONTEXT
HEAVY,1,1043,status_wait_p95_ms,867.0242849999994,33.615713571428564,-833.4085714285708,FROZEN_PRODUCTION_CONTEXT
HEAVY,1,1044,status_wait_p95_ms,568.9814278571428,26.829999285714273,-542.1514285714285,FROZEN_PRODUCTION_CONTEXT
HEAVY,1,1045,status_wait_p95_ms,563.1185707142855,26.91714214285711,-536.2014285714284,FROZEN_PRODUCTION_CONTEXT
HEAVY,1,1046,status_wait_p95_ms,1063.219999285714,34.075713571428544,-1029.1442857142854,FROZEN_PRODUCTION_CONTEXT
HEAVY,1,1047,status_wait_p95_ms,1052.5199992857133,40.358570714285676,-1012.1614285714277,FROZEN_PRODUCTION_CONTEXT
HEAVY,1,1048,status_wait_p95_ms,727.2928564285711,28.054284999999986,-699.2385714285712,FROZEN_PRODUCTION_CONTEXT
HEAVY,1,1049,status_wait_p95_ms,1067.214284999999,39.31857071428567,-1027.8957142857134,FROZEN_PRODUCTION_CONTEXT
HEAVY,1,1050,status_wait_p95_ms,789.0257135714279,29.589999285714274,-759.4357142857136,FROZEN_PRODUCTION_CONTEXT
HEAVY,1,1051,status_wait_p95_ms,665.1357135714284,30.235713571428544,-634.8999999999999,FROZEN_PRODUCTION_CONTEXT
HEAVY,1,1052,status_wait_p95_ms,950.0842849999995,34.12285642857141,-915.9614285714281,FROZEN_PRODUCTION_CONTEXT
HEAVY,1,1053,status_wait_p95_ms,876.0628564285707,33.33428499999999,-842.7285714285707,FROZEN_PRODUCTION_CONTEXT
HEAVY,1,1054,status_wait_p95_ms,581.8642849999998,26.677142142857132,-555.1871428571426,FROZEN_PRODUCTION_CONTEXT
HEAVY,1,1055,status_wait_p95_ms,791.9399992857137,31.68428499999999,-760.2557142857138,FROZEN_PRODUCTION_CONTEXT
HEAVY,1,1056,status_wait_p95_ms,782.2671421428569,34.85428499999998,-747.4128571428569,FROZEN_PRODUCTION_CONTEXT
HEAVY,1,1057,status_wait_p95_ms,1204.0142849999995,53.60428499999995,-1150.4099999999996,FROZEN_PRODUCTION_CONTEXT
HEAVY,1,1058,status_wait_p95_ms,1177.6785707142853,41.81857071428569,-1135.8599999999997,FROZEN_PRODUCTION_CONTEXT
HEAVY,1,1059,status_wait_p95_ms,715.4857135714274,28.245713571428563,-687.2399999999988,FROZEN_PRODUCTION_CONTEXT
HEAVY,1,1060,status_wait_p95_ms,698.8199992857134,29.111427857142836,-669.7085714285705,FROZEN_PRODUCTION_CONTEXT
HEAVY,1,1061,status_wait_p95_ms,1205.3171421428567,42.678570714285684,-1162.6385714285711,FROZEN_PRODUCTION_CONTEXT
HEAVY,1,1062,status_wait_p95_ms,1185.895713571428,36.89428499999996,-1149.001428571428,FROZEN_PRODUCTION_CONTEXT
HEAVY,1,1063,status_wait_p95_ms,897.9199992857141,42.72285642857142,-855.1971428571427,FROZEN_PRODUCTION_CONTEXT
HEAVY,1,1064,status_wait_p95_ms,998.7114278571422,38.8628564285714,-959.8485714285708,FROZEN_PRODUCTION_CONTEXT
HEAVY,1,1065,status_wait_p95_ms,691.0657135714282,27.2885707142857,-663.7771428571425,FROZEN_PRODUCTION_CONTEXT
HEAVY,1,1066,status_wait_p95_ms,1300.0957135714277,44.96571357142852,-1255.1299999999992,FROZEN_PRODUCTION_CONTEXT
HEAVY,1,1067,status_wait_p95_ms,779.5299992857139,30.104284999999987,-749.4257142857139,FROZEN_PRODUCTION_CONTEXT
HEAVY,1,1068,status_wait_p95_ms,1040.3742849999996,36.929999285714274,-1003.4442857142853,FROZEN_PRODUCTION_CONTEXT
HEAVY,1,1069,status_wait_p95_ms,795.1728564285708,31.584284999999994,-763.5885714285707,FROZEN_PRODUCTION_CONTEXT
HEAVY,1,1070,status_wait_p95_ms,605.9914278571422,27.747142142857125,-578.2442857142851,FROZEN_PRODUCTION_CONTEXT
HEAVY,1,1071,status_wait_p95_ms,757.1628564285705,32.417142142857124,-724.7457142857135,FROZEN_PRODUCTION_CONTEXT
HEAVY,1,1072,status_wait_p95_ms,944.585713571428,35.62999928571426,-908.9557142857137,FROZEN_PRODUCTION_CONTEXT
HEAVY,1,1073,status_wait_p95_ms,548.8471421428571,27.33999928571427,-521.5071428571429,FROZEN_PRODUCTION_CONTEXT
HEAVY,1,1074,status_wait_p95_ms,972.2528564285706,39.24999928571425,-933.0028571428563,FROZEN_PRODUCTION_CONTEXT
HEAVY,1,1075,status_wait_p95_ms,777.042856428571,32.315713571428546,-744.7271428571424,FROZEN_PRODUCTION_CONTEXT
HEAVY,1,1076,status_wait_p95_ms,848.8828564285709,31.40428499999998,-817.478571428571,FROZEN_PRODUCTION_CONTEXT
HEAVY,1,1077,status_wait_p95_ms,680.6585707142852,29.231427857142844,-651.4271428571424,FROZEN_PRODUCTION_CONTEXT
HEAVY,1,1078,status_wait_p95_ms,780.3628564285714,33.411427857142854,-746.9514285714286,FROZEN_PRODUCTION_CONTEXT
HEAVY,1,1079,status_wait_p95_ms,764.959999285714,33.27571357142854,-731.6842857142855,FROZEN_PRODUCTION_CONTEXT
HEAVY,1,1080,status_wait_p95_ms,496.639999285714,25.131427857142832,-471.50857142857114,FROZEN_PRODUCTION_CONTEXT
HEAVY,1,1081,status_wait_p95_ms,878.3899992857129,31.17999928571427,-847.2099999999986,FROZEN_PRODUCTION_CONTEXT
HEAVY,1,1082,status_wait_p95_ms,982.368570714285,33.531427857142845,-948.8371428571422,FROZEN_PRODUCTION_CONTEXT
HEAVY,1,1083,status_wait_p95_ms,445.5471421428571,24.322856428571413,-421.2242857142857,FROZEN_PRODUCTION_CONTEXT
HEAVY,1,1084,status_wait_p95_ms,1051.2957135714278,38.439999285714265,-1012.8557142857135,FROZEN_PRODUCTION_CONTEXT
HEAVY,1,1085,status_wait_p95_ms,1126.282856428571,41.44285642857142,-1084.8399999999997,FROZEN_PRODUCTION_CONTEXT
HEAVY,1,1086,status_wait_p95_ms,761.4442849999994,34.63428499999997,-726.8099999999994,FROZEN_PRODUCTION_CONTEXT
HEAVY,1,1087,status_wait_p95_ms,685.867142142856,27.787142142857117,-658.0799999999989,FROZEN_PRODUCTION_CONTEXT
HEAVY,1,1088,status_wait_p95_ms,550.7414278571426,25.705713571428554,-525.0357142857141,FROZEN_PRODUCTION_CONTEXT
HEAVY,1,1001,status_residence_p95_ms,712.0742849999997,44.32857071428568,-667.745714285714,FROZEN_PRODUCTION_CONTEXT
HEAVY,1,1002,status_residence_p95_ms,612.5514278571427,42.42999928571425,-570.1214285714284,FROZEN_PRODUCTION_CONTEXT
HEAVY,1,1003,status_residence_p95_ms,1162.408570714285,65.64999928571426,-1096.7585714285706,FROZEN_PRODUCTION_CONTEXT
HEAVY,1,1004,status_residence_p95_ms,836.7499992857139,54.11285642857139,-782.6371428571425,FROZEN_PRODUCTION_CONTEXT
HEAVY,1,1005,status_residence_p95_ms,852.1285707142852,52.894284999999975,-799.2342857142852,FROZEN_PRODUCTION_CONTEXT
HEAVY,1,1006,status_residence_p95_ms,1361.72285642857,71.21142785714284,-1290.5114285714271,FROZEN_PRODUCTION_CONTEXT
HEAVY,1,1007,status_residence_p95_ms,797.8928564285701,50.574284999999975,-747.3185714285701,FROZEN_PRODUCTION_CONTEXT
HEAVY,1,1008,status_residence_p95_ms,630.6314278571421,40.3585707142857,-590.2728571428563,FROZEN_PRODUCTION_CONTEXT
HEAVY,1,1009,status_residence_p95_ms,612.305713571428,49.572856428571406,-562.7328571428566,FROZEN_PRODUCTION_CONTEXT
HEAVY,1,1010,status_residence_p95_ms,1304.5742849999997,72.65571357142854,-1231.918571428571,FROZEN_PRODUCTION_CONTEXT
HEAVY,1,1011,status_residence_p95_ms,809.9542849999993,48.352856428571414,-761.601428571428,FROZEN_PRODUCTION_CONTEXT
HEAVY,1,1012,status_residence_p95_ms,981.8785707142852,58.93571357142856,-922.9428571428566,FROZEN_PRODUCTION_CONTEXT
HEAVY,1,1013,status_residence_p95_ms,883.7814278571425,56.20857071428569,-827.5728571428568,FROZEN_PRODUCTION_CONTEXT
HEAVY,1,1014,status_residence_p95_ms,1104.7799992857133,58.70857071428568,-1046.0714285714275,FROZEN_PRODUCTION_CONTEXT
HEAVY,1,1015,status_residence_p95_ms,667.6628564285711,51.49857071428568,-616.1642857142854,FROZEN_PRODUCTION_CONTEXT
HEAVY,1,1016,status_residence_p95_ms,837.0999992857139,51.68571357142854,-785.4142857142854,FROZEN_PRODUCTION_CONTEXT
HEAVY,1,1017,status_residence_p95_ms,456.49285642857114,34.87571357142856,-421.6171428571426,FROZEN_PRODUCTION_CONTEXT
HEAVY,1,1018,status_residence_p95_ms,1277.1471421428569,76.12714214285711,-1201.0199999999998,FROZEN_PRODUCTION_CONTEXT
HEAVY,1,1019,status_residence_p95_ms,698.6871421428568,47.64571357142853,-651.0414285714282,FROZEN_PRODUCTION_CONTEXT
HEAVY,1,1020,status_residence_p95_ms,1138.068570714285,68.31999928571422,-1069.7485714285708,FROZEN_PRODUCTION_CONTEXT
HEAVY,1,1021,status_residence_p95_ms,496.82142785714274,40.681427857142815,-456.13999999999993,FROZEN_PRODUCTION_CONTEXT
HEAVY,1,1022,status_residence_p95_ms,1085.3985707142856,60.279999285714254,-1025.1185714285714,FROZEN_PRODUCTION_CONTEXT
HEAVY,1,1023,status_residence_p95_ms,1302.8957135714275,68.21714214285711,-1234.6785714285704,FROZEN_PRODUCTION_CONTEXT
HEAVY,1,1024,status_residence_p95_ms,897.012856428571,55.508570714285675,-841.5042857142853,FROZEN_PRODUCTION_CONTEXT
HEAVY,1,1025,status_residence_p95_ms,885.935713571428,60.011427857142834,-825.9242857142851,FROZEN_PRODUCTION_CONTEXT
HEAVY,1,1026,status_residence_p95_ms,1390.7928564285712,71.94428499999995,-1318.8485714285712,FROZEN_PRODUCTION_CONTEXT
HEAVY,1,1027,status_residence_p95_ms,526.5671421428566,37.469999285714266,-489.09714285714233,FROZEN_PRODUCTION_CONTEXT
HEAVY,1,1028,status_residence_p95_ms,969.9857135714283,59.31714214285711,-910.6685714285711,FROZEN_PRODUCTION_CONTEXT
HEAVY,1,1029,status_residence_p95_ms,700.5214278571426,48.42999928571423,-652.0914285714284,FROZEN_PRODUCTION_CONTEXT
HEAVY,1,1030,status_residence_p95_ms,536.8657135714279,38.009999285714265,-498.85571428571365,FROZEN_PRODUCTION_CONTEXT
HEAVY,1,1031,status_residence_p95_ms,447.4514278571428,34.8185707142857,-412.6328571428571,FROZEN_PRODUCTION_CONTEXT
HEAVY,1,1032,status_residence_p95_ms,707.4428564285711,47.41714214285711,-660.025714285714,FROZEN_PRODUCTION_CONTEXT
HEAVY,1,1033,status_residence_p95_ms,1090.917142142857,55.47999928571426,-1035.4371428571428,FROZEN_PRODUCTION_CONTEXT
HEAVY,1,1034,status_residence_p95_ms,700.7742849999987,45.344284999999985,-655.4299999999987,FROZEN_PRODUCTION_CONTEXT
HEAVY,1,1035,status_residence_p95_ms,769.6571421428569,49.25857071428569,-720.3985714285711,FROZEN_PRODUCTION_CONTEXT
HEAVY,1,1036,status_residence_p95_ms,757.438570714285,49.45714214285711,-707.9814285714278,FROZEN_PRODUCTION_CONTEXT
HEAVY,1,1037,status_residence_p95_ms,421.54857071428563,36.5585707142857,-384.98999999999995,FROZEN_PRODUCTION_CONTEXT
HEAVY,1,1038,status_residence_p95_ms,1138.638570714285,67.9271421428571,-1070.7114285714279,FROZEN_PRODUCTION_CONTEXT
HEAVY,1,1039,status_residence_p95_ms,923.565713571428,59.81999928571426,-863.7457142857137,FROZEN_PRODUCTION_CONTEXT
HEAVY,1,1040,status_residence_p95_ms,573.892856428571,41.1685707142857,-532.7242857142853,FROZEN_PRODUCTION_CONTEXT
HEAVY,1,1041,status_residence_p95_ms,993.1514278571426,52.3528564285714,-940.7985714285712,FROZEN_PRODUCTION_CONTEXT
HEAVY,1,1042,status_residence_p95_ms,855.8799992857129,48.55428499999991,-807.3257142857129,FROZEN_PRODUCTION_CONTEXT
HEAVY,1,1043,status_residence_p95_ms,879.8242849999996,51.82571357142856,-827.998571428571,FROZEN_PRODUCTION_CONTEXT
HEAVY,1,1044,status_residence_p95_ms,576.822856428571,43.05571357142854,-533.7671428571424,FROZEN_PRODUCTION_CONTEXT
HEAVY,1,1045,status_residence_p95_ms,573.9757135714284,45.22714214285713,-528.7485714285713,FROZEN_PRODUCTION_CONTEXT
HEAVY,1,1046,status_residence_p95_ms,1077.7399992857138,54.91285642857137,-1022.8271428571425,FROZEN_PRODUCTION_CONTEXT
HEAVY,1,1047,status_residence_p95_ms,1069.4242849999994,61.7328564285714,-1007.691428571428,FROZEN_PRODUCTION_CONTEXT
HEAVY,1,1048,status_residence_p95_ms,740.3185707142851,46.065713571428546,-694.2528571428566,FROZEN_PRODUCTION_CONTEXT
HEAVY,1,1049,status_residence_p95_ms,1087.6714278571424,62.73142785714272,-1024.9399999999996,FROZEN_PRODUCTION_CONTEXT
HEAVY,1,1050,status_residence_p95_ms,802.1071421428564,46.50285642857139,-755.6042857142851,FROZEN_PRODUCTION_CONTEXT
HEAVY,1,1051,status_residence_p95_ms,678.0742849999997,47.54571357142855,-630.5285714285711,FROZEN_PRODUCTION_CONTEXT
HEAVY,1,1052,status_residence_p95_ms,967.4385707142852,52.08999928571426,-915.348571428571,FROZEN_PRODUCTION_CONTEXT
HEAVY,1,1053,status_residence_p95_ms,893.4742849999996,52.91285642857139,-840.5614285714282,FROZEN_PRODUCTION_CONTEXT
HEAVY,1,1054,status_residence_p95_ms,592.9371421428568,41.29428499999997,-551.6428571428569,FROZEN_PRODUCTION_CONTEXT
HEAVY,1,1055,status_residence_p95_ms,804.5599992857137,49.189999285714265,-755.3699999999994,FROZEN_PRODUCTION_CONTEXT
HEAVY,1,1056,status_residence_p95_ms,799.0342849999998,52.0371421428571,-746.9971428571428,FROZEN_PRODUCTION_CONTEXT
HEAVY,1,1057,status_residence_p95_ms,1222.9457135714283,79.36999928571419,-1143.5757142857142,FROZEN_PRODUCTION_CONTEXT
HEAVY,1,1058,status_residence_p95_ms,1197.1928564285706,68.64285642857145,-1128.5499999999993,FROZEN_PRODUCTION_CONTEXT
HEAVY,1,1059,status_residence_p95_ms,729.6457135714273,46.76285642857142,-682.8828571428559,FROZEN_PRODUCTION_CONTEXT
HEAVY,1,1060,status_residence_p95_ms,714.3099992857135,47.29857071428566,-667.0114285714278,FROZEN_PRODUCTION_CONTEXT
HEAVY,1,1061,status_residence_p95_ms,1218.8285707142857,66.64428499999997,-1152.1842857142856,FROZEN_PRODUCTION_CONTEXT
HEAVY,1,1062,status_residence_p95_ms,1208.787142142857,63.1228564285714,-1145.6642857142856,FROZEN_PRODUCTION_CONTEXT
HEAVY,1,1063,status_residence_p95_ms,911.9714278571427,63.5428564285714,-848.4285714285712,FROZEN_PRODUCTION_CONTEXT
HEAVY,1,1064,status_residence_p95_ms,1015.8085707142852,61.19571357142852,-954.6128571428567,FROZEN_PRODUCTION_CONTEXT
HEAVY,1,1065,status_residence_p95_ms,702.4328564285712,43.102856428571414,-659.3299999999998,FROZEN_PRODUCTION_CONTEXT
HEAVY,1,1066,status_residence_p95_ms,1320.7585707142846,75.59428499999997,-1245.1642857142847,FROZEN_PRODUCTION_CONTEXT
HEAVY,1,1067,status_residence_p95_ms,792.5542849999995,46.51142785714284,-746.0428571428566,FROZEN_PRODUCTION_CONTEXT
HEAVY,1,1068,status_residence_p95_ms,1060.0614278571427,59.33142785714285,-1000.7299999999998,FROZEN_PRODUCTION_CONTEXT
HEAVY,1,1069,status_residence_p95_ms,807.3028564285709,53.39999928571425,-753.9028571428566,FROZEN_PRODUCTION_CONTEXT
HEAVY,1,1070,status_residence_p95_ms,616.9399992857137,42.601427857142816,-574.338571428571,FROZEN_PRODUCTION_CONTEXT
HEAVY,1,1071,status_residence_p95_ms,773.601427857142,49.228570714285674,-724.3728571428563,FROZEN_PRODUCTION_CONTEXT
HEAVY,1,1072,status_residence_p95_ms,957.4057135714278,57.36999928571423,-900.0357142857135,FROZEN_PRODUCTION_CONTEXT
HEAVY,1,1073,status_residence_p95_ms,559.8842849999999,41.831427857142835,-518.0528571428571,FROZEN_PRODUCTION_CONTEXT
HEAVY,1,1074,status_residence_p95_ms,989.0028564285705,62.12142785714281,-926.8814285714276,FROZEN_PRODUCTION_CONTEXT
HEAVY,1,1075,status_residence_p95_ms,792.5771421428568,48.101427857142816,-744.475714285714,FROZEN_PRODUCTION_CONTEXT
HEAVY,1,1076,status_residence_p95_ms,862.8214278571423,51.29857071428568,-811.5228571428567,FROZEN_PRODUCTION_CONTEXT
HEAVY,1,1077,status_residence_p95_ms,692.5785707142852,44.842856428571416,-647.7357142857138,FROZEN_PRODUCTION_CONTEXT
HEAVY,1,1078,status_residence_p95_ms,799.5057135714286,50.18999928571427,-749.3157142857143,FROZEN_PRODUCTION_CONTEXT
HEAVY,1,1079,status_residence_p95_ms,781.8228564285712,53.889999285714254,-727.932857142857,FROZEN_PRODUCTION_CONTEXT
HEAVY,1,1080,status_residence_p95_ms,505.7328564285714,40.03285642857141,-465.7,FROZEN_PRODUCTION_CONTEXT
HEAVY,1,1081,status_residence_p95_ms,894.3828564285702,50.67571357142852,-843.7071428571417,FROZEN_PRODUCTION_CONTEXT
HEAVY,1,1082,status_residence_p95_ms,995.5171421428564,56.39428499999998,-939.1228571428564,FROZEN_PRODUCTION_CONTEXT
HEAVY,1,1083,status_residence_p95_ms,456.0957135714286,38.689999285714265,-417.40571428571434,FROZEN_PRODUCTION_CONTEXT
HEAVY,1,1084,status_residence_p95_ms,1071.8199992857137,58.14428499999998,-1013.6757142857138,FROZEN_PRODUCTION_CONTEXT
HEAVY,1,1085,status_residence_p95_ms,1145.079999285714,66.03142785714282,-1079.0485714285712,FROZEN_PRODUCTION_CONTEXT
HEAVY,1,1086,status_residence_p95_ms,776.4585707142852,57.87999928571419,-718.578571428571,FROZEN_PRODUCTION_CONTEXT
HEAVY,1,1087,status_residence_p95_ms,701.8314278571419,44.8171421428571,-657.0142857142848,FROZEN_PRODUCTION_CONTEXT
HEAVY,1,1088,status_residence_p95_ms,552.3742849999995,41.985713571428505,-510.388571428571,FROZEN_PRODUCTION_CONTEXT
HEAVY,1,1001,service_duration_p95_ms,17.959999999999994,21.09857142857142,3.138571428571428,FROZEN_PRODUCTION_CONTEXT
HEAVY,1,1002,service_duration_p95_ms,16.744285714285702,19.519999999999992,2.7757142857142902,FROZEN_PRODUCTION_CONTEXT
HEAVY,1,1003,service_duration_p95_ms,22.485714285714273,26.55571428571428,4.070000000000007,FROZEN_PRODUCTION_CONTEXT
HEAVY,1,1004,service_duration_p95_ms,17.997142857142848,22.22571428571428,4.228571428571431,FROZEN_PRODUCTION_CONTEXT
HEAVY,1,1005,service_duration_p95_ms,18.494285714285713,23.211428571428563,4.71714285714285,FROZEN_PRODUCTION_CONTEXT
HEAVY,1,1006,service_duration_p95_ms,24.06714285714284,29.535714285714274,5.468571428571433,FROZEN_PRODUCTION_CONTEXT
HEAVY,1,1007,service_duration_p95_ms,17.365714285714276,20.17999999999999,2.814285714285713,FROZEN_PRODUCTION_CONTEXT
HEAVY,1,1008,service_duration_p95_ms,14.757142857142851,17.65428571428571,2.8971428571428586,FROZEN_PRODUCTION_CONTEXT
HEAVY,1,1009,service_duration_p95_ms,16.002857142857135,18.77142857142857,2.768571428571434,FROZEN_PRODUCTION_CONTEXT
HEAVY,1,1010,service_duration_p95_ms,25.82142857142857,29.55428571428569,3.732857142857121,FROZEN_PRODUCTION_CONTEXT
HEAVY,1,1011,service_duration_p95_ms,18.729999999999997,21.998571428571424,3.268571428571427,FROZEN_PRODUCTION_CONTEXT
HEAVY,1,1012,service_duration_p95_ms,21.08142857142856,25.278571428571414,4.197142857142854,FROZEN_PRODUCTION_CONTEXT
HEAVY,1,1013,service_duration_p95_ms,17.427142857142847,21.729999999999993,4.302857142857146,FROZEN_PRODUCTION_CONTEXT
HEAVY,1,1014,service_duration_p95_ms,20.028571428571425,24.157142857142837,4.128571428571412,FROZEN_PRODUCTION_CONTEXT
HEAVY,1,1015,service_duration_p95_ms,18.531428571428563,21.06999999999999,2.5385714285714265,FROZEN_PRODUCTION_CONTEXT
HEAVY,1,1016,service_duration_p95_ms,17.43428571428571,20.934285714285704,3.499999999999993,FROZEN_PRODUCTION_CONTEXT
HEAVY,1,1017,service_duration_p95_ms,15.161428571428564,17.037142857142854,1.8757142857142899,FROZEN_PRODUCTION_CONTEXT
HEAVY,1,1018,service_duration_p95_ms,21.27,30.31285714285713,9.04285714285713,FROZEN_PRODUCTION_CONTEXT
HEAVY,1,1019,service_duration_p95_ms,17.192857142857136,20.402857142857126,3.20999999999999,FROZEN_PRODUCTION_CONTEXT
HEAVY,1,1020,service_duration_p95_ms,23.412857142857135,27.609999999999985,4.19714285714285,FROZEN_PRODUCTION_CONTEXT
HEAVY,1,1021,service_duration_p95_ms,15.65285714285714,18.481428571428566,2.8285714285714256,FROZEN_PRODUCTION_CONTEXT
HEAVY,1,1022,service_duration_p95_ms,21.05714285714285,25.577142857142846,4.519999999999996,FROZEN_PRODUCTION_CONTEXT
HEAVY,1,1023,service_duration_p95_ms,21.76714285714284,28.29714285714285,6.530000000000008,FROZEN_PRODUCTION_CONTEXT
HEAVY,1,1024,service_duration_p95_ms,17.541428571428565,22.481428571428555,4.939999999999991,FROZEN_PRODUCTION_CONTEXT
HEAVY,1,1025,service_duration_p95_ms,19.158571428571413,23.87571428571426,4.717142857142846,FROZEN_PRODUCTION_CONTEXT
HEAVY,1,1026,service_duration_p95_ms,22.10285714285714,28.41714285714284,6.314285714285699,FROZEN_PRODUCTION_CONTEXT
HEAVY,1,1027,service_duration_p95_ms,15.508571428571415,17.834285714285702,2.3257142857142874,FROZEN_PRODUCTION_CONTEXT
HEAVY,1,1028,service_duration_p95_ms,18.27142857142857,23.697142857142854,5.425714285714285,FROZEN_PRODUCTION_CONTEXT
HEAVY,1,1029,service_duration_p95_ms,17.54999999999999,20.331428571428564,2.781428571428574,FROZEN_PRODUCTION_CONTEXT
HEAVY,1,1030,service_duration_p95_ms,15.505714285714276,17.262857142857136,1.7571428571428598,FROZEN_PRODUCTION_CONTEXT
HEAVY,1,1031,service_duration_p95_ms,15.24571428571428,16.909999999999986,1.6642857142857057,FROZEN_PRODUCTION_CONTEXT
HEAVY,1,1032,service_duration_p95_ms,17.63857142857142,20.542857142857127,2.904285714285706,FROZEN_PRODUCTION_CONTEXT
HEAVY,1,1033,service_duration_p95_ms,19.187142857142856,24.477142857142844,5.2899999999999885,FROZEN_PRODUCTION_CONTEXT
HEAVY,1,1034,service_duration_p95_ms,16.69285714285713,19.677142857142844,2.984285714285715,FROZEN_PRODUCTION_CONTEXT
HEAVY,1,1035,service_duration_p95_ms,18.464285714285705,21.35285714285713,2.8885714285714243,FROZEN_PRODUCTION_CONTEXT
HEAVY,1,1036,service_duration_p95_ms,17.35285714285714,20.569999999999993,3.2171428571428535,FROZEN_PRODUCTION_CONTEXT
HEAVY,1,1037,service_duration_p95_ms,14.865714285714281,17.56571428571428,2.6999999999999975,FROZEN_PRODUCTION_CONTEXT
HEAVY,1,1038,service_duration_p95_ms,23.58857142857142,27.45428571428571,3.86571428571429,FROZEN_PRODUCTION_CONTEXT
HEAVY,1,1039,service_duration_p95_ms,18.758571428571422,24.74142857142856,5.982857142857139,FROZEN_PRODUCTION_CONTEXT
HEAVY,1,1040,service_duration_p95_ms,15.385714285714283,18.455714285714276,3.069999999999993,FROZEN_PRODUCTION_CONTEXT
HEAVY,1,1041,service_duration_p95_ms,16.949999999999992,20.454285714285703,3.504285714285711,FROZEN_PRODUCTION_CONTEXT
HEAVY,1,1042,service_duration_p95_ms,16.36428571428571,21.08142857142856,4.71714285714285,FROZEN_PRODUCTION_CONTEXT
HEAVY,1,1043,service_duration_p95_ms,17.26714285714285,20.911428571428566,3.644285714285715,FROZEN_PRODUCTION_CONTEXT
HEAVY,1,1044,service_duration_p95_ms,17.335714285714282,19.898571428571415,2.5628571428571334,FROZEN_PRODUCTION_CONTEXT
HEAVY,1,1045,service_duration_p95_ms,15.254285714285711,18.649999999999995,3.395714285714284,FROZEN_PRODUCTION_CONTEXT
HEAVY,1,1046,service_duration_p95_ms,19.66714285714285,23.94857142857141,4.28142857142856,FROZEN_PRODUCTION_CONTEXT
HEAVY,1,1047,service_duration_p95_ms,21.49428571428571,26.065714285714265,4.571428571428555,FROZEN_PRODUCTION_CONTEXT
HEAVY,1,1048,service_duration_p95_ms,17.36428571428571,20.419999999999995,3.0557142857142843,FROZEN_PRODUCTION_CONTEXT
HEAVY,1,1049,service_duration_p95_ms,18.602857142857133,24.471428571428557,5.868571428571425,FROZEN_PRODUCTION_CONTEXT
HEAVY,1,1050,service_duration_p95_ms,16.43428571428571,19.537142857142843,3.1028571428571325,FROZEN_PRODUCTION_CONTEXT
HEAVY,1,1051,service_duration_p95_ms,18.61142857142857,20.157142857142848,1.5457142857142792,FROZEN_PRODUCTION_CONTEXT
HEAVY,1,1052,service_duration_p95_ms,19.555714285714277,22.727142857142844,3.1714285714285673,FROZEN_PRODUCTION_CONTEXT
HEAVY,1,1053,service_duration_p95_ms,19.09142857142856,22.265714285714257,3.1742857142856984,FROZEN_PRODUCTION_CONTEXT
HEAVY,1,1054,service_duration_p95_ms,15.744285714285713,17.941428571428567,2.197142857142854,FROZEN_PRODUCTION_CONTEXT
HEAVY,1,1055,service_duration_p95_ms,18.467142857142857,22.105714285714278,3.638571428571421,FROZEN_PRODUCTION_CONTEXT
HEAVY,1,1056,service_duration_p95_ms,18.858571428571423,21.428571428571416,2.569999999999993,FROZEN_PRODUCTION_CONTEXT
HEAVY,1,1057,service_duration_p95_ms,21.812857142857137,26.211428571428545,4.398571428571408,FROZEN_PRODUCTION_CONTEXT
HEAVY,1,1058,service_duration_p95_ms,22.319999999999986,28.558571428571426,6.23857142857144,FROZEN_PRODUCTION_CONTEXT
HEAVY,1,1059,service_duration_p95_ms,17.33428571428571,22.107142857142854,4.772857142857145,FROZEN_PRODUCTION_CONTEXT
HEAVY,1,1060,service_duration_p95_ms,16.744285714285702,19.91714285714284,3.1728571428571364,FROZEN_PRODUCTION_CONTEXT
HEAVY,1,1061,service_duration_p95_ms,23.162857142857135,28.001428571428562,4.838571428571427,FROZEN_PRODUCTION_CONTEXT
HEAVY,1,1062,service_duration_p95_ms,20.239999999999988,27.24142857142857,7.001428571428583,FROZEN_PRODUCTION_CONTEXT
HEAVY,1,1063,service_duration_p95_ms,20.997142857142848,26.889999999999983,5.892857142857135,FROZEN_PRODUCTION_CONTEXT
HEAVY,1,1064,service_duration_p95_ms,20.35285714285714,24.115714285714272,3.7628571428571327,FROZEN_PRODUCTION_CONTEXT
HEAVY,1,1065,service_duration_p95_ms,16.554285714285705,19.037142857142847,2.482857142857142,FROZEN_PRODUCTION_CONTEXT
HEAVY,1,1066,service_duration_p95_ms,21.47285714285713,29.80285714285713,8.329999999999998,FROZEN_PRODUCTION_CONTEXT
HEAVY,1,1067,service_duration_p95_ms,17.919999999999995,20.515714285714278,2.5957142857142834,FROZEN_PRODUCTION_CONTEXT
HEAVY,1,1068,service_duration_p95_ms,20.16285714285713,27.06285714285714,6.900000000000009,FROZEN_PRODUCTION_CONTEXT
HEAVY,1,1069,service_duration_p95_ms,17.331428571428564,22.399999999999995,5.068571428571431,FROZEN_PRODUCTION_CONTEXT
HEAVY,1,1070,service_duration_p95_ms,16.668571428571425,18.71999999999999,2.0514285714285663,FROZEN_PRODUCTION_CONTEXT
HEAVY,1,1071,service_duration_p95_ms,18.199999999999992,21.32999999999998,3.1299999999999883,FROZEN_PRODUCTION_CONTEXT
HEAVY,1,1072,service_duration_p95_ms,18.47142857142856,23.75857142857139,5.287142857142829,FROZEN_PRODUCTION_CONTEXT
HEAVY,1,1073,service_duration_p95_ms,16.328571428571426,18.55285714285714,2.2242857142857133,FROZEN_PRODUCTION_CONTEXT
HEAVY,1,1074,service_duration_p95_ms,21.28999999999999,25.65714285714284,4.367142857142852,FROZEN_PRODUCTION_CONTEXT
HEAVY,1,1075,service_duration_p95_ms,18.857142857142858,21.55999999999999,2.702857142857134,FROZEN_PRODUCTION_CONTEXT
HEAVY,1,1076,service_duration_p95_ms,19.6142857142857,23.12285714285713,3.508571428571429,FROZEN_PRODUCTION_CONTEXT
HEAVY,1,1077,service_duration_p95_ms,17.148571428571422,19.942857142857136,2.7942857142857136,FROZEN_PRODUCTION_CONTEXT
HEAVY,1,1078,service_duration_p95_ms,17.994285714285713,20.91428571428571,2.919999999999998,FROZEN_PRODUCTION_CONTEXT
HEAVY,1,1079,service_duration_p95_ms,19.429999999999996,22.48285714285714,3.0528571428571425,FROZEN_PRODUCTION_CONTEXT
HEAVY,1,1080,service_duration_p95_ms,16.207142857142852,17.954285714285714,1.7471428571428618,FROZEN_PRODUCTION_CONTEXT
HEAVY,1,1081,service_duration_p95_ms,16.42142857142856,19.919999999999987,3.4985714285714273,FROZEN_PRODUCTION_CONTEXT
HEAVY,1,1082,service_duration_p95_ms,18.82857142857142,24.425714285714268,5.597142857142849,FROZEN_PRODUCTION_CONTEXT
HEAVY,1,1083,service_duration_p95_ms,15.871428571428568,18.484285714285704,2.612857142857136,FROZEN_PRODUCTION_CONTEXT
HEAVY,1,1084,service_duration_p95_ms,20.707142857142852,25.642857142857128,4.935714285714276,FROZEN_PRODUCTION_CONTEXT
HEAVY,1,1085,service_duration_p95_ms,20.928571428571423,27.389999999999986,6.461428571428563,FROZEN_PRODUCTION_CONTEXT
HEAVY,1,1086,service_duration_p95_ms,17.66999999999999,23.59571428571428,5.925714285714289,FROZEN_PRODUCTION_CONTEXT
HEAVY,1,1087,service_duration_p95_ms,16.691428571428563,20.158571428571417,3.4671428571428535,FROZEN_PRODUCTION_CONTEXT
HEAVY,1,1088,service_duration_p95_ms,15.689999999999989,19.065714285714268,3.3757142857142792,FROZEN_PRODUCTION_CONTEXT
HEAVY,1,1001,fully_served_to_rx_p95_ms,67.715557,58.717289799999996,-8.998267200000008,FROZEN_PRODUCTION_CONTEXT
HEAVY,1,1002,fully_served_to_rx_p95_ms,61.715557,64.716149,3.0005920000000046,FROZEN_PRODUCTION_CONTEXT
HEAVY,1,1003,fully_served_to_rx_p95_ms,61.716445,48.7163414,-13.000103600000003,FROZEN_PRODUCTION_CONTEXT
HEAVY,1,1004,fully_served_to_rx_p95_ms,62.7156902,61.716148999999994,-0.999541200000003,FROZEN_PRODUCTION_CONTEXT
HEAVY,1,1005,fully_served_to_rx_p95_ms,40.715852999999996,36.715290599999996,-4.0005624,FROZEN_PRODUCTION_CONTEXT
HEAVY,1,1006,fully_served_to_rx_p95_ms,55.7167706,44.715852999999996,-11.000917600000001,FROZEN_PRODUCTION_CONTEXT
HEAVY,1,1007,fully_served_to_rx_p95_ms,35.714709,31.265889799999275,-4.448819200000724,FROZEN_PRODUCTION_CONTEXT
HEAVY,1,1008,fully_served_to_rx_p95_ms,35.714709,32.7153822,-2.9993267999999986,FROZEN_PRODUCTION_CONTEXT
HEAVY,1,1009,fully_served_to_rx_p95_ms,29.717333,28.7157898,-1.0015432000000004,FROZEN_PRODUCTION_CONTEXT
HEAVY,1,1010,fully_served_to_rx_p95_ms,35.7154266,35.714709,-0.0007176000000015392,FROZEN_PRODUCTION_CONTEXT
HEAVY,1,1011,fully_served_to_rx_p95_ms,57.715364599999994,43.71579379999999,-13.9995708,FROZEN_PRODUCTION_CONTEXT
HEAVY,1,1012,fully_served_to_rx_p95_ms,64.715261,57.715559799999994,-6.999701200000004,FROZEN_PRODUCTION_CONTEXT
HEAVY,1,1013,fully_served_to_rx_p95_ms,35.714709,28.716148999999998,-6.998560000000001,FROZEN_PRODUCTION_CONTEXT
HEAVY,1,1014,fully_served_to_rx_p95_ms,35.715261,35.714709,-0.0005519999999989977,FROZEN_PRODUCTION_CONTEXT
HEAVY,1,1015,fully_served_to_rx_p95_ms,39.415407400000724,35.715261,-3.700146400000726,FROZEN_PRODUCTION_CONTEXT
HEAVY,1,1016,fully_served_to_rx_p95_ms,39.7179478,35.714861,-4.003086799999998,FROZEN_PRODUCTION_CONTEXT
HEAVY,1,1017,fully_served_to_rx_p95_ms,35.714709,35.714709,0.0,FROZEN_PRODUCTION_CONTEXT
HEAVY,1,1018,fully_served_to_rx_p95_ms,53.715557,47.81742179999854,-5.898135200001455,FROZEN_PRODUCTION_CONTEXT
HEAVY,1,1019,fully_served_to_rx_p95_ms,45.716149,36.7172146,-8.998934400000003,FROZEN_PRODUCTION_CONTEXT
HEAVY,1,1020,fully_served_to_rx_p95_ms,50.715809,37.716445,-12.999364,FROZEN_PRODUCTION_CONTEXT
HEAVY,1,1021,fully_served_to_rx_p95_ms,35.715261,35.714709,-0.0005519999999989977,FROZEN_PRODUCTION_CONTEXT
HEAVY,1,1022,fully_served_to_rx_p95_ms,62.817070599998544,55.716459799999996,-7.100610799998549,FROZEN_PRODUCTION_CONTEXT
HEAVY,1,1023,fully_served_to_rx_p95_ms,35.714709,31.716157,-3.998552,FROZEN_PRODUCTION_CONTEXT
HEAVY,1,1024,fully_served_to_rx_p95_ms,37.716637399999996,35.714709,-2.001928399999997,FROZEN_PRODUCTION_CONTEXT
HEAVY,1,1025,fully_served_to_rx_p95_ms,44.716888999999995,35.714709,-9.002179999999996,FROZEN_PRODUCTION_CONTEXT
HEAVY,1,1026,fully_served_to_rx_p95_ms,48.91835060000072,39.715852999999996,-9.202497600000726,FROZEN_PRODUCTION_CONTEXT
HEAVY,1,1027,fully_served_to_rx_p95_ms,35.716149,35.714709,-0.0014400000000023283,FROZEN_PRODUCTION_CONTEXT
HEAVY,1,1028,fully_served_to_rx_p95_ms,37.716149,35.715557,-2.0005920000000046,FROZEN_PRODUCTION_CONTEXT
HEAVY,1,1029,fully_served_to_rx_p95_ms,33.714709,30.967012999999998,-2.7476960000000012,FROZEN_PRODUCTION_CONTEXT
HEAVY,1,1030,fully_served_to_rx_p95_ms,48.316089799998544,41.715345,-6.6007447999985445,FROZEN_PRODUCTION_CONTEXT
HEAVY,1,1031,fully_served_to_rx_p95_ms,35.715557,35.714709,-0.0008479999999977395,FROZEN_PRODUCTION_CONTEXT
HEAVY,1,1032,fully_served_to_rx_p95_ms,62.71604539999999,56.7159122,-6.000133199999993,FROZEN_PRODUCTION_CONTEXT
HEAVY,1,1033,fully_served_to_rx_p95_ms,81.7166226,79.71669659999999,-1.999926000000002,FROZEN_PRODUCTION_CONTEXT
HEAVY,1,1034,fully_served_to_rx_p95_ms,47.718467399999994,44.66561620000073,-3.0528511999992674,FROZEN_PRODUCTION_CONTEXT
HEAVY,1,1035,fully_served_to_rx_p95_ms,48.066134199998544,45.966741,-2.099393199998545,FROZEN_PRODUCTION_CONTEXT
HEAVY,1,1036,fully_served_to_rx_p95_ms,35.714709,35.714709,0.0,FROZEN_PRODUCTION_CONTEXT
HEAVY,1,1037,fully_served_to_rx_p95_ms,42.716445,35.7172866,-6.999158399999999,FROZEN_PRODUCTION_CONTEXT
HEAVY,1,1038,fully_served_to_rx_p95_ms,52.7170666,38.7176734,-13.9993932,FROZEN_PRODUCTION_CONTEXT
HEAVY,1,1039,fully_served_to_rx_p95_ms,35.716633,35.714709,-0.0019240000000024793,FROZEN_PRODUCTION_CONTEXT
HEAVY,1,1040,fully_served_to_rx_p95_ms,35.714709,35.714709,0.0,FROZEN_PRODUCTION_CONTEXT
HEAVY,1,1041,fully_served_to_rx_p95_ms,36.715852999999996,34.716445,-1.9994079999999954,FROZEN_PRODUCTION_CONTEXT
HEAVY,1,1042,fully_served_to_rx_p95_ms,53.715852999999996,49.71595659999999,-3.9998964000000043,FROZEN_PRODUCTION_CONTEXT
HEAVY,1,1043,fully_served_to_rx_p95_ms,41.716445,35.714709,-6.001736000000001,FROZEN_PRODUCTION_CONTEXT
HEAVY,1,1044,fully_served_to_rx_p95_ms,63.7158678,64.716445,1.000577199999995,FROZEN_PRODUCTION_CONTEXT
HEAVY,1,1045,fully_served_to_rx_p95_ms,35.714709,35.714709,0.0,FROZEN_PRODUCTION_CONTEXT
HEAVY,1,1046,fully_served_to_rx_p95_ms,63.66481060000073,58.716445,-4.948365600000727,FROZEN_PRODUCTION_CONTEXT
HEAVY,1,1047,fully_served_to_rx_p95_ms,55.71582419999999,47.71709619999999,-7.998728,FROZEN_PRODUCTION_CONTEXT
HEAVY,1,1048,fully_served_to_rx_p95_ms,72.716149,64.714709,-8.001440000000002,FROZEN_PRODUCTION_CONTEXT
HEAVY,1,1049,fully_served_to_rx_p95_ms,37.16617860000073,35.714709,-1.4514696000007277,FROZEN_PRODUCTION_CONTEXT
HEAVY,1,1050,fully_served_to_rx_p95_ms,43.7163282,40.71588259999999,-3.000445600000006,FROZEN_PRODUCTION_CONTEXT
HEAVY,1,1051,fully_served_to_rx_p95_ms,52.715852999999996,48.7165042,-3.999348799999993,FROZEN_PRODUCTION_CONTEXT
HEAVY,1,1052,fully_served_to_rx_p95_ms,61.16612900000072,55.715557,-5.450572000000726,FROZEN_PRODUCTION_CONTEXT
HEAVY,1,1053,fully_served_to_rx_p95_ms,58.715630999999995,50.7167262,-7.998904799999998,FROZEN_PRODUCTION_CONTEXT
HEAVY,1,1054,fully_served_to_rx_p95_ms,67.715557,59.715852999999996,-7.999704000000008,FROZEN_PRODUCTION_CONTEXT
HEAVY,1,1055,fully_served_to_rx_p95_ms,82.71650419999999,78.61497139999783,-4.101532800002161,FROZEN_PRODUCTION_CONTEXT
HEAVY,1,1056,fully_served_to_rx_p95_ms,33.715852999999996,29.715542199999998,-4.000310799999998,FROZEN_PRODUCTION_CONTEXT
HEAVY,1,1057,fully_served_to_rx_p95_ms,29.7162002,28.714709,-1.0014912000000002,FROZEN_PRODUCTION_CONTEXT
HEAVY,1,1058,fully_served_to_rx_p95_ms,67.7168002,56.71483619999999,-11.001964000000001,FROZEN_PRODUCTION_CONTEXT
HEAVY,1,1059,fully_served_to_rx_p95_ms,50.716148999999994,44.716149,-5.999999999999993,FROZEN_PRODUCTION_CONTEXT
HEAVY,1,1060,fully_served_to_rx_p95_ms,35.714709,33.714709,-2.0,FROZEN_PRODUCTION_CONTEXT
HEAVY,1,1061,fully_served_to_rx_p95_ms,66.715557,61.716445,-4.999112000000004,FROZEN_PRODUCTION_CONTEXT
HEAVY,1,1062,fully_served_to_rx_p95_ms,68.715853,56.716741,-11.999111999999997,FROZEN_PRODUCTION_CONTEXT
HEAVY,1,1063,fully_served_to_rx_p95_ms,39.16653380000072,35.715261,-3.451272800000723,FROZEN_PRODUCTION_CONTEXT
HEAVY,1,1064,fully_served_to_rx_p95_ms,39.71579379999999,35.714709,-4.001084799999994,FROZEN_PRODUCTION_CONTEXT
HEAVY,1,1065,fully_served_to_rx_p95_ms,75.715261,67.715557,-7.999703999999994,FROZEN_PRODUCTION_CONTEXT
HEAVY,1,1066,fully_served_to_rx_p95_ms,38.7162526,35.26549019999927,-3.450762400000727,FROZEN_PRODUCTION_CONTEXT
HEAVY,1,1067,fully_served_to_rx_p95_ms,68.7153054,58.714709,-10.000596400000006,FROZEN_PRODUCTION_CONTEXT
HEAVY,1,1068,fully_served_to_rx_p95_ms,57.715852999999996,60.565013799998546,2.8491607999985504,FROZEN_PRODUCTION_CONTEXT
HEAVY,1,1069,fully_served_to_rx_p95_ms,47.7162526,36.715852999999996,-11.000399600000001,FROZEN_PRODUCTION_CONTEXT
HEAVY,1,1070,fully_served_to_rx_p95_ms,69.715853,62.716148999999994,-6.999704000000001,FROZEN_PRODUCTION_CONTEXT
HEAVY,1,1071,fully_served_to_rx_p95_ms,69.716741,63.716148999999994,-6.000592000000005,FROZEN_PRODUCTION_CONTEXT
HEAVY,1,1072,fully_served_to_rx_p95_ms,62.715852999999996,50.715852999999996,-12.0,FROZEN_PRODUCTION_CONTEXT
HEAVY,1,1073,fully_served_to_rx_p95_ms,50.715764199999995,40.7157346,-10.000029599999998,FROZEN_PRODUCTION_CONTEXT
HEAVY,1,1074,fully_served_to_rx_p95_ms,35.714709,32.714709,-3.0,FROZEN_PRODUCTION_CONTEXT
HEAVY,1,1075,fully_served_to_rx_p95_ms,56.7167414,48.715764199999995,-8.000977200000001,FROZEN_PRODUCTION_CONTEXT
HEAVY,1,1076,fully_served_to_rx_p95_ms,55.717066599999995,46.714819399999996,-9.0022472,FROZEN_PRODUCTION_CONTEXT
HEAVY,1,1077,fully_served_to_rx_p95_ms,74.7164746,66.715261,-8.0012136,FROZEN_PRODUCTION_CONTEXT
HEAVY,1,1078,fully_served_to_rx_p95_ms,58.715852999999996,54.21726099999999,-4.498592000000002,FROZEN_PRODUCTION_CONTEXT
HEAVY,1,1079,fully_served_to_rx_p95_ms,48.36598619999782,37.716208200000004,-10.649777999997816,FROZEN_PRODUCTION_CONTEXT
HEAVY,1,1080,fully_served_to_rx_p95_ms,48.716741,41.7164982,-7.000242800000002,FROZEN_PRODUCTION_CONTEXT
HEAVY,1,1081,fully_served_to_rx_p95_ms,37.715852999999996,35.716149,-1.9997039999999942,FROZEN_PRODUCTION_CONTEXT
HEAVY,1,1082,fully_served_to_rx_p95_ms,44.717481,39.716741,-5.00074,FROZEN_PRODUCTION_CONTEXT
HEAVY,1,1083,fully_served_to_rx_p95_ms,66.7175534,63.716148999999994,-3.0014044000000055,FROZEN_PRODUCTION_CONTEXT
HEAVY,1,1084,fully_served_to_rx_p95_ms,65.715261,60.716223,-4.999037999999999,FROZEN_PRODUCTION_CONTEXT
HEAVY,1,1085,fully_served_to_rx_p95_ms,55.715852999999996,53.7166078,-1.9992451999999972,FROZEN_PRODUCTION_CONTEXT
HEAVY,1,1086,fully_served_to_rx_p95_ms,44.71610379999999,35.715261,-9.000842799999994,FROZEN_PRODUCTION_CONTEXT
HEAVY,1,1087,fully_served_to_rx_p95_ms,34.7161786,33.714709,-1.0014696,FROZEN_PRODUCTION_CONTEXT
HEAVY,1,1088,fully_served_to_rx_p95_ms,55.716741,50.7157346,-5.001006400000001,FROZEN_PRODUCTION_CONTEXT
HEAVY,1,1001,delivery_age_p95_ms,707.3152311771426,91.30951455999997,-616.0057166171425,FROZEN_PRODUCTION_CONTEXT
HEAVY,1,1002,delivery_age_p95_ms,619.1837535542852,92.34793932571424,-526.8358142285709,FROZEN_PRODUCTION_CONTEXT
HEAVY,1,1003,delivery_age_p95_ms,1272.435136011428,109.80077907428569,-1162.6343569371425,FROZEN_PRODUCTION_CONTEXT
HEAVY,1,1004,delivery_age_p95_ms,887.3637368685709,102.43532227428568,-784.9284145942852,FROZEN_PRODUCTION_CONTEXT
HEAVY,1,1005,delivery_age_p95_ms,942.9363528457139,92.99955702857136,-849.9367958171426,FROZEN_PRODUCTION_CONTEXT
HEAVY,1,1006,delivery_age_p95_ms,1463.782230399999,113.85091302857138,-1349.9313173714277,FROZEN_PRODUCTION_CONTEXT
HEAVY,1,1007,delivery_age_p95_ms,892.6978675199997,87.32370934857138,-805.3741581714283,FROZEN_PRODUCTION_CONTEXT
HEAVY,1,1008,delivery_age_p95_ms,680.9951339771427,84.90946250285708,-596.0856714742856,FROZEN_PRODUCTION_CONTEXT
HEAVY,1,1009,delivery_age_p95_ms,660.019570548571,88.38943822857136,-571.6301323199996,FROZEN_PRODUCTION_CONTEXT
HEAVY,1,1010,delivery_age_p95_ms,1415.105039999999,111.51225044571423,-1303.5927895542848,FROZEN_PRODUCTION_CONTEXT
HEAVY,1,1011,delivery_age_p95_ms,837.4192841714281,91.43945047999993,-745.9798336914282,FROZEN_PRODUCTION_CONTEXT
HEAVY,1,1012,delivery_age_p95_ms,1005.1250528228568,104.40080957714281,-900.724243245714,FROZEN_PRODUCTION_CONTEXT
HEAVY,1,1013,delivery_age_p95_ms,978.1494956571423,96.72075394285709,-881.4287417142853,FROZEN_PRODUCTION_CONTEXT
HEAVY,1,1014,delivery_age_p95_ms,1215.1807366399996,99.1008063428571,-1116.0799302971425,FROZEN_PRODUCTION_CONTEXT
HEAVY,1,1015,delivery_age_p95_ms,725.4094313142853,91.96658206857137,-633.4428492457139,FROZEN_PRODUCTION_CONTEXT
HEAVY,1,1016,delivery_age_p95_ms,894.1022297714281,93.73511042285709,-800.367119348571,FROZEN_PRODUCTION_CONTEXT
HEAVY,1,1017,delivery_age_p95_ms,496.57661823999956,75.54659603428567,-421.03002220571386,FROZEN_PRODUCTION_CONTEXT
HEAVY,1,1018,delivery_age_p95_ms,1360.6034483199996,123.1008538171428,-1237.502594502857,FROZEN_PRODUCTION_CONTEXT
HEAVY,1,1019,delivery_age_p95_ms,772.6934984114282,92.80666659428567,-679.8868318171426,FROZEN_PRODUCTION_CONTEXT
HEAVY,1,1020,delivery_age_p95_ms,1230.6763835314277,109.17660797714284,-1121.499775554285,FROZEN_PRODUCTION_CONTEXT
HEAVY,1,1021,delivery_age_p95_ms,545.6608421485713,86.05237491428566,-459.6084672342856,FROZEN_PRODUCTION_CONTEXT
HEAVY,1,1022,delivery_age_p95_ms,1148.2622547428566,105.63085698285714,-1042.6313977599996,FROZEN_PRODUCTION_CONTEXT
HEAVY,1,1023,delivery_age_p95_ms,1450.1750895314276,105.22928751999993,-1344.9458020114278,FROZEN_PRODUCTION_CONTEXT
HEAVY,1,1024,delivery_age_p95_ms,918.1264822285709,93.9023311885714,-824.2241510399995,FROZEN_PRODUCTION_CONTEXT
HEAVY,1,1025,delivery_age_p95_ms,947.8949105371418,100.11093974857131,-847.7839707885704,FROZEN_PRODUCTION_CONTEXT
HEAVY,1,1026,delivery_age_p95_ms,1540.8722701714275,112.71800198857139,-1428.1542681828562,FROZEN_PRODUCTION_CONTEXT
HEAVY,1,1027,delivery_age_p95_ms,579.9994059771427,82.17954825142853,-497.8198577257142,FROZEN_PRODUCTION_CONTEXT
HEAVY,1,1028,delivery_age_p95_ms,1091.4709169599985,100.59091951999993,-990.8799974399985,FROZEN_PRODUCTION_CONTEXT
HEAVY,1,1029,delivery_age_p95_ms,771.8679491657138,85.78379052571422,-686.0841586399995,FROZEN_PRODUCTION_CONTEXT
HEAVY,1,1030,delivery_age_p95_ms,619.5122919542854,82.86668553142853,-536.6456064228569,FROZEN_PRODUCTION_CONTEXT
HEAVY,1,1031,delivery_age_p95_ms,483.7081547314283,75.30097682285712,-408.40717790857116,FROZEN_PRODUCTION_CONTEXT
HEAVY,1,1032,delivery_age_p95_ms,780.6680311657138,94.22955099428569,-686.4384801714282,FROZEN_PRODUCTION_CONTEXT
HEAVY,1,1033,delivery_age_p95_ms,1228.7149856457138,115.0938038971428,-1113.621181748571,FROZEN_PRODUCTION_CONTEXT
HEAVY,1,1034,delivery_age_p95_ms,760.4237598971423,91.36382243428568,-669.0599374628566,FROZEN_PRODUCTION_CONTEXT
HEAVY,1,1035,delivery_age_p95_ms,841.6121787542852,94.46366919999997,-747.1485095542853,FROZEN_PRODUCTION_CONTEXT
HEAVY,1,1036,delivery_age_p95_ms,809.0594970971425,91.22936671999996,-717.8301303771426,FROZEN_PRODUCTION_CONTEXT
HEAVY,1,1037,delivery_age_p95_ms,437.34935649142824,79.28239012571426,-358.066966365714,FROZEN_PRODUCTION_CONTEXT
HEAVY,1,1038,delivery_age_p95_ms,1206.4836927885706,108.09240002285709,-1098.3912927657134,FROZEN_PRODUCTION_CONTEXT
HEAVY,1,1039,delivery_age_p95_ms,1012.5465553142848,102.55234943999994,-909.9942058742848,FROZEN_PRODUCTION_CONTEXT
HEAVY,1,1040,delivery_age_p95_ms,608.6166222171423,81.81523932571424,-526.801382891428,FROZEN_PRODUCTION_CONTEXT
HEAVY,1,1041,delivery_age_p95_ms,1055.9507754399992,91.37507014857138,-964.5757052914279,FROZEN_PRODUCTION_CONTEXT
HEAVY,1,1042,delivery_age_p95_ms,936.4765299542848,96.13939086857137,-840.3371390857135,FROZEN_PRODUCTION_CONTEXT
HEAVY,1,1043,delivery_age_p95_ms,982.0465630514279,95.13528241142852,-886.9112806399994,FROZEN_PRODUCTION_CONTEXT
HEAVY,1,1044,delivery_age_p95_ms,568.3080204114284,93.38228675428567,-474.9257336571427,FROZEN_PRODUCTION_CONTEXT
HEAVY,1,1045,delivery_age_p95_ms,632.2564581371425,87.52656903999991,-544.7298890971426,FROZEN_PRODUCTION_CONTEXT
HEAVY,1,1046,delivery_age_p95_ms,1162.1320700342853,103.01515681142854,-1059.1169132228567,FROZEN_PRODUCTION_CONTEXT
HEAVY,1,1047,delivery_age_p95_ms,1146.4650840114275,108.42229362285708,-1038.0427903885704,FROZEN_PRODUCTION_CONTEXT
HEAVY,1,1048,delivery_age_p95_ms,756.0692870285709,97.15391886857138,-658.9153681599995,FROZEN_PRODUCTION_CONTEXT
HEAVY,1,1049,delivery_age_p95_ms,1163.7123842171422,107.29225189714279,-1056.4201323199995,FROZEN_PRODUCTION_CONTEXT
HEAVY,1,1050,delivery_age_p95_ms,828.9421051999999,92.64959443428567,-736.2925107657143,FROZEN_PRODUCTION_CONTEXT
HEAVY,1,1051,delivery_age_p95_ms,689.7595795771426,89.96973980571421,-599.7898397714284,FROZEN_PRODUCTION_CONTEXT
HEAVY,1,1052,delivery_age_p95_ms,1031.690891062855,98.41536548571426,-933.2755255771407,FROZEN_PRODUCTION_CONTEXT
HEAVY,1,1053,delivery_age_p95_ms,929.0851432914282,99.21951961142852,-829.8656236799997,FROZEN_PRODUCTION_CONTEXT
HEAVY,1,1054,delivery_age_p95_ms,634.9578137371425,91.31498687999996,-543.6428268571425,FROZEN_PRODUCTION_CONTEXT
HEAVY,1,1055,delivery_age_p95_ms,833.8065231085707,101.54518855999994,-732.2613345485707,FROZEN_PRODUCTION_CONTEXT
HEAVY,1,1056,delivery_age_p95_ms,869.3994165599995,89.51510769142855,-779.884308868571,FROZEN_PRODUCTION_CONTEXT
HEAVY,1,1057,delivery_age_p95_ms,1328.8037988114281,122.02650092571419,-1206.777297885714,FROZEN_PRODUCTION_CONTEXT
HEAVY,1,1058,delivery_age_p95_ms,1320.466616114285,116.83089829714281,-1203.6357178171422,FROZEN_PRODUCTION_CONTEXT
HEAVY,1,1059,delivery_age_p95_ms,840.4508272685706,91.84518324571425,-748.6056440228564,FROZEN_PRODUCTION_CONTEXT
HEAVY,1,1060,delivery_age_p95_ms,821.3881962971421,88.80103947428567,-732.5871568228565,FROZEN_PRODUCTION_CONTEXT
HEAVY,1,1061,delivery_age_p95_ms,1304.0379018171425,114.95800202285707,-1189.0798997942854,FROZEN_PRODUCTION_CONTEXT
HEAVY,1,1062,delivery_age_p95_ms,1221.4307856342853,108.90960890285709,-1112.521176731428,FROZEN_PRODUCTION_CONTEXT
HEAVY,1,1063,delivery_age_p95_ms,1022.8092841142854,104.6265405828571,-918.1827435314283,FROZEN_PRODUCTION_CONTEXT
HEAVY,1,1064,delivery_age_p95_ms,1086.806637965714,101.05649076571426,-985.7501471999997,FROZEN_PRODUCTION_CONTEXT
HEAVY,1,1065,delivery_age_p95_ms,747.070885554285,98.9424207085714,-648.1284648457137,FROZEN_PRODUCTION_CONTEXT
HEAVY,1,1066,delivery_age_p95_ms,1486.5879017714278,114.34357209142853,-1372.2443296799993,FROZEN_PRODUCTION_CONTEXT
HEAVY,1,1067,delivery_age_p95_ms,786.2865282742852,94.18092394285709,-692.105604331428,FROZEN_PRODUCTION_CONTEXT
HEAVY,1,1068,delivery_age_p95_ms,1132.3736287657134,105.83797241142852,-1026.5356563542848,FROZEN_PRODUCTION_CONTEXT
HEAVY,1,1069,delivery_age_p95_ms,841.6166398399992,98.57817845714278,-743.0384613828563,FROZEN_PRODUCTION_CONTEXT
HEAVY,1,1070,delivery_age_p95_ms,653.6536599428566,92.39514921142852,-561.2585107314281,FROZEN_PRODUCTION_CONTEXT
HEAVY,1,1071,delivery_age_p95_ms,795.8510328914282,94.78666924571424,-701.0643636457139,FROZEN_PRODUCTION_CONTEXT
HEAVY,1,1072,delivery_age_p95_ms,1039.865136137142,104.07944162285709,-935.7856945142848,FROZEN_PRODUCTION_CONTEXT
HEAVY,1,1073,delivery_age_p95_ms,572.0336218857136,85.33676051428564,-486.696861371428,FROZEN_PRODUCTION_CONTEXT
HEAVY,1,1074,delivery_age_p95_ms,1047.2021469714282,95.85939574857139,-951.3427512228568,FROZEN_PRODUCTION_CONTEXT
HEAVY,1,1075,delivery_age_p95_ms,883.6593631657139,92.29091361142854,-791.3684495542853,FROZEN_PRODUCTION_CONTEXT
HEAVY,1,1076,delivery_age_p95_ms,934.7507481371426,96.58368847999995,-838.1670596571427,FROZEN_PRODUCTION_CONTEXT
HEAVY,1,1077,delivery_age_p95_ms,644.2593627771422,100.54253593142853,-543.7168268457136,FROZEN_PRODUCTION_CONTEXT
HEAVY,1,1078,delivery_age_p95_ms,822.7608506971427,97.06947849142854,-725.6913722057142,FROZEN_PRODUCTION_CONTEXT
HEAVY,1,1079,delivery_age_p95_ms,839.7807695885707,97.60660285714282,-742.1741667314279,FROZEN_PRODUCTION_CONTEXT
HEAVY,1,1080,delivery_age_p95_ms,490.7338474285712,85.2222835771428,-405.5115638514284,FROZEN_PRODUCTION_CONTEXT
HEAVY,1,1081,delivery_age_p95_ms,1036.4864081485707,92.1878771428571,-944.2985310057136,FROZEN_PRODUCTION_CONTEXT
HEAVY,1,1082,delivery_age_p95_ms,1142.2549571314278,101.6636409828571,-1040.5913161485707,FROZEN_PRODUCTION_CONTEXT
HEAVY,1,1083,delivery_age_p95_ms,493.4907943199997,87.1667949485714,-406.3239993714283,FROZEN_PRODUCTION_CONTEXT
HEAVY,1,1084,delivery_age_p95_ms,1156.4964267428566,105.85357170285707,-1050.6428550399994,FROZEN_PRODUCTION_CONTEXT
HEAVY,1,1085,delivery_age_p95_ms,1222.736435874285,112.9594156228571,-1109.777020251428,FROZEN_PRODUCTION_CONTEXT
HEAVY,1,1086,delivery_age_p95_ms,883.1393569828557,101.58930181714278,-781.5500551657129,FROZEN_PRODUCTION_CONTEXT
HEAVY,1,1087,delivery_age_p95_ms,797.5722741714279,86.98372366857137,-710.5885505028566,FROZEN_PRODUCTION_CONTEXT
HEAVY,1,1088,delivery_age_p95_ms,614.2679581942854,87.44948436571427,-526.8184738285711,FROZEN_PRODUCTION_CONTEXT
HEAVY,1,1001,useful_gap_p95_ms,291.3872664914285,280.10860813714277,-11.27865835428571,FROZEN_PRODUCTION_CONTEXT
HEAVY,1,1002,useful_gap_p95_ms,285.62584793142855,272.12287575999994,-13.50297217142861,FROZEN_PRODUCTION_CONTEXT
HEAVY,1,1003,useful_gap_p95_ms,333.07324427428557,303.08591419428564,-29.987330079999936,FROZEN_PRODUCTION_CONTEXT
HEAVY,1,1004,useful_gap_p95_ms,308.7156930171427,290.2201043771428,-18.495588639999937,FROZEN_PRODUCTION_CONTEXT
HEAVY,1,1005,useful_gap_p95_ms,300.5929674628571,278.7815376571428,-21.811429805714283,FROZEN_PRODUCTION_CONTEXT
HEAVY,1,1006,useful_gap_p95_ms,327.9314659314284,303.43862822857136,-24.49283770285706,FROZEN_PRODUCTION_CONTEXT
HEAVY,1,1007,useful_gap_p95_ms,286.1328439085714,271.28716748571424,-14.845676422857139,FROZEN_PRODUCTION_CONTEXT
HEAVY,1,1008,useful_gap_p95_ms,273.8613917142857,255.06428473142853,-18.797106982857144,FROZEN_PRODUCTION_CONTEXT
HEAVY,1,1009,useful_gap_p95_ms,293.1373106399999,262.65873458285705,-30.478576057142845,FROZEN_PRODUCTION_CONTEXT
HEAVY,1,1010,useful_gap_p95_ms,330.3743545485713,298.17581287999985,-32.198541668571465,FROZEN_PRODUCTION_CONTEXT
HEAVY,1,1011,useful_gap_p95_ms,295.3400641142856,277.5287948228571,-17.811269291428516,FROZEN_PRODUCTION_CONTEXT
HEAVY,1,1012,useful_gap_p95_ms,316.65295141714273,296.6387269942856,-20.014224422857126,FROZEN_PRODUCTION_CONTEXT
HEAVY,1,1013,useful_gap_p95_ms,298.32871467428555,277.8385657257142,-20.490148948571345,FROZEN_PRODUCTION_CONTEXT
HEAVY,1,1014,useful_gap_p95_ms,300.3871514857142,279.6845095428571,-20.7026419428571,FROZEN_PRODUCTION_CONTEXT
HEAVY,1,1015,useful_gap_p95_ms,290.53291691428564,279.96150706285704,-10.571409851428598,FROZEN_PRODUCTION_CONTEXT
HEAVY,1,1016,useful_gap_p95_ms,297.5556324571428,275.1783717371428,-22.37726071999998,FROZEN_PRODUCTION_CONTEXT
HEAVY,1,1017,useful_gap_p95_ms,265.4269727885714,252.8674784914285,-12.55949429714289,FROZEN_PRODUCTION_CONTEXT
HEAVY,1,1018,useful_gap_p95_ms,314.240076102857,298.0087351771428,-16.23134092571422,FROZEN_PRODUCTION_CONTEXT
HEAVY,1,1019,useful_gap_p95_ms,294.7385948342856,275.0585419314285,-19.680052902857085,FROZEN_PRODUCTION_CONTEXT
HEAVY,1,1020,useful_gap_p95_ms,321.15597669714276,296.77589199999994,-24.38008469714282,FROZEN_PRODUCTION_CONTEXT
HEAVY,1,1021,useful_gap_p95_ms,280.1142232799999,260.77570925714275,-19.33851402285717,FROZEN_PRODUCTION_CONTEXT
HEAVY,1,1022,useful_gap_p95_ms,313.1887642742856,300.3013465142857,-12.887417759999892,FROZEN_PRODUCTION_CONTEXT
HEAVY,1,1023,useful_gap_p95_ms,315.2929872457142,291.3171202628571,-23.9758669828571,FROZEN_PRODUCTION_CONTEXT
HEAVY,1,1024,useful_gap_p95_ms,278.2272006628571,270.04568858285705,-8.181512080000061,FROZEN_PRODUCTION_CONTEXT
HEAVY,1,1025,useful_gap_p95_ms,298.33569435428564,280.862877062857,-17.472817291428612,FROZEN_PRODUCTION_CONTEXT
HEAVY,1,1026,useful_gap_p95_ms,322.64585781714277,296.70151010285707,-25.944347714285698,FROZEN_PRODUCTION_CONTEXT
HEAVY,1,1027,useful_gap_p95_ms,272.2530568571428,256.3415549828571,-15.911501874285705,FROZEN_PRODUCTION_CONTEXT
HEAVY,1,1028,useful_gap_p95_ms,299.6201293714285,279.44148801142853,-20.178641359999972,FROZEN_PRODUCTION_CONTEXT
HEAVY,1,1029,useful_gap_p95_ms,287.96713340571426,267.0228470857142,-20.94428632000006,FROZEN_PRODUCTION_CONTEXT
HEAVY,1,1030,useful_gap_p95_ms,279.39149654857135,269.28714710857133,-10.104349440000021,FROZEN_PRODUCTION_CONTEXT
HEAVY,1,1031,useful_gap_p95_ms,265.9957380114285,255.96447029714278,-10.031267714285718,FROZEN_PRODUCTION_CONTEXT
HEAVY,1,1032,useful_gap_p95_ms,286.2786520571428,277.5313081942856,-8.747343862857178,FROZEN_PRODUCTION_CONTEXT
HEAVY,1,1033,useful_gap_p95_ms,312.3185123771428,303.42157953142845,-8.896932845714332,FROZEN_PRODUCTION_CONTEXT
HEAVY,1,1034,useful_gap_p95_ms,284.3986862742856,273.074346502857,-11.324339771428583,FROZEN_PRODUCTION_CONTEXT
HEAVY,1,1035,useful_gap_p95_ms,293.5471683657142,276.45993411428566,-17.087234251428526,FROZEN_PRODUCTION_CONTEXT
HEAVY,1,1036,useful_gap_p95_ms,292.06163621714273,271.35882303999995,-20.702813177142787,FROZEN_PRODUCTION_CONTEXT
HEAVY,1,1037,useful_gap_p95_ms,268.82854124571423,255.69009036571424,-13.138450879999994,FROZEN_PRODUCTION_CONTEXT
HEAVY,1,1038,useful_gap_p95_ms,319.75589581714274,300.9587222171428,-18.79717359999995,FROZEN_PRODUCTION_CONTEXT
HEAVY,1,1039,useful_gap_p95_ms,307.8014386285713,290.824292502857,-16.977146125714285,FROZEN_PRODUCTION_CONTEXT
HEAVY,1,1040,useful_gap_p95_ms,273.4472998971427,256.9401476228571,-16.507152274285602,FROZEN_PRODUCTION_CONTEXT
HEAVY,1,1041,useful_gap_p95_ms,287.70713204571416,268.08727546285706,-19.619856582857096,FROZEN_PRODUCTION_CONTEXT
HEAVY,1,1042,useful_gap_p95_ms,291.92442291428557,273.18574490285704,-18.738678011428533,FROZEN_PRODUCTION_CONTEXT
HEAVY,1,1043,useful_gap_p95_ms,293.8573710742856,277.65878081142847,-16.198590262857124,FROZEN_PRODUCTION_CONTEXT
HEAVY,1,1044,useful_gap_p95_ms,287.0115270057142,275.03861406857135,-11.972912937142837,FROZEN_PRODUCTION_CONTEXT
HEAVY,1,1045,useful_gap_p95_ms,277.4301837257142,268.82001979428566,-8.61016393142853,FROZEN_PRODUCTION_CONTEXT
HEAVY,1,1046,useful_gap_p95_ms,310.28564252571414,296.89727682285707,-13.388365702857072,FROZEN_PRODUCTION_CONTEXT
HEAVY,1,1047,useful_gap_p95_ms,315.6800147199999,295.591407942857,-20.0886067771429,FROZEN_PRODUCTION_CONTEXT
HEAVY,1,1048,useful_gap_p95_ms,296.4057606514285,280.30853979428565,-16.097220857142872,FROZEN_PRODUCTION_CONTEXT
HEAVY,1,1049,useful_gap_p95_ms,303.5770724342856,279.7770352799999,-23.80003715428569,FROZEN_PRODUCTION_CONTEXT
HEAVY,1,1050,useful_gap_p95_ms,285.3741985257142,268.9714178285713,-16.402780697142873,FROZEN_PRODUCTION_CONTEXT
HEAVY,1,1051,useful_gap_p95_ms,286.95440770285705,270.43004478857137,-16.52436291428569,FROZEN_PRODUCTION_CONTEXT
HEAVY,1,1052,useful_gap_p95_ms,316.1127409599999,289.62865143999994,-26.48408951999994,FROZEN_PRODUCTION_CONTEXT
HEAVY,1,1053,useful_gap_p95_ms,296.9446174057142,287.25304702857136,-9.691570377142853,FROZEN_PRODUCTION_CONTEXT
HEAVY,1,1054,useful_gap_p95_ms,294.98742422857134,279.52701787428566,-15.46040635428568,FROZEN_PRODUCTION_CONTEXT
HEAVY,1,1055,useful_gap_p95_ms,302.9415632685714,294.3926692114285,-8.548894057142888,FROZEN_PRODUCTION_CONTEXT
HEAVY,1,1056,useful_gap_p95_ms,294.0913800457142,268.73141474285705,-25.35996530285712,FROZEN_PRODUCTION_CONTEXT
HEAVY,1,1057,useful_gap_p95_ms,326.0713445714285,293.4172301371427,-32.65411443428576,FROZEN_PRODUCTION_CONTEXT
HEAVY,1,1058,useful_gap_p95_ms,330.6470801028571,304.98854410285696,-25.65853600000014,FROZEN_PRODUCTION_CONTEXT
HEAVY,1,1059,useful_gap_p95_ms,284.40001895999995,275.14982181714277,-9.25019714285719,FROZEN_PRODUCTION_CONTEXT
HEAVY,1,1060,useful_gap_p95_ms,279.2244190971428,268.00717437714275,-11.217244720000053,FROZEN_PRODUCTION_CONTEXT
HEAVY,1,1061,useful_gap_p95_ms,322.6771414057142,305.75139105142847,-16.925750354285753,FROZEN_PRODUCTION_CONTEXT
HEAVY,1,1062,useful_gap_p95_ms,320.03134605714274,301.7685987314284,-18.262747325714315,FROZEN_PRODUCTION_CONTEXT
HEAVY,1,1063,useful_gap_p95_ms,306.92152612571425,291.050119142857,-15.871406982857252,FROZEN_PRODUCTION_CONTEXT
HEAVY,1,1064,useful_gap_p95_ms,309.75573748571423,289.8786841485713,-19.87705333714291,FROZEN_PRODUCTION_CONTEXT
HEAVY,1,1065,useful_gap_p95_ms,302.61276519999984,285.09302857142853,-17.51973662857131,FROZEN_PRODUCTION_CONTEXT
HEAVY,1,1066,useful_gap_p95_ms,327.265873302857,305.1056409485713,-22.16023235428571,FROZEN_PRODUCTION_CONTEXT
HEAVY,1,1067,useful_gap_p95_ms,297.22845892571416,276.63719475428564,-20.59126417142852,FROZEN_PRODUCTION_CONTEXT
HEAVY,1,1068,useful_gap_p95_ms,309.32432142857135,290.4530096685713,-18.871311760000026,FROZEN_PRODUCTION_CONTEXT
HEAVY,1,1069,useful_gap_p95_ms,288.3584394057142,274.1730195885714,-14.185419817142815,FROZEN_PRODUCTION_CONTEXT
HEAVY,1,1070,useful_gap_p95_ms,293.8600276228571,273.5914301599999,-20.2685974628572,FROZEN_PRODUCTION_CONTEXT
HEAVY,1,1071,useful_gap_p95_ms,298.64585377142845,285.46568809142843,-13.180165680000016,FROZEN_PRODUCTION_CONTEXT
HEAVY,1,1072,useful_gap_p95_ms,309.23301610285705,289.8245357485714,-19.408480354285643,FROZEN_PRODUCTION_CONTEXT
HEAVY,1,1073,useful_gap_p95_ms,281.4786063657142,270.11129772571417,-11.367308640000033,FROZEN_PRODUCTION_CONTEXT
HEAVY,1,1074,useful_gap_p95_ms,299.4830581599999,278.58714209142846,-20.895916068571466,FROZEN_PRODUCTION_CONTEXT
HEAVY,1,1075,useful_gap_p95_ms,296.0072105257142,284.1643490971428,-11.842861428571382,FROZEN_PRODUCTION_CONTEXT
HEAVY,1,1076,useful_gap_p95_ms,300.60294142857134,285.0013925257142,-15.601548902857132,FROZEN_PRODUCTION_CONTEXT
HEAVY,1,1077,useful_gap_p95_ms,297.88010545142845,277.2244909599999,-20.655614491428537,FROZEN_PRODUCTION_CONTEXT
HEAVY,1,1078,useful_gap_p95_ms,301.12300569142855,280.7028413257143,-20.420164365714243,FROZEN_PRODUCTION_CONTEXT
HEAVY,1,1079,useful_gap_p95_ms,296.6785432114285,279.0871676914285,-17.591375520000042,FROZEN_PRODUCTION_CONTEXT
HEAVY,1,1080,useful_gap_p95_ms,278.0530298171428,257.92025319999993,-20.132776617142838,FROZEN_PRODUCTION_CONTEXT
HEAVY,1,1081,useful_gap_p95_ms,282.5128953828571,271.86416787428567,-10.648727508571426,FROZEN_PRODUCTION_CONTEXT
HEAVY,1,1082,useful_gap_p95_ms,296.45578895999995,281.03868370285704,-15.417105257142907,FROZEN_PRODUCTION_CONTEXT
HEAVY,1,1083,useful_gap_p95_ms,281.81447702857133,264.58864078857135,-17.22583623999998,FROZEN_PRODUCTION_CONTEXT
HEAVY,1,1084,useful_gap_p95_ms,318.3443045028571,298.4671343085713,-19.87717019428578,FROZEN_PRODUCTION_CONTEXT
HEAVY,1,1085,useful_gap_p95_ms,326.6727767199999,305.48149019428564,-21.191286525714247,FROZEN_PRODUCTION_CONTEXT
HEAVY,1,1086,useful_gap_p95_ms,296.69306903999995,281.2172899657142,-15.475779074285754,FROZEN_PRODUCTION_CONTEXT
HEAVY,1,1087,useful_gap_p95_ms,275.68013067428564,264.9444338742856,-10.735696800000028,FROZEN_PRODUCTION_CONTEXT
HEAVY,1,1088,useful_gap_p95_ms,278.6713550285713,268.2573158971428,-10.414039131428524,FROZEN_PRODUCTION_CONTEXT
HEAVY,1,1001,qbar_bytes,2182.664111274041,2212.6903544701686,30.02624319612778,FROZEN_PRODUCTION_CONTEXT
HEAVY,1,1002,qbar_bytes,1333.2703378737497,1341.127394083034,7.8570562092843375,FROZEN_PRODUCTION_CONTEXT
HEAVY,1,1003,qbar_bytes,2775.843498972494,2772.061701990604,-3.7817969818902384,FROZEN_PRODUCTION_CONTEXT
HEAVY,1,1004,qbar_bytes,1619.402577129464,1623.5051624952066,4.102585365742698,FROZEN_PRODUCTION_CONTEXT
HEAVY,1,1005,qbar_bytes,1953.269445486864,1943.0577336301062,-10.211711856757802,FROZEN_PRODUCTION_CONTEXT
HEAVY,1,1006,qbar_bytes,2452.539815238521,2455.744130494891,3.204315256370137,FROZEN_PRODUCTION_CONTEXT
HEAVY,1,1007,qbar_bytes,1600.1501560990396,1597.5322521392504,-2.617903959789146,FROZEN_PRODUCTION_CONTEXT
HEAVY,1,1008,qbar_bytes,1274.6268844381605,1254.6473469065088,-19.97953753165166,FROZEN_PRODUCTION_CONTEXT
HEAVY,1,1009,qbar_bytes,1415.8423495958953,1407.357044421562,-8.485305174333234,FROZEN_PRODUCTION_CONTEXT
HEAVY,1,1010,qbar_bytes,2687.0531303281346,2680.2057728890977,-6.847357439036841,FROZEN_PRODUCTION_CONTEXT
HEAVY,1,1011,qbar_bytes,2250.5057869259645,2279.666211008774,29.16042408280964,FROZEN_PRODUCTION_CONTEXT
HEAVY,1,1012,qbar_bytes,2547.2897804381414,2541.7752042386246,-5.514576199516796,FROZEN_PRODUCTION_CONTEXT
HEAVY,1,1013,qbar_bytes,1764.024180743819,1771.6242921743592,7.60011143054021,FROZEN_PRODUCTION_CONTEXT
HEAVY,1,1014,qbar_bytes,2127.956655682834,2137.4945726650435,9.537916982209481,FROZEN_PRODUCTION_CONTEXT
HEAVY,1,1015,qbar_bytes,2006.3446017031183,2020.3691365807472,14.024534877628867,FROZEN_PRODUCTION_CONTEXT
HEAVY,1,1016,qbar_bytes,1726.7376905285469,1721.3122599954843,-5.425430533062581,FROZEN_PRODUCTION_CONTEXT
HEAVY,1,1017,qbar_bytes,1366.7230548488858,1373.7714809759307,7.048426127044877,FROZEN_PRODUCTION_CONTEXT
HEAVY,1,1018,qbar_bytes,2141.2161143544436,2140.2179893793905,-0.9981249750530878,FROZEN_PRODUCTION_CONTEXT
HEAVY,1,1019,qbar_bytes,2062.5058442822383,2054.722569720649,-7.783274561589224,FROZEN_PRODUCTION_CONTEXT
HEAVY,1,1020,qbar_bytes,3063.2984061091533,3055.6981944843046,-7.6002116248487255,FROZEN_PRODUCTION_CONTEXT
HEAVY,1,1021,qbar_bytes,1508.2228066058558,1489.279460032151,-18.94334657370473,FROZEN_PRODUCTION_CONTEXT
HEAVY,1,1022,qbar_bytes,2340.9799149501428,2316.2949107749905,-24.685004175152244,FROZEN_PRODUCTION_CONTEXT
HEAVY,1,1023,qbar_bytes,1950.7082476536136,1950.1109964391171,-0.5972512144965094,FROZEN_PRODUCTION_CONTEXT
HEAVY,1,1024,qbar_bytes,1568.9253740355414,1572.7096030359714,3.7842290004300594,FROZEN_PRODUCTION_CONTEXT
HEAVY,1,1025,qbar_bytes,1811.5898308937142,1838.7630347463944,27.173203852680217,FROZEN_PRODUCTION_CONTEXT
HEAVY,1,1026,qbar_bytes,2456.441359260011,2447.9995126541717,-8.441846605839146,FROZEN_PRODUCTION_CONTEXT
HEAVY,1,1027,qbar_bytes,1363.1445358003334,1360.7711550631539,-2.373380737179559,FROZEN_PRODUCTION_CONTEXT
HEAVY,1,1028,qbar_bytes,1639.2144409679756,1633.916236966525,-5.298204001450586,FROZEN_PRODUCTION_CONTEXT
HEAVY,1,1029,qbar_bytes,1696.6886008433075,1705.3978005294953,8.70919968618773,FROZEN_PRODUCTION_CONTEXT
HEAVY,1,1030,qbar_bytes,1209.0632855726055,1199.1799863864,-9.883299186205477,FROZEN_PRODUCTION_CONTEXT
HEAVY,1,1031,qbar_bytes,1110.4448320420624,1113.663443124604,3.2186110825416563,FROZEN_PRODUCTION_CONTEXT
HEAVY,1,1032,qbar_bytes,1873.3013265072136,1879.963952659004,6.662626151790391,FROZEN_PRODUCTION_CONTEXT
HEAVY,1,1033,qbar_bytes,1941.2422022790981,1953.132065138747,11.889862859648929,FROZEN_PRODUCTION_CONTEXT
HEAVY,1,1034,qbar_bytes,1600.8455637674708,1596.1604371673484,-4.68512660012243,FROZEN_PRODUCTION_CONTEXT
HEAVY,1,1035,qbar_bytes,1716.2949232517524,1711.828547817344,-4.466375434408292,FROZEN_PRODUCTION_CONTEXT
HEAVY,1,1036,qbar_bytes,1706.5407427815387,1705.4361029636505,-1.1046398178882555,FROZEN_PRODUCTION_CONTEXT
HEAVY,1,1037,qbar_bytes,991.478595796815,997.2670409702981,5.788445173483183,FROZEN_PRODUCTION_CONTEXT
HEAVY,1,1038,qbar_bytes,2837.898833942275,2830.0651992844882,-7.833634657786661,FROZEN_PRODUCTION_CONTEXT
HEAVY,1,1039,qbar_bytes,2379.6152003541742,2402.737533987158,23.122333632983555,FROZEN_PRODUCTION_CONTEXT
HEAVY,1,1040,qbar_bytes,1281.9259384342993,1256.5567221013714,-25.369216332927863,FROZEN_PRODUCTION_CONTEXT
HEAVY,1,1041,qbar_bytes,1533.0702802507822,1497.2258538513101,-35.84442639947201,FROZEN_PRODUCTION_CONTEXT
HEAVY,1,1042,qbar_bytes,1441.0498089789783,1455.3536033846053,14.303794405627059,FROZEN_PRODUCTION_CONTEXT
HEAVY,1,1043,qbar_bytes,1697.4023067732408,1674.1857369981185,-23.216569775122252,FROZEN_PRODUCTION_CONTEXT
HEAVY,1,1044,qbar_bytes,1540.6068755385184,1546.4232955675034,5.816420028985021,FROZEN_PRODUCTION_CONTEXT
HEAVY,1,1045,qbar_bytes,1291.3159830809973,1296.7188256292409,5.402842548243598,FROZEN_PRODUCTION_CONTEXT
HEAVY,1,1046,qbar_bytes,2604.4487461244935,2605.213831223759,0.7650850992654341,FROZEN_PRODUCTION_CONTEXT
HEAVY,1,1047,qbar_bytes,2440.6010809157933,2464.998707803751,24.397626887957813,FROZEN_PRODUCTION_CONTEXT
HEAVY,1,1048,qbar_bytes,2056.493822159544,2068.534443261405,12.040621101861234,FROZEN_PRODUCTION_CONTEXT
HEAVY,1,1049,qbar_bytes,2010.9610991032832,2013.8885410879006,2.927441984617417,FROZEN_PRODUCTION_CONTEXT
HEAVY,1,1050,qbar_bytes,1708.7431129880504,1716.8697671956054,8.12665420755502,FROZEN_PRODUCTION_CONTEXT
HEAVY,1,1051,qbar_bytes,1484.133925804498,1476.6997389619278,-7.4341868425701705,FROZEN_PRODUCTION_CONTEXT
HEAVY,1,1052,qbar_bytes,2280.496715962259,2281.810852843514,1.3141368812553083,FROZEN_PRODUCTION_CONTEXT
HEAVY,1,1053,qbar_bytes,1670.3136933163278,1676.7979410533892,6.484247737061423,FROZEN_PRODUCTION_CONTEXT
HEAVY,1,1054,qbar_bytes,1473.5606697918013,1458.8224617767862,-14.738208015015061,FROZEN_PRODUCTION_CONTEXT
HEAVY,1,1055,qbar_bytes,2002.5180553132598,1980.2997438284544,-22.218311484805326,FROZEN_PRODUCTION_CONTEXT
HEAVY,1,1056,qbar_bytes,1831.5227545569373,1829.6712045041809,-1.8515500527564654,FROZEN_PRODUCTION_CONTEXT
HEAVY,1,1057,qbar_bytes,2628.9669279920804,2606.0209107455917,-22.946017246488736,FROZEN_PRODUCTION_CONTEXT
HEAVY,1,1058,qbar_bytes,2227.494289072905,2231.9430113442013,4.448722271296447,FROZEN_PRODUCTION_CONTEXT
HEAVY,1,1059,qbar_bytes,1704.8501456604924,1725.2033146797278,20.353169019235338,FROZEN_PRODUCTION_CONTEXT
HEAVY,1,1060,qbar_bytes,1391.9705580861619,1387.6590432938083,-4.3115147923535915,FROZEN_PRODUCTION_CONTEXT
HEAVY,1,1061,qbar_bytes,2839.54358456466,2824.1238045821888,-15.419779982471027,FROZEN_PRODUCTION_CONTEXT
HEAVY,1,1062,qbar_bytes,1793.368553387514,1784.2084909428027,-9.160062444711457,FROZEN_PRODUCTION_CONTEXT
HEAVY,1,1063,qbar_bytes,2499.81875346316,2499.5660132507905,-0.2527402123696447,FROZEN_PRODUCTION_CONTEXT
HEAVY,1,1064,qbar_bytes,1926.428373058694,1934.0002346777906,7.57186161909658,FROZEN_PRODUCTION_CONTEXT
HEAVY,1,1065,qbar_bytes,1461.9816090979878,1457.0312879140272,-4.950321183960568,FROZEN_PRODUCTION_CONTEXT
HEAVY,1,1066,qbar_bytes,2509.5914349763525,2532.4406181703453,22.849183193992758,FROZEN_PRODUCTION_CONTEXT
HEAVY,1,1067,qbar_bytes,2270.748614418989,2259.5419387509933,-11.206675667995569,FROZEN_PRODUCTION_CONTEXT
HEAVY,1,1068,qbar_bytes,2492.9051599857894,2500.64667922843,7.7415192426406065,FROZEN_PRODUCTION_CONTEXT
HEAVY,1,1069,qbar_bytes,1358.2035639979115,1337.5639289896244,-20.639635008287087,FROZEN_PRODUCTION_CONTEXT
HEAVY,1,1070,qbar_bytes,1474.9861089942149,1496.87010130157,21.88399230735513,FROZEN_PRODUCTION_CONTEXT
HEAVY,1,1071,qbar_bytes,1930.5672778905703,1933.8701130515292,3.302835160958921,FROZEN_PRODUCTION_CONTEXT
HEAVY,1,1072,qbar_bytes,1654.4120717113904,1645.6171517118964,-8.794919999493914,FROZEN_PRODUCTION_CONTEXT
HEAVY,1,1073,qbar_bytes,1899.155006004238,1887.3049725767903,-11.85003342744767,FROZEN_PRODUCTION_CONTEXT
HEAVY,1,1074,qbar_bytes,2003.2333893711345,2015.4397274667035,12.20633809556898,FROZEN_PRODUCTION_CONTEXT
HEAVY,1,1075,qbar_bytes,1952.1330329474886,1946.8729091755456,-5.260123771942972,FROZEN_PRODUCTION_CONTEXT
HEAVY,1,1076,qbar_bytes,2683.520384226019,2711.6470474379757,28.12666321195684,FROZEN_PRODUCTION_CONTEXT
HEAVY,1,1077,qbar_bytes,1623.4228498362163,1643.0860025501252,19.663152713908858,FROZEN_PRODUCTION_CONTEXT
HEAVY,1,1078,qbar_bytes,1861.5644708832258,1878.7190148637917,17.154543980565904,FROZEN_PRODUCTION_CONTEXT
HEAVY,1,1079,qbar_bytes,1769.990700473087,1780.064117440936,10.07341696784897,FROZEN_PRODUCTION_CONTEXT
HEAVY,1,1080,qbar_bytes,1179.657405145585,1173.0460441325702,-6.611361013014857,FROZEN_PRODUCTION_CONTEXT
HEAVY,1,1081,qbar_bytes,1394.5336056516558,1384.2330452986164,-10.300560353039373,FROZEN_PRODUCTION_CONTEXT
HEAVY,1,1082,qbar_bytes,2288.2524163642106,2272.977183127906,-15.275233236304757,FROZEN_PRODUCTION_CONTEXT
HEAVY,1,1083,qbar_bytes,1528.5795755574463,1551.4503014897252,22.8707259322789,FROZEN_PRODUCTION_CONTEXT
HEAVY,1,1084,qbar_bytes,2455.4685806023103,2463.326019159902,7.857438557591649,FROZEN_PRODUCTION_CONTEXT
HEAVY,1,1085,qbar_bytes,2622.461766564665,2633.7589664346015,11.297199869936321,FROZEN_PRODUCTION_CONTEXT
HEAVY,1,1086,qbar_bytes,1846.259897304494,1840.6097488940095,-5.650148410484462,FROZEN_PRODUCTION_CONTEXT
HEAVY,1,1087,qbar_bytes,1939.322335550823,1917.9236827790176,-21.398652771805473,FROZEN_PRODUCTION_CONTEXT
HEAVY,1,1088,qbar_bytes,1631.7138807158124,1637.4111434570584,5.69726274124605,FROZEN_PRODUCTION_CONTEXT
HEAVY,1,1001,hbar_ms,192.01664035842614,189.39355561251435,-2.6230847459117967,FROZEN_PRODUCTION_CONTEXT
HEAVY,1,1002,hbar_ms,125.88501251980031,119.9265956759513,-5.958416843849008,FROZEN_PRODUCTION_CONTEXT
HEAVY,1,1003,hbar_ms,325.928111247564,315.45973288640243,-10.46837836116157,FROZEN_PRODUCTION_CONTEXT
HEAVY,1,1004,hbar_ms,225.82664318648182,212.6093482396514,-13.217294946830407,FROZEN_PRODUCTION_CONTEXT
HEAVY,1,1005,hbar_ms,239.36918319461472,226.02439005357485,-13.344793141039872,FROZEN_PRODUCTION_CONTEXT
HEAVY,1,1006,hbar_ms,344.84425782303396,322.38423241636275,-22.460025406671207,FROZEN_PRODUCTION_CONTEXT
HEAVY,1,1007,hbar_ms,188.3797445339273,175.78062537839236,-12.599119155534936,FROZEN_PRODUCTION_CONTEXT
HEAVY,1,1008,hbar_ms,134.07958380169978,118.22938890640404,-15.850194895295743,FROZEN_PRODUCTION_CONTEXT
HEAVY,1,1009,hbar_ms,154.21346164384337,142.85719691544233,-11.356264728401044,FROZEN_PRODUCTION_CONTEXT
HEAVY,1,1010,hbar_ms,367.8830480695418,348.9881159061308,-18.894932163411,FROZEN_PRODUCTION_CONTEXT
HEAVY,1,1011,hbar_ms,218.2485669194234,207.19483872603843,-11.053728193384984,FROZEN_PRODUCTION_CONTEXT
HEAVY,1,1012,hbar_ms,273.27561385740563,263.53649403545296,-9.73911982195267,FROZEN_PRODUCTION_CONTEXT
HEAVY,1,1013,hbar_ms,238.8206884291406,225.6135782852707,-13.207110143869897,FROZEN_PRODUCTION_CONTEXT
HEAVY,1,1014,hbar_ms,255.1549838839085,248.56988722413547,-6.585096659773029,FROZEN_PRODUCTION_CONTEXT
HEAVY,1,1015,hbar_ms,234.969857671236,222.9834771352051,-11.986380536030907,FROZEN_PRODUCTION_CONTEXT
HEAVY,1,1016,hbar_ms,194.7076473650137,183.42848733297518,-11.279160032038533,FROZEN_PRODUCTION_CONTEXT
HEAVY,1,1017,hbar_ms,112.3272283655915,109.87496276462178,-2.45226560096971,FROZEN_PRODUCTION_CONTEXT
HEAVY,1,1018,hbar_ms,331.6653317286382,278.72470930147233,-52.94062242716586,FROZEN_PRODUCTION_CONTEXT
HEAVY,1,1019,hbar_ms,215.16291349448682,206.65326296467003,-8.509650529816781,FROZEN_PRODUCTION_CONTEXT
HEAVY,1,1020,hbar_ms,360.5622213291111,342.30090814911654,-18.261313179994545,FROZEN_PRODUCTION_CONTEXT
HEAVY,1,1021,hbar_ms,130.9212727879656,125.63465241481298,-5.286620373152616,FROZEN_PRODUCTION_CONTEXT
HEAVY,1,1022,hbar_ms,299.5361731717287,285.8640923214408,-13.672080850287898,FROZEN_PRODUCTION_CONTEXT
HEAVY,1,1023,hbar_ms,308.33671602924716,274.9651691021179,-33.37154692712926,FROZEN_PRODUCTION_CONTEXT
HEAVY,1,1024,hbar_ms,188.953563511888,173.3867311969902,-15.566832314897795,FROZEN_PRODUCTION_CONTEXT
HEAVY,1,1025,hbar_ms,238.38678215367568,218.3517314237383,-20.03505072993738,FROZEN_PRODUCTION_CONTEXT
HEAVY,1,1026,hbar_ms,338.6274107935983,323.9525946536813,-14.674816139917027,FROZEN_PRODUCTION_CONTEXT
HEAVY,1,1027,hbar_ms,129.46781155267834,124.17862508157828,-5.2891864711000665,FROZEN_PRODUCTION_CONTEXT
HEAVY,1,1028,hbar_ms,238.33377264065052,220.93366540526108,-17.40010723538944,FROZEN_PRODUCTION_CONTEXT
HEAVY,1,1029,hbar_ms,183.2195573813417,175.3907391198043,-7.828818261537407,FROZEN_PRODUCTION_CONTEXT
HEAVY,1,1030,hbar_ms,147.0055838093819,144.87690704456733,-2.1286767648145712,FROZEN_PRODUCTION_CONTEXT
HEAVY,1,1031,hbar_ms,103.72313275888717,100.51563898372733,-3.207493775159847,FROZEN_PRODUCTION_CONTEXT
HEAVY,1,1032,hbar_ms,215.0584319076401,198.51508880217375,-16.543343105466363,FROZEN_PRODUCTION_CONTEXT
HEAVY,1,1033,hbar_ms,245.37098921127176,227.61474986479425,-17.756239346477514,FROZEN_PRODUCTION_CONTEXT
HEAVY,1,1034,hbar_ms,174.23893365844233,165.74121607224907,-8.49771758619326,FROZEN_PRODUCTION_CONTEXT
HEAVY,1,1035,hbar_ms,182.8883098980841,173.3607699462746,-9.527539951809501,FROZEN_PRODUCTION_CONTEXT
HEAVY,1,1036,hbar_ms,193.429289319297,184.69297758653428,-8.736311732762715,FROZEN_PRODUCTION_CONTEXT
HEAVY,1,1037,hbar_ms,96.30370673864388,88.99877689166462,-7.304929846979263,FROZEN_PRODUCTION_CONTEXT
HEAVY,1,1038,hbar_ms,344.1863519784715,328.3880059920208,-15.798345986450727,FROZEN_PRODUCTION_CONTEXT
HEAVY,1,1039,hbar_ms,290.85605663701614,271.2310274551059,-19.625029181910236,FROZEN_PRODUCTION_CONTEXT
HEAVY,1,1040,hbar_ms,142.0459429856781,124.61929966734196,-17.426643318336133,FROZEN_PRODUCTION_CONTEXT
HEAVY,1,1041,hbar_ms,185.22547049342992,171.0939105931322,-14.13155990029773,FROZEN_PRODUCTION_CONTEXT
HEAVY,1,1042,hbar_ms,197.69055859793153,170.8612471894398,-26.82931140849172,FROZEN_PRODUCTION_CONTEXT
HEAVY,1,1043,hbar_ms,188.7578730160874,172.936028290305,-15.821844725782398,FROZEN_PRODUCTION_CONTEXT
HEAVY,1,1044,hbar_ms,155.26389358206606,147.16994668752315,-8.09394689454291,FROZEN_PRODUCTION_CONTEXT
HEAVY,1,1045,hbar_ms,150.48147788659196,133.43080726056237,-17.050670626029586,FROZEN_PRODUCTION_CONTEXT
HEAVY,1,1046,hbar_ms,289.3835553169695,272.7243418609947,-16.659213455974793,FROZEN_PRODUCTION_CONTEXT
HEAVY,1,1047,hbar_ms,285.9974440211141,279.7144498003527,-6.282994220761395,FROZEN_PRODUCTION_CONTEXT
HEAVY,1,1048,hbar_ms,211.64798977557626,198.00803784178655,-13.639951933789717,FROZEN_PRODUCTION_CONTEXT
HEAVY,1,1049,hbar_ms,262.49372400330685,234.88018486410945,-27.6135391391974,FROZEN_PRODUCTION_CONTEXT
HEAVY,1,1050,hbar_ms,162.39170124883128,157.4822227444614,-4.909478504369872,FROZEN_PRODUCTION_CONTEXT
HEAVY,1,1051,hbar_ms,169.8819015952707,171.14193647186508,1.260034876594375,FROZEN_PRODUCTION_CONTEXT
HEAVY,1,1052,hbar_ms,254.16587355578906,242.81375556389102,-11.35211799189804,FROZEN_PRODUCTION_CONTEXT
HEAVY,1,1053,hbar_ms,216.38250803704233,201.2591911162928,-15.123316920749517,FROZEN_PRODUCTION_CONTEXT
HEAVY,1,1054,hbar_ms,139.81723535706033,133.87767738216445,-5.939557974895877,FROZEN_PRODUCTION_CONTEXT
HEAVY,1,1055,hbar_ms,211.58104784371605,199.13315804273557,-12.447889800980477,FROZEN_PRODUCTION_CONTEXT
HEAVY,1,1056,hbar_ms,210.7417071704577,204.9890744966804,-5.752632673777299,FROZEN_PRODUCTION_CONTEXT
HEAVY,1,1057,hbar_ms,327.91985612091725,308.50784349824124,-19.412012622676002,FROZEN_PRODUCTION_CONTEXT
HEAVY,1,1058,hbar_ms,314.406264956933,291.01734099433656,-23.388923962596436,FROZEN_PRODUCTION_CONTEXT
HEAVY,1,1059,hbar_ms,183.80132728537117,162.4232122821646,-21.378115003206574,FROZEN_PRODUCTION_CONTEXT
HEAVY,1,1060,hbar_ms,188.20478440632166,163.30096553937798,-24.90381886694368,FROZEN_PRODUCTION_CONTEXT
HEAVY,1,1061,hbar_ms,337.9186512931626,324.11487508487255,-13.80377620829006,FROZEN_PRODUCTION_CONTEXT
HEAVY,1,1062,hbar_ms,277.85421368949926,248.1725291181076,-29.681684571391656,FROZEN_PRODUCTION_CONTEXT
HEAVY,1,1063,hbar_ms,296.36497272027543,284.15548443541877,-12.209488284856661,FROZEN_PRODUCTION_CONTEXT
HEAVY,1,1064,hbar_ms,253.32093476212745,235.72469949643772,-17.596235265689728,FROZEN_PRODUCTION_CONTEXT
HEAVY,1,1065,hbar_ms,151.9121620725419,143.600793921555,-8.31136815098688,FROZEN_PRODUCTION_CONTEXT
HEAVY,1,1066,hbar_ms,365.25672377590575,324.38387342002306,-40.87285035588269,FROZEN_PRODUCTION_CONTEXT
HEAVY,1,1067,hbar_ms,202.00743561999843,192.4120218413205,-9.595413778677937,FROZEN_PRODUCTION_CONTEXT
HEAVY,1,1068,hbar_ms,297.3324026896949,257.20867886263005,-40.12372382706485,FROZEN_PRODUCTION_CONTEXT
HEAVY,1,1069,hbar_ms,175.81980813230172,152.22982521409563,-23.58998291820609,FROZEN_PRODUCTION_CONTEXT
HEAVY,1,1070,hbar_ms,145.25508854588114,139.79306797511308,-5.462020570768061,FROZEN_PRODUCTION_CONTEXT
HEAVY,1,1071,hbar_ms,210.56976503525485,200.0339036673731,-10.53586136788175,FROZEN_PRODUCTION_CONTEXT
HEAVY,1,1072,hbar_ms,231.72961101011677,216.24981755589707,-15.479793454219703,FROZEN_PRODUCTION_CONTEXT
HEAVY,1,1073,hbar_ms,168.44380672029087,160.49192334707453,-7.951883373216333,FROZEN_PRODUCTION_CONTEXT
HEAVY,1,1074,hbar_ms,265.08815586984707,250.9070526804184,-14.181103189428683,FROZEN_PRODUCTION_CONTEXT
HEAVY,1,1075,hbar_ms,199.3976803156153,195.54756889605903,-3.8501114195562707,FROZEN_PRODUCTION_CONTEXT
HEAVY,1,1076,hbar_ms,273.90793243753643,258.67593166876577,-15.23200076877066,FROZEN_PRODUCTION_CONTEXT
HEAVY,1,1077,hbar_ms,167.4490862960018,152.7880089500829,-14.661077345918898,FROZEN_PRODUCTION_CONTEXT
HEAVY,1,1078,hbar_ms,191.21657646882912,184.78397250623325,-6.432603962595863,FROZEN_PRODUCTION_CONTEXT
HEAVY,1,1079,hbar_ms,220.89787496335978,202.53578004773303,-18.362094915626756,FROZEN_PRODUCTION_CONTEXT
HEAVY,1,1080,hbar_ms,112.4124335917344,107.19487223636403,-5.217561355370364,FROZEN_PRODUCTION_CONTEXT
HEAVY,1,1081,hbar_ms,191.21853414092143,157.63087615770385,-33.58765798321758,FROZEN_PRODUCTION_CONTEXT
HEAVY,1,1082,hbar_ms,256.58776864760324,230.34026784855388,-26.247500799049362,FROZEN_PRODUCTION_CONTEXT
HEAVY,1,1083,hbar_ms,128.9217399605044,125.94337770177196,-2.9783622587324317,FROZEN_PRODUCTION_CONTEXT
HEAVY,1,1084,hbar_ms,300.2909384121191,279.4328173580268,-20.858121054092294,FROZEN_PRODUCTION_CONTEXT
HEAVY,1,1085,hbar_ms,331.19440846046416,316.30096867417797,-14.893439786286194,FROZEN_PRODUCTION_CONTEXT
HEAVY,1,1086,hbar_ms,232.9305197100534,203.93867257942958,-28.991847130623825,FROZEN_PRODUCTION_CONTEXT
HEAVY,1,1087,hbar_ms,198.11170036608047,184.51016422964503,-13.601536136435442,FROZEN_PRODUCTION_CONTEXT
HEAVY,1,1088,hbar_ms,163.38292625005744,148.33011455406282,-15.05281169599462,FROZEN_PRODUCTION_CONTEXT
HEAVY,1,1001,backlog_occupancy,0.8234760361972789,0.8234307690122449,-4.526718503405913e-05,FROZEN_PRODUCTION_CONTEXT
HEAVY,1,1002,backlog_occupancy,0.8032633418829932,0.8031804846870748,-8.285719591838436e-05,FROZEN_PRODUCTION_CONTEXT
HEAVY,1,1003,backlog_occupancy,0.8430720533278911,0.8430672719619048,-4.781365986361585e-06,FROZEN_PRODUCTION_CONTEXT
HEAVY,1,1004,backlog_occupancy,0.8010185020340136,0.8018986380789116,0.0008801360448980056,FROZEN_PRODUCTION_CONTEXT
HEAVY,1,1005,backlog_occupancy,0.8011020785455782,0.8012161310272109,0.0001140524816326538,FROZEN_PRODUCTION_CONTEXT
HEAVY,1,1006,backlog_occupancy,0.8431739188557823,0.8431081462408163,-6.577261496598652e-05,FROZEN_PRODUCTION_CONTEXT
HEAVY,1,1007,backlog_occupancy,0.7811416495061224,0.7809215328707483,-0.00022011663537413462,FROZEN_PRODUCTION_CONTEXT
HEAVY,1,1008,backlog_occupancy,0.7734135823047619,0.7733925326761905,-2.104962857141235e-05,FROZEN_PRODUCTION_CONTEXT
HEAVY,1,1009,backlog_occupancy,0.7789304140258503,0.7793023868993197,0.0003719728734694616,FROZEN_PRODUCTION_CONTEXT
HEAVY,1,1010,backlog_occupancy,0.8440267663401361,0.8440463193414967,1.95530013605838e-05,FROZEN_PRODUCTION_CONTEXT
HEAVY,1,1011,backlog_occupancy,0.8258148312979592,0.8258524600761905,3.762877823132449e-05,FROZEN_PRODUCTION_CONTEXT
HEAVY,1,1012,backlog_occupancy,0.8288505167972788,0.8282910415306123,-0.0005594752666665537,FROZEN_PRODUCTION_CONTEXT
HEAVY,1,1013,backlog_occupancy,0.8107183856571428,0.8104816509387754,-0.0002367347183673818,FROZEN_PRODUCTION_CONTEXT
HEAVY,1,1014,backlog_occupancy,0.8168370652789115,0.8164277358231292,-0.0004093294557823146,FROZEN_PRODUCTION_CONTEXT
HEAVY,1,1015,backlog_occupancy,0.7794363049510203,0.7799368491972789,0.0005005442462585608,FROZEN_PRODUCTION_CONTEXT
HEAVY,1,1016,backlog_occupancy,0.7928581513129251,0.792372709155102,-0.0004854421578230905,FROZEN_PRODUCTION_CONTEXT
HEAVY,1,1017,backlog_occupancy,0.7850661780489796,0.7849440789442177,-0.000122099104761908,FROZEN_PRODUCTION_CONTEXT
HEAVY,1,1018,backlog_occupancy,0.8244822941918368,0.8243614583918367,-0.00012083580000010752,FROZEN_PRODUCTION_CONTEXT
HEAVY,1,1019,backlog_occupancy,0.815615335510204,0.8154400585632653,-0.00017527694693875162,FROZEN_PRODUCTION_CONTEXT
HEAVY,1,1020,backlog_occupancy,0.8546439689238094,0.8544403148585035,-0.0002036540653059804,FROZEN_PRODUCTION_CONTEXT
HEAVY,1,1021,backlog_occupancy,0.7868541083714286,0.7868914066911564,3.729831972787423e-05,FROZEN_PRODUCTION_CONTEXT
HEAVY,1,1022,backlog_occupancy,0.8268329454530612,0.8268587958013606,2.5850348299383263e-05,FROZEN_PRODUCTION_CONTEXT
HEAVY,1,1023,backlog_occupancy,0.8042381719687075,0.8041068405578232,-0.00013133141088428335,FROZEN_PRODUCTION_CONTEXT
HEAVY,1,1024,backlog_occupancy,0.7864796092639456,0.7864823692258504,2.7599619047968815e-06,FROZEN_PRODUCTION_CONTEXT
HEAVY,1,1025,backlog_occupancy,0.8169274243904763,0.8169866663986394,5.9242008163096216e-05,FROZEN_PRODUCTION_CONTEXT
HEAVY,1,1026,backlog_occupancy,0.8273509631020408,0.827326220662585,-2.4742439455827103e-05,FROZEN_PRODUCTION_CONTEXT
HEAVY,1,1027,backlog_occupancy,0.7861574317945578,0.7861256144816327,-3.18173129251198e-05,FROZEN_PRODUCTION_CONTEXT
HEAVY,1,1028,backlog_occupancy,0.7992362080544217,0.7988843324217687,-0.00035187563265304256,FROZEN_PRODUCTION_CONTEXT
HEAVY,1,1029,backlog_occupancy,0.7758253420285713,0.7764831263428572,0.0006577843142858697,FROZEN_PRODUCTION_CONTEXT
HEAVY,1,1030,backlog_occupancy,0.7643584992217687,0.7641507635755103,-0.00020773564625842234,FROZEN_PRODUCTION_CONTEXT
HEAVY,1,1031,backlog_occupancy,0.7734941069972789,0.7734415122571429,-5.2594740136080453e-05,FROZEN_PRODUCTION_CONTEXT
HEAVY,1,1032,backlog_occupancy,0.8185448789020409,0.8181565989931973,-0.00038827990884360286,FROZEN_PRODUCTION_CONTEXT
HEAVY,1,1033,backlog_occupancy,0.8252962106680272,0.8251476003605441,-0.0001486103074830325,FROZEN_PRODUCTION_CONTEXT
HEAVY,1,1034,backlog_occupancy,0.7998332152571429,0.8005815534666667,0.0007483382095238023,FROZEN_PRODUCTION_CONTEXT
HEAVY,1,1035,backlog_occupancy,0.8077540904721088,0.8077504364285715,-3.6540435373044744e-06,FROZEN_PRODUCTION_CONTEXT
HEAVY,1,1036,backlog_occupancy,0.804934653522449,0.8045535844829932,-0.00038106903945578363,FROZEN_PRODUCTION_CONTEXT
HEAVY,1,1037,backlog_occupancy,0.766956497,0.7664387515659864,-0.0005177454340136167,FROZEN_PRODUCTION_CONTEXT
HEAVY,1,1038,backlog_occupancy,0.8426443174244898,0.8423747353156462,-0.00026958210884353573,FROZEN_PRODUCTION_CONTEXT
HEAVY,1,1039,backlog_occupancy,0.8265273483795919,0.8267147730612245,0.00018742468163268633,FROZEN_PRODUCTION_CONTEXT
HEAVY,1,1040,backlog_occupancy,0.7754778585455783,0.7752681402952382,-0.00020971825034010738,FROZEN_PRODUCTION_CONTEXT
HEAVY,1,1041,backlog_occupancy,0.8060750423591837,0.8058740705333333,-0.00020097182585043782,FROZEN_PRODUCTION_CONTEXT
HEAVY,1,1042,backlog_occupancy,0.7732914834693877,0.7732754096013605,-1.607386802715549e-05,FROZEN_PRODUCTION_CONTEXT
HEAVY,1,1043,backlog_occupancy,0.801359026540136,0.801268433722449,-9.059281768697414e-05,FROZEN_PRODUCTION_CONTEXT
HEAVY,1,1044,backlog_occupancy,0.7986821951156463,0.7986820396054422,-1.5551020415838224e-07,FROZEN_PRODUCTION_CONTEXT
HEAVY,1,1045,backlog_occupancy,0.7691392574340136,0.7689908998081633,-0.00014835762585030388,FROZEN_PRODUCTION_CONTEXT
HEAVY,1,1046,backlog_occupancy,0.8423105764380953,0.842741402459864,0.0004308260217686932,FROZEN_PRODUCTION_CONTEXT
HEAVY,1,1047,backlog_occupancy,0.8312292728965986,0.831356347737415,0.00012707484081631026,FROZEN_PRODUCTION_CONTEXT
HEAVY,1,1048,backlog_occupancy,0.8153335669673469,0.815911351292517,0.0005777843251700832,FROZEN_PRODUCTION_CONTEXT
HEAVY,1,1049,backlog_occupancy,0.8159757821047618,0.8158622932190477,-0.0001134888857141636,FROZEN_PRODUCTION_CONTEXT
HEAVY,1,1050,backlog_occupancy,0.8087826035346939,0.8084869766993198,-0.0002956268353740965,FROZEN_PRODUCTION_CONTEXT
HEAVY,1,1051,backlog_occupancy,0.8023726514176871,0.8018095415863945,-0.0005631098312925964,FROZEN_PRODUCTION_CONTEXT
HEAVY,1,1052,backlog_occupancy,0.8240101858380952,0.8242600206,0.00024983476190487686,FROZEN_PRODUCTION_CONTEXT
HEAVY,1,1053,backlog_occupancy,0.8026627585387756,0.8021278703102042,-0.0005348882285713952,FROZEN_PRODUCTION_CONTEXT
HEAVY,1,1054,backlog_occupancy,0.7780684520367347,0.7780801138435374,1.1661806802676367e-05,FROZEN_PRODUCTION_CONTEXT
HEAVY,1,1055,backlog_occupancy,0.8200506715918368,0.8192468036884354,-0.0008038679034013674,FROZEN_PRODUCTION_CONTEXT
HEAVY,1,1056,backlog_occupancy,0.7982119326435374,0.7981624477428572,-4.948490068024114e-05,FROZEN_PRODUCTION_CONTEXT
HEAVY,1,1057,backlog_occupancy,0.8376372418979592,0.8372829561809524,-0.000354285717006797,FROZEN_PRODUCTION_CONTEXT
HEAVY,1,1058,backlog_occupancy,0.8297124402176871,0.8299587376272108,0.0002462974095237547,FROZEN_PRODUCTION_CONTEXT
HEAVY,1,1059,backlog_occupancy,0.7959773163619047,0.7966078703646259,0.000630554002721162,FROZEN_PRODUCTION_CONTEXT
HEAVY,1,1060,backlog_occupancy,0.7638937567659864,0.7631924156122448,-0.0007013411537415415,FROZEN_PRODUCTION_CONTEXT
HEAVY,1,1061,backlog_occupancy,0.8453111015006802,0.8452928507619047,-1.8250738775482667e-05,FROZEN_PRODUCTION_CONTEXT
HEAVY,1,1062,backlog_occupancy,0.8223037318530612,0.8216804664884354,-0.000623265364625758,FROZEN_PRODUCTION_CONTEXT
HEAVY,1,1063,backlog_occupancy,0.8409931606544218,0.8413341130952381,0.00034095244081633336,FROZEN_PRODUCTION_CONTEXT
HEAVY,1,1064,backlog_occupancy,0.8131493095877551,0.8129986195156462,-0.0001506900721088833,FROZEN_PRODUCTION_CONTEXT
HEAVY,1,1065,backlog_occupancy,0.795571018552381,0.7956889193795919,0.00011790082721085948,FROZEN_PRODUCTION_CONTEXT
HEAVY,1,1066,backlog_occupancy,0.8423198467687074,0.8422193025414966,-0.00010054422721084144,FROZEN_PRODUCTION_CONTEXT
HEAVY,1,1067,backlog_occupancy,0.8465399638231292,0.8463254837510205,-0.00021448007210878028,FROZEN_PRODUCTION_CONTEXT
HEAVY,1,1068,backlog_occupancy,0.8276222562911565,0.8277237140380952,0.00010145774693870457,FROZEN_PRODUCTION_CONTEXT
HEAVY,1,1069,backlog_occupancy,0.7883567129278912,0.7878733115170068,-0.000483401410884432,FROZEN_PRODUCTION_CONTEXT
HEAVY,1,1070,backlog_occupancy,0.7964482396122449,0.7963444884367347,-0.00010375117551020274,FROZEN_PRODUCTION_CONTEXT
HEAVY,1,1071,backlog_occupancy,0.8047183862176871,0.805414926572789,0.0006965403551019156,FROZEN_PRODUCTION_CONTEXT
HEAVY,1,1072,backlog_occupancy,0.7929018447251701,0.7927291527727891,-0.00017269195238100998,FROZEN_PRODUCTION_CONTEXT
HEAVY,1,1073,backlog_occupancy,0.8029600773129252,0.8025142852503401,-0.0004457920625851042,FROZEN_PRODUCTION_CONTEXT
HEAVY,1,1074,backlog_occupancy,0.8145009910979591,0.813939280659864,-0.0005617104380951643,FROZEN_PRODUCTION_CONTEXT
HEAVY,1,1075,backlog_occupancy,0.8086509422394558,0.8087579004312926,0.00010695819183681454,FROZEN_PRODUCTION_CONTEXT
HEAVY,1,1076,backlog_occupancy,0.8416278552707482,0.8414801584829932,-0.00014769678775505835,FROZEN_PRODUCTION_CONTEXT
HEAVY,1,1077,backlog_occupancy,0.8193155103836735,0.8193509623183673,3.545193469389751e-05,FROZEN_PRODUCTION_CONTEXT
HEAVY,1,1078,backlog_occupancy,0.8043175309142857,0.8042798827333334,-3.764818095230993e-05,FROZEN_PRODUCTION_CONTEXT
HEAVY,1,1079,backlog_occupancy,0.8025101056272109,0.8023197460054422,-0.0001903596217687209,FROZEN_PRODUCTION_CONTEXT
HEAVY,1,1080,backlog_occupancy,0.7928985791034014,0.7924406199006803,-0.00045795920272118096,FROZEN_PRODUCTION_CONTEXT
HEAVY,1,1081,backlog_occupancy,0.7754896953659864,0.7756389859578232,0.0001492905918367704,FROZEN_PRODUCTION_CONTEXT
HEAVY,1,1082,backlog_occupancy,0.8310873094027211,0.8314120907115646,0.00032478130884350254,FROZEN_PRODUCTION_CONTEXT
HEAVY,1,1083,backlog_occupancy,0.7964179768462585,0.7961995317863946,-0.00021844505986390317,FROZEN_PRODUCTION_CONTEXT
HEAVY,1,1084,backlog_occupancy,0.8375107115278911,0.8372591468625851,-0.0002515646653060699,FROZEN_PRODUCTION_CONTEXT
HEAVY,1,1085,backlog_occupancy,0.823485326782313,0.82357714407483,9.181729251694914e-05,FROZEN_PRODUCTION_CONTEXT
HEAVY,1,1086,backlog_occupancy,0.8050511747809524,0.8048567141591837,-0.000194460621768755,FROZEN_PRODUCTION_CONTEXT
HEAVY,1,1087,backlog_occupancy,0.8082734295931973,0.8083818260979592,0.00010839650476190954,FROZEN_PRODUCTION_CONTEXT
HEAVY,1,1088,backlog_occupancy,0.8028020596040816,0.8029758594272108,0.00017379982312926145,FROZEN_PRODUCTION_CONTEXT
HEAVY,1,1001,contention_count,467528.0,114146.0,-353382.0,FROZEN_PRODUCTION_CONTEXT
HEAVY,1,1002,contention_count,340891.0,101803.0,-239088.0,FROZEN_PRODUCTION_CONTEXT
HEAVY,1,1003,contention_count,508229.0,121242.0,-386987.0,FROZEN_PRODUCTION_CONTEXT
HEAVY,1,1004,contention_count,314822.0,102017.0,-212805.0,FROZEN_PRODUCTION_CONTEXT
HEAVY,1,1005,contention_count,370760.0,105050.0,-265710.0,FROZEN_PRODUCTION_CONTEXT
HEAVY,1,1006,contention_count,447268.0,119383.0,-327885.0,FROZEN_PRODUCTION_CONTEXT
HEAVY,1,1007,contention_count,332265.0,98993.0,-233272.0,FROZEN_PRODUCTION_CONTEXT
HEAVY,1,1008,contention_count,258282.0,88358.0,-169924.0,FROZEN_PRODUCTION_CONTEXT
HEAVY,1,1009,contention_count,278525.0,92888.0,-185637.0,FROZEN_PRODUCTION_CONTEXT
HEAVY,1,1010,contention_count,467324.0,118459.0,-348865.0,FROZEN_PRODUCTION_CONTEXT
HEAVY,1,1011,contention_count,487640.0,115663.0,-371977.0,FROZEN_PRODUCTION_CONTEXT
HEAVY,1,1012,contention_count,498569.0,121635.0,-376934.0,FROZEN_PRODUCTION_CONTEXT
HEAVY,1,1013,contention_count,328262.0,100590.0,-227672.0,FROZEN_PRODUCTION_CONTEXT
HEAVY,1,1014,contention_count,403496.0,107932.0,-295564.0,FROZEN_PRODUCTION_CONTEXT
HEAVY,1,1015,contention_count,377868.0,101212.0,-276656.0,FROZEN_PRODUCTION_CONTEXT
HEAVY,1,1016,contention_count,332332.0,100386.0,-231946.0,FROZEN_PRODUCTION_CONTEXT
HEAVY,1,1017,contention_count,312599.0,95181.0,-217418.0,FROZEN_PRODUCTION_CONTEXT
HEAVY,1,1018,contention_count,390698.0,110748.0,-279950.0,FROZEN_PRODUCTION_CONTEXT
HEAVY,1,1019,contention_count,407780.0,108215.0,-299565.0,FROZEN_PRODUCTION_CONTEXT
HEAVY,1,1020,contention_count,571407.0,126950.0,-444457.0,FROZEN_PRODUCTION_CONTEXT
HEAVY,1,1021,contention_count,326139.0,95199.0,-230940.0,FROZEN_PRODUCTION_CONTEXT
HEAVY,1,1022,contention_count,453195.0,115795.0,-337400.0,FROZEN_PRODUCTION_CONTEXT
HEAVY,1,1023,contention_count,349527.0,106234.0,-243293.0,FROZEN_PRODUCTION_CONTEXT
HEAVY,1,1024,contention_count,338371.0,100698.0,-237673.0,FROZEN_PRODUCTION_CONTEXT
HEAVY,1,1025,contention_count,363402.0,107937.0,-255465.0,FROZEN_PRODUCTION_CONTEXT
HEAVY,1,1026,contention_count,441026.0,116650.0,-324376.0,FROZEN_PRODUCTION_CONTEXT
HEAVY,1,1027,contention_count,293108.0,94902.0,-198206.0,FROZEN_PRODUCTION_CONTEXT
HEAVY,1,1028,contention_count,300752.0,99874.0,-200878.0,FROZEN_PRODUCTION_CONTEXT
HEAVY,1,1029,contention_count,315793.0,95148.0,-220645.0,FROZEN_PRODUCTION_CONTEXT
HEAVY,1,1030,contention_count,259022.0,90362.0,-168660.0,FROZEN_PRODUCTION_CONTEXT
HEAVY,1,1031,contention_count,249324.0,89315.0,-160009.0,FROZEN_PRODUCTION_CONTEXT
HEAVY,1,1032,contention_count,404924.0,108297.0,-296627.0,FROZEN_PRODUCTION_CONTEXT
HEAVY,1,1033,contention_count,408110.0,111181.0,-296929.0,FROZEN_PRODUCTION_CONTEXT
HEAVY,1,1034,contention_count,351225.0,102081.0,-249144.0,FROZEN_PRODUCTION_CONTEXT
HEAVY,1,1035,contention_count,357811.0,104345.0,-253466.0,FROZEN_PRODUCTION_CONTEXT
HEAVY,1,1036,contention_count,356911.0,101924.0,-254987.0,FROZEN_PRODUCTION_CONTEXT
HEAVY,1,1037,contention_count,259343.0,91441.0,-167902.0,FROZEN_PRODUCTION_CONTEXT
HEAVY,1,1038,contention_count,526964.0,122413.0,-404551.0,FROZEN_PRODUCTION_CONTEXT
HEAVY,1,1039,contention_count,433052.0,114906.0,-318146.0,FROZEN_PRODUCTION_CONTEXT
HEAVY,1,1040,contention_count,300053.0,92893.0,-207160.0,FROZEN_PRODUCTION_CONTEXT
HEAVY,1,1041,contention_count,311950.0,100253.0,-211697.0,FROZEN_PRODUCTION_CONTEXT
HEAVY,1,1042,contention_count,292471.0,94256.0,-198215.0,FROZEN_PRODUCTION_CONTEXT
HEAVY,1,1043,contention_count,325806.0,98371.0,-227435.0,FROZEN_PRODUCTION_CONTEXT
HEAVY,1,1044,contention_count,367018.0,104295.0,-262723.0,FROZEN_PRODUCTION_CONTEXT
HEAVY,1,1045,contention_count,250891.0,89591.0,-161300.0,FROZEN_PRODUCTION_CONTEXT
HEAVY,1,1046,contention_count,513382.0,121796.0,-391586.0,FROZEN_PRODUCTION_CONTEXT
HEAVY,1,1047,contention_count,458685.0,115384.0,-343301.0,FROZEN_PRODUCTION_CONTEXT
HEAVY,1,1048,contention_count,436137.0,110016.0,-326121.0,FROZEN_PRODUCTION_CONTEXT
HEAVY,1,1049,contention_count,380287.0,104947.0,-275340.0,FROZEN_PRODUCTION_CONTEXT
HEAVY,1,1050,contention_count,355505.0,101705.0,-253800.0,FROZEN_PRODUCTION_CONTEXT
HEAVY,1,1051,contention_count,341397.0,103492.0,-237905.0,FROZEN_PRODUCTION_CONTEXT
HEAVY,1,1052,contention_count,454800.0,114855.0,-339945.0,FROZEN_PRODUCTION_CONTEXT
HEAVY,1,1053,contention_count,334507.0,102819.0,-231688.0,FROZEN_PRODUCTION_CONTEXT
HEAVY,1,1054,contention_count,325967.0,97993.0,-227974.0,FROZEN_PRODUCTION_CONTEXT
HEAVY,1,1055,contention_count,471760.0,115207.0,-356553.0,FROZEN_PRODUCTION_CONTEXT
HEAVY,1,1056,contention_count,345809.0,101233.0,-244576.0,FROZEN_PRODUCTION_CONTEXT
HEAVY,1,1057,contention_count,440541.0,113346.0,-327195.0,FROZEN_PRODUCTION_CONTEXT
HEAVY,1,1058,contention_count,404285.0,112568.0,-291717.0,FROZEN_PRODUCTION_CONTEXT
HEAVY,1,1059,contention_count,365170.0,102624.0,-262546.0,FROZEN_PRODUCTION_CONTEXT
HEAVY,1,1060,contention_count,272971.0,91007.0,-181964.0,FROZEN_PRODUCTION_CONTEXT
HEAVY,1,1061,contention_count,531506.0,125664.0,-405842.0,FROZEN_PRODUCTION_CONTEXT
HEAVY,1,1062,contention_count,367296.0,109397.0,-257899.0,FROZEN_PRODUCTION_CONTEXT
HEAVY,1,1063,contention_count,468380.0,116634.0,-351746.0,FROZEN_PRODUCTION_CONTEXT
HEAVY,1,1064,contention_count,345385.0,105967.0,-239418.0,FROZEN_PRODUCTION_CONTEXT
HEAVY,1,1065,contention_count,321970.0,101092.0,-220878.0,FROZEN_PRODUCTION_CONTEXT
HEAVY,1,1066,contention_count,473646.0,120838.0,-352808.0,FROZEN_PRODUCTION_CONTEXT
HEAVY,1,1067,contention_count,481325.0,116600.0,-364725.0,FROZEN_PRODUCTION_CONTEXT
HEAVY,1,1068,contention_count,481558.0,116794.0,-364764.0,FROZEN_PRODUCTION_CONTEXT
HEAVY,1,1069,contention_count,306065.0,97937.0,-208128.0,FROZEN_PRODUCTION_CONTEXT
HEAVY,1,1070,contention_count,353378.0,102846.0,-250532.0,FROZEN_PRODUCTION_CONTEXT
HEAVY,1,1071,contention_count,420339.0,109515.0,-310824.0,FROZEN_PRODUCTION_CONTEXT
HEAVY,1,1072,contention_count,341552.0,103893.0,-237659.0,FROZEN_PRODUCTION_CONTEXT
HEAVY,1,1073,contention_count,407968.0,106468.0,-301500.0,FROZEN_PRODUCTION_CONTEXT
HEAVY,1,1074,contention_count,394491.0,107651.0,-286840.0,FROZEN_PRODUCTION_CONTEXT
HEAVY,1,1075,contention_count,413593.0,107625.0,-305968.0,FROZEN_PRODUCTION_CONTEXT
HEAVY,1,1076,contention_count,517124.0,118776.0,-398348.0,FROZEN_PRODUCTION_CONTEXT
HEAVY,1,1077,contention_count,396455.0,110193.0,-286262.0,FROZEN_PRODUCTION_CONTEXT
HEAVY,1,1078,contention_count,400145.0,106613.0,-293532.0,FROZEN_PRODUCTION_CONTEXT
HEAVY,1,1079,contention_count,361719.0,105148.0,-256571.0,FROZEN_PRODUCTION_CONTEXT
HEAVY,1,1080,contention_count,314180.0,99133.0,-215047.0,FROZEN_PRODUCTION_CONTEXT
HEAVY,1,1081,contention_count,285467.0,93229.0,-192238.0,FROZEN_PRODUCTION_CONTEXT
HEAVY,1,1082,contention_count,415251.0,109403.0,-305848.0,FROZEN_PRODUCTION_CONTEXT
HEAVY,1,1083,contention_count,349424.0,101897.0,-247527.0,FROZEN_PRODUCTION_CONTEXT
HEAVY,1,1084,contention_count,481598.0,118391.0,-363207.0,FROZEN_PRODUCTION_CONTEXT
HEAVY,1,1085,contention_count,459786.0,116280.0,-343506.0,FROZEN_PRODUCTION_CONTEXT
HEAVY,1,1086,contention_count,350866.0,103385.0,-247481.0,FROZEN_PRODUCTION_CONTEXT
HEAVY,1,1087,contention_count,373112.0,101774.0,-271338.0,FROZEN_PRODUCTION_CONTEXT
HEAVY,1,1088,contention_count,361195.0,102970.0,-258225.0,FROZEN_PRODUCTION_CONTEXT
HEAVY,1,1001,select_priority_count,0.0,20597.0,20597.0,FROZEN_PRODUCTION_CONTEXT
HEAVY,1,1002,select_priority_count,0.0,20636.0,20636.0,FROZEN_PRODUCTION_CONTEXT
HEAVY,1,1003,select_priority_count,0.0,20281.0,20281.0,FROZEN_PRODUCTION_CONTEXT
HEAVY,1,1004,select_priority_count,0.0,20447.0,20447.0,FROZEN_PRODUCTION_CONTEXT
HEAVY,1,1005,select_priority_count,0.0,20387.0,20387.0,FROZEN_PRODUCTION_CONTEXT
HEAVY,1,1006,select_priority_count,0.0,20296.0,20296.0,FROZEN_PRODUCTION_CONTEXT
HEAVY,1,1007,select_priority_count,0.0,20514.0,20514.0,FROZEN_PRODUCTION_CONTEXT
HEAVY,1,1008,select_priority_count,0.0,20611.0,20611.0,FROZEN_PRODUCTION_CONTEXT
HEAVY,1,1009,select_priority_count,0.0,20500.0,20500.0,FROZEN_PRODUCTION_CONTEXT
HEAVY,1,1010,select_priority_count,0.0,20255.0,20255.0,FROZEN_PRODUCTION_CONTEXT
HEAVY,1,1011,select_priority_count,0.0,20533.0,20533.0,FROZEN_PRODUCTION_CONTEXT
HEAVY,1,1012,select_priority_count,0.0,20369.0,20369.0,FROZEN_PRODUCTION_CONTEXT
HEAVY,1,1013,select_priority_count,0.0,20414.0,20414.0,FROZEN_PRODUCTION_CONTEXT
HEAVY,1,1014,select_priority_count,0.0,20436.0,20436.0,FROZEN_PRODUCTION_CONTEXT
HEAVY,1,1015,select_priority_count,0.0,20405.0,20405.0,FROZEN_PRODUCTION_CONTEXT
HEAVY,1,1016,select_priority_count,0.0,20502.0,20502.0,FROZEN_PRODUCTION_CONTEXT
HEAVY,1,1017,select_priority_count,0.0,20673.0,20673.0,FROZEN_PRODUCTION_CONTEXT
HEAVY,1,1018,select_priority_count,0.0,20338.0,20338.0,FROZEN_PRODUCTION_CONTEXT
HEAVY,1,1019,select_priority_count,0.0,20457.0,20457.0,FROZEN_PRODUCTION_CONTEXT
HEAVY,1,1020,select_priority_count,0.0,20216.0,20216.0,FROZEN_PRODUCTION_CONTEXT
HEAVY,1,1021,select_priority_count,0.0,20652.0,20652.0,FROZEN_PRODUCTION_CONTEXT
HEAVY,1,1022,select_priority_count,0.0,20328.0,20328.0,FROZEN_PRODUCTION_CONTEXT
HEAVY,1,1023,select_priority_count,0.0,20310.0,20310.0,FROZEN_PRODUCTION_CONTEXT
HEAVY,1,1024,select_priority_count,0.0,20527.0,20527.0,FROZEN_PRODUCTION_CONTEXT
HEAVY,1,1025,select_priority_count,0.0,20426.0,20426.0,FROZEN_PRODUCTION_CONTEXT
HEAVY,1,1026,select_priority_count,0.0,20308.0,20308.0,FROZEN_PRODUCTION_CONTEXT
HEAVY,1,1027,select_priority_count,0.0,20635.0,20635.0,FROZEN_PRODUCTION_CONTEXT
HEAVY,1,1028,select_priority_count,0.0,20375.0,20375.0,FROZEN_PRODUCTION_CONTEXT
HEAVY,1,1029,select_priority_count,0.0,20520.0,20520.0,FROZEN_PRODUCTION_CONTEXT
HEAVY,1,1030,select_priority_count,0.0,20534.0,20534.0,FROZEN_PRODUCTION_CONTEXT
HEAVY,1,1031,select_priority_count,0.0,20659.0,20659.0,FROZEN_PRODUCTION_CONTEXT
HEAVY,1,1032,select_priority_count,0.0,20505.0,20505.0,FROZEN_PRODUCTION_CONTEXT
HEAVY,1,1033,select_priority_count,0.0,20455.0,20455.0,FROZEN_PRODUCTION_CONTEXT
HEAVY,1,1034,select_priority_count,0.0,20538.0,20538.0,FROZEN_PRODUCTION_CONTEXT
HEAVY,1,1035,select_priority_count,0.0,20540.0,20540.0,FROZEN_PRODUCTION_CONTEXT
HEAVY,1,1036,select_priority_count,0.0,20481.0,20481.0,FROZEN_PRODUCTION_CONTEXT
HEAVY,1,1037,select_priority_count,0.0,20667.0,20667.0,FROZEN_PRODUCTION_CONTEXT
HEAVY,1,1038,select_priority_count,0.0,20265.0,20265.0,FROZEN_PRODUCTION_CONTEXT
HEAVY,1,1039,select_priority_count,0.0,20360.0,20360.0,FROZEN_PRODUCTION_CONTEXT
HEAVY,1,1040,select_priority_count,0.0,20601.0,20601.0,FROZEN_PRODUCTION_CONTEXT
HEAVY,1,1041,select_priority_count,0.0,20553.0,20553.0,FROZEN_PRODUCTION_CONTEXT
HEAVY,1,1042,select_priority_count,0.0,20496.0,20496.0,FROZEN_PRODUCTION_CONTEXT
HEAVY,1,1043,select_priority_count,0.0,20537.0,20537.0,FROZEN_PRODUCTION_CONTEXT
HEAVY,1,1044,select_priority_count,0.0,20607.0,20607.0,FROZEN_PRODUCTION_CONTEXT
HEAVY,1,1045,select_priority_count,0.0,20567.0,20567.0,FROZEN_PRODUCTION_CONTEXT
HEAVY,1,1046,select_priority_count,0.0,20412.0,20412.0,FROZEN_PRODUCTION_CONTEXT
HEAVY,1,1047,select_priority_count,0.0,20394.0,20394.0,FROZEN_PRODUCTION_CONTEXT
HEAVY,1,1048,select_priority_count,0.0,20540.0,20540.0,FROZEN_PRODUCTION_CONTEXT
HEAVY,1,1049,select_priority_count,0.0,20396.0,20396.0,FROZEN_PRODUCTION_CONTEXT
HEAVY,1,1050,select_priority_count,0.0,20587.0,20587.0,FROZEN_PRODUCTION_CONTEXT
HEAVY,1,1051,select_priority_count,0.0,20531.0,20531.0,FROZEN_PRODUCTION_CONTEXT
HEAVY,1,1052,select_priority_count,0.0,20399.0,20399.0,FROZEN_PRODUCTION_CONTEXT
HEAVY,1,1053,select_priority_count,0.0,20453.0,20453.0,FROZEN_PRODUCTION_CONTEXT
HEAVY,1,1054,select_priority_count,0.0,20559.0,20559.0,FROZEN_PRODUCTION_CONTEXT
HEAVY,1,1055,select_priority_count,0.0,20490.0,20490.0,FROZEN_PRODUCTION_CONTEXT
HEAVY,1,1056,select_priority_count,0.0,20513.0,20513.0,FROZEN_PRODUCTION_CONTEXT
HEAVY,1,1057,select_priority_count,0.0,20232.0,20232.0,FROZEN_PRODUCTION_CONTEXT
HEAVY,1,1058,select_priority_count,0.0,20330.0,20330.0,FROZEN_PRODUCTION_CONTEXT
HEAVY,1,1059,select_priority_count,0.0,20560.0,20560.0,FROZEN_PRODUCTION_CONTEXT
HEAVY,1,1060,select_priority_count,0.0,20508.0,20508.0,FROZEN_PRODUCTION_CONTEXT
HEAVY,1,1061,select_priority_count,0.0,20339.0,20339.0,FROZEN_PRODUCTION_CONTEXT
HEAVY,1,1062,select_priority_count,0.0,20375.0,20375.0,FROZEN_PRODUCTION_CONTEXT
HEAVY,1,1063,select_priority_count,0.0,20389.0,20389.0,FROZEN_PRODUCTION_CONTEXT
HEAVY,1,1064,select_priority_count,0.0,20389.0,20389.0,FROZEN_PRODUCTION_CONTEXT
HEAVY,1,1065,select_priority_count,0.0,20550.0,20550.0,FROZEN_PRODUCTION_CONTEXT
HEAVY,1,1066,select_priority_count,0.0,20235.0,20235.0,FROZEN_PRODUCTION_CONTEXT
HEAVY,1,1067,select_priority_count,0.0,20568.0,20568.0,FROZEN_PRODUCTION_CONTEXT
HEAVY,1,1068,select_priority_count,0.0,20440.0,20440.0,FROZEN_PRODUCTION_CONTEXT
HEAVY,1,1069,select_priority_count,0.0,20560.0,20560.0,FROZEN_PRODUCTION_CONTEXT
HEAVY,1,1070,select_priority_count,0.0,20578.0,20578.0,FROZEN_PRODUCTION_CONTEXT
HEAVY,1,1071,select_priority_count,0.0,20485.0,20485.0,FROZEN_PRODUCTION_CONTEXT
HEAVY,1,1072,select_priority_count,0.0,20411.0,20411.0,FROZEN_PRODUCTION_CONTEXT
HEAVY,1,1073,select_priority_count,0.0,20598.0,20598.0,FROZEN_PRODUCTION_CONTEXT
HEAVY,1,1074,select_priority_count,0.0,20394.0,20394.0,FROZEN_PRODUCTION_CONTEXT
HEAVY,1,1075,select_priority_count,0.0,20502.0,20502.0,FROZEN_PRODUCTION_CONTEXT
HEAVY,1,1076,select_priority_count,0.0,20432.0,20432.0,FROZEN_PRODUCTION_CONTEXT
HEAVY,1,1077,select_priority_count,0.0,20570.0,20570.0,FROZEN_PRODUCTION_CONTEXT
HEAVY,1,1078,select_priority_count,0.0,20552.0,20552.0,FROZEN_PRODUCTION_CONTEXT
HEAVY,1,1079,select_priority_count,0.0,20441.0,20441.0,FROZEN_PRODUCTION_CONTEXT
HEAVY,1,1080,select_priority_count,0.0,20645.0,20645.0,FROZEN_PRODUCTION_CONTEXT
HEAVY,1,1081,select_priority_count,0.0,20523.0,20523.0,FROZEN_PRODUCTION_CONTEXT
HEAVY,1,1082,select_priority_count,0.0,20520.0,20520.0,FROZEN_PRODUCTION_CONTEXT
HEAVY,1,1083,select_priority_count,0.0,20670.0,20670.0,FROZEN_PRODUCTION_CONTEXT
HEAVY,1,1084,select_priority_count,0.0,20339.0,20339.0,FROZEN_PRODUCTION_CONTEXT
HEAVY,1,1085,select_priority_count,0.0,20282.0,20282.0,FROZEN_PRODUCTION_CONTEXT
HEAVY,1,1086,select_priority_count,0.0,20438.0,20438.0,FROZEN_PRODUCTION_CONTEXT
HEAVY,1,1087,select_priority_count,0.0,20563.0,20563.0,FROZEN_PRODUCTION_CONTEXT
HEAVY,1,1088,select_priority_count,0.0,20601.0,20601.0,FROZEN_PRODUCTION_CONTEXT
HEAVY,1,1001,select_fifo_count,215351.0,194697.0,-20654.0,FROZEN_PRODUCTION_CONTEXT
HEAVY,1,1002,select_fifo_count,221218.0,200669.0,-20549.0,FROZEN_PRODUCTION_CONTEXT
HEAVY,1,1003,select_fifo_count,207135.0,186868.0,-20267.0,FROZEN_PRODUCTION_CONTEXT
HEAVY,1,1004,select_fifo_count,215243.0,194871.0,-20372.0,FROZEN_PRODUCTION_CONTEXT
HEAVY,1,1005,select_fifo_count,213637.0,193321.0,-20316.0,FROZEN_PRODUCTION_CONTEXT
HEAVY,1,1006,select_fifo_count,208219.0,187977.0,-20242.0,FROZEN_PRODUCTION_CONTEXT
HEAVY,1,1007,select_fifo_count,217228.0,196684.0,-20544.0,FROZEN_PRODUCTION_CONTEXT
HEAVY,1,1008,select_fifo_count,220582.0,200059.0,-20523.0,FROZEN_PRODUCTION_CONTEXT
HEAVY,1,1009,select_fifo_count,218056.0,197702.0,-20354.0,FROZEN_PRODUCTION_CONTEXT
HEAVY,1,1010,select_fifo_count,206569.0,186499.0,-20070.0,FROZEN_PRODUCTION_CONTEXT
HEAVY,1,1011,select_fifo_count,213812.0,193355.0,-20457.0,FROZEN_PRODUCTION_CONTEXT
HEAVY,1,1012,select_fifo_count,209682.0,189564.0,-20118.0,FROZEN_PRODUCTION_CONTEXT
HEAVY,1,1013,select_fifo_count,214720.0,194377.0,-20343.0,FROZEN_PRODUCTION_CONTEXT
HEAVY,1,1014,select_fifo_count,213451.0,192873.0,-20578.0,FROZEN_PRODUCTION_CONTEXT
HEAVY,1,1015,select_fifo_count,214127.0,193599.0,-20528.0,FROZEN_PRODUCTION_CONTEXT
HEAVY,1,1016,select_fifo_count,215823.0,195409.0,-20414.0,FROZEN_PRODUCTION_CONTEXT
HEAVY,1,1017,select_fifo_count,221372.0,200676.0,-20696.0,FROZEN_PRODUCTION_CONTEXT
HEAVY,1,1018,select_fifo_count,210055.0,189806.0,-20249.0,FROZEN_PRODUCTION_CONTEXT
HEAVY,1,1019,select_fifo_count,214918.0,194626.0,-20292.0,FROZEN_PRODUCTION_CONTEXT
HEAVY,1,1020,select_fifo_count,205737.0,185651.0,-20086.0,FROZEN_PRODUCTION_CONTEXT
HEAVY,1,1021,select_fifo_count,220870.0,200330.0,-20540.0,FROZEN_PRODUCTION_CONTEXT
HEAVY,1,1022,select_fifo_count,209029.0,188722.0,-20307.0,FROZEN_PRODUCTION_CONTEXT
HEAVY,1,1023,select_fifo_count,210742.0,190544.0,-20198.0,FROZEN_PRODUCTION_CONTEXT
HEAVY,1,1024,select_fifo_count,217465.0,196971.0,-20494.0,FROZEN_PRODUCTION_CONTEXT
HEAVY,1,1025,select_fifo_count,213389.0,192970.0,-20419.0,FROZEN_PRODUCTION_CONTEXT
HEAVY,1,1026,select_fifo_count,208770.0,188508.0,-20262.0,FROZEN_PRODUCTION_CONTEXT
HEAVY,1,1027,select_fifo_count,220733.0,200172.0,-20561.0,FROZEN_PRODUCTION_CONTEXT
HEAVY,1,1028,select_fifo_count,214033.0,193746.0,-20287.0,FROZEN_PRODUCTION_CONTEXT
HEAVY,1,1029,select_fifo_count,217007.0,196580.0,-20427.0,FROZEN_PRODUCTION_CONTEXT
HEAVY,1,1030,select_fifo_count,218807.0,198383.0,-20424.0,FROZEN_PRODUCTION_CONTEXT
HEAVY,1,1031,select_fifo_count,222680.0,202007.0,-20673.0,FROZEN_PRODUCTION_CONTEXT
HEAVY,1,1032,select_fifo_count,216383.0,196120.0,-20263.0,FROZEN_PRODUCTION_CONTEXT
HEAVY,1,1033,select_fifo_count,213237.0,192849.0,-20388.0,FROZEN_PRODUCTION_CONTEXT
HEAVY,1,1034,select_fifo_count,217856.0,197244.0,-20612.0,FROZEN_PRODUCTION_CONTEXT
HEAVY,1,1035,select_fifo_count,216540.0,196123.0,-20417.0,FROZEN_PRODUCTION_CONTEXT
HEAVY,1,1036,select_fifo_count,215962.0,195766.0,-20196.0,FROZEN_PRODUCTION_CONTEXT
HEAVY,1,1037,select_fifo_count,222902.0,202188.0,-20714.0,FROZEN_PRODUCTION_CONTEXT
HEAVY,1,1038,select_fifo_count,205289.0,185155.0,-20134.0,FROZEN_PRODUCTION_CONTEXT
HEAVY,1,1039,select_fifo_count,210060.0,189742.0,-20318.0,FROZEN_PRODUCTION_CONTEXT
HEAVY,1,1040,select_fifo_count,220578.0,200126.0,-20452.0,FROZEN_PRODUCTION_CONTEXT
HEAVY,1,1041,select_fifo_count,217187.0,196809.0,-20378.0,FROZEN_PRODUCTION_CONTEXT
HEAVY,1,1042,select_fifo_count,217522.0,197032.0,-20490.0,FROZEN_PRODUCTION_CONTEXT
HEAVY,1,1043,select_fifo_count,217396.0,196904.0,-20492.0,FROZEN_PRODUCTION_CONTEXT
HEAVY,1,1044,select_fifo_count,218958.0,198275.0,-20683.0,FROZEN_PRODUCTION_CONTEXT
HEAVY,1,1045,select_fifo_count,218957.0,198454.0,-20503.0,FROZEN_PRODUCTION_CONTEXT
HEAVY,1,1046,select_fifo_count,210191.0,189778.0,-20413.0,FROZEN_PRODUCTION_CONTEXT
HEAVY,1,1047,select_fifo_count,211530.0,191102.0,-20428.0,FROZEN_PRODUCTION_CONTEXT
HEAVY,1,1048,select_fifo_count,216448.0,196097.0,-20351.0,FROZEN_PRODUCTION_CONTEXT
HEAVY,1,1049,select_fifo_count,213034.0,192721.0,-20313.0,FROZEN_PRODUCTION_CONTEXT
HEAVY,1,1050,select_fifo_count,218559.0,198046.0,-20513.0,FROZEN_PRODUCTION_CONTEXT
HEAVY,1,1051,select_fifo_count,217845.0,197403.0,-20442.0,FROZEN_PRODUCTION_CONTEXT
HEAVY,1,1052,select_fifo_count,212839.0,192641.0,-20198.0,FROZEN_PRODUCTION_CONTEXT
HEAVY,1,1053,select_fifo_count,214879.0,194518.0,-20361.0,FROZEN_PRODUCTION_CONTEXT
HEAVY,1,1054,select_fifo_count,218920.0,198521.0,-20399.0,FROZEN_PRODUCTION_CONTEXT
HEAVY,1,1055,select_fifo_count,215151.0,194694.0,-20457.0,FROZEN_PRODUCTION_CONTEXT
HEAVY,1,1056,select_fifo_count,215042.0,194692.0,-20350.0,FROZEN_PRODUCTION_CONTEXT
HEAVY,1,1057,select_fifo_count,208259.0,188208.0,-20051.0,FROZEN_PRODUCTION_CONTEXT
HEAVY,1,1058,select_fifo_count,209577.0,189439.0,-20138.0,FROZEN_PRODUCTION_CONTEXT
HEAVY,1,1059,select_fifo_count,217845.0,197291.0,-20554.0,FROZEN_PRODUCTION_CONTEXT
HEAVY,1,1060,select_fifo_count,218027.0,197585.0,-20442.0,FROZEN_PRODUCTION_CONTEXT
HEAVY,1,1061,select_fifo_count,207053.0,186856.0,-20197.0,FROZEN_PRODUCTION_CONTEXT
HEAVY,1,1062,select_fifo_count,212623.0,192309.0,-20314.0,FROZEN_PRODUCTION_CONTEXT
HEAVY,1,1063,select_fifo_count,210210.0,189897.0,-20313.0,FROZEN_PRODUCTION_CONTEXT
HEAVY,1,1064,select_fifo_count,211868.0,191462.0,-20406.0,FROZEN_PRODUCTION_CONTEXT
HEAVY,1,1065,select_fifo_count,218768.0,198258.0,-20510.0,FROZEN_PRODUCTION_CONTEXT
HEAVY,1,1066,select_fifo_count,207327.0,187148.0,-20179.0,FROZEN_PRODUCTION_CONTEXT
HEAVY,1,1067,select_fifo_count,215677.0,195252.0,-20425.0,FROZEN_PRODUCTION_CONTEXT
HEAVY,1,1068,select_fifo_count,211455.0,191078.0,-20377.0,FROZEN_PRODUCTION_CONTEXT
HEAVY,1,1069,select_fifo_count,217289.0,196906.0,-20383.0,FROZEN_PRODUCTION_CONTEXT
HEAVY,1,1070,select_fifo_count,219501.0,198888.0,-20613.0,FROZEN_PRODUCTION_CONTEXT
HEAVY,1,1071,select_fifo_count,215406.0,194990.0,-20416.0,FROZEN_PRODUCTION_CONTEXT
HEAVY,1,1072,select_fifo_count,213943.0,193605.0,-20338.0,FROZEN_PRODUCTION_CONTEXT
HEAVY,1,1073,select_fifo_count,217275.0,196661.0,-20614.0,FROZEN_PRODUCTION_CONTEXT
HEAVY,1,1074,select_fifo_count,212713.0,192403.0,-20310.0,FROZEN_PRODUCTION_CONTEXT
HEAVY,1,1075,select_fifo_count,215164.0,194761.0,-20403.0,FROZEN_PRODUCTION_CONTEXT
HEAVY,1,1076,select_fifo_count,211034.0,190569.0,-20465.0,FROZEN_PRODUCTION_CONTEXT
HEAVY,1,1077,select_fifo_count,217923.0,197401.0,-20522.0,FROZEN_PRODUCTION_CONTEXT
HEAVY,1,1078,select_fifo_count,216367.0,195948.0,-20419.0,FROZEN_PRODUCTION_CONTEXT
HEAVY,1,1079,select_fifo_count,214290.0,193899.0,-20391.0,FROZEN_PRODUCTION_CONTEXT
HEAVY,1,1080,select_fifo_count,221436.0,200868.0,-20568.0,FROZEN_PRODUCTION_CONTEXT
HEAVY,1,1081,select_fifo_count,218738.0,198279.0,-20459.0,FROZEN_PRODUCTION_CONTEXT
HEAVY,1,1082,select_fifo_count,214479.0,194016.0,-20463.0,FROZEN_PRODUCTION_CONTEXT
HEAVY,1,1083,select_fifo_count,219889.0,199224.0,-20665.0,FROZEN_PRODUCTION_CONTEXT
HEAVY,1,1084,select_fifo_count,210190.0,189986.0,-20204.0,FROZEN_PRODUCTION_CONTEXT
HEAVY,1,1085,select_fifo_count,208237.0,187996.0,-20241.0,FROZEN_PRODUCTION_CONTEXT
HEAVY,1,1086,select_fifo_count,214128.0,193697.0,-20431.0,FROZEN_PRODUCTION_CONTEXT
HEAVY,1,1087,select_fifo_count,217048.0,196598.0,-20450.0,FROZEN_PRODUCTION_CONTEXT
HEAVY,1,1088,select_fifo_count,219291.0,198738.0,-20553.0,FROZEN_PRODUCTION_CONTEXT
HEAVY,1,1001,continue_partial_count,1068628.0,1069246.0,618.0,FROZEN_PRODUCTION_CONTEXT
HEAVY,1,1002,continue_partial_count,1067249.0,1066997.0,-252.0,FROZEN_PRODUCTION_CONTEXT
HEAVY,1,1003,continue_partial_count,1068975.0,1066512.0,-2463.0,FROZEN_PRODUCTION_CONTEXT
HEAVY,1,1004,continue_partial_count,1020509.0,1022087.0,1578.0,FROZEN_PRODUCTION_CONTEXT
HEAVY,1,1005,continue_partial_count,1017404.0,1016700.0,-704.0,FROZEN_PRODUCTION_CONTEXT
HEAVY,1,1006,continue_partial_count,1082351.0,1080832.0,-1519.0,FROZEN_PRODUCTION_CONTEXT
HEAVY,1,1007,continue_partial_count,977576.0,976966.0,-610.0,FROZEN_PRODUCTION_CONTEXT
HEAVY,1,1008,continue_partial_count,930222.0,930262.0,40.0,FROZEN_PRODUCTION_CONTEXT
HEAVY,1,1009,continue_partial_count,948776.0,951130.0,2354.0,FROZEN_PRODUCTION_CONTEXT
HEAVY,1,1010,continue_partial_count,1060766.0,1061005.0,239.0,FROZEN_PRODUCTION_CONTEXT
HEAVY,1,1011,continue_partial_count,1082913.0,1081191.0,-1722.0,FROZEN_PRODUCTION_CONTEXT
HEAVY,1,1012,continue_partial_count,1101092.0,1100290.0,-802.0,FROZEN_PRODUCTION_CONTEXT
HEAVY,1,1013,continue_partial_count,995056.0,994894.0,-162.0,FROZEN_PRODUCTION_CONTEXT
HEAVY,1,1014,continue_partial_count,1032087.0,1029787.0,-2300.0,FROZEN_PRODUCTION_CONTEXT
HEAVY,1,1015,continue_partial_count,975869.0,976959.0,1090.0,FROZEN_PRODUCTION_CONTEXT
HEAVY,1,1016,continue_partial_count,989762.0,988843.0,-919.0,FROZEN_PRODUCTION_CONTEXT
HEAVY,1,1017,continue_partial_count,984038.0,984307.0,269.0,FROZEN_PRODUCTION_CONTEXT
HEAVY,1,1018,continue_partial_count,1041393.0,1040931.0,-462.0,FROZEN_PRODUCTION_CONTEXT
HEAVY,1,1019,continue_partial_count,1032724.0,1032254.0,-470.0,FROZEN_PRODUCTION_CONTEXT
HEAVY,1,1020,continue_partial_count,1103910.0,1103468.0,-442.0,FROZEN_PRODUCTION_CONTEXT
HEAVY,1,1021,continue_partial_count,984216.0,983493.0,-723.0,FROZEN_PRODUCTION_CONTEXT
HEAVY,1,1022,continue_partial_count,1064602.0,1063738.0,-864.0,FROZEN_PRODUCTION_CONTEXT
HEAVY,1,1023,continue_partial_count,994166.0,995064.0,898.0,FROZEN_PRODUCTION_CONTEXT
HEAVY,1,1024,continue_partial_count,1003221.0,1003285.0,64.0,FROZEN_PRODUCTION_CONTEXT
HEAVY,1,1025,continue_partial_count,1033974.0,1034597.0,623.0,FROZEN_PRODUCTION_CONTEXT
HEAVY,1,1026,continue_partial_count,1064283.0,1065150.0,867.0,FROZEN_PRODUCTION_CONTEXT
HEAVY,1,1027,continue_partial_count,989799.0,990052.0,253.0,FROZEN_PRODUCTION_CONTEXT
HEAVY,1,1028,continue_partial_count,989621.0,989182.0,-439.0,FROZEN_PRODUCTION_CONTEXT
HEAVY,1,1029,continue_partial_count,954112.0,954285.0,173.0,FROZEN_PRODUCTION_CONTEXT
HEAVY,1,1030,continue_partial_count,948787.0,948187.0,-600.0,FROZEN_PRODUCTION_CONTEXT
HEAVY,1,1031,continue_partial_count,968713.0,969517.0,804.0,FROZEN_PRODUCTION_CONTEXT
HEAVY,1,1032,continue_partial_count,1061544.0,1062789.0,1245.0,FROZEN_PRODUCTION_CONTEXT
HEAVY,1,1033,continue_partial_count,1065404.0,1065476.0,72.0,FROZEN_PRODUCTION_CONTEXT
HEAVY,1,1034,continue_partial_count,1017810.0,1017671.0,-139.0,FROZEN_PRODUCTION_CONTEXT
HEAVY,1,1035,continue_partial_count,1034573.0,1034876.0,303.0,FROZEN_PRODUCTION_CONTEXT
HEAVY,1,1036,continue_partial_count,1013517.0,1013856.0,339.0,FROZEN_PRODUCTION_CONTEXT
HEAVY,1,1037,continue_partial_count,993940.0,993247.0,-693.0,FROZEN_PRODUCTION_CONTEXT
HEAVY,1,1038,continue_partial_count,1073614.0,1073952.0,338.0,FROZEN_PRODUCTION_CONTEXT
HEAVY,1,1039,continue_partial_count,1055490.0,1055707.0,217.0,FROZEN_PRODUCTION_CONTEXT
HEAVY,1,1040,continue_partial_count,973824.0,973734.0,-90.0,FROZEN_PRODUCTION_CONTEXT
HEAVY,1,1041,continue_partial_count,1010933.0,1009939.0,-994.0,FROZEN_PRODUCTION_CONTEXT
HEAVY,1,1042,continue_partial_count,958142.0,957373.0,-769.0,FROZEN_PRODUCTION_CONTEXT
HEAVY,1,1043,continue_partial_count,994715.0,992496.0,-2219.0,FROZEN_PRODUCTION_CONTEXT
HEAVY,1,1044,continue_partial_count,1047289.0,1047250.0,-39.0,FROZEN_PRODUCTION_CONTEXT
HEAVY,1,1045,continue_partial_count,935505.0,934356.0,-1149.0,FROZEN_PRODUCTION_CONTEXT
HEAVY,1,1046,continue_partial_count,1106691.0,1107488.0,797.0,FROZEN_PRODUCTION_CONTEXT
HEAVY,1,1047,continue_partial_count,1058451.0,1057978.0,-473.0,FROZEN_PRODUCTION_CONTEXT
HEAVY,1,1048,continue_partial_count,1062341.0,1061457.0,-884.0,FROZEN_PRODUCTION_CONTEXT
HEAVY,1,1049,continue_partial_count,1010728.0,1009786.0,-942.0,FROZEN_PRODUCTION_CONTEXT
HEAVY,1,1050,continue_partial_count,1026095.0,1027222.0,1127.0,FROZEN_PRODUCTION_CONTEXT
HEAVY,1,1051,continue_partial_count,1051664.0,1051077.0,-587.0,FROZEN_PRODUCTION_CONTEXT
HEAVY,1,1052,continue_partial_count,1085200.0,1086447.0,1247.0,FROZEN_PRODUCTION_CONTEXT
HEAVY,1,1053,continue_partial_count,1025570.0,1025274.0,-296.0,FROZEN_PRODUCTION_CONTEXT
HEAVY,1,1054,continue_partial_count,1010084.0,1009965.0,-119.0,FROZEN_PRODUCTION_CONTEXT
HEAVY,1,1055,continue_partial_count,1100067.0,1098587.0,-1480.0,FROZEN_PRODUCTION_CONTEXT
HEAVY,1,1056,continue_partial_count,973642.0,973072.0,-570.0,FROZEN_PRODUCTION_CONTEXT
HEAVY,1,1057,continue_partial_count,1036079.0,1036453.0,374.0,FROZEN_PRODUCTION_CONTEXT
HEAVY,1,1058,continue_partial_count,1058919.0,1058510.0,-409.0,FROZEN_PRODUCTION_CONTEXT
HEAVY,1,1059,continue_partial_count,1019716.0,1020366.0,650.0,FROZEN_PRODUCTION_CONTEXT
HEAVY,1,1060,continue_partial_count,933745.0,935064.0,1319.0,FROZEN_PRODUCTION_CONTEXT
HEAVY,1,1061,continue_partial_count,1105955.0,1104646.0,-1309.0,FROZEN_PRODUCTION_CONTEXT
HEAVY,1,1062,continue_partial_count,1069951.0,1068752.0,-1199.0,FROZEN_PRODUCTION_CONTEXT
HEAVY,1,1063,continue_partial_count,1069850.0,1069250.0,-600.0,FROZEN_PRODUCTION_CONTEXT
HEAVY,1,1064,continue_partial_count,1010764.0,1010658.0,-106.0,FROZEN_PRODUCTION_CONTEXT
HEAVY,1,1065,continue_partial_count,1042683.0,1042631.0,-52.0,FROZEN_PRODUCTION_CONTEXT
HEAVY,1,1066,continue_partial_count,1089175.0,1088577.0,-598.0,FROZEN_PRODUCTION_CONTEXT
HEAVY,1,1067,continue_partial_count,1100366.0,1100794.0,428.0,FROZEN_PRODUCTION_CONTEXT
HEAVY,1,1068,continue_partial_count,1074695.0,1075027.0,332.0,FROZEN_PRODUCTION_CONTEXT
HEAVY,1,1069,continue_partial_count,987853.0,987295.0,-558.0,FROZEN_PRODUCTION_CONTEXT
HEAVY,1,1070,continue_partial_count,1030351.0,1029692.0,-659.0,FROZEN_PRODUCTION_CONTEXT
HEAVY,1,1071,continue_partial_count,1055335.0,1057082.0,1747.0,FROZEN_PRODUCTION_CONTEXT
HEAVY,1,1072,continue_partial_count,1011611.0,1011531.0,-80.0,FROZEN_PRODUCTION_CONTEXT
HEAVY,1,1073,continue_partial_count,1038380.0,1037503.0,-877.0,FROZEN_PRODUCTION_CONTEXT
HEAVY,1,1074,continue_partial_count,1019828.0,1017417.0,-2411.0,FROZEN_PRODUCTION_CONTEXT
HEAVY,1,1075,continue_partial_count,1034402.0,1035519.0,1117.0,FROZEN_PRODUCTION_CONTEXT
HEAVY,1,1076,continue_partial_count,1083566.0,1083202.0,-364.0,FROZEN_PRODUCTION_CONTEXT
HEAVY,1,1077,continue_partial_count,1089046.0,1091400.0,2354.0,FROZEN_PRODUCTION_CONTEXT
HEAVY,1,1078,continue_partial_count,1036067.0,1037321.0,1254.0,FROZEN_PRODUCTION_CONTEXT
HEAVY,1,1079,continue_partial_count,1026847.0,1027126.0,279.0,FROZEN_PRODUCTION_CONTEXT
HEAVY,1,1080,continue_partial_count,1041445.0,1039806.0,-1639.0,FROZEN_PRODUCTION_CONTEXT
HEAVY,1,1081,continue_partial_count,960582.0,961161.0,579.0,FROZEN_PRODUCTION_CONTEXT
HEAVY,1,1082,continue_partial_count,1051497.0,1052354.0,857.0,FROZEN_PRODUCTION_CONTEXT
HEAVY,1,1083,continue_partial_count,1035656.0,1034759.0,-897.0,FROZEN_PRODUCTION_CONTEXT
HEAVY,1,1084,continue_partial_count,1092082.0,1092229.0,147.0,FROZEN_PRODUCTION_CONTEXT
HEAVY,1,1085,continue_partial_count,1051850.0,1052738.0,888.0,FROZEN_PRODUCTION_CONTEXT
HEAVY,1,1086,continue_partial_count,1022625.0,1020683.0,-1942.0,FROZEN_PRODUCTION_CONTEXT
HEAVY,1,1087,continue_partial_count,1005986.0,1007252.0,1266.0,FROZEN_PRODUCTION_CONTEXT
HEAVY,1,1088,continue_partial_count,1035343.0,1034852.0,-491.0,FROZEN_PRODUCTION_CONTEXT
HEAVY,1,1001,bg_pdr,0.909159,0.907706,-0.0014530000000000376,FROZEN_PRODUCTION_CONTEXT
HEAVY,1,1002,bg_pdr,0.937181,0.936844,-0.0003370000000000317,FROZEN_PRODUCTION_CONTEXT
HEAVY,1,1003,bg_pdr,0.868016,0.868174,0.00015799999999999148,FROZEN_PRODUCTION_CONTEXT
HEAVY,1,1004,bg_pdr,0.906242,0.905094,-0.0011480000000000379,FROZEN_PRODUCTION_CONTEXT
HEAVY,1,1005,bg_pdr,0.903472,0.903341,-0.00013100000000010326,FROZEN_PRODUCTION_CONTEXT
HEAVY,1,1006,bg_pdr,0.871837,0.871352,-0.0004849999999999577,FROZEN_PRODUCTION_CONTEXT
HEAVY,1,1007,bg_pdr,0.925127,0.924871,-0.000256000000000034,FROZEN_PRODUCTION_CONTEXT
HEAVY,1,1008,bg_pdr,0.939842,0.939995,0.00015300000000006975,FROZEN_PRODUCTION_CONTEXT
HEAVY,1,1009,bg_pdr,0.930781,0.930672,-0.00010899999999991472,FROZEN_PRODUCTION_CONTEXT
HEAVY,1,1010,bg_pdr,0.867287,0.866906,-0.0003810000000000757,FROZEN_PRODUCTION_CONTEXT
HEAVY,1,1011,bg_pdr,0.906727,0.906449,-0.00027800000000000047,FROZEN_PRODUCTION_CONTEXT
HEAVY,1,1012,bg_pdr,0.880076,0.881039,0.0009630000000000472,FROZEN_PRODUCTION_CONTEXT
HEAVY,1,1013,bg_pdr,0.910014,0.909899,-0.00011499999999997623,FROZEN_PRODUCTION_CONTEXT
HEAVY,1,1014,bg_pdr,0.903178,0.901693,-0.0014850000000000696,FROZEN_PRODUCTION_CONTEXT
HEAVY,1,1015,bg_pdr,0.906759,0.905633,-0.0011259999999999604,FROZEN_PRODUCTION_CONTEXT
HEAVY,1,1016,bg_pdr,0.915189,0.91514,-4.900000000007676e-05,FROZEN_PRODUCTION_CONTEXT
HEAVY,1,1017,bg_pdr,0.944566,0.944321,-0.00024500000000005073,FROZEN_PRODUCTION_CONTEXT
HEAVY,1,1018,bg_pdr,0.882416,0.881361,-0.0010550000000000281,FROZEN_PRODUCTION_CONTEXT
HEAVY,1,1019,bg_pdr,0.909437,0.909165,-0.00027200000000005,FROZEN_PRODUCTION_CONTEXT
HEAVY,1,1020,bg_pdr,0.867238,0.867532,0.00029400000000001647,FROZEN_PRODUCTION_CONTEXT
HEAVY,1,1021,bg_pdr,0.938792,0.938171,-0.0006209999999999827,FROZEN_PRODUCTION_CONTEXT
HEAVY,1,1022,bg_pdr,0.880577,0.879499,-0.0010780000000000234,FROZEN_PRODUCTION_CONTEXT
HEAVY,1,1023,bg_pdr,0.892131,0.891592,-0.0005389999999999562,FROZEN_PRODUCTION_CONTEXT
HEAVY,1,1024,bg_pdr,0.92461,0.92492,0.00030999999999992145,FROZEN_PRODUCTION_CONTEXT
HEAVY,1,1025,bg_pdr,0.904201,0.903777,-0.00042399999999997995,FROZEN_PRODUCTION_CONTEXT
HEAVY,1,1026,bg_pdr,0.875227,0.874133,-0.0010939999999999284,FROZEN_PRODUCTION_CONTEXT
HEAVY,1,1027,bg_pdr,0.938411,0.937747,-0.0006639999999999979,FROZEN_PRODUCTION_CONTEXT
HEAVY,1,1028,bg_pdr,0.906558,0.905731,-0.0008270000000000222,FROZEN_PRODUCTION_CONTEXT
HEAVY,1,1029,bg_pdr,0.921562,0.92154,-2.199999999996649e-05,FROZEN_PRODUCTION_CONTEXT
HEAVY,1,1030,bg_pdr,0.930514,0.93089,0.00037600000000004297,FROZEN_PRODUCTION_CONTEXT
HEAVY,1,1031,bg_pdr,0.948468,0.948294,-0.00017400000000000748,FROZEN_PRODUCTION_CONTEXT
HEAVY,1,1032,bg_pdr,0.915189,0.915929,0.0007399999999999629,FROZEN_PRODUCTION_CONTEXT
HEAVY,1,1033,bg_pdr,0.892936,0.892691,-0.0002449999999999397,FROZEN_PRODUCTION_CONTEXT
HEAVY,1,1034,bg_pdr,0.92498,0.923739,-0.0012410000000000476,FROZEN_PRODUCTION_CONTEXT
HEAVY,1,1035,bg_pdr,0.916158,0.915706,-0.00045200000000000795,FROZEN_PRODUCTION_CONTEXT
HEAVY,1,1036,bg_pdr,0.916424,0.917224,0.0008000000000000229,FROZEN_PRODUCTION_CONTEXT
HEAVY,1,1037,bg_pdr,0.949992,0.949399,-0.0005929999999999547,FROZEN_PRODUCTION_CONTEXT
HEAVY,1,1038,bg_pdr,0.866112,0.865812,-0.00029999999999996696,FROZEN_PRODUCTION_CONTEXT
HEAVY,1,1039,bg_pdr,0.887189,0.885464,-0.0017249999999999766,FROZEN_PRODUCTION_CONTEXT
HEAVY,1,1040,bg_pdr,0.943031,0.942585,-0.00044599999999994644,FROZEN_PRODUCTION_CONTEXT
HEAVY,1,1041,bg_pdr,0.920147,0.921045,0.0008979999999999544,FROZEN_PRODUCTION_CONTEXT
HEAVY,1,1042,bg_pdr,0.920239,0.920201,-3.799999999998249e-05,FROZEN_PRODUCTION_CONTEXT
HEAVY,1,1043,bg_pdr,0.920822,0.920697,-0.00012500000000004174,FROZEN_PRODUCTION_CONTEXT
HEAVY,1,1044,bg_pdr,0.929197,0.927967,-0.0012300000000000644,FROZEN_PRODUCTION_CONTEXT
HEAVY,1,1045,bg_pdr,0.933088,0.932419,-0.0006690000000000307,FROZEN_PRODUCTION_CONTEXT
HEAVY,1,1046,bg_pdr,0.885165,0.883472,-0.0016929999999999445,FROZEN_PRODUCTION_CONTEXT
HEAVY,1,1047,bg_pdr,0.886906,0.885513,-0.0013929999999999776,FROZEN_PRODUCTION_CONTEXT
HEAVY,1,1048,bg_pdr,0.912876,0.912871,-5.000000000032756e-06,FROZEN_PRODUCTION_CONTEXT
HEAVY,1,1049,bg_pdr,0.900969,0.901393,0.00042399999999997995,FROZEN_PRODUCTION_CONTEXT
HEAVY,1,1050,bg_pdr,0.92763,0.926454,-0.0011759999999999549,FROZEN_PRODUCTION_CONTEXT
HEAVY,1,1051,bg_pdr,0.924746,0.924158,-0.0005879999999999219,FROZEN_PRODUCTION_CONTEXT
HEAVY,1,1052,bg_pdr,0.895505,0.89643,0.0009249999999999536,FROZEN_PRODUCTION_CONTEXT
HEAVY,1,1053,bg_pdr,0.907521,0.907548,2.6999999999999247e-05,FROZEN_PRODUCTION_CONTEXT
HEAVY,1,1054,bg_pdr,0.923995,0.924294,0.0002989999999999382,FROZEN_PRODUCTION_CONTEXT
HEAVY,1,1055,bg_pdr,0.905801,0.906035,0.0002340000000000675,FROZEN_PRODUCTION_CONTEXT
HEAVY,1,1056,bg_pdr,0.913551,0.913208,-0.0003429999999999822,FROZEN_PRODUCTION_CONTEXT
HEAVY,1,1057,bg_pdr,0.87748,0.878155,0.0006749999999999812,FROZEN_PRODUCTION_CONTEXT
HEAVY,1,1058,bg_pdr,0.875728,0.875793,6.500000000009276e-05,FROZEN_PRODUCTION_CONTEXT
HEAVY,1,1059,bg_pdr,0.921535,0.920299,-0.0012360000000000149,FROZEN_PRODUCTION_CONTEXT
HEAVY,1,1060,bg_pdr,0.926444,0.926193,-0.0002510000000000012,FROZEN_PRODUCTION_CONTEXT
HEAVY,1,1061,bg_pdr,0.864087,0.863505,-0.0005820000000000825,FROZEN_PRODUCTION_CONTEXT
HEAVY,1,1062,bg_pdr,0.893741,0.893137,-0.0006040000000000489,FROZEN_PRODUCTION_CONTEXT
HEAVY,1,1063,bg_pdr,0.886841,0.886629,-0.00021199999999998997,FROZEN_PRODUCTION_CONTEXT
HEAVY,1,1064,bg_pdr,0.896544,0.895401,-0.0011430000000000051,FROZEN_PRODUCTION_CONTEXT
HEAVY,1,1065,bg_pdr,0.920729,0.920718,-1.0999999999983245e-05,FROZEN_PRODUCTION_CONTEXT
HEAVY,1,1066,bg_pdr,0.872408,0.871668,-0.0007399999999999629,FROZEN_PRODUCTION_CONTEXT
HEAVY,1,1067,bg_pdr,0.91108,0.911233,0.00015299999999995872,FROZEN_PRODUCTION_CONTEXT
HEAVY,1,1068,bg_pdr,0.88966,0.889404,-0.000256000000000034,FROZEN_PRODUCTION_CONTEXT
HEAVY,1,1069,bg_pdr,0.926629,0.926552,-7.699999999999374e-05,FROZEN_PRODUCTION_CONTEXT
HEAVY,1,1070,bg_pdr,0.927461,0.926601,-0.0008599999999999719,FROZEN_PRODUCTION_CONTEXT
HEAVY,1,1071,bg_pdr,0.909965,0.909328,-0.0006369999999999987,FROZEN_PRODUCTION_CONTEXT
HEAVY,1,1072,bg_pdr,0.905241,0.904604,-0.0006369999999999987,FROZEN_PRODUCTION_CONTEXT
HEAVY,1,1073,bg_pdr,0.922629,0.922106,-0.0005230000000000512,FROZEN_PRODUCTION_CONTEXT
HEAVY,1,1074,bg_pdr,0.902531,0.902024,-0.0005069999999999242,FROZEN_PRODUCTION_CONTEXT
HEAVY,1,1075,bg_pdr,0.909633,0.909796,0.00016300000000002424,FROZEN_PRODUCTION_CONTEXT
HEAVY,1,1076,bg_pdr,0.889883,0.889448,-0.0004349999999999632,FROZEN_PRODUCTION_CONTEXT
HEAVY,1,1077,bg_pdr,0.920397,0.921083,0.0006859999999999644,FROZEN_PRODUCTION_CONTEXT
HEAVY,1,1078,bg_pdr,0.913649,0.913344,-0.0003049999999999997,FROZEN_PRODUCTION_CONTEXT
HEAVY,1,1079,bg_pdr,0.906634,0.906269,-0.0003650000000000597,FROZEN_PRODUCTION_CONTEXT
HEAVY,1,1080,bg_pdr,0.943837,0.944022,0.00018499999999999073,FROZEN_PRODUCTION_CONTEXT
HEAVY,1,1081,bg_pdr,0.928691,0.928795,0.00010399999999999299,FROZEN_PRODUCTION_CONTEXT
HEAVY,1,1082,bg_pdr,0.901034,0.900517,-0.0005169999999999897,FROZEN_PRODUCTION_CONTEXT
HEAVY,1,1083,bg_pdr,0.932022,0.93157,-0.00045200000000000795,FROZEN_PRODUCTION_CONTEXT
HEAVY,1,1084,bg_pdr,0.883652,0.883276,-0.00037600000000004297,FROZEN_PRODUCTION_CONTEXT
HEAVY,1,1085,bg_pdr,0.871614,0.870531,-0.0010829999999999451,FROZEN_PRODUCTION_CONTEXT
HEAVY,1,1086,bg_pdr,0.90591,0.905056,-0.0008540000000000214,FROZEN_PRODUCTION_CONTEXT
HEAVY,1,1087,bg_pdr,0.922721,0.922721,0.0,FROZEN_PRODUCTION_CONTEXT
HEAVY,1,1088,bg_pdr,0.928816,0.928604,-0.00021199999999998997,FROZEN_PRODUCTION_CONTEXT
HEAVY,1,1001,bg_mean_delay_ms,157.135,166.184,9.049000000000007,FROZEN_PRODUCTION_CONTEXT
HEAVY,1,1002,bg_mean_delay_ms,103.103,107.698,4.594999999999999,FROZEN_PRODUCTION_CONTEXT
HEAVY,1,1003,bg_mean_delay_ms,193.501,204.903,11.401999999999987,FROZEN_PRODUCTION_CONTEXT
HEAVY,1,1004,bg_mean_delay_ms,117.804,123.444,5.640000000000001,FROZEN_PRODUCTION_CONTEXT
HEAVY,1,1005,bg_mean_delay_ms,138.896,145.613,6.717000000000013,FROZEN_PRODUCTION_CONTEXT
HEAVY,1,1006,bg_mean_delay_ms,174.316,185.448,11.132000000000005,FROZEN_PRODUCTION_CONTEXT
HEAVY,1,1007,bg_mean_delay_ms,116.406,121.65,5.244,FROZEN_PRODUCTION_CONTEXT
HEAVY,1,1008,bg_mean_delay_ms,97.0356,99.7491,2.7134999999999962,FROZEN_PRODUCTION_CONTEXT
HEAVY,1,1009,bg_mean_delay_ms,105.512,109.473,3.9609999999999985,FROZEN_PRODUCTION_CONTEXT
HEAVY,1,1010,bg_mean_delay_ms,188.736,201.017,12.281000000000006,FROZEN_PRODUCTION_CONTEXT
HEAVY,1,1011,bg_mean_delay_ms,158.9,167.657,8.757000000000005,FROZEN_PRODUCTION_CONTEXT
HEAVY,1,1012,bg_mean_delay_ms,179.657,189.001,9.343999999999994,FROZEN_PRODUCTION_CONTEXT
HEAVY,1,1013,bg_mean_delay_ms,122.239,127.24,5.000999999999991,FROZEN_PRODUCTION_CONTEXT
HEAVY,1,1014,bg_mean_delay_ms,150.797,159.789,8.99199999999999,FROZEN_PRODUCTION_CONTEXT
HEAVY,1,1015,bg_mean_delay_ms,141.93,149.889,7.959000000000003,FROZEN_PRODUCTION_CONTEXT
HEAVY,1,1016,bg_mean_delay_ms,123.447,128.924,5.477000000000004,FROZEN_PRODUCTION_CONTEXT
HEAVY,1,1017,bg_mean_delay_ms,103.423,107.668,4.2450000000000045,FROZEN_PRODUCTION_CONTEXT
HEAVY,1,1018,bg_mean_delay_ms,148.36,156.756,8.395999999999987,FROZEN_PRODUCTION_CONTEXT
HEAVY,1,1019,bg_mean_delay_ms,145.896,151.182,5.286000000000001,FROZEN_PRODUCTION_CONTEXT
HEAVY,1,1020,bg_mean_delay_ms,213.838,225.336,11.498000000000019,FROZEN_PRODUCTION_CONTEXT
HEAVY,1,1021,bg_mean_delay_ms,112.969,115.937,2.9680000000000035,FROZEN_PRODUCTION_CONTEXT
HEAVY,1,1022,bg_mean_delay_ms,163.013,171.047,8.033999999999992,FROZEN_PRODUCTION_CONTEXT
HEAVY,1,1023,bg_mean_delay_ms,136.156,144.728,8.572000000000003,FROZEN_PRODUCTION_CONTEXT
HEAVY,1,1024,bg_mean_delay_ms,114.792,122.274,7.481999999999999,FROZEN_PRODUCTION_CONTEXT
HEAVY,1,1025,bg_mean_delay_ms,129.2,137.344,8.144000000000005,FROZEN_PRODUCTION_CONTEXT
HEAVY,1,1026,bg_mean_delay_ms,173.595,183.899,10.304000000000002,FROZEN_PRODUCTION_CONTEXT
HEAVY,1,1027,bg_mean_delay_ms,103.682,107.504,3.8220000000000027,FROZEN_PRODUCTION_CONTEXT
HEAVY,1,1028,bg_mean_delay_ms,115.876,120.592,4.715999999999994,FROZEN_PRODUCTION_CONTEXT
HEAVY,1,1029,bg_mean_delay_ms,123.387,129.835,6.4480000000000075,FROZEN_PRODUCTION_CONTEXT
HEAVY,1,1030,bg_mean_delay_ms,91.6777,94.6792,3.001499999999993,FROZEN_PRODUCTION_CONTEXT
HEAVY,1,1031,bg_mean_delay_ms,88.6828,91.6565,2.973699999999994,FROZEN_PRODUCTION_CONTEXT
HEAVY,1,1032,bg_mean_delay_ms,136.054,141.963,5.908999999999992,FROZEN_PRODUCTION_CONTEXT
HEAVY,1,1033,bg_mean_delay_ms,138.556,146.555,7.998999999999995,FROZEN_PRODUCTION_CONTEXT
HEAVY,1,1034,bg_mean_delay_ms,117.669,122.255,4.5859999999999985,FROZEN_PRODUCTION_CONTEXT
HEAVY,1,1035,bg_mean_delay_ms,125.106,130.324,5.218000000000018,FROZEN_PRODUCTION_CONTEXT
HEAVY,1,1036,bg_mean_delay_ms,121.73,127.265,5.534999999999997,FROZEN_PRODUCTION_CONTEXT
HEAVY,1,1037,bg_mean_delay_ms,81.6259,84.6688,3.042900000000003,FROZEN_PRODUCTION_CONTEXT
HEAVY,1,1038,bg_mean_delay_ms,196.542,208.138,11.596000000000004,FROZEN_PRODUCTION_CONTEXT
HEAVY,1,1039,bg_mean_delay_ms,163.463,173.23,9.766999999999996,FROZEN_PRODUCTION_CONTEXT
HEAVY,1,1040,bg_mean_delay_ms,97.1342,98.3732,1.23899999999999,FROZEN_PRODUCTION_CONTEXT
HEAVY,1,1041,bg_mean_delay_ms,111.754,113.9,2.146000000000001,FROZEN_PRODUCTION_CONTEXT
HEAVY,1,1042,bg_mean_delay_ms,104.56,110.253,5.692999999999998,FROZEN_PRODUCTION_CONTEXT
HEAVY,1,1043,bg_mean_delay_ms,123.487,127.78,4.293000000000006,FROZEN_PRODUCTION_CONTEXT
HEAVY,1,1044,bg_mean_delay_ms,113.54,117.966,4.425999999999988,FROZEN_PRODUCTION_CONTEXT
HEAVY,1,1045,bg_mean_delay_ms,94.7534,98.2546,3.501199999999997,FROZEN_PRODUCTION_CONTEXT
HEAVY,1,1046,bg_mean_delay_ms,184.305,194.631,10.325999999999993,FROZEN_PRODUCTION_CONTEXT
HEAVY,1,1047,bg_mean_delay_ms,172.475,184.547,12.072000000000003,FROZEN_PRODUCTION_CONTEXT
HEAVY,1,1048,bg_mean_delay_ms,146.847,153.621,6.774000000000001,FROZEN_PRODUCTION_CONTEXT
HEAVY,1,1049,bg_mean_delay_ms,140.875,147.211,6.336000000000013,FROZEN_PRODUCTION_CONTEXT
HEAVY,1,1050,bg_mean_delay_ms,126.415,132.445,6.029999999999987,FROZEN_PRODUCTION_CONTEXT
HEAVY,1,1051,bg_mean_delay_ms,112.597,117.873,5.2760000000000105,FROZEN_PRODUCTION_CONTEXT
HEAVY,1,1052,bg_mean_delay_ms,161.6,169.157,7.557000000000016,FROZEN_PRODUCTION_CONTEXT
HEAVY,1,1053,bg_mean_delay_ms,121.527,127.54,6.013000000000005,FROZEN_PRODUCTION_CONTEXT
HEAVY,1,1054,bg_mean_delay_ms,110.942,114.357,3.4150000000000063,FROZEN_PRODUCTION_CONTEXT
HEAVY,1,1055,bg_mean_delay_ms,146.573,152.103,5.530000000000001,FROZEN_PRODUCTION_CONTEXT
HEAVY,1,1056,bg_mean_delay_ms,131.887,137.99,6.103000000000009,FROZEN_PRODUCTION_CONTEXT
HEAVY,1,1057,bg_mean_delay_ms,184.549,193.373,8.823999999999984,FROZEN_PRODUCTION_CONTEXT
HEAVY,1,1058,bg_mean_delay_ms,157.343,165.517,8.174000000000007,FROZEN_PRODUCTION_CONTEXT
HEAVY,1,1059,bg_mean_delay_ms,124.258,130.814,6.555999999999997,FROZEN_PRODUCTION_CONTEXT
HEAVY,1,1060,bg_mean_delay_ms,101.894,106.277,4.382999999999996,FROZEN_PRODUCTION_CONTEXT
HEAVY,1,1061,bg_mean_delay_ms,199.806,210.861,11.054999999999978,FROZEN_PRODUCTION_CONTEXT
HEAVY,1,1062,bg_mean_delay_ms,124.401,129.457,5.055999999999997,FROZEN_PRODUCTION_CONTEXT
HEAVY,1,1063,bg_mean_delay_ms,175.071,184.196,9.125,FROZEN_PRODUCTION_CONTEXT
HEAVY,1,1064,bg_mean_delay_ms,136.915,145.853,8.938000000000017,FROZEN_PRODUCTION_CONTEXT
HEAVY,1,1065,bg_mean_delay_ms,111.246,115.431,4.185000000000002,FROZEN_PRODUCTION_CONTEXT
HEAVY,1,1066,bg_mean_delay_ms,171.168,179.92,8.751999999999981,FROZEN_PRODUCTION_CONTEXT
HEAVY,1,1067,bg_mean_delay_ms,161.656,167.668,6.0120000000000005,FROZEN_PRODUCTION_CONTEXT
HEAVY,1,1068,bg_mean_delay_ms,174.255,183.369,9.114000000000004,FROZEN_PRODUCTION_CONTEXT
HEAVY,1,1069,bg_mean_delay_ms,100.03,101.95,1.9200000000000017,FROZEN_PRODUCTION_CONTEXT
HEAVY,1,1070,bg_mean_delay_ms,112.228,117.966,5.7379999999999995,FROZEN_PRODUCTION_CONTEXT
HEAVY,1,1071,bg_mean_delay_ms,138.536,144.924,6.388000000000005,FROZEN_PRODUCTION_CONTEXT
HEAVY,1,1072,bg_mean_delay_ms,118.287,124.677,6.390000000000001,FROZEN_PRODUCTION_CONTEXT
HEAVY,1,1073,bg_mean_delay_ms,135.666,140.317,4.6510000000000105,FROZEN_PRODUCTION_CONTEXT
HEAVY,1,1074,bg_mean_delay_ms,141.362,150.221,8.859000000000009,FROZEN_PRODUCTION_CONTEXT
HEAVY,1,1075,bg_mean_delay_ms,140.264,147.559,7.2949999999999875,FROZEN_PRODUCTION_CONTEXT
HEAVY,1,1076,bg_mean_delay_ms,186.716,197.002,10.286000000000001,FROZEN_PRODUCTION_CONTEXT
HEAVY,1,1077,bg_mean_delay_ms,119.83,125.907,6.076999999999998,FROZEN_PRODUCTION_CONTEXT
HEAVY,1,1078,bg_mean_delay_ms,135.832,143.903,8.070999999999998,FROZEN_PRODUCTION_CONTEXT
HEAVY,1,1079,bg_mean_delay_ms,127.297,133.734,6.437000000000012,FROZEN_PRODUCTION_CONTEXT
HEAVY,1,1080,bg_mean_delay_ms,94.146,96.9524,2.8063999999999965,FROZEN_PRODUCTION_CONTEXT
HEAVY,1,1081,bg_mean_delay_ms,102.6,105.433,2.8330000000000126,FROZEN_PRODUCTION_CONTEXT
HEAVY,1,1082,bg_mean_delay_ms,163.51,169.621,6.111000000000018,FROZEN_PRODUCTION_CONTEXT
HEAVY,1,1083,bg_mean_delay_ms,116.066,122.031,5.965000000000003,FROZEN_PRODUCTION_CONTEXT
HEAVY,1,1084,bg_mean_delay_ms,172.508,181.188,8.679999999999978,FROZEN_PRODUCTION_CONTEXT
HEAVY,1,1085,bg_mean_delay_ms,182.917,194.422,11.504999999999995,FROZEN_PRODUCTION_CONTEXT
HEAVY,1,1086,bg_mean_delay_ms,131.336,136.54,5.203999999999979,FROZEN_PRODUCTION_CONTEXT
HEAVY,1,1087,bg_mean_delay_ms,139.26,143.796,4.536000000000001,FROZEN_PRODUCTION_CONTEXT
HEAVY,1,1088,bg_mean_delay_ms,120.614,125.953,5.338999999999999,FROZEN_PRODUCTION_CONTEXT
HEAVY,1,1001,bg_p95_delay_ms,834.0,892.0,58.0,FROZEN_PRODUCTION_CONTEXT
HEAVY,1,1002,bg_p95_delay_ms,527.0,557.0,30.0,FROZEN_PRODUCTION_CONTEXT
HEAVY,1,1003,bg_p95_delay_ms,915.0,990.0,75.0,FROZEN_PRODUCTION_CONTEXT
HEAVY,1,1004,bg_p95_delay_ms,651.0,671.0,20.0,FROZEN_PRODUCTION_CONTEXT
HEAVY,1,1005,bg_p95_delay_ms,779.0,817.0,38.0,FROZEN_PRODUCTION_CONTEXT
HEAVY,1,1006,bg_p95_delay_ms,908.0,963.0,55.0,FROZEN_PRODUCTION_CONTEXT
HEAVY,1,1007,bg_p95_delay_ms,694.0,717.0,23.0,FROZEN_PRODUCTION_CONTEXT
HEAVY,1,1008,bg_p95_delay_ms,517.0,512.0,-5.0,FROZEN_PRODUCTION_CONTEXT
HEAVY,1,1009,bg_p95_delay_ms,587.0,615.0,28.0,FROZEN_PRODUCTION_CONTEXT
HEAVY,1,1010,bg_p95_delay_ms,934.0,997.0,63.0,FROZEN_PRODUCTION_CONTEXT
HEAVY,1,1011,bg_p95_delay_ms,837.0,875.0,38.0,FROZEN_PRODUCTION_CONTEXT
HEAVY,1,1012,bg_p95_delay_ms,934.0,984.0,50.0,FROZEN_PRODUCTION_CONTEXT
HEAVY,1,1013,bg_p95_delay_ms,698.0,738.0,40.0,FROZEN_PRODUCTION_CONTEXT
HEAVY,1,1014,bg_p95_delay_ms,791.0,834.0,43.0,FROZEN_PRODUCTION_CONTEXT
HEAVY,1,1015,bg_p95_delay_ms,818.0,863.0,45.0,FROZEN_PRODUCTION_CONTEXT
HEAVY,1,1016,bg_p95_delay_ms,729.0,769.0,40.0,FROZEN_PRODUCTION_CONTEXT
HEAVY,1,1017,bg_p95_delay_ms,618.0,654.0,36.0,FROZEN_PRODUCTION_CONTEXT
HEAVY,1,1018,bg_p95_delay_ms,804.0,839.0,35.0,FROZEN_PRODUCTION_CONTEXT
HEAVY,1,1019,bg_p95_delay_ms,798.0,834.0,36.0,FROZEN_PRODUCTION_CONTEXT
HEAVY,1,1020,bg_p95_delay_ms,928.0,983.0,55.0,FROZEN_PRODUCTION_CONTEXT
HEAVY,1,1021,bg_p95_delay_ms,652.0,678.0,26.0,FROZEN_PRODUCTION_CONTEXT
HEAVY,1,1022,bg_p95_delay_ms,867.0,913.0,46.0,FROZEN_PRODUCTION_CONTEXT
HEAVY,1,1023,bg_p95_delay_ms,677.0,708.0,31.0,FROZEN_PRODUCTION_CONTEXT
HEAVY,1,1024,bg_p95_delay_ms,658.0,694.0,36.0,FROZEN_PRODUCTION_CONTEXT
HEAVY,1,1025,bg_p95_delay_ms,744.0,791.0,47.0,FROZEN_PRODUCTION_CONTEXT
HEAVY,1,1026,bg_p95_delay_ms,905.0,961.0,56.0,FROZEN_PRODUCTION_CONTEXT
HEAVY,1,1027,bg_p95_delay_ms,609.0,633.0,24.0,FROZEN_PRODUCTION_CONTEXT
HEAVY,1,1028,bg_p95_delay_ms,632.0,652.0,20.0,FROZEN_PRODUCTION_CONTEXT
HEAVY,1,1029,bg_p95_delay_ms,729.0,769.0,40.0,FROZEN_PRODUCTION_CONTEXT
HEAVY,1,1030,bg_p95_delay_ms,368.0,360.0,-8.0,FROZEN_PRODUCTION_CONTEXT
HEAVY,1,1031,bg_p95_delay_ms,430.0,450.0,20.0,FROZEN_PRODUCTION_CONTEXT
HEAVY,1,1032,bg_p95_delay_ms,725.0,754.0,29.0,FROZEN_PRODUCTION_CONTEXT
HEAVY,1,1033,bg_p95_delay_ms,702.0,740.0,38.0,FROZEN_PRODUCTION_CONTEXT
HEAVY,1,1034,bg_p95_delay_ms,678.0,712.0,34.0,FROZEN_PRODUCTION_CONTEXT
HEAVY,1,1035,bg_p95_delay_ms,731.0,760.0,29.0,FROZEN_PRODUCTION_CONTEXT
HEAVY,1,1036,bg_p95_delay_ms,693.0,727.0,34.0,FROZEN_PRODUCTION_CONTEXT
HEAVY,1,1037,bg_p95_delay_ms,318.0,343.0,25.0,FROZEN_PRODUCTION_CONTEXT
HEAVY,1,1038,bg_p95_delay_ms,945.0,1003.0,58.0,FROZEN_PRODUCTION_CONTEXT
HEAVY,1,1039,bg_p95_delay_ms,869.0,915.0,46.0,FROZEN_PRODUCTION_CONTEXT
HEAVY,1,1040,bg_p95_delay_ms,533.0,538.0,5.0,FROZEN_PRODUCTION_CONTEXT
HEAVY,1,1041,bg_p95_delay_ms,623.0,636.0,13.0,FROZEN_PRODUCTION_CONTEXT
HEAVY,1,1042,bg_p95_delay_ms,584.0,624.0,40.0,FROZEN_PRODUCTION_CONTEXT
HEAVY,1,1043,bg_p95_delay_ms,685.0,714.0,29.0,FROZEN_PRODUCTION_CONTEXT
HEAVY,1,1044,bg_p95_delay_ms,615.0,660.0,45.0,FROZEN_PRODUCTION_CONTEXT
HEAVY,1,1045,bg_p95_delay_ms,489.0,534.0,45.0,FROZEN_PRODUCTION_CONTEXT
HEAVY,1,1046,bg_p95_delay_ms,884.0,946.0,62.0,FROZEN_PRODUCTION_CONTEXT
HEAVY,1,1047,bg_p95_delay_ms,872.0,920.0,48.0,FROZEN_PRODUCTION_CONTEXT
HEAVY,1,1048,bg_p95_delay_ms,737.0,772.0,35.0,FROZEN_PRODUCTION_CONTEXT
HEAVY,1,1049,bg_p95_delay_ms,796.0,833.0,37.0,FROZEN_PRODUCTION_CONTEXT
HEAVY,1,1050,bg_p95_delay_ms,712.0,740.0,28.0,FROZEN_PRODUCTION_CONTEXT
HEAVY,1,1051,bg_p95_delay_ms,616.0,639.0,23.0,FROZEN_PRODUCTION_CONTEXT
HEAVY,1,1052,bg_p95_delay_ms,820.0,861.0,41.0,FROZEN_PRODUCTION_CONTEXT
HEAVY,1,1053,bg_p95_delay_ms,698.0,740.0,42.0,FROZEN_PRODUCTION_CONTEXT
HEAVY,1,1054,bg_p95_delay_ms,674.0,701.0,27.0,FROZEN_PRODUCTION_CONTEXT
HEAVY,1,1055,bg_p95_delay_ms,722.0,763.0,41.0,FROZEN_PRODUCTION_CONTEXT
HEAVY,1,1056,bg_p95_delay_ms,760.0,797.0,37.0,FROZEN_PRODUCTION_CONTEXT
HEAVY,1,1057,bg_p95_delay_ms,919.0,966.0,47.0,FROZEN_PRODUCTION_CONTEXT
HEAVY,1,1058,bg_p95_delay_ms,833.0,878.0,45.0,FROZEN_PRODUCTION_CONTEXT
HEAVY,1,1059,bg_p95_delay_ms,748.0,783.0,35.0,FROZEN_PRODUCTION_CONTEXT
HEAVY,1,1060,bg_p95_delay_ms,560.0,587.0,27.0,FROZEN_PRODUCTION_CONTEXT
HEAVY,1,1061,bg_p95_delay_ms,957.0,1007.0,50.0,FROZEN_PRODUCTION_CONTEXT
HEAVY,1,1062,bg_p95_delay_ms,702.0,738.0,36.0,FROZEN_PRODUCTION_CONTEXT
HEAVY,1,1063,bg_p95_delay_ms,888.0,944.0,56.0,FROZEN_PRODUCTION_CONTEXT
HEAVY,1,1064,bg_p95_delay_ms,811.0,875.0,64.0,FROZEN_PRODUCTION_CONTEXT
HEAVY,1,1065,bg_p95_delay_ms,602.0,637.0,35.0,FROZEN_PRODUCTION_CONTEXT
HEAVY,1,1066,bg_p95_delay_ms,897.0,958.0,61.0,FROZEN_PRODUCTION_CONTEXT
HEAVY,1,1067,bg_p95_delay_ms,796.0,835.0,39.0,FROZEN_PRODUCTION_CONTEXT
HEAVY,1,1068,bg_p95_delay_ms,858.0,895.0,37.0,FROZEN_PRODUCTION_CONTEXT
HEAVY,1,1069,bg_p95_delay_ms,484.0,459.0,-25.0,FROZEN_PRODUCTION_CONTEXT
HEAVY,1,1070,bg_p95_delay_ms,612.0,656.0,44.0,FROZEN_PRODUCTION_CONTEXT
HEAVY,1,1071,bg_p95_delay_ms,729.0,762.0,33.0,FROZEN_PRODUCTION_CONTEXT
HEAVY,1,1072,bg_p95_delay_ms,616.0,641.0,25.0,FROZEN_PRODUCTION_CONTEXT
HEAVY,1,1073,bg_p95_delay_ms,773.0,812.0,39.0,FROZEN_PRODUCTION_CONTEXT
HEAVY,1,1074,bg_p95_delay_ms,769.0,819.0,50.0,FROZEN_PRODUCTION_CONTEXT
HEAVY,1,1075,bg_p95_delay_ms,776.0,822.0,46.0,FROZEN_PRODUCTION_CONTEXT
HEAVY,1,1076,bg_p95_delay_ms,911.0,966.0,55.0,FROZEN_PRODUCTION_CONTEXT
HEAVY,1,1077,bg_p95_delay_ms,637.0,677.0,40.0,FROZEN_PRODUCTION_CONTEXT
HEAVY,1,1078,bg_p95_delay_ms,759.0,789.0,30.0,FROZEN_PRODUCTION_CONTEXT
HEAVY,1,1079,bg_p95_delay_ms,764.0,797.0,33.0,FROZEN_PRODUCTION_CONTEXT
HEAVY,1,1080,bg_p95_delay_ms,452.0,468.0,16.0,FROZEN_PRODUCTION_CONTEXT
HEAVY,1,1081,bg_p95_delay_ms,560.0,572.0,12.0,FROZEN_PRODUCTION_CONTEXT
HEAVY,1,1082,bg_p95_delay_ms,839.0,881.0,42.0,FROZEN_PRODUCTION_CONTEXT
HEAVY,1,1083,bg_p95_delay_ms,691.0,723.0,32.0,FROZEN_PRODUCTION_CONTEXT
HEAVY,1,1084,bg_p95_delay_ms,858.0,904.0,46.0,FROZEN_PRODUCTION_CONTEXT
HEAVY,1,1085,bg_p95_delay_ms,910.0,961.0,51.0,FROZEN_PRODUCTION_CONTEXT
HEAVY,1,1086,bg_p95_delay_ms,769.0,810.0,41.0,FROZEN_PRODUCTION_CONTEXT
HEAVY,1,1087,bg_p95_delay_ms,784.0,826.0,42.0,FROZEN_PRODUCTION_CONTEXT
HEAVY,1,1088,bg_p95_delay_ms,665.0,700.0,35.0,FROZEN_PRODUCTION_CONTEXT
HEAVY,1,1001,bg_p99_delay_ms,959.2368489462855,1048.6667926788575,89.42994373257204,FROZEN_PRODUCTION_CONTEXT
HEAVY,1,1002,bg_p99_delay_ms,883.8048777371421,955.8505412091426,72.04566347200057,FROZEN_PRODUCTION_CONTEXT
HEAVY,1,1003,bg_p99_delay_ms,1422.9450793211422,1600.6845408091433,177.7394614880011,FROZEN_PRODUCTION_CONTEXT
HEAVY,1,1004,bg_p99_delay_ms,1145.1572416137146,1277.1579555840003,132.0007139702857,FROZEN_PRODUCTION_CONTEXT
HEAVY,1,1005,bg_p99_delay_ms,1131.3663072868565,1262.6162032251423,131.24989593828582,FROZEN_PRODUCTION_CONTEXT
HEAVY,1,1006,bg_p99_delay_ms,1560.8917636502838,1793.2185555725725,232.32679192228875,FROZEN_PRODUCTION_CONTEXT
HEAVY,1,1007,bg_p99_delay_ms,1030.4737155199978,1190.4342429737148,159.96052745371708,FROZEN_PRODUCTION_CONTEXT
HEAVY,1,1008,bg_p99_delay_ms,914.9588216434285,988.0702200639997,73.11139842057128,FROZEN_PRODUCTION_CONTEXT
HEAVY,1,1009,bg_p99_delay_ms,1084.4928142720007,1150.7948529874288,66.30203871542813,FROZEN_PRODUCTION_CONTEXT
HEAVY,1,1010,bg_p99_delay_ms,1597.5748281942847,1812.9936220045695,215.4187938102848,FROZEN_PRODUCTION_CONTEXT
HEAVY,1,1011,bg_p99_delay_ms,1010.1762611497136,1095.0860041119981,84.90974296228455,FROZEN_PRODUCTION_CONTEXT
HEAVY,1,1012,bg_p99_delay_ms,1267.4785769782843,1414.3107828411412,146.83220586285688,FROZEN_PRODUCTION_CONTEXT
HEAVY,1,1013,bg_p99_delay_ms,1189.421349174857,1357.1239259245726,167.70257674971572,FROZEN_PRODUCTION_CONTEXT
HEAVY,1,1014,bg_p99_delay_ms,1402.9723230422874,1607.4450808205681,204.47275777828077,FROZEN_PRODUCTION_CONTEXT
HEAVY,1,1015,bg_p99_delay_ms,1039.5143082902857,1123.0371541485713,83.52284585828556,FROZEN_PRODUCTION_CONTEXT
HEAVY,1,1016,bg_p99_delay_ms,1118.7145025554282,1227.6819767062839,108.96747415085565,FROZEN_PRODUCTION_CONTEXT
HEAVY,1,1017,bg_p99_delay_ms,747.0263437988568,797.9240906537141,50.897746854857246,FROZEN_PRODUCTION_CONTEXT
HEAVY,1,1018,bg_p99_delay_ms,1427.944772185144,1657.4886303268565,229.54385814171246,FROZEN_PRODUCTION_CONTEXT
HEAVY,1,1019,bg_p99_delay_ms,1082.5794087268564,1158.1842931588583,75.60488443200188,FROZEN_PRODUCTION_CONTEXT
HEAVY,1,1020,bg_p99_delay_ms,1464.76171544,1594.6963126605704,129.93459722057037,FROZEN_PRODUCTION_CONTEXT
HEAVY,1,1021,bg_p99_delay_ms,880.6268254194289,936.9956448525708,56.36881943314188,FROZEN_PRODUCTION_CONTEXT
HEAVY,1,1022,bg_p99_delay_ms,1391.9246592594288,1547.2473700411429,155.32271078171402,FROZEN_PRODUCTION_CONTEXT
HEAVY,1,1023,bg_p99_delay_ms,1554.611950352001,1739.5187610628557,184.90681071085464,FROZEN_PRODUCTION_CONTEXT
HEAVY,1,1024,bg_p99_delay_ms,1082.360260457141,1338.8851180479999,256.5248575908588,FROZEN_PRODUCTION_CONTEXT
HEAVY,1,1025,bg_p99_delay_ms,1192.7440868868568,1313.6461149005668,120.90202801370992,FROZEN_PRODUCTION_CONTEXT
HEAVY,1,1026,bg_p99_delay_ms,1735.2599245119984,1997.7813922765745,262.5214677645761,FROZEN_PRODUCTION_CONTEXT
HEAVY,1,1027,bg_p99_delay_ms,848.9377764731424,913.5396751154284,64.60189864228596,FROZEN_PRODUCTION_CONTEXT
HEAVY,1,1028,bg_p99_delay_ms,1288.8925452114286,1427.3509135931404,138.4583683817118,FROZEN_PRODUCTION_CONTEXT
HEAVY,1,1029,bg_p99_delay_ms,1049.6454071428566,1173.4247877348557,123.77938059199914,FROZEN_PRODUCTION_CONTEXT
HEAVY,1,1030,bg_p99_delay_ms,928.1042860068567,1004.7602327519996,76.65594674514296,FROZEN_PRODUCTION_CONTEXT
HEAVY,1,1031,bg_p99_delay_ms,756.5853908159996,809.3530557028571,52.76766488685746,FROZEN_PRODUCTION_CONTEXT
HEAVY,1,1032,bg_p99_delay_ms,980.0536916640003,1087.5856429257055,107.53195126170522,FROZEN_PRODUCTION_CONTEXT
HEAVY,1,1033,bg_p99_delay_ms,1471.2141844434277,1681.0506506057154,209.8364661622877,FROZEN_PRODUCTION_CONTEXT
HEAVY,1,1034,bg_p99_delay_ms,957.0997708937136,1077.23474832,120.13497742628647,FROZEN_PRODUCTION_CONTEXT
HEAVY,1,1035,bg_p99_delay_ms,1053.8948458857149,1150.7468549691425,96.85200908342767,FROZEN_PRODUCTION_CONTEXT
HEAVY,1,1036,bg_p99_delay_ms,1066.5560224982878,1125.7595795451427,59.20355704685494,FROZEN_PRODUCTION_CONTEXT
HEAVY,1,1037,bg_p99_delay_ms,708.2349446834274,765.9282820457138,57.69333736228634,FROZEN_PRODUCTION_CONTEXT
HEAVY,1,1038,bg_p99_delay_ms,1476.2493514537139,1680.6762452708574,204.42689381714354,FROZEN_PRODUCTION_CONTEXT
HEAVY,1,1039,bg_p99_delay_ms,1322.938645380571,1476.0019195108553,153.0632741302843,FROZEN_PRODUCTION_CONTEXT
HEAVY,1,1040,bg_p99_delay_ms,839.1008516685702,892.744814331428,53.6439626628578,FROZEN_PRODUCTION_CONTEXT
HEAVY,1,1041,bg_p99_delay_ms,1175.2676789097125,1215.8920079680008,40.62432905828837,FROZEN_PRODUCTION_CONTEXT
HEAVY,1,1042,bg_p99_delay_ms,953.8794799999993,1073.743756489142,119.86427648914275,FROZEN_PRODUCTION_CONTEXT
HEAVY,1,1043,bg_p99_delay_ms,1142.3737297074265,1268.9585650811446,126.58483537371808,FROZEN_PRODUCTION_CONTEXT
HEAVY,1,1044,bg_p99_delay_ms,861.7408570720004,907.90202940343,46.16117233142961,FROZEN_PRODUCTION_CONTEXT
HEAVY,1,1045,bg_p99_delay_ms,933.4883578125713,1013.2465461485714,79.7581883360001,FROZEN_PRODUCTION_CONTEXT
HEAVY,1,1046,bg_p99_delay_ms,1280.320766317714,1487.0488265531417,206.72806023542762,FROZEN_PRODUCTION_CONTEXT
HEAVY,1,1047,bg_p99_delay_ms,1366.3751362948567,1623.2960166674275,256.92088037257076,FROZEN_PRODUCTION_CONTEXT
HEAVY,1,1048,bg_p99_delay_ms,1059.740511531428,1163.818447088001,104.07793555657304,FROZEN_PRODUCTION_CONTEXT
HEAVY,1,1049,bg_p99_delay_ms,1298.0556115245713,1490.7728333348557,192.7172218102844,FROZEN_PRODUCTION_CONTEXT
HEAVY,1,1050,bg_p99_delay_ms,1102.9035477234288,1207.605388290284,104.70184056685525,FROZEN_PRODUCTION_CONTEXT
HEAVY,1,1051,bg_p99_delay_ms,1009.3911040342854,1081.3125219405715,71.92141790628614,FROZEN_PRODUCTION_CONTEXT
HEAVY,1,1052,bg_p99_delay_ms,1275.3222600845702,1360.1916746925717,84.86941460800153,FROZEN_PRODUCTION_CONTEXT
HEAVY,1,1053,bg_p99_delay_ms,1085.147673782855,1204.5891124182854,119.44143863543036,FROZEN_PRODUCTION_CONTEXT
HEAVY,1,1054,bg_p99_delay_ms,954.1542392982863,1028.422623174857,74.26838387657085,FROZEN_PRODUCTION_CONTEXT
HEAVY,1,1055,bg_p99_delay_ms,1132.6204651565702,1262.9676925577144,130.3472274011442,FROZEN_PRODUCTION_CONTEXT
HEAVY,1,1056,bg_p99_delay_ms,1137.4370569074308,1271.3107442765747,133.8736873691439,FROZEN_PRODUCTION_CONTEXT
HEAVY,1,1057,bg_p99_delay_ms,1533.9236872480003,1682.5234037462862,148.59971649828594,FROZEN_PRODUCTION_CONTEXT
HEAVY,1,1058,bg_p99_delay_ms,1575.7700282468559,1718.8648879748562,143.0948597280003,FROZEN_PRODUCTION_CONTEXT
HEAVY,1,1059,bg_p99_delay_ms,924.0232030537146,1020.5922703611411,96.56906730742651,FROZEN_PRODUCTION_CONTEXT
HEAVY,1,1060,bg_p99_delay_ms,1084.1460253919975,1179.202326160001,95.05630076800344,FROZEN_PRODUCTION_CONTEXT
HEAVY,1,1061,bg_p99_delay_ms,1486.6281793691446,1716.7876867999971,230.1595074308525,FROZEN_PRODUCTION_CONTEXT
HEAVY,1,1062,bg_p99_delay_ms,1319.3236468891412,1486.8514030582837,167.52775616914255,FROZEN_PRODUCTION_CONTEXT
HEAVY,1,1063,bg_p99_delay_ms,1207.1028511245693,1358.985099236573,151.8822481120037,FROZEN_PRODUCTION_CONTEXT
HEAVY,1,1064,bg_p99_delay_ms,1270.9999130125714,1409.4201682240007,138.42025521142932,FROZEN_PRODUCTION_CONTEXT
HEAVY,1,1065,bg_p99_delay_ms,1035.0505634491433,1111.3940243268587,76.34346087771542,FROZEN_PRODUCTION_CONTEXT
HEAVY,1,1066,bg_p99_delay_ms,1623.0207551565702,1728.5979198628593,105.57716470628907,FROZEN_PRODUCTION_CONTEXT
HEAVY,1,1067,bg_p99_delay_ms,1050.6599392822857,1125.3870989805716,74.72715969828596,FROZEN_PRODUCTION_CONTEXT
HEAVY,1,1068,bg_p99_delay_ms,1185.2502397897142,1309.7136333325718,124.4633935428576,FROZEN_PRODUCTION_CONTEXT
HEAVY,1,1069,bg_p99_delay_ms,1030.3987903817122,1141.395143963429,110.9963535817169,FROZEN_PRODUCTION_CONTEXT
HEAVY,1,1070,bg_p99_delay_ms,939.4502704091431,1018.7217269508554,79.27145654171238,FROZEN_PRODUCTION_CONTEXT
HEAVY,1,1071,bg_p99_delay_ms,1008.0256815177135,1152.0202467108572,143.99456519314379,FROZEN_PRODUCTION_CONTEXT
HEAVY,1,1072,bg_p99_delay_ms,1303.7427744319994,1491.0393414422842,187.2965670102849,FROZEN_PRODUCTION_CONTEXT
HEAVY,1,1073,bg_p99_delay_ms,848.8688339337137,921.6502066240007,72.78137269028696,FROZEN_PRODUCTION_CONTEXT
HEAVY,1,1074,bg_p99_delay_ms,1324.7073716571424,1457.5547672274297,132.8473955702873,FROZEN_PRODUCTION_CONTEXT
HEAVY,1,1075,bg_p99_delay_ms,1143.0711150788568,1277.3687232091438,134.29760813028702,FROZEN_PRODUCTION_CONTEXT
HEAVY,1,1076,bg_p99_delay_ms,1067.0433349897144,1176.095044514281,109.0517095245666,FROZEN_PRODUCTION_CONTEXT
HEAVY,1,1077,bg_p99_delay_ms,942.3341787131435,1013.2562512045714,70.92207249142791,FROZEN_PRODUCTION_CONTEXT
HEAVY,1,1078,bg_p99_delay_ms,1048.3725844022852,1179.7516712411423,131.37908683885712,FROZEN_PRODUCTION_CONTEXT
HEAVY,1,1079,bg_p99_delay_ms,1153.0770920045723,1258.9470723245706,105.86998031999838,FROZEN_PRODUCTION_CONTEXT
HEAVY,1,1080,bg_p99_delay_ms,839.8174255565702,898.1052445737147,58.28781901714444,FROZEN_PRODUCTION_CONTEXT
HEAVY,1,1081,bg_p99_delay_ms,1044.4176176822857,1132.2233206354276,87.80570295314192,FROZEN_PRODUCTION_CONTEXT
HEAVY,1,1082,bg_p99_delay_ms,1183.9073742057146,1335.453148557716,151.54577435200144,FROZEN_PRODUCTION_CONTEXT
HEAVY,1,1083,bg_p99_delay_ms,742.8598539725715,800.1757560914282,57.315902118856684,FROZEN_PRODUCTION_CONTEXT
HEAVY,1,1084,bg_p99_delay_ms,1346.9342639359986,1473.9042929325708,126.97002899657218,FROZEN_PRODUCTION_CONTEXT
HEAVY,1,1085,bg_p99_delay_ms,1502.9479611405711,1682.693385412572,179.74542427200095,FROZEN_PRODUCTION_CONTEXT
HEAVY,1,1086,bg_p99_delay_ms,1104.067588027428,1227.1722130811443,123.10462505371629,FROZEN_PRODUCTION_CONTEXT
HEAVY,1,1087,bg_p99_delay_ms,974.4526333691427,1057.9709285462854,83.5182951771427,FROZEN_PRODUCTION_CONTEXT
HEAVY,1,1088,bg_p99_delay_ms,883.4132145737142,986.5285938468552,103.115379273141,FROZEN_PRODUCTION_CONTEXT
HEAVY,1,1001,bg_worst_ue_p95_ms,1218.9296924,1301.429578,82.49988559999997,FROZEN_PRODUCTION_CONTEXT
HEAVY,1,1002,bg_worst_ue_p95_ms,1041.3294259999996,1132.1294260000006,90.80000000000109,FROZEN_PRODUCTION_CONTEXT
HEAVY,1,1003,bg_worst_ue_p95_ms,2170.129425999999,2436.4294259999933,266.29999999999427,FROZEN_PRODUCTION_CONTEXT
HEAVY,1,1004,bg_worst_ue_p95_ms,2052.229677599999,2211.429425999999,159.19974839999986,FROZEN_PRODUCTION_CONTEXT
HEAVY,1,1005,bg_worst_ue_p95_ms,1991.3294259999977,2222.9294259999997,231.60000000000196,FROZEN_PRODUCTION_CONTEXT
HEAVY,1,1006,bg_worst_ue_p95_ms,1980.6294283999998,2054.5799143999993,73.9504859999995,FROZEN_PRODUCTION_CONTEXT
HEAVY,1,1007,bg_worst_ue_p95_ms,1297.7294259999992,1342.7302771999994,45.00085120000017,FROZEN_PRODUCTION_CONTEXT
HEAVY,1,1008,bg_worst_ue_p95_ms,969.9295,1037.7794259999994,67.84992599999941,FROZEN_PRODUCTION_CONTEXT
HEAVY,1,1009,bg_worst_ue_p95_ms,1777.9297219999999,2018.3296183999996,240.39989639999976,FROZEN_PRODUCTION_CONTEXT
HEAVY,1,1010,bg_worst_ue_p95_ms,2276.430018,2779.1295147999995,502.69949679999945,FROZEN_PRODUCTION_CONTEXT
HEAVY,1,1011,bg_worst_ue_p95_ms,1303.429426,1356.7297219999991,53.30029599999921,FROZEN_PRODUCTION_CONTEXT
HEAVY,1,1012,bg_worst_ue_p95_ms,1627.9296659999973,1738.929425999998,110.99976000000083,FROZEN_PRODUCTION_CONTEXT
HEAVY,1,1013,bg_worst_ue_p95_ms,1779.1294259999997,1861.2294408000012,82.10001480000142,FROZEN_PRODUCTION_CONTEXT
HEAVY,1,1014,bg_worst_ue_p95_ms,1883.929578,1970.929426,86.99984799999993,FROZEN_PRODUCTION_CONTEXT
HEAVY,1,1015,bg_worst_ue_p95_ms,1648.7294259999996,1804.0294259999994,155.29999999999973,FROZEN_PRODUCTION_CONTEXT
HEAVY,1,1016,bg_worst_ue_p95_ms,2140.4296923999996,2110.729521999999,-29.70017040000039,FROZEN_PRODUCTION_CONTEXT
HEAVY,1,1017,bg_worst_ue_p95_ms,1077.3298995999996,1160.17987,82.8499704000003,FROZEN_PRODUCTION_CONTEXT
HEAVY,1,1018,bg_worst_ue_p95_ms,2256.929722,2594.429722,337.5,FROZEN_PRODUCTION_CONTEXT
HEAVY,1,1019,bg_worst_ue_p95_ms,1185.0294331999996,1297.429425999998,112.39999279999847,FROZEN_PRODUCTION_CONTEXT
HEAVY,1,1020,bg_worst_ue_p95_ms,1770.9797447999997,2002.5294259999985,231.54968119999876,FROZEN_PRODUCTION_CONTEXT
HEAVY,1,1021,bg_worst_ue_p95_ms,1175.929426,1285.3294259999996,109.39999999999964,FROZEN_PRODUCTION_CONTEXT
HEAVY,1,1022,bg_worst_ue_p95_ms,2188.5294259999987,2644.42987,455.90044400000124,FROZEN_PRODUCTION_CONTEXT
HEAVY,1,1023,bg_worst_ue_p95_ms,2188.9297515999997,2461.130225199997,272.20047359999717,FROZEN_PRODUCTION_CONTEXT
HEAVY,1,1024,bg_worst_ue_p95_ms,1158.179648,1243.7294259999992,85.54977799999915,FROZEN_PRODUCTION_CONTEXT
HEAVY,1,1025,bg_worst_ue_p95_ms,2376.8294703999995,2917.7314483999994,540.9019779999999,FROZEN_PRODUCTION_CONTEXT
HEAVY,1,1026,bg_worst_ue_p95_ms,2004.92987,2074.7299891999955,69.8001191999956,FROZEN_PRODUCTION_CONTEXT
HEAVY,1,1027,bg_worst_ue_p95_ms,1142.729440799999,1221.0296923999992,78.30025160000014,FROZEN_PRODUCTION_CONTEXT
HEAVY,1,1028,bg_worst_ue_p95_ms,1409.3797219999997,1711.430018,302.05029600000034,FROZEN_PRODUCTION_CONTEXT
HEAVY,1,1029,bg_worst_ue_p95_ms,1853.1797367999982,1960.3296036000022,107.14986680000402,FROZEN_PRODUCTION_CONTEXT
HEAVY,1,1030,bg_worst_ue_p95_ms,1526.1294259999997,1747.9796183999983,221.8501923999986,FROZEN_PRODUCTION_CONTEXT
HEAVY,1,1031,bg_worst_ue_p95_ms,1158.7295887999992,1261.0794260000005,102.34983720000128,FROZEN_PRODUCTION_CONTEXT
HEAVY,1,1032,bg_worst_ue_p95_ms,1212.9295491999999,1245.9297219999999,33.00017279999997,FROZEN_PRODUCTION_CONTEXT
HEAVY,1,1033,bg_worst_ue_p95_ms,1461.579593199999,1645.4295,183.849906800001,FROZEN_PRODUCTION_CONTEXT
HEAVY,1,1034,bg_worst_ue_p95_ms,1353.4799144,1411.7296643999996,58.249749999999494,FROZEN_PRODUCTION_CONTEXT
HEAVY,1,1035,bg_worst_ue_p95_ms,1229.0297219999995,1357.0299884000003,128.00026640000078,FROZEN_PRODUCTION_CONTEXT
HEAVY,1,1036,bg_worst_ue_p95_ms,1479.3294259999996,1570.8294407999997,91.50001480000014,FROZEN_PRODUCTION_CONTEXT
HEAVY,1,1037,bg_worst_ue_p95_ms,1248.329635999998,1278.6294259999988,30.29979000000094,FROZEN_PRODUCTION_CONTEXT
HEAVY,1,1038,bg_worst_ue_p95_ms,2540.929722,2488.9794555999997,-51.950266400000146,FROZEN_PRODUCTION_CONTEXT
HEAVY,1,1039,bg_worst_ue_p95_ms,1329.179426,1468.9297219999999,139.75029599999993,FROZEN_PRODUCTION_CONTEXT
HEAVY,1,1040,bg_worst_ue_p95_ms,1097.929426,1220.9300032,123.00057720000018,FROZEN_PRODUCTION_CONTEXT
HEAVY,1,1041,bg_worst_ue_p95_ms,1354.729633200001,1468.9801924,114.25055919999909,FROZEN_PRODUCTION_CONTEXT
HEAVY,1,1042,bg_worst_ue_p95_ms,1731.079425999999,1824.1307875999998,93.05136160000075,FROZEN_PRODUCTION_CONTEXT
HEAVY,1,1043,bg_worst_ue_p95_ms,1273.3297219999995,1439.7294555999956,166.39973359999613,FROZEN_PRODUCTION_CONTEXT
HEAVY,1,1044,bg_worst_ue_p95_ms,1404.7301363999984,1505.779746,101.04960960000153,FROZEN_PRODUCTION_CONTEXT
HEAVY,1,1045,bg_worst_ue_p95_ms,1170.5313251999985,1282.0802547999988,111.54892960000029,FROZEN_PRODUCTION_CONTEXT
HEAVY,1,1046,bg_worst_ue_p95_ms,1678.5294259999985,1948.9296932,270.4002672000015,FROZEN_PRODUCTION_CONTEXT
HEAVY,1,1047,bg_worst_ue_p95_ms,2520.1295591999988,2894.7294303999956,374.59987119999687,FROZEN_PRODUCTION_CONTEXT
HEAVY,1,1048,bg_worst_ue_p95_ms,1337.3804951999998,1472.2301363999995,134.84964119999972,FROZEN_PRODUCTION_CONTEXT
HEAVY,1,1049,bg_worst_ue_p95_ms,1865.1797219999999,1935.3800179999987,70.20029599999884,FROZEN_PRODUCTION_CONTEXT
HEAVY,1,1050,bg_worst_ue_p95_ms,1086.9296628,1169.179648,82.24998520000008,FROZEN_PRODUCTION_CONTEXT
HEAVY,1,1051,bg_worst_ue_p95_ms,1880.929426,2311.1295591999897,430.20013319998975,FROZEN_PRODUCTION_CONTEXT
HEAVY,1,1052,bg_worst_ue_p95_ms,1469.929426,1611.7294259999956,141.79999999999563,FROZEN_PRODUCTION_CONTEXT
HEAVY,1,1053,bg_worst_ue_p95_ms,1592.5294259999985,1702.8797219999951,110.35029599999666,FROZEN_PRODUCTION_CONTEXT
HEAVY,1,1054,bg_worst_ue_p95_ms,1218.9295399999999,1293.729426,74.79988600000024,FROZEN_PRODUCTION_CONTEXT
HEAVY,1,1055,bg_worst_ue_p95_ms,1365.7296627999992,1459.9797219999996,94.25005920000035,FROZEN_PRODUCTION_CONTEXT
HEAVY,1,1056,bg_worst_ue_p95_ms,1767.0294499999995,1915.5296067999966,148.50015679999706,FROZEN_PRODUCTION_CONTEXT
HEAVY,1,1057,bg_worst_ue_p95_ms,2665.9298467999993,3054.1296923999994,388.1998456000001,FROZEN_PRODUCTION_CONTEXT
HEAVY,1,1058,bg_worst_ue_p95_ms,2395.8294407999997,2820.9294259999997,425.0999852,FROZEN_PRODUCTION_CONTEXT
HEAVY,1,1059,bg_worst_ue_p95_ms,1499.3296627999996,1571.9297812,72.60011840000038,FROZEN_PRODUCTION_CONTEXT
HEAVY,1,1060,bg_worst_ue_p95_ms,1402.429502,1444.1294260000006,41.69992400000069,FROZEN_PRODUCTION_CONTEXT
HEAVY,1,1061,bg_worst_ue_p95_ms,2085.4294259999997,2295.929722,210.50029600000016,FROZEN_PRODUCTION_CONTEXT
HEAVY,1,1062,bg_worst_ue_p95_ms,1221.930462,1337.930018,115.99955599999998,FROZEN_PRODUCTION_CONTEXT
HEAVY,1,1063,bg_worst_ue_p95_ms,2329.679677599997,2496.3297099999995,166.6500324000026,FROZEN_PRODUCTION_CONTEXT
HEAVY,1,1064,bg_worst_ue_p95_ms,2999.129544399999,3670.9303139999997,671.8007696000009,FROZEN_PRODUCTION_CONTEXT
HEAVY,1,1065,bg_worst_ue_p95_ms,1310.7794271999994,1363.8295148000004,53.05008760000101,FROZEN_PRODUCTION_CONTEXT
HEAVY,1,1066,bg_worst_ue_p95_ms,1629.42987,1811.1298403999997,181.69997039999976,FROZEN_PRODUCTION_CONTEXT
HEAVY,1,1067,bg_worst_ue_p95_ms,1266.0796775999995,1391.9297444000001,125.8500668000006,FROZEN_PRODUCTION_CONTEXT
HEAVY,1,1068,bg_worst_ue_p95_ms,1921.8794259999975,1990.9294259999924,69.04999999999495,FROZEN_PRODUCTION_CONTEXT
HEAVY,1,1069,bg_worst_ue_p95_ms,1976.3295443999975,1989.779425999993,13.449881599995479,FROZEN_PRODUCTION_CONTEXT
HEAVY,1,1070,bg_worst_ue_p95_ms,1370.1809087999973,1437.4297219999999,67.24881320000259,FROZEN_PRODUCTION_CONTEXT
HEAVY,1,1071,bg_worst_ue_p95_ms,1671.1295491999952,1858.5297811999972,187.400232000002,FROZEN_PRODUCTION_CONTEXT
HEAVY,1,1072,bg_worst_ue_p95_ms,1636.7295491999903,1778.6294259999988,141.89987680000854,FROZEN_PRODUCTION_CONTEXT
HEAVY,1,1073,bg_worst_ue_p95_ms,1142.9295295999998,1213.6299095999998,70.70038,FROZEN_PRODUCTION_CONTEXT
HEAVY,1,1074,bg_worst_ue_p95_ms,2442.4294259999997,2998.929722,556.5002960000002,FROZEN_PRODUCTION_CONTEXT
HEAVY,1,1075,bg_worst_ue_p95_ms,1415.6801215999972,1473.8294260000023,58.14930440000512,FROZEN_PRODUCTION_CONTEXT
HEAVY,1,1076,bg_worst_ue_p95_ms,1318.929426,1436.3294259999996,117.39999999999964,FROZEN_PRODUCTION_CONTEXT
HEAVY,1,1077,bg_worst_ue_p95_ms,1125.3294259999996,1202.929738,77.60031200000049,FROZEN_PRODUCTION_CONTEXT
HEAVY,1,1078,bg_worst_ue_p95_ms,1373.1297515999988,1409.0294259999976,35.89967439999873,FROZEN_PRODUCTION_CONTEXT
HEAVY,1,1079,bg_worst_ue_p95_ms,1745.930762,1871.929944,125.99918200000002,FROZEN_PRODUCTION_CONTEXT
HEAVY,1,1080,bg_worst_ue_p95_ms,1217.1296035999999,1231.379514799999,14.249911199999133,FROZEN_PRODUCTION_CONTEXT
HEAVY,1,1081,bg_worst_ue_p95_ms,1107.6297379999996,1207.2296356000002,99.59989760000053,FROZEN_PRODUCTION_CONTEXT
HEAVY,1,1082,bg_worst_ue_p95_ms,1194.929426,1305.3294259999996,110.39999999999964,FROZEN_PRODUCTION_CONTEXT
HEAVY,1,1083,bg_worst_ue_p95_ms,1170.929426,1270.9798107999982,100.05038479999826,FROZEN_PRODUCTION_CONTEXT
HEAVY,1,1084,bg_worst_ue_p95_ms,1995.3797219999997,2106.029888399998,110.6501663999984,FROZEN_PRODUCTION_CONTEXT
HEAVY,1,1085,bg_worst_ue_p95_ms,1872.2294259999996,2034.5794259999993,162.34999999999968,FROZEN_PRODUCTION_CONTEXT
HEAVY,1,1086,bg_worst_ue_p95_ms,1459.2296183999993,1606.2303979999992,147.0007796,FROZEN_PRODUCTION_CONTEXT
HEAVY,1,1087,bg_worst_ue_p95_ms,1155.9294852,1209.0303436,53.10085839999988,FROZEN_PRODUCTION_CONTEXT
HEAVY,1,1088,bg_worst_ue_p95_ms,1033.7294259999983,1086.2805903999993,52.55116440000097,FROZEN_PRODUCTION_CONTEXT
HEAVY,1,1001,bg_worst_ue_p99_ms,3526.0898285600033,4151.149426,625.0595974399967,FROZEN_PRODUCTION_CONTEXT
HEAVY,1,1002,bg_worst_ue_p99_ms,3966.679426000003,4699.309722000001,732.630295999998,FROZEN_PRODUCTION_CONTEXT
HEAVY,1,1003,bg_worst_ue_p99_ms,3739.449426,4193.229425999999,453.77999999999884,FROZEN_PRODUCTION_CONTEXT
HEAVY,1,1004,bg_worst_ue_p99_ms,4138.92962136,4761.209523679993,622.2799023199932,FROZEN_PRODUCTION_CONTEXT
HEAVY,1,1005,bg_worst_ue_p99_ms,4219.529425999997,4757.5797219999995,538.0502960000022,FROZEN_PRODUCTION_CONTEXT
HEAVY,1,1006,bg_worst_ue_p99_ms,4539.0102784799665,5806.569609520003,1267.5593310400363,FROZEN_PRODUCTION_CONTEXT
HEAVY,1,1007,bg_worst_ue_p99_ms,3331.7694335199653,4618.959728320001,1287.1902948000356,FROZEN_PRODUCTION_CONTEXT
HEAVY,1,1008,bg_worst_ue_p99_ms,2426.9694260000138,2777.9298226399997,350.9603966399859,FROZEN_PRODUCTION_CONTEXT
HEAVY,1,1009,bg_worst_ue_p99_ms,2824.3299588000123,2874.4799143999926,50.14995559998033,FROZEN_PRODUCTION_CONTEXT
HEAVY,1,1010,bg_worst_ue_p99_ms,5112.559425999994,6354.469722000016,1241.9102960000218,FROZEN_PRODUCTION_CONTEXT
HEAVY,1,1011,bg_worst_ue_p99_ms,3567.329603600005,4242.4694300799465,675.1398264799413,FROZEN_PRODUCTION_CONTEXT
HEAVY,1,1012,bg_worst_ue_p99_ms,3969.930787599995,5216.809426,1246.878638400005,FROZEN_PRODUCTION_CONTEXT
HEAVY,1,1013,bg_worst_ue_p99_ms,3739.749426000012,4573.4199351200095,833.6705091199974,FROZEN_PRODUCTION_CONTEXT
HEAVY,1,1014,bg_worst_ue_p99_ms,3468.309641759999,4099.009668719972,630.700026959973,FROZEN_PRODUCTION_CONTEXT
HEAVY,1,1015,bg_worst_ue_p99_ms,4300.879455599999,4437.410538959994,136.53108335999423,FROZEN_PRODUCTION_CONTEXT
HEAVY,1,1016,bg_worst_ue_p99_ms,4031.149597680003,4966.609532559995,935.4599348799925,FROZEN_PRODUCTION_CONTEXT
HEAVY,1,1017,bg_worst_ue_p99_ms,2014.9794291199983,2216.8294259999975,201.84999687999925,FROZEN_PRODUCTION_CONTEXT
HEAVY,1,1018,bg_worst_ue_p99_ms,7650.289816239997,10153.929463999999,2503.639647760002,FROZEN_PRODUCTION_CONTEXT
HEAVY,1,1019,bg_worst_ue_p99_ms,3009.389721999999,3428.329568079998,418.9398460799989,FROZEN_PRODUCTION_CONTEXT
HEAVY,1,1020,bg_worst_ue_p99_ms,4878.09996768,4961.1295293600015,83.02956168000128,FROZEN_PRODUCTION_CONTEXT
HEAVY,1,1021,bg_worst_ue_p99_ms,2584.729425999996,2931.9894259999983,347.2600000000025,FROZEN_PRODUCTION_CONTEXT
HEAVY,1,1022,bg_worst_ue_p99_ms,5116.01996176,6230.129426000006,1114.1094642400058,FROZEN_PRODUCTION_CONTEXT
HEAVY,1,1023,bg_worst_ue_p99_ms,4136.479695359999,5362.979671679997,1226.4999763199985,FROZEN_PRODUCTION_CONTEXT
HEAVY,1,1024,bg_worst_ue_p99_ms,4742.129529600004,6643.419425999996,1901.2898963999914,FROZEN_PRODUCTION_CONTEXT
HEAVY,1,1025,bg_worst_ue_p99_ms,4297.879428959977,5080.809568079992,782.9301391200142,FROZEN_PRODUCTION_CONTEXT
HEAVY,1,1026,bg_worst_ue_p99_ms,4684.929429200004,6142.469650960008,1457.540221760004,FROZEN_PRODUCTION_CONTEXT
HEAVY,1,1027,bg_worst_ue_p99_ms,2635.719426000001,3139.2694259999635,503.54999999996244,FROZEN_PRODUCTION_CONTEXT
HEAVY,1,1028,bg_worst_ue_p99_ms,4804.129722000023,6376.229888399981,1572.1001663999577,FROZEN_PRODUCTION_CONTEXT
HEAVY,1,1029,bg_worst_ue_p99_ms,3455.92999728,3965.569970639999,509.6399733599992,FROZEN_PRODUCTION_CONTEXT
HEAVY,1,1030,bg_worst_ue_p99_ms,2753.789645040002,2967.029653919986,213.24000887998363,FROZEN_PRODUCTION_CONTEXT
HEAVY,1,1031,bg_worst_ue_p99_ms,2277.679425999995,2558.9394260000086,281.2600000000134,FROZEN_PRODUCTION_CONTEXT
HEAVY,1,1032,bg_worst_ue_p99_ms,3395.009597680009,4247.809508879956,852.7999111999475,FROZEN_PRODUCTION_CONTEXT
HEAVY,1,1033,bg_worst_ue_p99_ms,5559.589425999949,7515.039426000069,1955.4500000001208,FROZEN_PRODUCTION_CONTEXT
HEAVY,1,1034,bg_worst_ue_p99_ms,2967.7799854399805,3485.0495658399973,517.2695804000168,FROZEN_PRODUCTION_CONTEXT
HEAVY,1,1035,bg_worst_ue_p99_ms,2976.3294739999974,4103.210219279991,1126.8807452799938,FROZEN_PRODUCTION_CONTEXT
HEAVY,1,1036,bg_worst_ue_p99_ms,3302.5294260000005,3480.6012274400027,178.07180144000222,FROZEN_PRODUCTION_CONTEXT
HEAVY,1,1037,bg_worst_ue_p99_ms,2645.3894260000047,2963.1094259999986,317.7199999999939,FROZEN_PRODUCTION_CONTEXT
HEAVY,1,1038,bg_worst_ue_p99_ms,4231.129692399999,5055.819611440018,824.689919040019,FROZEN_PRODUCTION_CONTEXT
HEAVY,1,1039,bg_worst_ue_p99_ms,4070.630521199998,4765.709505919991,695.0789847199931,FROZEN_PRODUCTION_CONTEXT
HEAVY,1,1040,bg_worst_ue_p99_ms,3462.6896816799945,3926.410210159996,463.7205284800016,FROZEN_PRODUCTION_CONTEXT
HEAVY,1,1041,bg_worst_ue_p99_ms,3153.5294260000055,3202.8594260000045,49.32999999999902,FROZEN_PRODUCTION_CONTEXT
HEAVY,1,1042,bg_worst_ue_p99_ms,3142.9296035999946,4076.769722000002,933.8401184000072,FROZEN_PRODUCTION_CONTEXT
HEAVY,1,1043,bg_worst_ue_p99_ms,3042.7695917599854,3687.979588800002,645.2099970400168,FROZEN_PRODUCTION_CONTEXT
HEAVY,1,1044,bg_worst_ue_p99_ms,3798.779722000024,4147.2302548000625,348.4505328000387,FROZEN_PRODUCTION_CONTEXT
HEAVY,1,1045,bg_worst_ue_p99_ms,2402.299426000006,3032.049639120005,629.750213119999,FROZEN_PRODUCTION_CONTEXT
HEAVY,1,1046,bg_worst_ue_p99_ms,3699.9696983200006,5294.559434880013,1594.5897365600126,FROZEN_PRODUCTION_CONTEXT
HEAVY,1,1047,bg_worst_ue_p99_ms,4553.529589519996,5699.3798255999745,1145.8502360799785,FROZEN_PRODUCTION_CONTEXT
HEAVY,1,1048,bg_worst_ue_p99_ms,4508.100038719999,5635.689624319994,1127.5895855999952,FROZEN_PRODUCTION_CONTEXT
HEAVY,1,1049,bg_worst_ue_p99_ms,6136.129426000022,8494.809621360011,2358.680195359989,FROZEN_PRODUCTION_CONTEXT
HEAVY,1,1050,bg_worst_ue_p99_ms,2414.5694260000005,2677.3298285599785,262.76040255997805,FROZEN_PRODUCTION_CONTEXT
HEAVY,1,1051,bg_worst_ue_p99_ms,4967.739426,5811.049713119999,843.310287119999,FROZEN_PRODUCTION_CONTEXT
HEAVY,1,1052,bg_worst_ue_p99_ms,4596.69010088,5667.089722000001,1070.399621120001,FROZEN_PRODUCTION_CONTEXT
HEAVY,1,1053,bg_worst_ue_p99_ms,3553.649695360001,3687.5694259999996,133.91973063999876,FROZEN_PRODUCTION_CONTEXT
HEAVY,1,1054,bg_worst_ue_p99_ms,2380.209739760015,2561.0795532800016,180.86981351998656,FROZEN_PRODUCTION_CONTEXT
HEAVY,1,1055,bg_worst_ue_p99_ms,4185.449425999995,5275.720210399988,1090.2707843999933,FROZEN_PRODUCTION_CONTEXT
HEAVY,1,1056,bg_worst_ue_p99_ms,3263.0196006399924,3677.4894260000015,414.46982536000905,FROZEN_PRODUCTION_CONTEXT
HEAVY,1,1057,bg_worst_ue_p99_ms,6137.7097220000005,6468.699538479999,330.9898164799988,FROZEN_PRODUCTION_CONTEXT
HEAVY,1,1058,bg_worst_ue_p99_ms,4508.539428959991,5592.129662800004,1083.5902338400128,FROZEN_PRODUCTION_CONTEXT
HEAVY,1,1059,bg_worst_ue_p99_ms,4151.569532559996,5334.6898167199615,1183.1202841599652,FROZEN_PRODUCTION_CONTEXT
HEAVY,1,1060,bg_worst_ue_p99_ms,3260.9294259999997,3628.6695118399925,367.74008583999284,FROZEN_PRODUCTION_CONTEXT
HEAVY,1,1061,bg_worst_ue_p99_ms,5446.63016240001,7693.6896648799975,2247.0595024799877,FROZEN_PRODUCTION_CONTEXT
HEAVY,1,1062,bg_worst_ue_p99_ms,4179.969425999999,5088.569426000054,908.6000000000549,FROZEN_PRODUCTION_CONTEXT
HEAVY,1,1063,bg_worst_ue_p99_ms,4723.531083599933,6110.729822640003,1387.19873904007,FROZEN_PRODUCTION_CONTEXT
HEAVY,1,1064,bg_worst_ue_p99_ms,4951.529838159999,6148.72957479999,1197.199736639991,FROZEN_PRODUCTION_CONTEXT
HEAVY,1,1065,bg_worst_ue_p99_ms,3020.479426000041,3627.709515680006,607.2300896799652,FROZEN_PRODUCTION_CONTEXT
HEAVY,1,1066,bg_worst_ue_p99_ms,4949.329645039998,5469.769591760115,520.4399467201174,FROZEN_PRODUCTION_CONTEXT
HEAVY,1,1067,bg_worst_ue_p99_ms,3332.9894898399994,3888.9294852000107,555.9399953600114,FROZEN_PRODUCTION_CONTEXT
HEAVY,1,1068,bg_worst_ue_p99_ms,4841.0496539199985,5734.639976559992,893.5903226399932,FROZEN_PRODUCTION_CONTEXT
HEAVY,1,1069,bg_worst_ue_p99_ms,4103.449807759989,4857.7997220000025,754.3499142400133,FROZEN_PRODUCTION_CONTEXT
HEAVY,1,1070,bg_worst_ue_p99_ms,2917.04969576001,3405.5898167200066,488.5401209599968,FROZEN_PRODUCTION_CONTEXT
HEAVY,1,1071,bg_worst_ue_p99_ms,3910.4095837600003,5900.449674960002,1990.0400912000018,FROZEN_PRODUCTION_CONTEXT
HEAVY,1,1072,bg_worst_ue_p99_ms,4738.149787119999,6384.449491119953,1646.2997039999536,FROZEN_PRODUCTION_CONTEXT
HEAVY,1,1073,bg_worst_ue_p99_ms,2014.2895261600004,2337.449425999999,323.15989983999884,FROZEN_PRODUCTION_CONTEXT
HEAVY,1,1074,bg_worst_ue_p99_ms,5788.429692399987,6858.729426,1070.2997336000126,FROZEN_PRODUCTION_CONTEXT
HEAVY,1,1075,bg_worst_ue_p99_ms,3057.7996164799997,4322.210013840036,1264.4103973600359,FROZEN_PRODUCTION_CONTEXT
HEAVY,1,1076,bg_worst_ue_p99_ms,3194.4294339999965,4201.829440799999,1007.4000068000028,FROZEN_PRODUCTION_CONTEXT
HEAVY,1,1077,bg_worst_ue_p99_ms,2177.229633199991,2694.5195651199992,517.2899319200083,FROZEN_PRODUCTION_CONTEXT
HEAVY,1,1078,bg_worst_ue_p99_ms,3940.969431919999,5009.189425999988,1068.2199940799892,FROZEN_PRODUCTION_CONTEXT
HEAVY,1,1079,bg_worst_ue_p99_ms,3251.1298364000004,3598.2794260000005,347.1495896000001,FROZEN_PRODUCTION_CONTEXT
HEAVY,1,1080,bg_worst_ue_p99_ms,2864.309425999989,3047.369739760013,183.0603137600242,FROZEN_PRODUCTION_CONTEXT
HEAVY,1,1081,bg_worst_ue_p99_ms,3360.92942832,3954.3801482400177,593.4507199200175,FROZEN_PRODUCTION_CONTEXT
HEAVY,1,1082,bg_worst_ue_p99_ms,4587.769426000018,5610.3095325600425,1022.5401065600245,FROZEN_PRODUCTION_CONTEXT
HEAVY,1,1083,bg_worst_ue_p99_ms,2252.289426000002,2737.169426,484.87999999999784,FROZEN_PRODUCTION_CONTEXT
HEAVY,1,1084,bg_worst_ue_p99_ms,3993.329425999992,4361.769425999982,368.4399999999896,FROZEN_PRODUCTION_CONTEXT
HEAVY,1,1085,bg_worst_ue_p99_ms,4057.849828560001,4530.129550319996,472.2797217599955,FROZEN_PRODUCTION_CONTEXT
HEAVY,1,1086,bg_worst_ue_p99_ms,3007.48967463999,3533.589467440006,526.0997928000161,FROZEN_PRODUCTION_CONTEXT
HEAVY,1,1087,bg_worst_ue_p99_ms,3337.1397539199997,3716.019721999999,378.87996807999934,FROZEN_PRODUCTION_CONTEXT
HEAVY,1,1088,bg_worst_ue_p99_ms,2937.6097693599927,3713.2099114399552,775.6001420799626,FROZEN_PRODUCTION_CONTEXT
HEAVY,1,1001,a_plus_s2,0.4451136373091441,0.11892828482569771,-0.3261853524834464,FROZEN_PRODUCTION_CONTEXT
HEAVY,1,1002,a_plus_s2,0.6654054868359763,0.16978939320399258,-0.4956160936319838,FROZEN_PRODUCTION_CONTEXT
HEAVY,1,1003,a_plus_s2,0.7545362764474787,0.17357842870608298,-0.5809578477413957,FROZEN_PRODUCTION_CONTEXT
HEAVY,1,1004,a_plus_s2,0.6489647198676888,0.18790641627789212,-0.46105830358979666,FROZEN_PRODUCTION_CONTEXT
HEAVY,1,1005,a_plus_s2,0.8314889657586427,0.20474541850088226,-0.6267435472577605,FROZEN_PRODUCTION_CONTEXT
HEAVY,1,1006,a_plus_s2,0.45710921288890455,0.15104313486845608,-0.3060660780204485,FROZEN_PRODUCTION_CONTEXT
HEAVY,1,1007,a_plus_s2,0.32658717636963985,0.1518275333368266,-0.17475964303281324,FROZEN_PRODUCTION_CONTEXT
HEAVY,1,1008,a_plus_s2,1.0379306087533853,0.24068471585048357,-0.7972458929029017,FROZEN_PRODUCTION_CONTEXT
HEAVY,1,1009,a_plus_s2,0.5740446527109957,0.14488665296366277,-0.42915799974733293,FROZEN_PRODUCTION_CONTEXT
HEAVY,1,1010,a_plus_s2,0.5833826860850511,0.1418546079676811,-0.44152807811736994,FROZEN_PRODUCTION_CONTEXT
HEAVY,1,1011,a_plus_s2,0.6711664155057282,0.24325858746174592,-0.4279078280439823,FROZEN_PRODUCTION_CONTEXT
HEAVY,1,1012,a_plus_s2,0.9377949894718443,0.15819204996960215,-0.7796029395022421,FROZEN_PRODUCTION_CONTEXT
HEAVY,1,1013,a_plus_s2,0.8427818374119608,0.1834822102403852,-0.6592996271715756,FROZEN_PRODUCTION_CONTEXT
HEAVY,1,1014,a_plus_s2,0.8599731845368745,0.1459747587818672,-0.7139984257550074,FROZEN_PRODUCTION_CONTEXT
HEAVY,1,1015,a_plus_s2,1.1771019452826375,0.24356840106323954,-0.9335335442193979,FROZEN_PRODUCTION_CONTEXT
HEAVY,1,1016,a_plus_s2,0.7584885456163405,0.16295305227219736,-0.5955354933441431,FROZEN_PRODUCTION_CONTEXT
HEAVY,1,1017,a_plus_s2,0.48297578893663,0.16047148498377004,-0.32250430395286,FROZEN_PRODUCTION_CONTEXT
HEAVY,1,1018,a_plus_s2,0.8629377052563175,0.2292513592429065,-0.633686346013411,FROZEN_PRODUCTION_CONTEXT
HEAVY,1,1019,a_plus_s2,0.5888249190585367,0.14175402899959802,-0.44707089005893874,FROZEN_PRODUCTION_CONTEXT
HEAVY,1,1020,a_plus_s2,0.810465842974201,0.1584151372051386,-0.6520507057690623,FROZEN_PRODUCTION_CONTEXT
HEAVY,1,1021,a_plus_s2,0.6480421065291218,0.16057098837112732,-0.48747111815799443,FROZEN_PRODUCTION_CONTEXT
HEAVY,1,1022,a_plus_s2,0.5983299355453316,0.17244572621327534,-0.4258842093320563,FROZEN_PRODUCTION_CONTEXT
HEAVY,1,1023,a_plus_s2,0.8393553808971024,0.2259533740741909,-0.6134020068229115,FROZEN_PRODUCTION_CONTEXT
HEAVY,1,1024,a_plus_s2,0.9129744779745784,0.18264884451844948,-0.730325633456129,FROZEN_PRODUCTION_CONTEXT
HEAVY,1,1025,a_plus_s2,0.5327564585173239,0.14472911908094785,-0.388027339436376,FROZEN_PRODUCTION_CONTEXT
HEAVY,1,1026,a_plus_s2,0.7666275966003518,0.17283609458111107,-0.5937915020192408,FROZEN_PRODUCTION_CONTEXT
HEAVY,1,1027,a_plus_s2,0.767205034599633,0.20299911929316355,-0.5642059153064694,FROZEN_PRODUCTION_CONTEXT
HEAVY,1,1028,a_plus_s2,0.7673826413652337,0.20371197467957544,-0.5636706666856582,FROZEN_PRODUCTION_CONTEXT
HEAVY,1,1029,a_plus_s2,0.6689726690593931,0.22080600355420812,-0.448166665505185,FROZEN_PRODUCTION_CONTEXT
HEAVY,1,1030,a_plus_s2,0.20850523772294827,0.11428276764078055,-0.09422247008216772,FROZEN_PRODUCTION_CONTEXT
HEAVY,1,1031,a_plus_s2,0.9400578462345495,0.2551729231918177,-0.6848849230427317,FROZEN_PRODUCTION_CONTEXT
HEAVY,1,1032,a_plus_s2,0.8717654364797436,0.23034679270181754,-0.641418643777926,FROZEN_PRODUCTION_CONTEXT
HEAVY,1,1033,a_plus_s2,0.8694614922574474,0.20076738748607398,-0.6686941047713735,FROZEN_PRODUCTION_CONTEXT
HEAVY,1,1034,a_plus_s2,0.8281516506224712,0.14822985488634752,-0.6799217957361237,FROZEN_PRODUCTION_CONTEXT
HEAVY,1,1035,a_plus_s2,0.5633206583158045,0.15278525280956548,-0.410535405506239,FROZEN_PRODUCTION_CONTEXT
HEAVY,1,1036,a_plus_s2,0.5484722918929744,0.20625973676543147,-0.34221255512754295,FROZEN_PRODUCTION_CONTEXT
HEAVY,1,1037,a_plus_s2,0.6811031899526236,0.14691112550853258,-0.5341920644440911,FROZEN_PRODUCTION_CONTEXT
HEAVY,1,1038,a_plus_s2,0.6773851404714141,0.15260791371994267,-0.5247772267514714,FROZEN_PRODUCTION_CONTEXT
HEAVY,1,1039,a_plus_s2,0.7229215115127956,0.20209128280826116,-0.5208302287045344,FROZEN_PRODUCTION_CONTEXT
HEAVY,1,1040,a_plus_s2,0.5470508333594378,0.19464626505197907,-0.35240456830745875,FROZEN_PRODUCTION_CONTEXT
HEAVY,1,1041,a_plus_s2,0.44539569482405694,0.1428163079406573,-0.30257938688339964,FROZEN_PRODUCTION_CONTEXT
HEAVY,1,1042,a_plus_s2,0.6226737982656315,0.16692134558115404,-0.4557524526844775,FROZEN_PRODUCTION_CONTEXT
HEAVY,1,1043,a_plus_s2,0.5801883205805014,0.1958059271485877,-0.3843823934319137,FROZEN_PRODUCTION_CONTEXT
HEAVY,1,1044,a_plus_s2,0.40275805238092915,0.13593484291598992,-0.2668232094649392,FROZEN_PRODUCTION_CONTEXT
HEAVY,1,1045,a_plus_s2,0.6160519854381958,0.15195976796127694,-0.46409221747691887,FROZEN_PRODUCTION_CONTEXT
HEAVY,1,1046,a_plus_s2,0.7431492795599334,0.13904291307209735,-0.604106366487836,FROZEN_PRODUCTION_CONTEXT
HEAVY,1,1047,a_plus_s2,0.8656401485456449,0.21250170784026573,-0.6531384407053791,FROZEN_PRODUCTION_CONTEXT
HEAVY,1,1048,a_plus_s2,0.5595669857042945,0.13244157076405577,-0.42712541494023876,FROZEN_PRODUCTION_CONTEXT
HEAVY,1,1049,a_plus_s2,0.7904155767214605,0.19791714100409186,-0.5924984357173686,FROZEN_PRODUCTION_CONTEXT
HEAVY,1,1050,a_plus_s2,0.6113544801059762,0.17950700579373383,-0.43184747431224235,FROZEN_PRODUCTION_CONTEXT
HEAVY,1,1051,a_plus_s2,0.4754358370055092,0.14440638339782888,-0.3310294536076803,FROZEN_PRODUCTION_CONTEXT
HEAVY,1,1052,a_plus_s2,0.9231543022497927,0.19093933225599383,-0.7322149699937989,FROZEN_PRODUCTION_CONTEXT
HEAVY,1,1053,a_plus_s2,0.7687633200860216,0.1886814825071355,-0.5800818375788861,FROZEN_PRODUCTION_CONTEXT
HEAVY,1,1054,a_plus_s2,0.49863705010887094,0.11713862331074489,-0.38149842679812607,FROZEN_PRODUCTION_CONTEXT
HEAVY,1,1055,a_plus_s2,0.46016680134803223,0.11416700132528736,-0.3459998000227449,FROZEN_PRODUCTION_CONTEXT
HEAVY,1,1056,a_plus_s2,0.7534321469616997,0.16633826388206496,-0.5870938830796347,FROZEN_PRODUCTION_CONTEXT
HEAVY,1,1057,a_plus_s2,0.8412696107701124,0.24824628185626085,-0.5930233289138516,FROZEN_PRODUCTION_CONTEXT
HEAVY,1,1058,a_plus_s2,0.6382507477001221,0.11610659958340122,-0.5221441481167209,FROZEN_PRODUCTION_CONTEXT
HEAVY,1,1059,a_plus_s2,1.0294279292026742,0.2222643972121925,-0.8071635319904817,FROZEN_PRODUCTION_CONTEXT
HEAVY,1,1060,a_plus_s2,0.8052750904926498,0.18205699802196237,-0.6232180924706874,FROZEN_PRODUCTION_CONTEXT
HEAVY,1,1061,a_plus_s2,1.191731993174859,0.1824561503390338,-1.009275842835825,FROZEN_PRODUCTION_CONTEXT
HEAVY,1,1062,a_plus_s2,0.5899709283616202,0.13917211969060822,-0.450798808671012,FROZEN_PRODUCTION_CONTEXT
HEAVY,1,1063,a_plus_s2,0.7612042607220365,0.2300906949171241,-0.5311135658049124,FROZEN_PRODUCTION_CONTEXT
HEAVY,1,1064,a_plus_s2,0.9115684330032794,0.1917226000940874,-0.719845832909192,FROZEN_PRODUCTION_CONTEXT
HEAVY,1,1065,a_plus_s2,0.7872144240886344,0.1537745055374411,-0.6334399185511933,FROZEN_PRODUCTION_CONTEXT
HEAVY,1,1066,a_plus_s2,0.9221537439274936,0.23327265141661463,-0.688881092510879,FROZEN_PRODUCTION_CONTEXT
HEAVY,1,1067,a_plus_s2,0.7155762128323441,0.2204913190265351,-0.495084893805809,FROZEN_PRODUCTION_CONTEXT
HEAVY,1,1068,a_plus_s2,0.8433690919707996,0.15207881735088516,-0.6912902746199144,FROZEN_PRODUCTION_CONTEXT
HEAVY,1,1069,a_plus_s2,0.5873436977392568,0.1325883558863957,-0.45475534185286104,FROZEN_PRODUCTION_CONTEXT
HEAVY,1,1070,a_plus_s2,0.532619463433987,0.1788954580451999,-0.3537240053887871,FROZEN_PRODUCTION_CONTEXT
HEAVY,1,1071,a_plus_s2,0.4961766095276258,0.13363225261327183,-0.362544356914354,FROZEN_PRODUCTION_CONTEXT
HEAVY,1,1072,a_plus_s2,0.6658587201322783,0.20098781184538328,-0.46487090828689503,FROZEN_PRODUCTION_CONTEXT
HEAVY,1,1073,a_plus_s2,0.5736073613968233,0.16246209295146186,-0.4111452684453615,FROZEN_PRODUCTION_CONTEXT
HEAVY,1,1074,a_plus_s2,0.4369630712328549,0.12982984126679478,-0.3071332299660601,FROZEN_PRODUCTION_CONTEXT
HEAVY,1,1075,a_plus_s2,0.6104507148310488,0.16080412625762852,-0.4496465885734203,FROZEN_PRODUCTION_CONTEXT
HEAVY,1,1076,a_plus_s2,0.6198246808855766,0.1318563931517446,-0.48796828773383205,FROZEN_PRODUCTION_CONTEXT
HEAVY,1,1077,a_plus_s2,0.7814598237997793,0.22374375342453492,-0.5577160703752444,FROZEN_PRODUCTION_CONTEXT
HEAVY,1,1078,a_plus_s2,0.7486139086193876,0.1797226538481958,-0.5688912547711917,FROZEN_PRODUCTION_CONTEXT
HEAVY,1,1079,a_plus_s2,0.615844647163381,0.18073202247828074,-0.4351126246851003,FROZEN_PRODUCTION_CONTEXT
HEAVY,1,1080,a_plus_s2,0.4468111588093603,0.17155902583498653,-0.2752521329743738,FROZEN_PRODUCTION_CONTEXT
HEAVY,1,1081,a_plus_s2,0.6553705404967993,0.16152779515536148,-0.49384274534143785,FROZEN_PRODUCTION_CONTEXT
HEAVY,1,1082,a_plus_s2,1.1349708792404545,0.21970837804408128,-0.9152625011963732,FROZEN_PRODUCTION_CONTEXT
HEAVY,1,1083,a_plus_s2,0.6434220251731918,0.16176799945168138,-0.4816540257215104,FROZEN_PRODUCTION_CONTEXT
HEAVY,1,1084,a_plus_s2,0.9771019891323007,0.16907379587492713,-0.8080281932573736,FROZEN_PRODUCTION_CONTEXT
HEAVY,1,1085,a_plus_s2,1.0709209836547768,0.18274623719821526,-0.8881747464565616,FROZEN_PRODUCTION_CONTEXT
HEAVY,1,1086,a_plus_s2,0.45467507835575227,0.1504030852813529,-0.30427199307439934,FROZEN_PRODUCTION_CONTEXT
HEAVY,1,1087,a_plus_s2,0.7843505182738563,0.1655712637441673,-0.618779254529689,FROZEN_PRODUCTION_CONTEXT
HEAVY,1,1088,a_plus_s2,0.4670444835029482,0.1205723132104623,-0.3464721702924859,FROZEN_PRODUCTION_CONTEXT
HEAVY,1,1001,post_ho_fresh_ms,222.58647619999996,217.78658454285713,-4.799891657142837,FROZEN_PRODUCTION_CONTEXT
HEAVY,1,1002,post_ho_fresh_ms,282.5437048857143,207.28649174285712,-75.25721314285718,FROZEN_PRODUCTION_CONTEXT
HEAVY,1,1003,post_ho_fresh_ms,302.00071151428574,220.80081905714283,-81.19989245714291,FROZEN_PRODUCTION_CONTEXT
HEAVY,1,1004,post_ho_fresh_ms,237.6150327714286,210.9721178,-26.64291497142858,FROZEN_PRODUCTION_CONTEXT
HEAVY,1,1005,post_ho_fresh_ms,327.8150662571428,210.40075768571427,-117.41430857142853,FROZEN_PRODUCTION_CONTEXT
HEAVY,1,1006,post_ho_fresh_ms,268.2149720857143,194.91498957142855,-73.29998251428574,FROZEN_PRODUCTION_CONTEXT
HEAVY,1,1007,post_ho_fresh_ms,216.0437211142857,176.50071014285712,-39.54301097142857,FROZEN_PRODUCTION_CONTEXT
HEAVY,1,1008,post_ho_fresh_ms,333.15796625714285,205.30068431428572,-127.85728194285713,FROZEN_PRODUCTION_CONTEXT
HEAVY,1,1009,post_ho_fresh_ms,220.81502568571426,195.85788374285713,-24.957141942857135,FROZEN_PRODUCTION_CONTEXT
HEAVY,1,1010,post_ho_fresh_ms,273.6864895714286,199.8294179142857,-73.85707165714288,FROZEN_PRODUCTION_CONTEXT
HEAVY,1,1011,post_ho_fresh_ms,337.5721894571428,211.972177,-125.60001245714284,FROZEN_PRODUCTION_CONTEXT
HEAVY,1,1012,post_ho_fresh_ms,343.34367277142854,209.48655174285713,-133.8571210285714,FROZEN_PRODUCTION_CONTEXT
HEAVY,1,1013,post_ho_fresh_ms,303.80078408571427,209.17215197142858,-94.6286321142857,FROZEN_PRODUCTION_CONTEXT
HEAVY,1,1014,post_ho_fresh_ms,239.80082134285715,207.0006860285714,-32.80013531428574,FROZEN_PRODUCTION_CONTEXT
HEAVY,1,1015,post_ho_fresh_ms,331.9722827142857,204.71511894285715,-127.25716377142857,FROZEN_PRODUCTION_CONTEXT
HEAVY,1,1016,post_ho_fresh_ms,291.42938694285715,194.30082968571426,-97.12855725714289,FROZEN_PRODUCTION_CONTEXT
HEAVY,1,1017,post_ho_fresh_ms,212.58657368571426,195.17231105714285,-17.414262628571407,FROZEN_PRODUCTION_CONTEXT
HEAVY,1,1018,post_ho_fresh_ms,376.94364808571424,228.74363288571428,-148.20001519999997,FROZEN_PRODUCTION_CONTEXT
HEAVY,1,1019,post_ho_fresh_ms,262.8007524285714,209.02931437142857,-53.77143805714283,FROZEN_PRODUCTION_CONTEXT
HEAVY,1,1020,post_ho_fresh_ms,351.71501265714284,217.7150888857143,-133.99992377142854,FROZEN_PRODUCTION_CONTEXT
HEAVY,1,1021,post_ho_fresh_ms,254.1293684285714,205.7294114,-48.39995702857141,FROZEN_PRODUCTION_CONTEXT
HEAVY,1,1022,post_ho_fresh_ms,275.81509174285713,220.4150732285714,-55.40001851428573,FROZEN_PRODUCTION_CONTEXT
HEAVY,1,1023,post_ho_fresh_ms,320.0864483142857,242.15794854285713,-77.92849977142856,FROZEN_PRODUCTION_CONTEXT
HEAVY,1,1024,post_ho_fresh_ms,343.9150742571428,197.1580603142857,-146.7570139428571,FROZEN_PRODUCTION_CONTEXT
HEAVY,1,1025,post_ho_fresh_ms,242.4150557428571,210.17225002857143,-32.24280571428568,FROZEN_PRODUCTION_CONTEXT
HEAVY,1,1026,post_ho_fresh_ms,242.37211082857144,185.85794808571427,-56.51416274285717,FROZEN_PRODUCTION_CONTEXT
HEAVY,1,1027,post_ho_fresh_ms,286.1294651142857,201.00077494285713,-85.12869017142859,FROZEN_PRODUCTION_CONTEXT
HEAVY,1,1028,post_ho_fresh_ms,304.5578931142857,212.78645094285713,-91.77144217142859,FROZEN_PRODUCTION_CONTEXT
HEAVY,1,1029,post_ho_fresh_ms,271.0151346,223.94365219999997,-47.071482400000036,FROZEN_PRODUCTION_CONTEXT
HEAVY,1,1030,post_ho_fresh_ms,197.4579058,182.84368214285712,-14.614223657142873,FROZEN_PRODUCTION_CONTEXT
HEAVY,1,1031,post_ho_fresh_ms,289.84365528571425,236.6150819142857,-53.22857337142855,FROZEN_PRODUCTION_CONTEXT
HEAVY,1,1032,post_ho_fresh_ms,309.4008507142857,206.2580195142857,-103.14283119999999,FROZEN_PRODUCTION_CONTEXT
HEAVY,1,1033,post_ho_fresh_ms,340.8721524285714,208.48638557142857,-132.3857668571428,FROZEN_PRODUCTION_CONTEXT
HEAVY,1,1034,post_ho_fresh_ms,327.65789882857143,208.61507094285713,-119.0428278857143,FROZEN_PRODUCTION_CONTEXT
HEAVY,1,1035,post_ho_fresh_ms,269.00089551428573,206.1435716285714,-62.85732388571432,FROZEN_PRODUCTION_CONTEXT
HEAVY,1,1036,post_ho_fresh_ms,289.25798339999994,208.07226408571427,-81.18571931428568,FROZEN_PRODUCTION_CONTEXT
HEAVY,1,1037,post_ho_fresh_ms,237.30086728571428,194.07233357142857,-43.2285337142857,FROZEN_PRODUCTION_CONTEXT
HEAVY,1,1038,post_ho_fresh_ms,245.10071848571428,187.55785619999997,-57.54286228571431,FROZEN_PRODUCTION_CONTEXT
HEAVY,1,1039,post_ho_fresh_ms,268.17222248571426,200.7864152857143,-67.38580719999996,FROZEN_PRODUCTION_CONTEXT
HEAVY,1,1040,post_ho_fresh_ms,270.60093128571424,228.68640797142857,-41.914523314285674,FROZEN_PRODUCTION_CONTEXT
HEAVY,1,1041,post_ho_fresh_ms,245.88652054285714,208.8150632857143,-37.07145725714284,FROZEN_PRODUCTION_CONTEXT
HEAVY,1,1042,post_ho_fresh_ms,274.90085619999996,183.9150672857143,-90.98578891428568,FROZEN_PRODUCTION_CONTEXT
HEAVY,1,1043,post_ho_fresh_ms,296.1864728857143,238.67222854285714,-57.514244342857154,FROZEN_PRODUCTION_CONTEXT
HEAVY,1,1044,post_ho_fresh_ms,219.51528019999998,201.4007701428571,-18.114510057142866,FROZEN_PRODUCTION_CONTEXT
HEAVY,1,1045,post_ho_fresh_ms,261.0579312857143,212.11506442857143,-48.94286685714286,FROZEN_PRODUCTION_CONTEXT
HEAVY,1,1046,post_ho_fresh_ms,260.95791837142855,191.85797414285713,-69.09994422857142,FROZEN_PRODUCTION_CONTEXT
HEAVY,1,1047,post_ho_fresh_ms,291.28642099999996,228.78648305714285,-62.499937942857116,FROZEN_PRODUCTION_CONTEXT
HEAVY,1,1048,post_ho_fresh_ms,228.8437747142857,204.68650625714287,-24.157268457142834,FROZEN_PRODUCTION_CONTEXT
HEAVY,1,1049,post_ho_fresh_ms,271.5436056857143,208.30076305714283,-63.24284262857145,FROZEN_PRODUCTION_CONTEXT
HEAVY,1,1050,post_ho_fresh_ms,292.4007522,212.37222088571428,-80.02853131428571,FROZEN_PRODUCTION_CONTEXT
HEAVY,1,1051,post_ho_fresh_ms,252.17224408571428,210.9150516285714,-41.25719245714288,FROZEN_PRODUCTION_CONTEXT
HEAVY,1,1052,post_ho_fresh_ms,296.4292827142857,199.9293107142857,-96.49997200000001,FROZEN_PRODUCTION_CONTEXT
HEAVY,1,1053,post_ho_fresh_ms,299.11504237142856,197.15793505714285,-101.95710731428571,FROZEN_PRODUCTION_CONTEXT
HEAVY,1,1054,post_ho_fresh_ms,240.04371482857144,201.42936637142856,-38.61434845714288,FROZEN_PRODUCTION_CONTEXT
HEAVY,1,1055,post_ho_fresh_ms,210.47225277142857,195.21504831428572,-15.257204457142848,FROZEN_PRODUCTION_CONTEXT
HEAVY,1,1056,post_ho_fresh_ms,244.4292808857143,190.98654580000002,-53.442735085714276,FROZEN_PRODUCTION_CONTEXT
HEAVY,1,1057,post_ho_fresh_ms,377.72928454285716,250.38649002857142,-127.34279451428574,FROZEN_PRODUCTION_CONTEXT
HEAVY,1,1058,post_ho_fresh_ms,201.772209,190.200765,-11.571444000000014,FROZEN_PRODUCTION_CONTEXT
HEAVY,1,1059,post_ho_fresh_ms,305.37214008571425,215.7866474,-89.58549268571426,FROZEN_PRODUCTION_CONTEXT
HEAVY,1,1060,post_ho_fresh_ms,428.4579334571428,205.24346488571427,-223.21446857142854,FROZEN_PRODUCTION_CONTEXT
HEAVY,1,1061,post_ho_fresh_ms,320.9578800857143,222.15793917142855,-98.79994091428574,FROZEN_PRODUCTION_CONTEXT
HEAVY,1,1062,post_ho_fresh_ms,285.08646705714284,215.0579587142857,-70.02850834285715,FROZEN_PRODUCTION_CONTEXT
HEAVY,1,1063,post_ho_fresh_ms,363.0437227142857,224.9151034,-138.12861931428571,FROZEN_PRODUCTION_CONTEXT
HEAVY,1,1064,post_ho_fresh_ms,275.4436615714286,197.47230797142856,-77.97135360000004,FROZEN_PRODUCTION_CONTEXT
HEAVY,1,1065,post_ho_fresh_ms,249.67227094285712,201.05789299999998,-48.614377942857146,FROZEN_PRODUCTION_CONTEXT
HEAVY,1,1066,post_ho_fresh_ms,333.9721764285714,233.82930282857143,-100.14287359999997,FROZEN_PRODUCTION_CONTEXT
HEAVY,1,1067,post_ho_fresh_ms,328.8293999714286,263.7437461428571,-65.08565382857148,FROZEN_PRODUCTION_CONTEXT
HEAVY,1,1068,post_ho_fresh_ms,306.1864843142857,210.41498831428572,-95.77149599999996,FROZEN_PRODUCTION_CONTEXT
HEAVY,1,1069,post_ho_fresh_ms,235.5722594,189.88660385714286,-45.68565554285715,FROZEN_PRODUCTION_CONTEXT
HEAVY,1,1070,post_ho_fresh_ms,248.97227139999998,209.0864835142857,-39.88578788571428,FROZEN_PRODUCTION_CONTEXT
HEAVY,1,1071,post_ho_fresh_ms,259.57233665714284,194.38652751428572,-65.18580914285712,FROZEN_PRODUCTION_CONTEXT
HEAVY,1,1072,post_ho_fresh_ms,303.8150339142857,202.40077768571427,-101.41425622857145,FROZEN_PRODUCTION_CONTEXT
HEAVY,1,1073,post_ho_fresh_ms,259.9009189428571,227.9436008857143,-31.957318057142828,FROZEN_PRODUCTION_CONTEXT
HEAVY,1,1074,post_ho_fresh_ms,226.01509665714283,194.30076248571427,-31.71433417142856,FROZEN_PRODUCTION_CONTEXT
HEAVY,1,1075,post_ho_fresh_ms,253.84361608571427,192.00067802857143,-61.842938057142845,FROZEN_PRODUCTION_CONTEXT
HEAVY,1,1076,post_ho_fresh_ms,286.8435978,194.07229722857141,-92.77130057142858,FROZEN_PRODUCTION_CONTEXT
HEAVY,1,1077,post_ho_fresh_ms,274.21515185714287,209.51514431428572,-64.70000754285715,FROZEN_PRODUCTION_CONTEXT
HEAVY,1,1078,post_ho_fresh_ms,257.18645242857144,207.00078328571428,-50.185669142857165,FROZEN_PRODUCTION_CONTEXT
HEAVY,1,1079,post_ho_fresh_ms,248.62936077142857,193.52935174285713,-55.100009028571435,FROZEN_PRODUCTION_CONTEXT
HEAVY,1,1080,post_ho_fresh_ms,232.8007891142857,202.11520019999998,-30.685588914285717,FROZEN_PRODUCTION_CONTEXT
HEAVY,1,1081,post_ho_fresh_ms,242.78656854285714,197.2295443142857,-45.557024228571436,FROZEN_PRODUCTION_CONTEXT
HEAVY,1,1082,post_ho_fresh_ms,309.6151536857143,198.60079574285712,-111.01435794285717,FROZEN_PRODUCTION_CONTEXT
HEAVY,1,1083,post_ho_fresh_ms,279.20078282857145,183.5580101428571,-95.64277268571433,FROZEN_PRODUCTION_CONTEXT
HEAVY,1,1084,post_ho_fresh_ms,318.1864053428571,186.92928488571428,-131.2571204571428,FROZEN_PRODUCTION_CONTEXT
HEAVY,1,1085,post_ho_fresh_ms,289.0007277428571,187.8864299142857,-101.11429782857141,FROZEN_PRODUCTION_CONTEXT
HEAVY,1,1086,post_ho_fresh_ms,233.51506522857142,206.45783014285712,-27.057235085714296,FROZEN_PRODUCTION_CONTEXT
HEAVY,1,1087,post_ho_fresh_ms,294.4437020285714,201.8866499142857,-92.55705211428571,FROZEN_PRODUCTION_CONTEXT
HEAVY,1,1088,post_ho_fresh_ms,236.9720887714286,190.98650831428571,-45.98558045714287,FROZEN_PRODUCTION_CONTEXT
