pair_id,run_id,policy,rng_run,output_directory,load_id,interval_ms,normalized_load,evidence_source,aoi_mean_ns,aoi_p95_ns,aoi_estimable_ues,obsolete_aoi_count,delivery_age_mean_ns,delivery_age_p95_ns,useful_gap_p95_ns,delivery_age_estimable_ues,useful_gap_estimable_ues,obsolete_at_rx_count,freshness_effective_rx_fraction,status_residence_p95_ns,status_service_wait_mean_ns,status_residence_estimable_ues,status_terminal_total,status_fully_served_fraction,status_overflow_fraction,status_rlc_dispose_fraction,status_sim_end_censor_fraction,superseded_while_queued_fraction,supersession_depth_mean,queued_after_supersession_mean_ns,bytes_served_after_supersession_mean,bg_residence_p95_ns,bg_service_wait_mean_ns,bg_overflow_count,bg_terminal_total,qbar_bytes,hbar_ns,backlog_occupancy,queue_estimable_ues,select_status_priority_count,select_fifo_count,continue_partial_count,decision_count,status_queued_decision_count,priority_decision_fraction,status_other_competing_decision_count,priority_with_competing_other_count,status_delivery_fraction,bg_delivery_fraction,bg_goodput_mbps,bg_mean_delay_ms,bg_p95_delay_ms,bg_max_delay_ms,a_plus_mean_ns2,a_plus_estimable_events,ok_ho_count,backlog_exposed_ho_count,post_ho_first_fresh_mean_ns,post_ho_first_fresh_estimable_events,wall_clock_seconds,output_bytes,bytes_per_simulated_second,packet_lineage_bytes,rlc_lineage_bytes,policy_decision_bytes,bg_p50_delay_ms,bg_p90_delay_ms,bg_p99_delay_ms,bg_worst_ue_p95_ms,bg_worst_ue_p99_ms,bg_ue_spread_p95_ms,status_enqueue_first_p95_ms,status_service_duration_p95_ms,status_fully_served_to_rx_p95_ms,status_residence_mean_ms,max_rss_kb
I80-R2001,robust-i80-fifo-r2001,FIFO,2001,external_inputs/robust-i80-fifo-r2001,I80,80,0.25,NEW_PHASE9,162313381.50389114,404356378.53065175,35,0,56646573.30785455,201164830.61714274,245398540.61714283,35,35,0,1.0,148962856.42857122,29807834.709531553,35,20808,0.9974048442906575,0.0,0.0025951557093425604,0.0,0.02369281045751634,0.08737024221453288,695108608.0993915,131.27991886409737,168234285.00000003,29985738.679248307,0,51985,200.11494926343403,30517898.36995699,0.3431021283333333,35,0,72637,305483,378120,87231,0.0,59436,0,0.989878,0.984615,0.912564705882353,64.2528,125.0,4738.93,2.1088073563900605e+17,70,70,42,194886354.37142858,70,161.787251842994,375442609,3077398.4344262294,37490239,111743028,89454560,37.24397537142857,99.08100577142864,566.8752680479998,1420.329425999991,3897.730382800001,1377.399999999991,134.70428499999966,22.75999999999997,24.715174599999997,36.24087233114434,83712.0
I80-R2001,robust-i80-policy-r2001,STATUS_PRIORITY_NON_DROPPING,2001,external_inputs/robust-i80-policy-r2001,I80,80,0.25,NEW_PHASE9,142044964.92658505,252230618.53427014,35,0,39316504.90153672,86751998.27428566,241182892.59428567,35,35,0,1.0,63208570.7142857,13928408.10308416,35,20810,0.9990869774147044,0.0,0.000913022585295531,0.0,0.011484863046612205,0.015377222489187891,156592362.94142258,119.22594142259415,158414284.99999997,31706002.739834227,0,51994,195.97099447178775,26593740.213848505,0.34287237128435377,35,20796,51870,304713,377379,74103,0.05510640496689005,46584,11148,0.991401,0.984594,0.912544537815126,66.1318,125.0,5244.93,1.3302120828707984e+17,70,70,40,185929190.4857143,70,160.7933779419982,387810624,3178775.606557377,37930838,112631251,99056869,37.27249514285714,98.86100488000001,620.4452819794287,1592.479426000003,4210.530614800002,1550.549704000003,39.18428499999998,26.682857142857124,22.714709,21.17409048037509,82944.0
I80-R2002,robust-i80-fifo-r2002,FIFO,2002,external_inputs/robust-i80-fifo-r2002,I80,80,0.25,NEW_PHASE9,208865401.5502585,710449758.3529255,35,0,96406175.44870727,479701962.7199996,261364282.52571422,35,35,0,1.0,367927142.1428572,62491975.79944804,35,20772,0.9985076063932217,0.0,0.0014923936067783555,0.0,0.04039091084151743,0.1979106489505103,1093462648.3992848,141.2467222884386,262348570.71428582,51244409.942656934,0,51765,319.71103011086126,75154045.52447902,0.37613380990884354,35,0,72449,346392,418841,105947,0.0,76333,0,0.983891,0.975215,0.9038521008403362,87.8746,190.0,9264.93,2.7240645975730602e+17,70,70,39,205114817.45714286,70,163.319622377021,400733606,3284701.6885245903,37396917,120372907,99089915,41.32956657142857,190.9638321028572,1034.0838835291427,2558.9294259999997,9048.130952079997,2519.9999999999995,343.55142785714344,28.364285714285703,27.715013,70.95519502709094,85248.0
I80-R2002,robust-i80-policy-r2002,STATUS_PRIORITY_NON_DROPPING,2002,external_inputs/robust-i80-policy-r2002,I80,80,0.25,NEW_PHASE9,150570001.3264762,295197532.19620144,35,0,44507292.16150772,108439105.98857138,257337125.87428567,35,35,0,1.0,80389999.28571422,15879483.58639748,35,20762,0.9994701859165783,0.0,0.0005298140834216357,0.0,0.01632790675272132,0.022252191503708697,175650234.48672566,118.5575221238938,295724285.0,60457728.103050776,0,51752,319.72131872124896,62789922.03057123,0.37570263400136056,35,20754,51698,346908,419360,85329,0.04948969858832507,55911,11361,0.985034,0.975563,0.9041747899159663,93.8764,187.0,9301.93,1.6292095147704195e+17,70,70,37,200429248.8857143,70,163.48727242698078,415181286,3403125.295081967,37840294,121608328,110056449,41.01532577142857,205.5695245371429,1187.5004129851422,3407.279431199998,11126.730086239995,3367.3500051999977,49.21714214285712,33.89142857142854,27.714709,25.383458130151016,85504.0
I80-R2003,robust-i80-fifo-r2003,FIFO,2003,external_inputs/robust-i80-fifo-r2003,I80,80,0.25,NEW_PHASE9,169875249.25289798,464179646.4216157,35,0,60359861.00167167,276292025.6799997,245065718.99428558,35,35,0,1.0,227167142.14285702,31551978.635731805,35,20797,0.997980477953551,0.0,0.002019522046449007,0.0,0.014521325191133336,0.08227148146367265,1348670644.6854305,131.0728476821192,150595713.57142854,26217510.154937692,0,51925,182.77978932415374,36899929.84604104,0.35892617103129254,35,0,72605,345968,418573,88626,0.0,56984,0,0.984054,0.9775,0.9059697478991596,61.183,115.0,8680.93,2.0655382780404826e+17,70,70,40,195972052.08571428,70,163.07371689399588,400688062,3284328.37704918,37412686,120413017,98945604,38.958166,77.04669267428575,522.4903554628573,2197.2294260000103,6569.329606560006,2158.2994080000103,207.51142785714282,24.795714285714272,28.714709,39.022499317113585,85760.0
I80-R2003,robust-i80-policy-r2003,STATUS_PRIORITY_NON_DROPPING,2003,external_inputs/robust-i80-policy-r2003,I80,80,0.25,NEW_PHASE9,142870787.08234012,253638830.17716098,35,0,39154429.04356191,80137747.81714283,245580049.50857142,35,35,0,1.0,54348570.71428567,12398090.887946501,35,20804,0.9992789848106134,0.0,0.0007210151893866564,0.0,0.007690828686791002,0.01062295712363007,170245126.2625,126.55625,175948570.71428546,29648395.15633472,0,51939,181.9985776230408,28916503.29104698,0.35942821185034013,35,20795,51833,346934,419562,81533,0.04956359250837779,50247,11013,0.985143,0.977565,0.9060302521008403,64.499,115.0,9726.93,1.2567857800003174e+17,70,70,41,190343423.85714287,70,162.3098277800018,415448020,3405311.6393442624,37852043,121762317,110069793,39.01532462857143,77.50102741714288,565.5920902377134,3745.1294259999263,7552.589425999963,3706.5496891999264,30.154284999999923,25.80714285714284,28.714709,20.491090055467048,86272.0
I80-R2004,robust-i80-fifo-r2004,FIFO,2004,external_inputs/robust-i80-fifo-r2004,I80,80,0.25,NEW_PHASE9,196959257.174966,609155205.4565643,35,0,75322542.19899297,296704789.35999995,270942802.02285707,35,35,0,1.0,251782856.42857125,44380270.90137374,35,20747,0.9950836265484166,0.0,0.004916373451583362,0.0,0.0419819732973442,0.14426182098616666,770523314.445465,131.22043628013776,267321427.8571428,44686236.22150981,0,51820,316.45086043983537,63839132.881497316,0.4052671822408163,35,0,72273,375740,448013,116630,0.0,85185,0,0.982476,0.9775,0.9059697478991596,84.129,210.0,6480.93,2.2577420333905018e+17,70,70,51,195586346.02857143,70,165.32055212502019,420083649,3443308.598360656,37409324,126715118,106069687,39.98676668571429,170.5952537942857,828.500404157714,1553.3296775999995,5728.529662799999,1509.4002515999996,232.3385707142856,29.24999999999999,22.714709,53.053409187163794,87552.0
I80-R2004,robust-i80-policy-r2004,STATUS_PRIORITY_NON_DROPPING,2004,external_inputs/robust-i80-policy-r2004,I80,80,0.25,NEW_PHASE9,154137869.08985034,312002675.1551934,35,0,46717537.11519985,118103384.65142854,264814168.83428562,35,35,0,1.0,90685713.57142852,18207271.875955123,35,20749,0.9985059520940768,0.0,0.001494047905923177,0.0,0.01710925827750735,0.02433852233842595,217610498.05915493,122.92957746478874,356417142.1428571,58882596.26460912,0,51790,358.7098940266707,67364122.0574768,0.4062166866190476,35,20723,51574,376951,449248,92946,0.0461281964527388,62027,11473,0.985741,0.977021,0.9055260504201681,100.118,240.0,8074.93,1.4713051672249587e+17,70,70,49,192200560.77142859,70,165.21639521798352,435919574,3573111.2622950817,37849909,128160942,118006631,40.01533091428571,217.85808940571442,1055.7646761622857,1962.3294259999968,7276.379440800003,1918.399999999997,62.337142142857104,34.838571428571406,21.715716999999998,28.16499018809044,88064.0
I80-R2005,robust-i80-fifo-r2005,FIFO,2005,external_inputs/robust-i80-fifo-r2005,I80,80,0.25,NEW_PHASE9,206085640.74002722,698045375.5358409,35,0,90842126.20547591,416297727.48571366,254061484.20571426,35,35,0,1.0,320598570.71428525,58139387.870027624,35,20763,0.9979771709290565,0.0,0.0020228290709435053,0.0,0.03515869575687521,0.1849925347974763,1213205032.4684932,136.18082191780823,233377142.14285702,47284944.90913841,0,51747,314.2059811735034,74325569.29869543,0.389613382292517,35,0,72386,357168,429554,105647,0.0,75324,0,0.986231,0.980154,0.9084302521008403,85.3915,171.0,10368.9,3.256678176660061e+17,70,70,45,230243419.4,70,163.02654650402837,408123656,3345275.868852459,37443227,122758132,101689770,38.72965548571428,120.68379752000003,1178.930043380572,2612.9294259999997,9590.189426000003,2568.9999999999995,301.265713571428,26.952857142857123,21.715719399999998,66.31464822604956,87552.0
I80-R2005,robust-i80-policy-r2005,STATUS_PRIORITY_NON_DROPPING,2005,external_inputs/robust-i80-policy-r2005,I80,80,0.25,NEW_PHASE9,151496794.49763265,299510512.6552329,35,0,46331480.95208726,115890554.38857138,253371534.91428566,35,35,0,1.0,85385713.57142854,17762368.536837097,35,20758,0.9992292128336063,0.0,0.0007707871663936795,0.0,0.01666827247326332,0.027362944406975623,272834866.6647399,119.61849710982659,249635713.57142836,55822204.88971993,0,51756,317.87403695658367,59164023.855926886,0.3887820314666667,35,20744,51643,356814,429201,86446,0.04833166744718675,56350,11358,0.987701,0.978414,0.906816806722689,94.5667,167.0,10436.9,1.745511223884982e+17,70,70,47,197386305.8,70,162.11199370399117,422220459,3460823.4344262294,37867935,123830638,112710859,38.58676862857143,138.03523827428577,1346.8192554399996,3261.1294259999986,8547.329449679983,3217.1995951999984,50.73285642857138,32.45857142857141,21.715677799999998,27.437521547744453,87808.0
I80-R2006,robust-i80-fifo-r2006,FIFO,2006,external_inputs/robust-i80-fifo-r2006,I80,80,0.25,NEW_PHASE9,165843771.03227213,426599989.43867445,35,0,57209731.01319323,191914908.9599999,239328525.07428566,35,35,0,1.0,116668570.71428584,29921288.17345003,35,20786,0.9976426440873665,0.0,0.0023573559126335033,0.0,0.018858847301068026,0.07885114981237372,975403352.3775511,130.44132653061226,97312856.42857136,27922037.294887625,0,51909,193.0495070339415,34036031.87199164,0.33781884354557823,35,0,72540,306901,379441,83337,0.0,54958,0,0.988245,0.983723,0.9117378151260503,62.0037,117.0,6702.93,4.644903890020835e+17,70,70,40,253200555.62857142,70,160.2931268250104,376216163,3083739.0409836066,37475500,112001578,89730830,37.12963365714286,73.08101573714286,678.2535141462859,628.1794259999999,5574.129426000001,588.2499999999999,94.21999928571415,22.70142857142856,26.714861,36.512927215466235,83456.0
I80-R2006,robust-i80-policy-r2006,STATUS_PRIORITY_NON_DROPPING,2006,external_inputs/robust-i80-policy-r2006,I80,80,0.25,NEW_PHASE9,144831964.4372245,261036049.05539644,35,0,40919838.63448197,78523411.5885714,235464299.87428567,35,35,0,1.0,56425713.57142857,14927805.238612141,35,20792,0.9990380915736822,0.0,0.0009619084263178145,0.0,0.011398614851866102,0.020200076952674107,316733617.84388185,122.61181434599156,106011427.85714284,31765105.701784577,0,51910,199.37736954171018,29198493.530544966,0.33866655978911564,35,20775,51778,307600,380153,73796,0.05464904919861214,45756,11055,0.990313,0.98331,0.9113546218487395,65.8536,118.0,7566.93,2.239827009251644e+17,70,70,42,222143423.4,70,160.22525043497444,389499560,3192619.344262295,37914166,113210154,99763873,37.30104382857142,73.2381079657143,781.5169448091426,1005.6294259999943,7182.289639120001,965.6999999999942,32.64999928571427,25.724285714285706,26.714709,22.32582476824453,83200.0
I80-R2007,robust-i80-fifo-r2007,FIFO,2007,external_inputs/robust-i80-fifo-r2007,I80,80,0.25,NEW_PHASE9,167597497.20065305,453250855.257348,35,0,57202159.47468372,212179101.35999987,242001455.6685714,35,35,0,1.0,175428570.7142857,30519010.00465485,35,20798,0.9956245792864699,0.0,0.004375420713530147,0.0,0.025819790364458122,0.10063467641119338,787042320.5158287,124.26815642458101,182301427.85714287,30171547.998698015,0,51936,216.61514334534832,36714160.17109701,0.344801137059864,35,0,72462,315669,388131,89424,0.0,60666,0,0.98819,0.98294,0.9110117647058824,64.3538,124.0,4625.93,2.009604339613228e+17,70,70,44,216357750.6,70,160.2615081880067,382478576,3135070.295081967,37470808,113813130,91759287,36.87247857142857,89.3838604914287,624.278319851428,2186.629440799998,3594.7895414399973,2144.699851999998,153.9171421428569,22.438571428571418,25.714709,37.3865958687379,84736.0
I80-R2007,robust-i80-policy-r2007,STATUS_PRIORITY_NON_DROPPING,2007,external_inputs/robust-i80-policy-r2007,I80,80,0.25,NEW_PHASE9,143025199.94590476,258177270.82664385,35,0,40643880.00242142,90542059.18857136,240445761.53142852,35,35,0,1.0,65614284.9999999,14798035.239675933,35,20805,0.9990386926219659,0.0,0.0009613073780341264,0.0,0.01254506128334535,0.02037971641432348,219820779.2835249,121.00383141762453,198662856.42857146,31611986.257086325,0,51960,213.7848084940585,29873897.280187894,0.34460675415782316,35,20790,51746,315726,388262,76371,0.05354631666245988,47788,11111,0.991946,0.982766,0.9108504201680672,66.0321,124.0,5585.93,1.4767763156606093e+17,70,70,43,208671993.57142857,70,159.13270823800121,395745083,3243812.155737705,37916474,114915633,101854769,36.815363485714286,95.42388110857144,644.0723616868562,1721.929426,3673.629677599996,1679.0,38.56714214285709,26.108571428571413,25.714709,22.407196450934528,84992.0
I80-R2008,robust-i80-fifo-r2008,FIFO,2008,external_inputs/robust-i80-fifo-r2008,I80,80,0.25,NEW_PHASE9,207526852.00838095,779174526.7330843,35,0,81881036.54282041,367576279.7942853,253350021.10857135,35,35,0,1.0,260922856.42857012,50988878.28918507,35,20719,0.996669723442251,0.0,0.003330276557748926,0.0,0.026738742217288478,0.16009459916019114,1517190285.7725632,129.42057761732852,220692856.4285713,45048373.26201725,0,51647,310.32010326435375,74641203.21515362,0.35559029172108847,35,0,72177,324675,396852,91480,0.0,62288,0,0.981769,0.975063,0.9037109243697479,81.7979,126.0,7871.93,1.1903030884964651e+17,70,70,39,177357743.2857143,70,160.2327953169879,387056756,3172596.3606557376,37386320,115626476,93845147,37.92955594285714,105.82672476571429,1119.3835557165717,2135.329603599999,6290.609426000004,2095.4001775999986,244.9099992857129,26.368571428571414,26.7154174,57.95642096232247,83968.0
I80-R2008,robust-i80-policy-r2008,STATUS_PRIORITY_NON_DROPPING,2008,external_inputs/robust-i80-policy-r2008,I80,80,0.25,NEW_PHASE9,152434390.87357822,299579924.20687354,35,0,44818846.07853748,101551969.10857137,251005729.93142852,35,35,0,1.0,74712856.42857133,17228832.18132881,35,20715,0.9993241612358195,0.0,0.0006758387641805455,0.0,0.013806420468259716,0.021868211440984792,314397364.1188811,125.11888111888112,271088570.7142856,52234866.64267385,0,51622,317.8039967552326,65213895.74195,0.3565844608312925,35,20707,51466,323973,396146,79113,0.052271132360291406,50398,11153,0.984544,0.973953,0.9026823529411765,88.9779,127.0,9174.93,1.1525206162906794e+17,70,70,37,176271992.42857143,70,158.99565422697924,400002529,3278709.2540983604,37820663,116546858,103940763,37.815329199999994,122.40952874285725,1283.0586477691409,3444.2296331999964,8246.929425999999,3403.3002011999965,48.63428499999996,29.42142857142854,26.715260999999998,25.766300981764076,85248.0
I80-R2009,robust-i80-fifo-r2009,FIFO,2009,external_inputs/robust-i80-fifo-r2009,I80,80,0.25,NEW_PHASE9,149385039.18487075,331306710.4329303,35,0,41669047.987551,88186352.8228571,227461488.4342857,35,35,0,1.0,58579999.28571419,17695825.021134235,35,20809,0.9976452496515931,0.0,0.0023547503484069392,0.0,0.01417655822000096,0.0414243836801384,613774940.1423728,127.2135593220339,81992856.42857143,18455687.684819337,0,52013,132.54719717038776,18670305.335813716,0.2930011950312925,35,0,72696,258901,331597,70104,0.0,44514,0,0.990259,0.98653,0.9143394957983193,48.9285,103.0,4202.93,1.8791222879482518e+17,70,70,35,184243501.0,70,154.0758756689902,346418721,2839497.7131147543,37507062,101689683,78351813,34.70107994285714,64.21529864000001,358.91549580342877,478.32942599999916,3230.1394340000006,438.3999999999992,44.34999928571421,15.697142857142854,27.714709,22.83925176006368,80128.0
I80-R2009,robust-i80-policy-r2009,STATUS_PRIORITY_NON_DROPPING,2009,external_inputs/robust-i80-policy-r2009,I80,80,0.25,NEW_PHASE9,138795484.9605442,254316569.79838708,35,0,36065779.431231655,65620585.55428569,227421518.25142854,35,35,0,1.0,43361427.85714282,12180034.897485696,35,20810,0.9989908697741471,0.0,0.0010091302258529553,0.0,0.006727534839019702,0.010764055742431524,289960771.6571429,113.20714285714286,79362856.42857137,19238161.79535008,0,52017,132.38465549871293,15773790.644219797,0.29286688987482995,35,20792,51922,258888,331602,62883,0.06270167248689694,37383,10848,0.99102,0.98677,0.9145613445378151,49.8633,102.0,4348.93,1.3652035291820395e+17,70,70,35,178943537.57142857,70,151.28275683999527,357901882,2933621.9836065574,37946922,102645919,86958523,34.701093542857144,65.59246083428573,398.1727096594285,505.82972199999915,3417.929988399993,465.9002959999992,23.4585707142857,17.745714285714286,27.714709,17.62116681356833,79872.0
I80-R2010,robust-i80-fifo-r2010,FIFO,2010,external_inputs/robust-i80-fifo-r2010,I80,80,0.25,NEW_PHASE9,160147229.18040815,384429906.49637127,35,0,53234610.210612826,161699198.11428562,238111473.07428566,35,35,0,1.0,117088570.71428558,26466116.221163053,35,20800,0.9979807692307693,0.0,0.0020192307692307693,0.0,0.01706730769230769,0.07120192307692308,886181776.3859155,132.1380281690141,108137142.142857,25236058.467448723,0,51958,172.46038578357414,28378247.745521143,0.3279279007687075,35,0,72654,296819,369473,79740,0.0,51666,0,0.988517,0.984158,0.9121411764705882,58.686,114.0,5759.93,2.912639776419791e+17,70,70,42,202329112.08571428,70,159.0550786970125,370300871,3035253.0409836066,37481544,109834086,87332513,36.32964462857143,73.20380161142857,642.1443414125721,845.9294259999999,5400.479426000002,802.9999999999999,97.28428499999967,20.359999999999975,27.714709,32.75624723598387,82944.0
I80-R2010,robust-i80-policy-r2010,STATUS_PRIORITY_NON_DROPPING,2010,external_inputs/robust-i80-policy-r2010,I80,80,0.25,NEW_PHASE9,142493456.6242177,253946969.8396778,35,0,39451077.5105061,78239118.41142853,235802766.93714285,35,35,0,1.0,53107142.14285711,14058321.783288794,35,20803,0.9992308801615152,0.0,0.0007691198384848339,0.0,0.008796808152670288,0.013844157092727011,296669807.55737704,128.13661202185793,110849999.28571415,27074906.534884714,0,51960,172.1131352492095,24921418.608863585,0.3280253351755102,35,20792,51873,296723,369388,71527,0.056287697488819344,43649,10986,0.990639,0.98418,0.912161344537815,60.5481,114.0,6560.93,1.584639375457752e+17,70,70,41,202514847.05714285,70,159.3584833460045,382921603,3138701.6639344264,37924564,110845278,96895061,36.343961885714286,72.26951582857143,694.8220779542856,946.9294259999999,6170.9294260000015,904.9999999999999,31.101427857142834,22.657142857142837,26.715013,20.788306589884666,82432.0
I80-R2011,robust-i80-fifo-r2011,FIFO,2011,external_inputs/robust-i80-fifo-r2011,I80,80,0.25,NEW_PHASE9,174615992.6459864,473195523.1411418,35,0,69469294.88837318,295031976.67428535,256894304.02285707,35,35,0,1.0,253822856.4285713,39599327.11258077,35,20806,0.9984139190618091,0.0,0.0015860809381909064,0.0,0.032442564644813994,0.12943381716812458,744676968.3659259,139.01037037037037,266872856.4285713,37899022.221354865,0,51964,247.17089097285304,42163333.69684254,0.36324329474013606,35,0,72669,333116,405785,100557,0.0,71530,0,0.987211,0.980699,0.9089344537815126,75.3811,161.0,4351.93,3.422049703514596e+17,70,70,44,196786287.4,70,162.20684001897462,393133117,3222402.598360656,37449274,117636202,96002938,39.629611371428574,152.5810003085715,570.8672661577143,2828.7294323999995,3531.6894259999995,2787.7994139999996,234.9199992857141,25.18571428571427,27.714709,46.892702784234054,84480.0
I80-R2011,robust-i80-policy-r2011,STATUS_PRIORITY_NON_DROPPING,2011,external_inputs/robust-i80-policy-r2011,I80,80,0.25,NEW_PHASE9,145584814.47434014,265348481.87996024,35,0,41930967.63468937,93676376.10285707,253157177.24571425,35,35,0,1.0,69062856.42857139,15315099.412488014,35,20810,0.9992311388755406,0.0,0.0007688611244593945,0.0,0.013070639115809708,0.019942335415665546,193189634.29411766,119.6875,291857142.1428569,42875070.24516153,0,51952,249.9397603029306,39660922.53990529,0.3616287952163265,35,20797,51872,331947,404616,81925,0.05139935148387607,53537,11324,0.986667,0.980742,0.9089747899159664,80.7658,155.0,4996.93,1.7027241974811123e+17,70,70,40,201929169.91428572,70,161.91512700999738,405947948,3327442.1967213117,37882625,118481038,106195805,39.44401308571428,170.7695747085716,710.6324355382856,3233.3295779999985,4190.7694260000035,3192.4001439999984,45.97999928571424,28.508571428571404,26.714861,23.103301689912186,84736.0
I80-R2012,robust-i80-fifo-r2012,FIFO,2012,external_inputs/robust-i80-fifo-r2012,I80,80,0.25,NEW_PHASE9,235615209.84108844,994769689.1663455,35,0,105946989.23349144,611097600.4228565,260899903.82857138,35,35,0,1.0,477291427.8571421,70130209.70084918,35,20722,0.996428916127787,0.0,0.003571083872213107,0.0,0.04155004343210115,0.2051925489817585,1315249624.4169571,134.2520325203252,229854285.0,52767936.250418484,0,51615,353.25696970065576,102687550.68391983,0.4018887177020408,35,0,72134,368650,440784,111428,0.0,80155,0,0.979918,0.972995,0.9017949579831932,89.8061,195.0,10672.9,4.6243173315247763e+17,70,71,43,221657698.14285713,70,166.32883394201053,415392926,3404860.049180328,37368034,125109992,104335718,40.329610342857144,143.4666579314286,1306.811764413714,1503.1794259999995,9716.439425999995,1463.2497039999994,449.40999928571375,27.92714285714284,24.714709,78.70870915428593,87296.0
I80-R2012,robust-i80-policy-r2012,STATUS_PRIORITY_NON_DROPPING,2012,external_inputs/robust-i80-policy-r2012,I80,80,0.25,NEW_PHASE9,153921823.1622313,308806439.096925,35,0,46793609.135610394,120521970.49142846,257607138.582857,35,35,0,1.0,91568570.71428566,17602860.805266086,35,20738,0.9987462628990259,0.0,0.0012537371009740572,0.0,0.018275629279583372,0.02724467161732086,217174750.07651716,118.10554089709763,309215713.57142854,65421430.88852407,0,51669,369.78452526392925,72839299.00906284,0.4018024008952381,35,20717,51535,369836,442088,90751,0.04686171079061183,59750,11392,0.984163,0.974627,0.9033075630252101,101.28,206.0,10915.9,1.8587082514341555e+17,70,71,41,221157722.02857143,70,165.58316402198398,431070826,3533367.426229508,37827012,126580578,116096418,40.27247628571428,198.56096558857143,1452.203576406856,1849.529425999999,10951.129559199995,1809.5997039999988,60.33428499999997,33.502857142857124,24.714861,27.65612493678729,87040.0
I80-R2013,robust-i80-fifo-r2013,FIFO,2013,external_inputs/robust-i80-fifo-r2013,I80,80,0.25,NEW_PHASE9,231273607.706449,880850507.2769712,35,0,105036755.89222632,562912007.7028567,269594348.98285705,35,35,0,1.0,468124284.9999997,70457260.81425959,35,20736,0.9930073302469136,0.0,0.00699266975308642,0.0,0.04624807098765432,0.28173225308641975,1335518767.6611054,128.1647549530761,429697142.1428569,62670898.33319404,0,51612,431.1423264455021,97625164.37823595,0.3992084066217687,35,0,71944,357600,429544,108241,0.0,77373,0,0.978667,0.970993,0.8999394957983193,102.763,195.0,6298.93,3.1322129738771565e+17,70,70,47,200400577.57142857,70,163.63587324201944,408647635,3349570.7786885244,37342782,122726562,101729029,39.84385388571428,201.92386344000005,1213.0737964982861,2779.9294259999997,5576.8494314399995,2732.7995263999996,449.22142785714254,26.83571428571427,23.714861,78.90601989207292,87552.0
I80-R2013,robust-i80-policy-r2013,STATUS_PRIORITY_NON_DROPPING,2013,external_inputs/robust-i80-policy-r2013,I80,80,0.25,NEW_PHASE9,152778586.08185035,305874787.3422497,35,0,47747585.51737589,133459096.02285707,265477223.73714277,35,35,0,1.0,104678570.71428561,18773681.31490996,35,20740,0.9989874638379942,0.0,0.0010125361620057858,0.0,0.022179363548698167,0.033751205400192864,213217706.2,122.15217391304348,449397142.1428568,68815633.09294869,0,51618,422.1628681170408,83568284.0710539,0.39900354753333334,35,20727,51288,358166,430181,87897,0.04818204430228206,57151,11355,0.985687,0.969688,0.8987294117647059,108.365,197.0,7561.93,1.7151554509075206e+17,70,70,49,191243407.2857143,70,163.97563205097686,423485085,3471189.2213114756,37788055,124014601,112996789,39.81527891428571,232.2409632571429,1381.3180392662853,3546.9294259999997,6079.249450320001,3499.9999999999995,68.51999928571422,33.86142857142855,22.714709,28.707020497454028,87296.0
I80-R2014,robust-i80-fifo-r2014,FIFO,2014,external_inputs/robust-i80-fifo-r2014,I80,80,0.25,NEW_PHASE9,214587070.06508842,726574417.5451,35,0,94405240.83295226,414693349.4285712,264679994.39999995,35,35,0,1.0,341595713.5714281,59835927.19308785,35,20747,0.9973972140550441,0.0,0.002602785944955897,0.0,0.04193377355762279,0.18494240131103293,997711139.8183908,138.132183908046,299948570.7142854,53780284.744351506,0,51769,342.84841831811156,81177525.28697398,0.39923820265306126,35,0,72350,372635,444985,114677,0.0,83535,0,0.981986,0.975237,0.9038722689075631,90.3669,208.0,10470.9,2.8382279196443152e+17,70,70,39,189100551.5142857,70,165.42029736298718,417433872,3421589.1147540985,37391321,126085698,105374111,44.30106645714285,205.58671598857137,870.8718197919998,2351.929648,10703.549426000001,2308.2501479999996,316.2842849999995,29.149999999999963,26.714709,68.5524846906758,87808.0
I80-R2014,robust-i80-policy-r2014,STATUS_PRIORITY_NON_DROPPING,2014,external_inputs/robust-i80-policy-r2014,I80,80,0.25,NEW_PHASE9,157914581.15776873,356766902.34766483,35,0,45610163.670880534,108786263.7714285,262319949.32571423,35,35,0,1.0,84708570.71428569,17344797.539771855,35,20733,0.9987941928326822,0.0,0.0012058071673178026,0.0,0.01630251290213669,0.023537355906043507,280784078.2751479,114.96449704142012,378719999.285714,66842030.064569555,0,51743,362.7565635088517,84445991.20296188,0.3984872599891156,35,20711,51622,372854,445187,90791,0.046522023329522204,60390,11407,0.983075,0.975258,0.9038924369747899,104.663,214.0,10349.9,1.4492234876811603e+17,70,70,40,184443414.02857143,70,165.6363749160082,432441833,3544605.1885245903,37827488,127300870,116941710,43.61533194285714,258.0209564228574,1010.2420509234274,3304.5295475999983,10297.129662800002,3261.5996659999983,56.18428499999998,33.385714285714265,25.714709,26.768457953522454,87552.0
I80-R2015,robust-i80-fifo-r2015,FIFO,2015,external_inputs/robust-i80-fifo-r2015,I80,80,0.25,NEW_PHASE9,184687415.10780954,586683655.2330145,35,0,51600554.98527833,115931988.73142843,237928572.78857142,35,35,0,1.0,82799999.28571416,25338703.02819681,35,20751,0.9967230494915907,0.0,0.0032769505084092334,0.0,0.014987229531106934,0.05498530191316081,1239543839.0321543,117.86173633440515,107001427.85714272,25403055.81156493,0,51868,189.63648462979864,50218948.61368693,0.3393521379210884,35,0,72414,316437,388851,81000,0.0,51248,0,0.982748,0.979175,0.9075226890756303,52.8342,112.0,5554.93,2.827506298849139e+17,70,70,38,226714842.6,70,159.76169225899503,381659215,3128354.2213114756,37428099,113976893,91894413,37.3153356,77.74386725714287,664.4238128205715,889.8294555999973,12918.490017999999,851.8997335999974,63.91857071428564,21.56857142857142,27.714709,31.93317472550285,83712.0
I80-R2015,robust-i80-policy-r2015,STATUS_PRIORITY_NON_DROPPING,2015,external_inputs/robust-i80-policy-r2015,I80,80,0.25,NEW_PHASE9,157003330.77801362,383284892.9818994,35,0,41247367.49836883,81877702.36571425,238637102.97142854,35,35,0,1.0,56318570.71428566,15100868.82673072,35,20751,0.99937352416751,0.0,0.0006264758324900005,0.0,0.0085778998602477,0.016288371644740014,428116384.7303371,126.1685393258427,102838570.71428567,23989126.314518955,0,51869,189.98878669048025,44916425.50182182,0.3389398541496599,35,20742,51698,315911,388351,74337,0.053410445705045176,44964,10917,0.985905,0.979393,0.9077243697478992,53.0508,112.0,5948.93,1.9924024921577846e+17,70,70,38,204486316.2,70,160.18372325098608,394520979,3233778.5163934426,37871293,114935517,101856503,37.18683182857143,73.99814053714289,715.454396754278,709.6794259999958,14035.250160319732,670.7499999999958,34.474284999999966,22.89142857142856,27.714709,22.387876394651627,84736.0
I80-R2016,robust-i80-fifo-r2016,FIFO,2016,external_inputs/robust-i80-fifo-r2016,I80,80,0.25,NEW_PHASE9,162268042.643483,382260210.7369494,35,0,52086430.01136447,188181961.87428555,242291403.3028571,35,35,0,1.0,154934284.99999985,25228920.024830725,35,20804,0.9966352624495289,0.0,0.0033647375504710633,0.0,0.012882138050374928,0.07094789463564699,1206809401.8059702,115.8731343283582,165575713.5714285,22831929.412736967,0,51955,166.91838133792382,29539683.69455288,0.3431147423782313,35,0,72556,317875,390431,80953,0.0,51320,0,0.984925,0.979197,0.9075428571428572,55.4588,111.0,5553.93,1.8037972816452646e+17,70,71,38,202986345.0,70,157.8377156519855,382906464,3138577.573770492,37427853,114422475,92338733,37.61536725714286,70.53808216000002,370.9677851268573,3298.3294260000002,4713.679716080001,3258.3997184000004,135.8399992857142,22.195714285714274,26.7151194,32.20084023841683,83968.0
I80-R2016,robust-i80-policy-r2016,STATUS_PRIORITY_NON_DROPPING,2016,external_inputs/robust-i80-policy-r2016,I80,80,0.25,NEW_PHASE9,142790494.12865305,256108790.18487754,35,0,38554655.75726142,81280585.55428569,238614269.99999997,35,35,0,1.0,57854284.99999999,12868458.015023598,35,20806,0.9986061712967413,0.0,0.0013938287032586754,0.0,0.007593963279823128,0.015139863500913198,332072449.65822786,117.29746835443038,180897142.14285702,24406430.317095943,0,51954,165.63623103686666,23770426.10177343,0.34323892119047617,35,20782,51795,318018,390595,75042,0.053206006221277795,45786,10943,0.986721,0.978283,0.9066957983193278,56.9407,110.0,7581.93,1.2470051336933582e+17,70,71,39,193286300.77142859,70,158.10025209799642,396234383,3247822.8114754097,37861345,115529696,102515745,37.5296932,69.04667189714286,411.81234914742856,4175.3294703999945,5706.229425999998,4134.400044399995,33.3585707142857,24.00285714285713,26.715013,20.23109350864953,84992.0
I80-R2017,robust-i80-fifo-r2017,FIFO,2017,external_inputs/robust-i80-fifo-r2017,I80,80,0.25,NEW_PHASE9,276080028.6331428,1041347608.5767783,35,0,138609479.01279745,723951908.2514285,274222774.9599999,35,35,0,1.0,636911427.8571426,99072062.37700842,35,20667,0.9948226641505782,0.0,0.005177335849421784,0.0,0.0539991290463057,0.32012386896985534,1477179367.4050179,134.8530465949821,489331427.85714245,78665886.54236549,0,51379,491.70499052060677,142849961.36894405,0.4064420122557823,35,0,71722,363440,435162,115986,0.0,85949,0,0.978014,0.969122,0.8982050420168067,114.02,252.0,9782.93,4.444767348207064e+17,70,71,45,238529105.68571427,70,169.0598596940108,411161189,3370173.680327869,37331197,123865135,103099762,40.07246165714285,283.75523873142845,1406.95604800686,4372.7297516,10152.689425999997,4327.7998224,614.8728564285713,29.479999999999986,21.715469,107.90842633851271,88064.0
I80-R2017,robust-i80-policy-r2017,STATUS_PRIORITY_NON_DROPPING,2017,external_inputs/robust-i80-policy-r2017,I80,80,0.25,NEW_PHASE9,160578967.86971426,342270325.76664895,35,0,51312867.494724706,145886240.11428565,267428446.6057142,35,35,0,1.0,119158570.71428561,21055889.825512845,35,20662,0.9986448552899042,0.0,0.001355144710095828,0.0,0.023908624528119253,0.038282838060207144,268698555.01619434,119.46761133603239,536624284.99999946,93517115.714392,0,51331,498.7055428084504,116996759.85105187,0.4053754038979592,35,20638,51058,361960,433656,89901,0.04759071706606158,60142,11455,0.982912,0.967229,0.8964504201680672,123.162,237.0,10203.9,1.949634478786456e+17,70,71,41,229543382.82857144,70,167.50860088100308,424668908,3480892.6885245903,37765162,124684703,113935759,39.900968285714285,255.01528444571449,1815.9289552000002,5884.929722,14296.329425999997,5840.000296,80.69571357142854,39.14142857142855,21.715389,32.26484484793444,86528.0
I80-R2018,robust-i80-fifo-r2018,FIFO,2018,external_inputs/robust-i80-fifo-r2018,I80,80,0.25,NEW_PHASE9,180166640.59722447,547879259.8047813,35,0,70208234.53839155,323197697.37142843,236471428.33142856,35,35,0,1.0,255494284.99999988,41378252.16176357,35,20784,0.9969207082371054,0.0,0.003079291762894534,0.0,0.023768283294842187,0.13553695150115475,1254714250.9352226,131.66396761133603,226778570.71428517,37508637.06051163,0,51839,248.54783495003264,48674191.493860304,0.3480351311265306,35,0,72447,319735,392182,86464,0.0,56716,0,0.987265,0.98035,0.9086117647058825,73.0713,116.0,6287.93,5.78217776555853e+17,70,70,42,240357714.37142858,70,159.76854090602137,384825027,3154303.5,37448258,114653917,92700892,37.24398085714285,80.53239694857146,860.3032415908591,1933.9296539999998,4689.749425999994,1894.9999263999998,233.9185707142856,20.128571428571423,25.714861,48.1105158712894,85504.0
I80-R2018,robust-i80-policy-r2018,STATUS_PRIORITY_NON_DROPPING,2018,external_inputs/robust-i80-policy-r2018,I80,80,0.25,NEW_PHASE9,142878200.30813605,262035351.4023679,35,0,39621323.13276071,88450529.19999996,237772863.95428568,35,35,0,1.0,62885713.57142853,13706999.181445172,35,20783,0.9991339075205697,0.0,0.0008660924794303036,0.0,0.011307318481451186,0.017033152095462637,195224330.2255319,119.36170212765957,255488570.7142857,43452986.194264054,0,51834,251.1336508294517,42412042.30846786,0.3475076286965987,35,20773,51700,319988,392461,75904,0.052930100060897774,46209,10963,0.988789,0.979937,0.9082285714285715,79.3536,116.0,7281.93,2.3144491618347565e+17,70,70,44,245843409.1142857,70,159.93197829299606,398366461,3265298.8606557376,37884785,115786612,102938213,37.201162571428576,81.38385630857148,1035.5246124228574,2458.329425999995,6180.289425999987,2419.3997615999947,36.194284999999994,23.244285714285695,25.714861,21.424581173737643,83968.0
I80-R2019,robust-i80-fifo-r2019,FIFO,2019,external_inputs/robust-i80-fifo-r2019,I80,80,0.25,NEW_PHASE9,173705410.89991838,403038958.22681403,35,0,61555881.23872347,201053430.6514285,247968577.4628571,35,35,0,1.0,169301427.8571428,32694765.570670508,35,20777,0.997400972228907,0.0,0.0025990277710930356,0.0,0.019396447995379505,0.0916879241468932,1071983270.8263028,129.43672456575683,196287142.1428571,32794050.09572191,0,51896,217.89181113594424,40688522.84634946,0.36269312930884356,35,0,72520,342126,414646,89116,0.0,58114,0,0.983837,0.977173,0.9056672268907563,66.9819,118.0,6557.93,1.7716066231353834e+17,70,70,42,208600613.68571427,70,158.2840177740145,398455847,3266031.5327868853,37408589,119618205,98093596,39.17241845714286,161.93523733714287,498.0915199999998,3077.1294407999994,6161.439426000001,3037.1994227999994,147.43571357142847,25.14428571428571,28.714709,40.26862119542902,87296.0
I80-R2019,robust-i80-policy-r2019,STATUS_PRIORITY_NON_DROPPING,2019,external_inputs/robust-i80-policy-r2019,I80,80,0.25,NEW_PHASE9,148803045.7807891,297838084.4728383,35,0,41944842.2565468,91757742.82285711,247437182.71999997,35,35,0,1.0,64355713.571428515,14788018.884174012,35,20780,0.9991337824831569,0.0,0.0008662175168431184,0.0,0.009528392685274303,0.015976900866217517,349937252.1919192,113.86363636363636,233259999.28571352,36969480.48264067,0,51883,221.20892007706394,38169432.10009546,0.3620277259986394,35,20771,51764,342261,414796,80373,0.05007521769737413,49408,11031,0.985143,0.977565,0.9060302521008403,71.1406,118.0,7356.93,1.2724228877676405e+17,70,70,41,212100569.57142857,70,158.41752052100492,412561735,3381653.5655737706,37850600,120769447,108889554,38.986675028571426,179.08091304,488.8412329622854,4401.729425999996,6939.769497039993,4360.799993599996,37.5585707142857,28.158571428571406,27.714709,23.101431504913858,86784.0
I80-R2020,robust-i80-fifo-r2020,FIFO,2020,external_inputs/robust-i80-fifo-r2020,I80,80,0.25,NEW_PHASE9,179103588.28255782,530341468.4147731,35,0,71826469.42604406,333214866.17142844,248964288.65142855,35,35,0,1.0,278942856.42857134,43122531.42998044,35,20782,0.9974015975363295,0.0,0.002598402463670484,0.0,0.028774901356943508,0.12996824174766625,986399027.5401338,135.0401337792642,247225713.57142842,39895335.41528353,0,51872,253.75995481209117,48094220.687264696,0.33863590870748295,35,0,72485,294975,367460,86373,0.0,58956,0,0.988245,0.983593,0.9116168067226891,74.4597,130.0,6258.93,3.2984096949759443e+17,70,71,42,231257745.1142857,70,160.2028989320097,368739196,3022452.426229508,37475134,109396127,86926774,36.47251697142857,152.31238184,720.8189669691419,2804.5294259999946,5681.559425999998,2762.5999999999945,262.1742849999998,23.55714285714284,21.716157,49.81910062054518,82944.0
I80-R2020,robust-i80-policy-r2020,STATUS_PRIORITY_NON_DROPPING,2020,external_inputs/robust-i80-policy-r2020,I80,80,0.25,NEW_PHASE9,146392675.2842449,298454695.420207,35,0,42725498.14834717,107233425.97714272,245555768.71999997,35,35,0,1.0,81288570.71428567,16390869.042809675,35,20776,0.9992780130920292,0.0,0.0007219869079707355,0.0,0.013862148633038121,0.023681170581440123,293055815.34375,123.13888888888889,276844284.99999994,44833860.895841874,0,51859,256.938095785064,38989001.02447414,0.3377931292993197,35,20764,51715,294790,367269,72522,0.05653621732299759,45522,11152,0.990095,0.982983,0.9110521008403362,79.3001,132.0,6819.93,2.330705842421273e+17,70,71,41,218800618.7142857,70,157.4365969390201,381139804,3124096.7540983604,37911826,110377004,96395871,36.41538165714286,154.48672771428625,800.8083414742852,3298.679425999959,6238.089426,3256.749999999959,52.76571357142851,26.762857142857126,21.716165,24.220682445164254,83712.0
I40-R2001,robust-i40-fifo-r2001,FIFO,2001,external_inputs/robust-i40-fifo-r2001,I40,40,0.5,NEW_PHASE9,190832053.30666667,561859516.4276545,35,0,78069263.00878969,314510655.0628569,247084356.37714282,35,35,0,1.0,259885713.57142836,48348398.911426395,35,20763,0.9966286182150942,0.0,0.0033713817849058423,0.0,0.03520685835380244,0.15941819582911912,930906083.123119,137.82763337893297,216679999.28571412,40665039.99380161,0,103186,465.5431984538544,60788446.47128177,0.5301788963986395,35,0,123630,561669,685299,114578,0.0,114578,0,0.983673,0.975129,1.806857142857143,73.6357,128.0,4948.93,2.8263016406964445e+17,70,70,51,186286386.7142857,70,199.54160700799548,660887932,5417114.196721312,64336892,199847028,162572203,37.47260291428571,160.76676478857146,690.6064693782829,1614.8294260000005,3224.4898759199928,1571.9000000000005,245.68428499999962,18.744285714285702,28.714709,54.39515328927199,109312.0
I40-R2001,robust-i40-policy-r2001,STATUS_PRIORITY_NON_DROPPING,2001,external_inputs/robust-i40-policy-r2001,I40,40,0.5,NEW_PHASE9,143268243.56081632,252205632.9949886,35,0,37834778.23679439,74177820.5485714,238662848.81142855,35,35,0,1.0,49981427.85714282,12414576.324991215,35,20755,0.9993736449048423,0.0,0.0006263550951577933,0.0,0.005396290050590219,0.006359913273909901,119719407.78571428,117.78571428571429,233487142.14285704,43330203.788847886,0,103175,461.5829217779973,57674971.46663105,0.5297951063006803,35,20745,102904,561197,684846,78702,0.030291481588561518,78702,20745,0.984599,0.974716,1.806090756302521,76.6274,130.0,5339.93,1.3590353978149443e+17,70,70,56,180500630.7142857,70,200.16483235399937,683548615,5602857.5,65077128,201611093,180180930,37.52969948571428,173.90676296000004,791.8245836502881,1897.429426,4188.929425999983,1855.4993783999998,31.394284999999986,19.854285714285705,28.714709,18.930512811619433,108544.0
I40-R2002,robust-i40-fifo-r2002,FIFO,2002,external_inputs/robust-i40-fifo-r2002,I40,40,0.5,NEW_PHASE9,269521712.8210068,976939950.3557465,35,0,141159138.52349266,649053380.8571424,273661447.22285706,35,35,0,1.0,544844284.9999995,100762572.0317565,35,20659,0.9969988866837698,0.0,0.0030011133162302145,0.0,0.05523016602933346,0.3274601868435065,1410620054.6511831,142.79842243645925,366045713.5714284,69287728.1902717,0,101908,739.098670781853,136609218.69492385,0.5635163120938775,35,0,122282,630803,753085,139957,0.0,139957,0,0.971918,0.956691,1.7726924369747898,103.611,194.0,10056.9,5.373722544482455e+17,70,70,54,226872077.57142857,70,203.38801189500373,701885625,5753160.860655738,64004267,214030903,178664375,41.00107582857143,271.93530707428573,1193.6595507679976,2569.5794259999993,5777.559426000016,2529.649999999999,527.965713571428,22.422857142857136,28.714861,108.19943182764598,114944.0
I40-R2002,robust-i40-policy-r2002,STATUS_PRIORITY_NON_DROPPING,2002,external_inputs/robust-i40-policy-r2002,I40,40,0.5,NEW_PHASE9,152326220.38846257,297378378.1142496,35,0,42492669.314817354,90169153.83999996,258727192.29714283,35,35,0,1.0,61344284.999999955,14101119.263470635,35,20656,0.9994674670797831,0.0,0.0005325329202168861,0.0,0.007891169635941131,0.009246707978311387,157422873.9570552,114.86503067484662,392549999.28571415,77609701.7977251,0,101840,742.1102266844287,126048773.87425733,0.5633280127877551,35,20645,101605,629660,751910,90579,0.027456743493237224,90579,20645,0.975293,0.955733,1.7709176470588237,110.213,188.0,10122.9,1.645072281642225e+17,70,70,53,213186373.57142857,70,204.20462237799075,726095630,5951603.5245901635,64740889,215755729,197794128,41.272444057142856,297.37817795428566,1492.3373646834286,2845.3297811999983,10105.710006160014,2806.4000591999984,39.69999928571424,25.701428571428558,28.714861,22.609779763128806,114432.0
I40-R2003,robust-i40-fifo-r2003,FIFO,2003,external_inputs/robust-i40-fifo-r2003,I40,40,0.5,NEW_PHASE9,187199257.4692789,558804532.6922905,35,0,71975591.80088188,349610619.1657141,252512993.2457142,35,35,0,1.0,299865713.5714284,41136271.66576897,35,20770,0.9972556571978816,0.0,0.00274434280211844,0.0,0.020991815117958595,0.12479537794896485,1377173452.853211,131.83256880733944,135748570.71428543,28666148.218528014,0,103295,359.9618748445633,54566996.992374204,0.563167642895238,35,0,123859,640597,764456,107037,0.0,107037,0,0.976653,0.970688,1.7986285714285715,62.4737,103.0,8802.93,3.696739536436219e+17,70,70,59,191357793.1142857,70,203.5679924080032,709715044,5817336.426229509,64241812,216928511,181161818,39.32958348571428,77.10675838857144,587.2164420502853,1207.5296331999994,5099.5896243199995,1167.5996423999993,282.1142849999997,19.648571428571415,28.715260999999998,48.07657675071293,114944.0
I40-R2003,robust-i40-policy-r2003,STATUS_PRIORITY_NON_DROPPING,2003,external_inputs/robust-i40-policy-r2003,I40,40,0.5,NEW_PHASE9,143991306.9251701,255326249.8989484,35,0,38650846.82124177,73493509.9085714,247224315.03999993,35,35,0,1.0,46114284.99999998,11346751.500425078,35,20776,0.9997112052368117,0.0,0.0002887947631882942,0.0,0.004765113592606854,0.005679630342703119,131494961.63636364,116.18181818181819,128365713.57142945,31351198.634239,0,103313,360.596007224298,44883483.444262415,0.5624838722285714,35,20773,103134,640714,764621,85558,0.02716770792327179,85558,20773,0.979864,0.970732,1.798709243697479,65.3703,104.0,9845.93,1.2415406793344691e+17,70,70,58,191514902.6,70,204.87253688302008,735318752,6027202.8852459015,64996132,218995706,201024554,39.27246565714286,78.1067260457143,678.2153879611419,1248.1298403999992,6429.879425999987,1208.1992371999993,26.29428499999997,21.748571428571417,28.714861,18.92319067031392,114688.0
I40-R2004,robust-i40-fifo-r2004,FIFO,2004,external_inputs/robust-i40-fifo-r2004,I40,40,0.5,NEW_PHASE9,294126168.38204086,1162814422.5212197,35,0,157632390.38347375,806147752.5599998,288622856.93714285,35,35,0,1.0,728257142.1428562,115070328.7243963,35,20624,0.9931148176881304,0.0,0.0068851823118696665,0.0,0.07660977501939488,0.4338634600465477,1240605963.7132912,137.85379746835443,525651427.85714287,85309530.79802196,0,101220,939.9557557205267,162122961.1581925,0.6010379452857143,35,0,121298,671279,792577,168341,0.0,168341,0,0.970449,0.949453,1.7592806722689076,122.963,453.0,6558.93,3.612739063264565e+17,70,70,63,194957808.08571428,70,206.7945042620122,727962200,5966903.278688525,63878467,222494301,188289295,40.100986799999994,305.96102579428583,1275.6533372022848,2246.029721999993,4392.689923279999,2202.100295999993,707.7528564285709,23.98999999999999,28.714709,123.24352255783639,117504.0
I40-R2004,robust-i40-policy-r2004,STATUS_PRIORITY_NON_DROPPING,2004,external_inputs/robust-i40-policy-r2004,I40,40,0.5,NEW_PHASE9,152850243.13882995,301332336.76998544,35,0,43548794.48002146,102930576.22857136,265118598.5485714,35,35,0,1.0,75051427.85714278,15210921.714925738,35,20629,0.998836589267536,0.0,0.001163410732464007,0.0,0.008143875127248049,0.009355761306898056,121629293.79761904,104.79166666666667,561631427.8571424,94646435.98805475,0,101208,945.3328430687743,150511477.9812058,0.6009024545115647,35,20613,100743,672614,793970,99389,0.025961938108492764,99389,20613,0.976327,0.949464,1.7593008403361343,133.233,525.0,8170.93,1.17168623749403e+17,70,70,61,182786367.97142857,70,205.16087167098885,755252507,6190594.319672131,64634741,224872775,209074382,40.072507828571425,325.30672152000005,1439.9944020457137,2497.3294259999993,5045.189689439995,2453.8494671999997,48.54571357142854,28.664285714285686,27.714861,24.382919631935042,117248.0
I40-R2005,robust-i40-fifo-r2005,FIFO,2005,external_inputs/robust-i40-fifo-r2005,I40,40,0.5,NEW_PHASE9,271161490.4828299,1185732935.5657182,35,0,141347206.32130778,850542066.9599996,268192849.19999996,35,35,0,1.0,713849999.285713,101747384.13269481,35,20668,0.9972904973872654,0.0,0.0027095026127346624,0.0,0.06004451325720921,0.3437197600154829,1336208855.4399679,143.11442385173248,309498570.7142855,65503773.937593475,0,101973,741.2186296289237,140684364.55873594,0.5860040673659864,35,0,122393,645702,768095,149575,0.0,149575,0,0.976707,0.962057,1.782635294117647,104.14,280.0,9571.93,4.9313145264619405e+17,70,70,62,237814937.0,70,202.9996996120026,712636873,5841285.844262295,64104319,217431161,182390112,38.74399,171.889567257143,1547.6958338468548,1645.1294260000002,6587.7295443999865,1600.2000000000003,693.0114278571417,22.537142857142832,27.714709,109.41880006033576,115968.0
I40-R2005,robust-i40-policy-r2005,STATUS_PRIORITY_NON_DROPPING,2005,external_inputs/robust-i40-policy-r2005,I40,40,0.5,NEW_PHASE9,148787886.2305306,275818607.01622695,35,0,42258326.45558042,93047743.83999997,250872809.82857138,35,35,0,1.0,67968570.71428566,14567152.154305564,35,20690,0.9995650072498792,0.0,0.0004349927501208313,0.0,0.008409859835669406,0.011068148864185596,182033674.37931034,113.1264367816092,323085713.57142824,73366441.27503589,0,102072,738.0892823720259,120535430.4678477,0.5853694706775511,35,20682,101859,646158,768699,92597,0.02690519956445891,92597,20682,0.981823,0.963559,1.7854184873949581,111.144,290.0,10459.9,1.5423778553543926e+17,70,70,61,193843446.14285713,70,207.67812854901422,738701278,6054928.508196721,64888436,219616787,202380629,38.729714228571424,188.65815493714294,1775.3965269965709,2461.3300475999868,8304.729426000002,2416.4006215999866,42.86428499999995,26.467142857142832,27.714709,23.27552113378515,115712.0
I40-R2006,robust-i40-fifo-r2006,FIFO,2006,external_inputs/robust-i40-fifo-r2006,I40,40,0.5,NEW_PHASE9,185728986.78236735,619157739.8270556,35,0,70426278.72859448,295106412.75428486,238515627.4285714,35,35,0,1.0,189491427.85714236,41132866.035940856,35,20756,0.9964829446906919,0.0,0.003517055309308152,0.0,0.024089419926768163,0.12786664097128542,1191810415.112,129.886,90994284.99999994,29933507.535096977,0,103224,374.45268649910065,55384715.287107095,0.525749450307483,35,0,123653,568884,692537,101844,0.0,101844,0,0.982313,0.976424,1.809257142857143,62.6377,107.0,8376.93,6.544195536978499e+17,70,70,50,262543500.8857143,70,201.1104480699869,664985359,5450699.663934426,64351362,201429732,164190726,37.75831491428571,76.40381461714286,773.2285100479996,879.1795,4148.729425999975,839.2500739999999,177.0871421428566,18.134285714285706,28.714709,47.431735404206,111104.0
I40-R2006,robust-i40-policy-r2006,STATUS_PRIORITY_NON_DROPPING,2006,external_inputs/robust-i40-policy-r2006,I40,40,0.5,NEW_PHASE9,144645613.4407619,254591348.63135004,35,0,39109109.744620845,70119274.13714282,234341468.8685714,35,35,0,1.0,44721427.85714281,13225308.96531177,35,20754,0.9992290642767659,0.0,0.0007709357232340753,0.0,0.0057338344415534355,0.00823937554206418,316798938.37815124,122.04201680672269,81949999.28571422,31363876.222049415,0,103244,366.30275755777825,47451874.15531301,0.5244611703836735,35,20743,102944,568074,691761,78568,0.029985789889860805,78568,20743,0.985306,0.975793,1.8080873949579832,63.9496,104.0,8846.93,2.2335228617094714e+17,70,70,50,225672041.0,70,198.77199405501597,687813636,5637816.68852459,65095178,203141822,181922484,37.75830462857142,72.45255998857142,926.3716313462852,724.7294851999997,6552.809425999998,684.7997631999997,28.528570714285696,19.585714285714275,28.714709,19.917154785622458,110080.0
I40-R2007,robust-i40-fifo-r2007,FIFO,2007,external_inputs/robust-i40-fifo-r2007,I40,40,0.5,NEW_PHASE9,203143174.06160545,707913414.7464384,35,0,82288672.78532311,451102168.78857124,252462888.7199999,35,35,0,1.0,374291427.85714257,52049774.144211926,35,20730,0.9932465026531597,0.0,0.006753497346840328,0.0,0.04249879401833092,0.1900627110467921,955961236.7502837,127.70715096481271,295551427.85714257,44124883.64114824,0,102907,534.7325227437415,73118419.45494975,0.5324339400857142,35,0,123067,578284,701351,120405,0.0,120405,0,0.97932,0.971733,1.800564705882353,77.2841,132.0,4953.93,3.144840534109491e+17,70,70,62,229657852.77142859,70,200.16824221698334,672151655,5509439.7950819675,64267684,203097755,166286101,36.84392314285714,111.55247512000008,857.8103628571437,1705.5294259999985,2709.2094259999985,1662.5994079999984,361.1942849999997,18.70714285714285,28.714709,58.14058983498147,111872.0
I40-R2007,robust-i40-policy-r2007,STATUS_PRIORITY_NON_DROPPING,2007,external_inputs/robust-i40-policy-r2007,I40,40,0.5,NEW_PHASE9,143523248.36691156,255920098.52061746,35,0,38329001.03599575,76302025.79428568,240670128.7771428,35,35,0,1.0,51059999.285714254,12795089.831905434,35,20732,0.9990353077368319,0.0,0.0009646922631680494,0.0,0.006270499710592321,0.00762106887902759,170230804.26153848,107.45384615384616,274149999.2857142,46998620.20723541,0,102937,530.0479702039538,67396593.44462527,0.5322737262612245,35,20719,102460,578241,701420,80792,0.029538650166804483,80792,20719,0.984599,0.971755,1.8006050420168067,80.3325,135.0,5031.93,1.49064226893118e+17,70,70,60,217229210.37142858,70,198.97713825499522,695768918,5703023.918032787,65029153,205019097,184443593,36.84388451428571,132.14102696,926.4359143977134,2022.5294259999994,3391.7694259999744,1979.5996995999994,31.73285642857139,20.994285714285702,28.714709,19.719350871965144,110592.0
I40-R2008,robust-i40-fifo-r2008,FIFO,2008,external_inputs/robust-i40-fifo-r2008,I40,40,0.5,NEW_PHASE9,241289573.16560543,998993510.353864,35,0,99276050.1782064,525836391.4628568,259947262.4914285,35,35,0,1.0,445529999.2857135,64905094.56404242,35,20660,0.9958857696030978,0.0,0.004114230396902226,0.0,0.03489835430784124,0.21248789932236206,1563714295.6504855,134.2233009708738,210415713.57142845,42965003.59937031,0,102343,528.6124158662068,108878844.65811278,0.5434455439183673,35,0,122698,597803,720501,118418,0.0,118418,0,0.973769,0.964376,1.7869310924369748,76.7866,130.0,8290.93,1.353026403342963e+17,70,70,56,190300650.94285715,70,201.3258402190113,682453030,5593877.2950819675,64129030,207116719,170805651,38.086778457142856,125.78675317714288,940.0427110879996,2091.779425999999,4999.699426000001,2050.8497039999993,425.40428499999945,20.75714285714285,28.714861,71.83262074823703,112640.0
I40-R2008,robust-i40-policy-r2008,STATUS_PRIORITY_NON_DROPPING,2008,external_inputs/robust-i40-policy-r2008,I40,40,0.5,NEW_PHASE9,150733865.10530615,291675892.93873423,35,0,40395984.24228452,82746328.73142855,250424287.81714275,35,35,0,1.0,56188570.71428567,13527684.689862194,35,20661,0.9992739944823581,0.0,0.000726005517641934,0.0,0.006485649290934611,0.008131261797589662,197742545.26865673,118.66417910447761,208342856.42857134,48439245.69737161,0,102385,529.6385673507538,99359639.74018414,0.5434907334598639,35,20652,102124,597400,720176,84157,0.028676323565350693,84157,20652,0.978503,0.964071,1.7863663865546218,82.2099,130.0,8413.93,1.134219632594293e+17,70,70,55,177986334.82857144,70,200.56919641699642,706273669,5789128.434426229,64882112,208986531,189363570,38.05821388571428,131.45531445714292,1161.8630602902865,1835.679426,6026.729559199999,1794.7497039999998,34.79285642857137,23.467142857142846,28.714709,21.064416018732786,112128.0
I40-R2009,robust-i40-fifo-r2009,FIFO,2009,external_inputs/robust-i40-fifo-r2009,I40,40,0.5,NEW_PHASE9,167862318.16696596,453103198.4551473,35,0,54252995.95240244,164835031.10857132,236524463.89714274,35,35,0,1.0,118625713.57142828,27866399.51461242,35,20784,0.9966320246343341,0.0,0.003367975365665897,0.0,0.020448421862971515,0.08569091608929946,887633416.002353,130.6635294117647,121891427.8571428,25618483.967557456,0,103580,313.8579681050408,37677733.835738055,0.4652943279428572,35,0,124080,479265,603345,83902,0.0,83902,0,0.98498,0.980626,1.8170420168067227,55.7323,85.0,5783.93,3.1867136579850976e+17,70,70,54,205914929.1142857,70,187.09071449001203,610135897,5001113.909836066,64429622,182194261,142930393,34.70111777142857,71.42386003428577,604.4167218971436,947.9314276,3486.649425999999,908.0018496,104.92142785714265,14.111428571428565,28.714861,32.65377214280651,105216.0
I40-R2009,robust-i40-policy-r2009,STATUS_PRIORITY_NON_DROPPING,2009,external_inputs/robust-i40-policy-r2009,I40,40,0.5,NEW_PHASE9,139617905.5149932,255694469.59134766,35,0,35408401.04673608,62322095.17714282,232993060.43428567,35,35,0,1.0,35748570.71428569,11009286.75136732,35,20782,0.9992301029737273,0.0,0.000769897026272736,0.0,0.0035126551823693583,0.004619382157636416,208986348.39726028,116.86301369863014,127417142.14285699,26863738.223433398,0,103581,313.90291018473334,33574008.29492581,0.4652940558340136,35,20771,103339,479252,603362,65383,0.03442543613949835,65383,20771,0.987429,0.980419,1.8166588235294119,57.0999,85.0,5748.93,1.2353094200921922e+17,70,70,54,195114929.34285715,70,187.43120212299982,630837892,5170802.393442623,65179762,183902017,158577197,34.70111971428571,71.72955816000002,657.9376304822857,1028.6312907999993,3770.399722000002,988.7017127999993,20.779999285714272,15.029999999999992,28.714709,16.1921850012689,105216.0
I40-R2010,robust-i40-fifo-r2010,FIFO,2010,external_inputs/robust-i40-fifo-r2010,I40,40,0.5,NEW_PHASE9,174751847.08038095,480907968.0753496,35,0,60624248.13652473,198742129.97714248,238071539.7485714,35,35,0,1.0,131264284.99999967,32841096.011873458,35,20770,0.9971112181030333,0.0,0.002888781896966779,0.0,0.022147327876745306,0.09557053442465094,947642975.2543478,133.34782608695653,107015713.5714286,27408001.94410409,0,103480,337.3442083042762,44149141.26992348,0.5144020253401361,35,0,124001,551522,675523,98512,0.0,98512,0,0.983946,0.978601,1.8132907563025211,59.9521,104.0,6554.93,3.888188169400221e+17,70,70,54,206800583.5142857,70,190.7049306370027,655136415,5369970.6147540985,64393793,197740981,160074464,36.52968702857142,76.52962696000004,720.3233772114269,768.6296775999998,4239.531790159998,725.6999555999998,117.5699992857137,17.658571428571417,28.714709,38.429909939935015,110080.0
I40-R2010,robust-i40-policy-r2010,STATUS_PRIORITY_NON_DROPPING,2010,external_inputs/robust-i40-policy-r2010,I40,40,0.5,NEW_PHASE9,142832936.55760545,247854588.34795767,35,0,37356365.4726477,69090789.24571426,232880047.4742857,35,35,0,1.0,43167142.14285712,11874418.970942091,35,20765,0.9994221045027691,0.0,0.0005778954972309174,0.0,0.00447869010353961,0.006308692511437515,168467766.2043011,123.58064516129032,116428570.71428564,30179777.15267438,0,103456,346.32149633387485,41765354.05478109,0.5134514713836734,35,20753,103234,550481,674468,75027,0.030769436059234833,75027,20753,0.986721,0.978231,1.8126050420168067,62.724,104.0,7885.93,1.5463427648678582e+17,70,70,53,208929170.94285715,70,190.68790591901052,677269619,5551390.319672131,65142294,199352092,177307581,36.401168628571426,80.55253612571433,816.3941953462872,905.129431599999,5657.2094260000495,862.199709599999,27.135713571428557,18.39714285714286,28.714709,18.12571829072824,109568.0
I40-R2011,robust-i40-fifo-r2011,FIFO,2011,external_inputs/robust-i40-fifo-r2011,I40,40,0.5,NEW_PHASE9,218945570.4044626,721172819.887512,35,0,104606724.14029899,476930650.07999957,261722952.27428567,35,35,0,1.0,408714284.9999994,69798248.31579347,35,20729,0.9978773698683004,0.0,0.0021226301316995514,0.0,0.046987312460803704,0.23802402431376332,1072771443.0082135,144.00821355236138,315594284.9999999,53600301.34994027,0,102696,593.3921059435972,87860399.67273176,0.546890228292517,35,0,123222,607394,730616,135439,0.0,135439,0,0.98019,0.966846,1.7915092436974789,89.427,178.0,5817.93,5.0690629993501357e+17,70,70,59,195114918.37142858,70,201.36093824802083,689407152,5650878.2950819675,64188956,209377962,173326363,39.64393034285714,189.31813374857146,912.2861777942866,2209.529425999993,4318.529899600005,2167.5999999999926,393.54999928571374,20.285714285714278,28.714861,76.6284617421818,113152.0
I40-R2011,robust-i40-policy-r2011,STATUS_PRIORITY_NON_DROPPING,2011,external_inputs/robust-i40-policy-r2011,I40,40,0.5,NEW_PHASE9,145812067.2887075,263433592.8801754,35,0,40515934.461824454,81957750.57142854,253017148.61714283,35,35,0,1.0,56168570.714285664,13598877.1440607,35,20734,0.9993730105141314,0.0,0.0006269894858686216,0.0,0.0060287450564290536,0.0077167936722291885,163956580.008,117.816,360832856.4285709,60240443.90102449,0,102696,605.0340516381442,84075132.58304477,0.5470042224544217,35,20723,102524,606297,729544,86930,0.028405414889300713,86930,20723,0.980571,0.967314,1.7923764705882352,96.5832,193.0,7220.93,1.5903201584737808e+17,70,70,58,194686369.22857141,70,199.94864861198585,713186043,5845787.237704918,64940572,211102427,191924787,39.82964405714286,207.90675722285752,1031.280802,2735.6794259999997,5266.699425999997,2693.7499999999995,37.64571357142855,22.879999999999995,28.714709,20.75720267464435,113408.0
I40-R2012,robust-i40-fifo-r2012,FIFO,2012,external_inputs/robust-i40-fifo-r2012,I40,40,0.5,NEW_PHASE9,316561106.2516463,1371087248.4264352,35,0,176022955.85357374,964790616.6057136,272644295.6571428,35,35,0,1.0,792032856.4285706,130582026.75910051,35,20646,0.9954954954954955,0.0,0.0045045045045045045,0.0,0.07308921825050857,0.45873292647486197,1476968959.9993372,140.74155069582505,456417142.14285725,82488239.08516112,0,101408,903.8186834737892,184911843.4766995,0.5969695293238095,35,0,121650,661758,783408,162228,0.0,162228,0,0.972844,0.952218,1.764403361344538,119.872,472.0,10604.9,7.877043024164692e+17,70,71,58,242886325.68571427,70,202.56999687899952,722181913,5919523.877049181,63934536,220545765,186050341,40.78674291428572,267.00673978285727,1534.8401678674275,2429.1296083999982,6834.8494259999325,2387.200182399998,759.4914278571423,24.02285714285713,28.714709,138.5045653319884,116736.0
I40-R2012,robust-i40-policy-r2012,STATUS_PRIORITY_NON_DROPPING,2012,external_inputs/robust-i40-policy-r2012,I40,40,0.5,NEW_PHASE9,153726278.59363264,306203916.6151278,35,0,44649539.59225057,101712066.84571415,257605791.83999994,35,35,0,1.0,71942856.42857137,15524630.77250063,35,20627,0.9989819169050274,0.0,0.0010180830949726087,0.0,0.009744509623309255,0.012653318466088137,217775087.26865673,112.30348258706468,504797142.1428567,94670990.44798915,0,101360,917.4258764035415,149245936.245835,0.5979160211020408,35,20614,101000,663561,785175,96983,0.02625401980450218,96983,20614,0.975619,0.951576,1.7632134453781512,127.533,511.0,10235.9,1.7534045334587955e+17,70,71,56,214657700.8857143,70,204.45372851699358,749201312,6140994.360655738,64676493,222980836,206721961,40.92966337142857,329.7239489028572,1925.971916452568,2840.9296923999973,10917.910018,2800.000266399997,45.86857071428561,28.039999999999974,28.714709,24.859344363532,116992.0
I40-R2013,robust-i40-fifo-r2013,FIFO,2013,external_inputs/robust-i40-fifo-r2013,I40,40,0.5,NEW_PHASE9,289733833.5023673,1253931424.7755587,35,0,135937705.0163187,730463382.0114282,278452996.75428563,35,35,0,1.0,667092856.4285706,97802342.92177916,35,20587,0.9914023412833342,0.0,0.008597658716665858,0.0,0.05498615631223588,0.36168455821635015,1608196644.893993,128.82155477031802,401957142.1428569,66382779.908671744,0,101319,771.5583449067116,156369282.12643036,0.5973957874394559,35,0,121360,647370,768730,136953,0.0,136953,0,0.966639,0.952435,1.7648067226890756,101.9,171.0,7158.93,3.908088345113187e+17,70,70,61,211286259.5142857,70,203.50583028100664,713453656,5847980.786885246,63913713,217427382,182474208,39.64388245714285,218.44680481142862,1330.888431782859,2318.2294259999994,4798.929579920002,2272.2997039999996,644.1428564285709,22.92142857142855,28.714709,105.68704237337572,115712.0
I40-R2013,robust-i40-policy-r2013,STATUS_PRIORITY_NON_DROPPING,2013,external_inputs/robust-i40-policy-r2013,I40,40,0.5,NEW_PHASE9,155272285.26443538,313249331.3359556,35,0,44118947.04255869,100573474.11428568,264110025.4171428,35,35,0,1.0,74234284.99999996,15767763.467496978,35,20597,0.9990289848036121,0.0,0.0009710151963878234,0.0,0.01116667475845997,0.013157255911055009,175486344.79130435,115.35652173913043,414944284.9999996,72285255.44458385,0,101315,767.7187608634748,141139619.1411487,0.5982740770367347,35,20586,100875,648081,769542,92933,0.026750976554885893,92933,20586,0.974639,0.951075,1.7622857142857142,107.743,175.0,9960.93,1.7386502965074563e+17,70,70,62,202143497.34285715,70,205.28436050697928,739631288,6062551.540983606,64656429,219634393,202556307,39.77253137142857,173.05528673142865,1512.0449971885723,2877.0295379999984,5829.249426000001,2830.1001119999983,48.38285642857138,26.7385714285714,27.714709,24.851511765734113,114688.0
I40-R2014,robust-i40-fifo-r2014,FIFO,2014,external_inputs/robust-i40-fifo-r2014,I40,40,0.5,NEW_PHASE9,296408400.14574146,1067243233.1018522,35,0,164162815.81014317,791259186.3771427,279245739.01714283,35,35,0,1.0,682242856.4285711,120136512.55718666,35,20626,0.9960729176767187,0.0,0.003927082323281295,0.0,0.07277222922524969,0.41622224376999906,1282887694.7854764,143.71219187208527,504681427.857142,89479166.39823648,0,101497,927.3834503076476,163821748.44046468,0.5953176925578232,35,0,121772,669440,791212,165455,0.0,165455,0,0.97132,0.951597,1.763253781512605,124.763,636.0,10193.9,7.049392259436782e+17,70,70,54,212557788.2,70,208.34325444998103,725787976,5949081.770491803,63914977,222331990,187994845,56.17250314285714,316.46098238857155,1145.0790123428567,2480.2296787999994,6492.569721999997,2435.2996607999994,665.642856428571,24.4242857142857,28.714709,128.31866671782353,116480.0
I40-R2014,robust-i40-policy-r2014,STATUS_PRIORITY_NON_DROPPING,2014,external_inputs/robust-i40-policy-r2014,I40,40,0.5,NEW_PHASE9,157293996.57904762,324710150.80348873,35,0,44561158.798971966,99453406.30857137,264030010.7199999,35,35,0,1.0,72795713.57142852,15909001.758346943,35,20618,0.999320981666505,0.0,0.0006790183334950044,0.0,0.009215248811717916,0.010573285478707926,206668814.62105262,115.32105263157895,562054284.9999994,99676908.69193877,0,101452,922.0659436246694,158782723.0550104,0.5953596556204082,35,20610,101141,668294,790045,97151,0.026087121619654575,97151,20610,0.973986,0.951586,1.763233613445378,132.785,616.0,10587.9,1.5724789156767203e+17,70,70,50,194314878.4857143,70,206.98411266700714,751155808,6157014.819672131,64665545,224140452,208069117,58.229673885714284,362.8524426857144,1359.063623257143,3028.1297859999986,8984.849425999997,2983.1997679999986,49.871427857142805,27.822857142857117,28.714709,24.794102011143302,116480.0
I40-R2015,robust-i40-fifo-r2015,FIFO,2015,external_inputs/robust-i40-fifo-r2015,I40,40,0.5,NEW_PHASE9,197639296.14835373,670225988.863282,35,0,59780374.21762198,210773479.02857098,241738687.1771428,35,35,0,1.0,170135713.5714285,33009039.10274597,35,20730,0.9962373371924746,0.0,0.0037626628075253256,0.0,0.018620356970574046,0.08822961890979257,1402471694.492228,124.29015544041451,116582856.4285713,27430351.37075314,0,103239,351.55184453306396,64453825.99860153,0.530652093459864,35,0,123672,585914,709586,95182,0.0,95182,0,0.977796,0.973997,1.8047596638655463,57.2284,93.0,6909.93,2.640849014562879e+17,70,70,57,217372067.85714287,70,198.83225348999258,675102795,5533629.467213115,64302253,205020924,168092821,37.472539942857146,75.18106677714287,503.5986813897127,1185.4297219999944,2980.7594299199413,1146.5002959999945,156.69142785714277,18.019999999999992,28.714861,39.13984182075003,112128.0
I40-R2015,robust-i40-policy-r2015,STATUS_PRIORITY_NON_DROPPING,2015,external_inputs/robust-i40-policy-r2015,I40,40,0.5,NEW_PHASE9,150231839.5096599,309990007.99702674,35,0,39039085.11198375,69627830.38857135,235961447.80571425,35,35,0,1.0,43544284.99999995,12600638.233946139,35,20722,0.9993726474278545,0.0,0.0006273525721455458,0.0,0.004825789016504199,0.0069973940739310875,346975760.04,118.62,108814285.00000016,28313336.41827908,0,103239,349.6561674487401,47468747.544651866,0.5304839107537416,35,20711,102989,585112,708812,78118,0.02921931344277467,78118,20711,0.981007,0.97354,1.803912605042017,57.5128,93.0,6149.93,1.5779307409830198e+17,70,70,56,198629288.08571428,70,197.88667487099883,698385173,5724468.631147541,65047430,206766481,186292151,37.386815371428575,73.93243939428571,551.7989691451427,1053.679426,3947.079426000006,1014.749704,27.285713571428506,19.49571428571427,28.714861,19.69664988221327,111616.0
I40-R2016,robust-i40-fifo-r2016,FIFO,2016,external_inputs/robust-i40-fifo-r2016,I40,40,0.5,NEW_PHASE9,171385924.50416327,429199013.03943646,35,0,57850667.31839504,224742062.2514284,246211488.68571424,35,35,0,1.0,188661427.85714275,29819793.389117777,35,20782,0.9962948705610625,0.0,0.0037051294389375423,0.0,0.016745260321432007,0.08613222981426234,1150670567.505747,122.69252873563218,114748570.71428575,24413526.161303125,0,103548,316.582693941,39364042.72499708,0.5410145425346938,35,0,124004,592682,716686,97180,0.0,97180,0,0.977741,0.975978,1.8084302521008404,56.5188,99.0,5462.93,2.0278815563318512e+17,70,71,52,206286354.4857143,70,199.9348615029885,679987890,5573671.229508197,64327036,206775950,169920182,37.80114257142857,81.38960504,441.87381908114276,1099.929426,4262.6794792799965,1059.0,175.19571357142846,18.552857142857135,28.714709,36.280694667982615,111872.0
I40-R2016,robust-i40-policy-r2016,STATUS_PRIORITY_NON_DROPPING,2016,external_inputs/robust-i40-policy-r2016,I40,40,0.5,NEW_PHASE9,143157184.154449,254348658.2457003,35,0,37780994.5019286,70584921.61142854,240562878.99428567,35,35,0,1.0,44362856.42857142,11502214.806943089,35,20782,0.9992782215378693,0.0,0.00072177846213069,0.0,0.004475026465210278,0.006159176210181888,198452430.2043011,118.27956989247312,117905713.57142858,25892633.997971192,0,103548,316.638424086785,36398613.12338756,0.5410148146435374,35,20772,103266,592689,716727,79566,0.028981746187879066,79566,20772,0.980844,0.975728,1.8079663865546218,57.9014,99.0,7355.93,1.2975017156427998e+17,70,71,52,196714977.1142857,70,198.0276737549866,704103259,5771338.18852459,65077614,208715556,188522187,37.78686531428571,82.48389032,469.50295050742864,1174.429426,4767.829425999999,1133.5,24.745713571428553,19.94857142857142,28.714709,18.645450421012377,113664.0
I40-R2017,robust-i40-fifo-r2017,FIFO,2017,external_inputs/robust-i40-fifo-r2017,I40,40,0.5,NEW_PHASE9,355502116.1368163,1318322236.076112,35,0,201472953.39427218,1025936303.7371426,284161418.66285706,35,35,0,1.0,935258570.7142855,152371370.83573052,35,20533,0.9936687283884479,0.0,0.006331271611552136,0.0,0.07670579067842011,0.5185311449861199,1653606748.5631745,138.97079365079364,554097142.1428568,94284931.42701079,0,100380,1012.4457372318409,223239581.18124563,0.5992606664707483,35,0,120404,648170,768574,159542,0.0,159542,0,0.966748,0.943423,1.74810756302521,127.814,488.0,10365.9,5.544640046370719e+17,70,71,57,223157753.0,70,204.13992364998558,711604583,5832824.450819672,63775664,217172296,182631497,40.11533594285714,376.08955644571427,1542.7557909119994,2821.929425999996,8245.299425999987,2775.999703999996,919.1399992857139,25.42999999999998,25.7148154,160.53509890546948,116224.0
I40-R2017,robust-i40-policy-r2017,STATUS_PRIORITY_NON_DROPPING,2017,external_inputs/robust-i40-policy-r2017,I40,40,0.5,NEW_PHASE9,160044263.45785034,333839362.44078755,35,0,46701541.42671593,114146295.22285713,268251537.06285706,35,35,0,1.0,89378570.7142857,17299894.771213397,35,20539,0.9990749306197965,0.0,0.0009250693802035153,0.0,0.014411607186328449,0.01704075174059107,205607173.54054055,109.83108108108108,601269999.2857141,108490421.41978438,0,100344,1018.9401458252423,198046706.09843493,0.5988208413918368,35,20522,99907,647748,768177,95679,0.02671519714857383,95679,20522,0.972789,0.94203,1.7455260504201682,138.157,500.0,10626.9,1.828660005775377e+17,70,71,56,201057779.74285713,70,205.568525278999,736826886,6039564.639344262,64510829,219104184,202326933,40.32965091428571,404.4381346857143,1942.947580870852,3478.6297219999997,13481.189594719915,3432.7002959999995,58.21857071428566,32.580000000000005,25.714709,27.433989854679016,113920.0
I40-R2018,robust-i40-fifo-r2018,FIFO,2018,external_inputs/robust-i40-fifo-r2018,I40,40,0.5,NEW_PHASE9,213397805.2169796,849506409.6092521,35,0,91205919.86874802,549089228.3657142,242100237.75999996,35,35,0,1.0,470961427.8571428,59606484.318718076,35,20723,0.9951261882932008,0.0,0.004873811706799209,0.0,0.0318004149978285,0.20566520291463591,1500854026.3702579,131.63732928679818,163595713.57142845,39371746.20092317,0,102624,471.7716424026477,82546931.74799012,0.5430674870489796,35,0,122938,583050,705988,104254,0.0,104254,0,0.97981,0.968457,1.7944941176470588,72.6987,98.0,6839.93,7.729903402266373e+17,70,70,60,264972055.2857143,70,200.0317606840108,673931859,5524031.631147541,64217265,204027822,167261899,37.158250457142856,73.71248453714286,979.3295624731427,1525.5301955999985,4453.4895293599975,1485.6007695999986,455.5157135714286,18.015714285714278,28.714709,66.31412898789073,112128.0
I40-R2018,robust-i40-policy-r2018,STATUS_PRIORITY_NON_DROPPING,2018,external_inputs/robust-i40-policy-r2018,I40,40,0.5,NEW_PHASE9,144043407.24538776,261976272.40680727,35,0,38972997.942563705,77010629.40571423,236934420.27428567,35,35,0,1.0,50657142.142857075,12835623.520022595,35,20723,0.9990831443323843,0.0,0.0009168556676156927,0.0,0.006514500796216764,0.008396467692901607,198055572.05185184,110.17777777777778,193441427.85714293,44584410.63262463,0,102640,484.19546376374825,73097748.84242435,0.5434688864884354,35,20710,102264,583657,706631,79399,0.029308083002302476,79399,20710,0.982748,0.967935,1.793526050420168,78.0367,99.0,7588.93,2.270202794627069e+17,70,70,60,238529202.14285713,70,198.08718141700956,698072046,5721902.016393443,64961633,206081234,185724889,37.12966782857143,79.22390268571435,1151.1350062285717,1617.9294259999945,5761.93942600003,1577.9999999999945,29.255713571428533,20.532857142857136,28.714709,20.164008053195353,111616.0
I40-R2019,robust-i40-fifo-r2019,FIFO,2019,external_inputs/robust-i40-fifo-r2019,I40,40,0.5,NEW_PHASE9,190514223.99510205,500947591.4477985,35,0,71687024.65903892,272044875.49714273,253367094.42285708,35,35,0,1.0,232835713.5714285,41064050.2550373,35,20741,0.9966250421869727,0.0,0.0033749578130273373,0.0,0.025119328865532038,0.12299310544332481,1085770622.681382,132.7447216890595,190769999.28571433,35622536.85278547,0,103200,413.321581718117,57873189.13834069,0.5622742124503401,35,0,123639,632423,756062,108541,0.0,108541,0,0.975347,0.969741,1.7968739495798318,68.5549,110.0,6076.93,2.7905998587790944e+17,70,70,62,202957836.2,70,194.52384141500806,704929808,5778113.180327869,64219780,215176427,179291285,39.35821434285714,121.56103141714294,582.5459353508572,2361.5296659999995,5651.370145680011,2320.5999439999996,214.93285642857137,20.77285714285713,28.714861,48.128783004818615,115200.0
I40-R2019,robust-i40-policy-r2019,STATUS_PRIORITY_NON_DROPPING,2019,external_inputs/robust-i40-policy-r2019,I40,40,0.5,NEW_PHASE9,149128100.2195374,287115662.36154854,35,0,39620169.24193685,78087818.7542857,245922907.4171428,35,35,0,1.0,49245713.57142854,12654993.691055214,35,20744,0.9993251060547628,0.0,0.000674893945237177,0.0,0.004435017354415735,0.005881218665638257,306646751.04347825,117.42391304347827,203987142.1428571,37717045.37666756,0,103203,410.474614779098,54510795.0076921,0.5623393630816327,35,20735,102940,632548,756223,84704,0.027419160750201992,84704,20735,0.978721,0.969611,1.7966319327731093,70.6368,111.0,6555.93,1.1696810480367162e+17,70,70,60,200686397.45714286,70,197.95858707500156,730316669,5986202.2049180325,64971376,217225786,198934369,39.32967708571428,125.4410028685714,630.3856128297138,2674.8794287999995,6110.0994644799985,2633.9500027999993,31.4085707142857,21.411428571428566,28.714861,20.08045477100806,114688.0
I40-R2020,robust-i40-fifo-r2020,FIFO,2020,external_inputs/robust-i40-fifo-r2020,I40,40,0.5,NEW_PHASE9,214936180.0944762,773813454.3462818,35,0,92220800.68456405,514909246.9142856,251211410.0,35,35,0,1.0,467482856.4285712,60858237.7189291,35,20695,0.9959893694129016,0.0,0.004010630587098333,0.0,0.03856003865668036,0.19222034307803817,1167953737.0839598,134.5388471177945,299374284.9999997,47048140.30380873,0,102681,534.069855164638,84616673.73880436,0.5193687310394558,35,0,123058,541006,664064,111135,0.0,111135,0,0.978884,0.972093,1.8012302521008405,79.3539,132.0,7012.93,3.681696027891502e+17,70,71,53,251000650.25714287,70,196.38022585900035,647439481,5306880.991803279,64269720,195110727,157511616,36.70107171428571,131.0181196000002,851.1866821417144,1780.929426,5690.5094260000005,1738.0,450.73428499999983,17.81857142857142,27.715013,67.01686165550916,109056.0
I40-R2020,robust-i40-policy-r2020,STATUS_PRIORITY_NON_DROPPING,2020,external_inputs/robust-i40-policy-r2020,I40,40,0.5,NEW_PHASE9,144965187.11357823,273969141.6039215,35,0,39425475.3860562,81403545.10857138,241215928.75428566,35,35,0,1.0,56021427.857142806,13527161.899151625,35,20725,0.9994209891435465,0.0,0.0005790108564535585,0.0,0.007189384800965018,0.010132689987937274,215661088.704698,110.35570469798658,331288570.714285,51688739.65392037,0,102656,539.5592666326843,74639627.7578929,0.519623677585034,35,20717,102386,540619,663722,76452,0.03121336945287334,76452,20717,0.98449,0.970928,1.799072268907563,83.9908,134.0,8332.93,2.10155198210819e+17,70,71,54,225186390.7142857,70,196.94309201400029,669709672,5489423.540983606,65012881,196858002,174597412,36.67258051428571,146.97530170285717,934.8310454239996,1954.579929200001,6085.929426,1911.6505032000011,36.27999928571426,21.759999999999973,27.714861,20.598398337097965,108288.0
I30-R2001,robust-i30-fifo-r2001,FIFO,2001,external_inputs/robust-i30-fifo-r2001,I30,30,0.6666666666666666,NEW_PHASE9,217080105.9547211,710910944.687866,35,0,98291181.45561688,428055068.97142833,264045772.15999997,35,35,0,1.0,358894284.9999999,65525388.16407593,35,20688,0.9959396751740139,0.0,0.004060324825986079,0.0,0.04882057231245166,0.20804331013147717,931682747.3168317,138.8930693069307,279155713.5714284,46968637.0075126,0,136454,678.8776828111769,84492209.09663427,0.644370981662585,35,0,156704,718566,875270,181020,0.0,157495,0,0.979102,0.964424,2.3826957983193275,79.5238,162.0,4922.93,3.7895338965500154e+17,70,70,59,197929256.65714285,70,221.60818548098905,842453065,6905352.991803279,82112136,255547680,207968267,36.48682302857143,159.82105486857145,792.5102414994284,1720.3794259999997,3330.3494260000034,1679.4499919999998,347.41571357142834,17.135714285714283,28.714709,71.60811672698833,126464.0
I30-R2001,robust-i30-policy-r2001,STATUS_PRIORITY_NON_DROPPING,2001,external_inputs/robust-i30-policy-r2001,I30,30,0.6666666666666666,NEW_PHASE9,144166522.29910204,259639351.4526673,35,0,37712372.55017304,78863487.70285709,250371457.5542857,35,35,0,1.0,49969999.285714254,11447704.8517462,35,20666,0.9992257814768218,0.0,0.000774218523178167,0.0,0.0038710926158908353,0.004596922481370367,108493792.85,111.0875,299369999.2857141,51800190.8740528,0,136405,693.724045204781,82715423.22495416,0.6447360157129252,35,20653,136031,719533,876217,109956,0.023570645171230413,87228,10261,0.979755,0.964384,2.3825949579831933,84.5469,163.0,5469.93,1.4325845632021462e+17,70,70,59,186714988.08571428,70,217.3875688999833,872296971,7149975.172131147,83061956,258121499,230813506,36.472640857142856,161.02384398857157,918.7133662880002,1820.9294407999998,3709.449804880004,1779.9997187999998,34.76428499999998,19.72571428571428,28.714709,18.25484991739752,128256.0
I30-R2002,robust-i30-fifo-r2002,FIFO,2002,external_inputs/robust-i30-fifo-r2002,I30,30,0.6666666666666666,NEW_PHASE9,305913511.0389115,1128250434.8040154,35,0,162092376.2103944,717830712.4799994,287654229.46285707,35,35,0,1.0,607839999.2857134,122909841.07528174,35,20549,0.9959608740084676,0.0,0.0040391259915324345,0.0,0.0727529320161565,0.38877804272714,1284090538.8033445,142.50969899665552,376814284.9999997,75808082.46758962,0,134184,974.4938995578381,168295759.16079873,0.6716719160394558,35,0,154324,798659,952983,223590,0.0,201352,0,0.965823,0.93991,2.3221310924369747,105.529,259.0,9318.93,7.747771777562418e+17,70,70,67,241929316.2,70,226.28131600801134,887258679,7272612.122950819,81543729,271692927,226508696,41.101094114285715,262.701142,1229.5593323817145,2376.6794259999997,4580.079426,2338.749704,590.8957135714277,21.468571428571412,32.714709,130.32404893848,132352.0
I30-R2002,robust-i30-policy-r2002,STATUS_PRIORITY_NON_DROPPING,2002,external_inputs/robust-i30-policy-r2002,I30,30,0.6666666666666666,NEW_PHASE9,153496738.835483,296146062.66253644,35,0,42274088.38487685,96162146.47999996,272301400.8457142,35,35,0,1.0,61028570.714285694,13166866.21911826,35,20544,0.9994645638629284,0.0,0.000535436137071651,0.0,0.0060845015576323986,0.006765965732087227,132974285.0,106.536,418319999.2857142,84676667.86003043,0,134104,978.948229980872,159578844.8106371,0.6713317799496599,35,20539,133749,796339,950627,124265,0.021605740211460438,102959,11024,0.96985,0.939722,2.321667226890756,112.203,266.0,10174.9,1.579036152320044e+17,70,70,68,181700681.8,70,225.68009923698264,917193617,7517980.467213115,82493564,273692054,250434885,40.97255468571428,261.88393898285716,1449.2935845005668,2875.4294259999997,6161.989425999927,2836.4999924,40.45285642857141,25.048571428571424,28.716157,21.684485216495112,132096.0
I30-R2003,robust-i30-fifo-r2003,FIFO,2003,external_inputs/robust-i30-fifo-r2003,I30,30,0.6666666666666666,NEW_PHASE9,208658593.6630204,701781346.9339979,35,0,84894354.57931082,402770645.87428534,262407357.06285712,35,35,0,1.0,352204284.99999976,56120589.160704404,35,20729,0.9962371556756235,0.0,0.0037628443243764775,0.0,0.03642240339620821,0.16677119012012157,1062038126.7827815,136.72052980132452,157054284.99999985,35993004.59437378,0,137071,516.6300840254667,73547860.13152896,0.6757874063442176,35,0,157489,823940,981429,186659,0.0,162935,0,0.975238,0.962669,2.378359663865546,67.2362,122.0,9794.93,4.4107623876858554e+17,70,70,69,207743484.54285714,70,222.98273140197853,907017313,7434568.139344262,82061092,278648166,232997601,39.01534325714286,89.5325938857143,788.2548029920002,1151.929426,5334.679470400008,1112.0,336.89142785714245,18.869999999999994,33.715723399999995,63.03208473528509,135168.0
I30-R2003,robust-i30-policy-r2003,STATUS_PRIORITY_NON_DROPPING,2003,external_inputs/robust-i30-policy-r2003,I30,30,0.6666666666666666,NEW_PHASE9,145963405.11814964,264023948.5022635,35,0,39651111.42838267,81939405.64571427,255005646.68571424,35,35,0,1.0,46634284.99999998,11104421.626158684,35,20710,0.9997585707387735,0.0,0.00024142926122646064,0.0,0.003042008691453404,0.0035731530661516175,137020427.65079364,111.53968253968254,169881427.85714278,39800659.86950777,0,137017,525.8156966053075,65914057.90101635,0.6763007008462585,35,20708,136750,825037,982495,123351,0.021076952045557484,100366,10782,0.978776,0.962424,2.3777546218487395,69.9589,122.0,10378.9,1.284071044649451e+17,70,70,62,191986325.22857141,70,228.64392564198351,940345689,7707751.549180328,83015987,281463549,258653459,38.95828577142857,86.40687233142857,893.7262598171409,1283.6299587999988,7237.099434879928,1243.6996371999987,29.794284999999977,20.481428571428566,32.714709,18.859107623011464,134144.0
I30-R2004,robust-i30-fifo-r2004,FIFO,2004,external_inputs/robust-i30-fifo-r2004,I30,30,0.6666666666666666,NEW_PHASE9,361606832.1295238,1426368704.403272,35,0,200520368.3325959,1034699217.3371423,306811384.9028571,35,35,0,1.0,947965713.5714273,155506029.37976247,35,20435,0.9915341326156105,0.0,0.008465867384389527,0.0,0.10579887448005872,0.5461218497675556,1195588452.8297873,139.25901942645697,572134284.9999994,101309391.78727718,0,132258,1345.116183299649,223577482.9593347,0.7128774179836734,35,0,151967,843988,995955,269639,0.0,248397,0,0.957224,0.925665,2.28693781512605,134.611,707.0,6811.93,4.528830713502287e+17,70,70,69,220657814.4857143,70,228.70825674000662,914167366,7493175.131147541,81201682,280678420,237148421,39.32970748571428,374.3182526514286,1465.7338920799996,2254.6294703999997,3824.609425999998,2211.6997484,938.1528564285711,22.648571428571415,28.714709,163.76255339867234,135936.0
I30-R2004,robust-i30-policy-r2004,STATUS_PRIORITY_NON_DROPPING,2004,external_inputs/robust-i30-policy-r2004,I30,30,0.6666666666666666,NEW_PHASE9,155190699.98258504,310314621.6458336,35,0,43490735.098251924,101250583.97714281,284190059.72571415,35,35,0,1.0,71989999.28571425,14531455.797763243,35,20417,0.9990204241563403,0.0,0.0009795758436596954,0.0,0.00626928539942205,0.006808052113434882,110863875.7421875,100.1640625,610467142.1428568,110409166.94644178,0,132459,1340.63020799014,208930393.23176116,0.7121394587972789,35,20402,131843,845275,997520,134154,0.020452722752426017,113894,11601,0.965714,0.927086,2.2904470588235295,143.783,788.0,6879.93,1.3868692640555576e+17,70,70,67,192200706.37142858,70,232.04399996402208,948048102,7770886.081967213,82196453,283674067,263129751,39.24398074285714,386.5381792800002,1639.621398416,2417.729426,4337.809425999999,2374.7999999999997,48.65714214285712,26.76285714285713,28.714709,23.634274635438924,134144.0
I30-R2005,robust-i30-fifo-r2005,FIFO,2005,external_inputs/robust-i30-fifo-r2005,I30,30,0.6666666666666666,NEW_PHASE9,328839852.4158912,1535400249.9709027,35,0,181599748.35237017,1046372156.0228559,283944444.1714285,35,35,0,1.0,889294284.999999,137165932.59848508,35,20529,0.9962979200155877,0.0,0.0037020799844122948,0.0,0.08383262701544157,0.4535047980905061,1282583294.3294597,144.0923881464265,416662856.42857134,79922752.40700378,0,133862,1121.8988955944137,195042633.133666,0.6975235397482993,35,0,153995,815851,969846,237847,0.0,215661,0,0.970014,0.943812,2.331771428571429,118.644,550.0,9958.93,6.504112584491557e+17,70,70,68,249943517.68571427,70,223.31807897399995,899048716,7369251.770491803,81639938,275458494,230777423,38.47249731428571,258.5610630742858,1595.839117227429,1852.7795295999988,5577.2094467200495,1808.8501035999989,876.9485707142844,21.148571428571422,28.714709,144.5440840505377,134400.0
I30-R2005,robust-i30-policy-r2005,STATUS_PRIORITY_NON_DROPPING,2005,external_inputs/robust-i30-policy-r2005,I30,30,0.6666666666666666,NEW_PHASE9,151987435.90040818,289581452.6864588,35,0,42983760.29018813,101053510.44571419,266835643.29142848,35,35,0,1.0,68188570.71428567,14003550.066311834,35,20550,0.9996107055961071,0.0,0.00038929440389294404,0.0,0.008029197080291971,0.009391727493917274,163823822.8909091,106.66666666666667,438891427.8571426,90066232.55472751,0,133742,1135.2341886619347,180207614.06281894,0.6972989527836735,35,20543,133404,815639,969586,126809,0.02118739338233019,105540,11292,0.973878,0.942049,2.32741512605042,127.438,609.0,10466.9,1.578392460843549e+17,70,70,69,193657810.7142857,70,228.56192864800687,930963379,7630847.368852459,82560501,277946571,255669318,38.41537091428572,285.3068005371428,1956.7751066902852,1969.7794555999953,7547.67942599999,1925.8500295999954,44.848570714285664,26.407142857142837,28.714709,23.06628278572396,134144.0
I30-R2006,robust-i30-fifo-r2006,FIFO,2006,external_inputs/robust-i30-fifo-r2006,I30,30,0.6666666666666666,NEW_PHASE9,205632710.9892789,785256106.890721,35,0,78319532.93761194,322642223.63428545,246701305.67999998,35,35,0,1.0,238157142.1428564,49864620.82140018,35,20690,0.9959400676655389,0.0,0.004059932334461092,0.0,0.029386176897051714,0.14093765103914935,1170610207.1907895,132.02631578947367,101742856.42857131,31714421.189852417,0,136928,502.9205782341333,72571162.75652856,0.6374135277836734,35,0,157171,732406,889577,161796,0.0,138264,0,0.979701,0.968849,2.3936268907563023,63.4065,110.0,7962.93,7.645360437224681e+17,70,70,65,281657860.8857143,70,222.04423021999537,850781531,6973619.106557377,82208202,258756889,211183250,37.41540771428571,78.89528833142857,831.1802131337141,866.0795887999964,3118.0294259999964,826.1501627999963,226.63571357142794,16.72571428571428,28.714709,55.66572446052711,129280.0
I30-R2006,robust-i30-policy-r2006,STATUS_PRIORITY_NON_DROPPING,2006,external_inputs/robust-i30-policy-r2006,I30,30,0.6666666666666666,NEW_PHASE9,145699480.1727347,259465051.6001206,35,0,38366094.37550128,76189298.51428568,241597237.29142854,35,35,0,1.0,46555713.57142855,11788145.51765352,35,20706,0.9994204578383077,0.0,0.0005795421616922632,0.0,0.005457355355935478,0.006374963778614894,177539832.57522124,109.85840707964601,100034284.99999993,33734890.570711575,0,137002,499.20080106839595,61500209.501101375,0.6381127114884353,35,20698,136597,732606,889901,110656,0.023258766986440065,88058,10350,0.983456,0.968833,2.393586554621849,65.6213,114.0,8862.93,2.073629317775021e+17,70,70,67,218000744.42857143,70,223.99569912801962,880833045,7219942.991803279,83166013,261257006,234291445,37.52969708571428,82.03819153142857,916.6847298788583,943.2294259999996,4352.669426,903.2999999999996,30.894284999999986,18.78714285714285,28.714709,18.77743771426279,128512.0
I30-R2007,robust-i30-fifo-r2007,FIFO,2007,external_inputs/robust-i30-fifo-r2007,I30,30,0.6666666666666666,NEW_PHASE9,233710789.082449,869015543.8656802,35,0,101148268.77679345,574162209.4628569,267258505.06285712,35,35,0,1.0,509464284.99999976,71923367.95385799,35,20641,0.9920062012499394,0.0,0.007993798750060559,0.0,0.05493919868223439,0.25914442129741777,1024912147.2257496,130.91887125220458,326672856.4285701,51566359.37077225,0,135715,757.845213043102,100431771.99162704,0.6480298543795918,35,0,155598,739939,895537,185333,0.0,161913,0,0.971864,0.958457,2.3679529411764704,82.6146,133.0,4578.93,3.874560755755367e+17,70,70,67,243372124.65714285,70,222.10886695902445,855511888,7012392.5245901635,81961913,259569738,212623896,35.8154452,155.73248328000003,924.6584429805711,1651.7294259999996,3178.8494259999998,1610.7994019999996,496.43142785714235,17.241428571428568,28.714709,77.89199384281461,129792.0
I30-R2007,robust-i30-policy-r2007,STATUS_PRIORITY_NON_DROPPING,2007,external_inputs/robust-i30-policy-r2007,I30,30,0.6666666666666666,NEW_PHASE9,144457177.13142857,261870698.7991104,35,0,37783613.355219655,77889177.73714283,248775722.27428567,35,35,0,1.0,49938570.714285694,11771138.51666711,35,20640,0.9993701550387597,0.0,0.0006298449612403101,0.0,0.0032945736434108527,0.0037790697674418604,199652327.29411766,105.07352941176471,325935713.5714285,56100908.84270387,0,135737,763.8315363073878,95727763.01707788,0.6479940137455783,35,20632,135067,740355,896054,114049,0.023025398022887014,91247,10405,0.97981,0.957967,2.3667428571428575,86.5367,134.0,5490.93,1.4639225356463437e+17,70,70,67,213129297.34285715,70,222.4832965999958,885925147,7261681.532786885,82923800,262105500,235886450,35.92962931428571,161.5067362857144,1050.1584900594273,1639.0294259999998,3491.289674639997,1597.0998335999998,32.114284999999974,20.379999999999978,28.714709,18.937631911552447,128512.0
I30-R2008,robust-i30-fifo-r2008,FIFO,2008,external_inputs/robust-i30-fifo-r2008,I30,30,0.6666666666666666,NEW_PHASE9,269567277.6985034,1107090136.3778594,35,0,117079554.52994075,595073544.2971425,275267085.97714275,35,35,0,1.0,522484284.99999976,84681276.22902697,35,20577,0.9943140399475142,0.0,0.005685960052485785,0.0,0.05797735335568839,0.2629149049910094,1146553256.3445096,136.57334450963955,310045713.5714282,55064837.47247958,0,135417,777.1624611346449,134379132.41808343,0.6551724594829932,35,0,155484,764446,919930,203313,0.0,180448,0,0.96898,0.95391,2.3567193277310925,85.6906,187.0,7638.93,2.083105008627881e+17,70,70,62,198857795.4,70,226.15816836600425,869054870,7123400.573770491,81850613,264808860,218535612,37.72962165714286,189.30674218285722,938.7824770879996,1852.7294259999983,4299.679425999999,1813.7994079999983,506.0557135714288,18.954285714285707,28.714861,91.56941182791842,130048.0
I30-R2008,robust-i30-policy-r2008,STATUS_PRIORITY_NON_DROPPING,2008,external_inputs/robust-i30-policy-r2008,I30,30,0.6666666666666666,NEW_PHASE9,151948980.28789118,302515530.0640553,35,0,40513981.73583175,84660586.75428568,258435857.7828571,35,35,0,1.0,54817142.14285711,12743452.49323112,35,20591,0.9993686562090234,0.0,0.0006313437909766402,0.0,0.005536399397795154,0.006604827351755622,190308906.71929824,113.42105263157895,322179999.28571415,59101293.33284595,0,135490,762.1166290005428,119323858.97344801,0.6548552777646258,35,20585,135058,764216,919859,116368,0.02237842973760109,94123,10604,0.974367,0.954588,2.358393277310924,89.6182,186.0,9338.93,1.0970499348585322e+17,70,70,64,186157809.8,70,223.26684756600298,899576462,7373577.557377049,82828374,267280315,242231442,37.729673657142854,186.01539102857143,1115.1947990628569,2099.1794259999997,5534.319571039998,2059.249704,36.55857071428571,21.819999999999997,28.714861,20.53566317837212,131328.0
I30-R2009,robust-i30-fifo-r2009,FIFO,2009,external_inputs/robust-i30-fifo-r2009,I30,30,0.6666666666666666,NEW_PHASE9,177790780.9609796,515717611.38080573,35,0,61155363.377478264,213847831.0857142,244144226.33142847,35,35,0,1.0,166098570.71428564,34095800.384741455,35,20754,0.9961453213838296,0.0,0.0038546786161703767,0.0,0.025199961453213838,0.1068709646333237,926111441.3709369,131.282982791587,112868570.7142856,26471073.871842235,0,137535,413.9353801899415,46672164.61193247,0.5815130011197279,35,0,157914,619039,776953,128309,0.0,103499,0,0.982313,0.975551,2.41018487394958,56.5625,93.0,4928.93,4.156347372093949e+17,70,70,61,212429334.6,70,205.652153248986,783331025,6420746.106557377,82363507,234362884,184239215,33.92975605714285,78.87536435428574,679.5334151931424,1216.1297851999998,3545.8098759199997,1176.9996488,155.16714214285716,13.578571428571426,28.714709,39.087848974969944,121856.0
I30-R2009,robust-i30-policy-r2009,STATUS_PRIORITY_NON_DROPPING,2009,external_inputs/robust-i30-policy-r2009,I30,30,0.6666666666666666,NEW_PHASE9,138464953.06960544,245427677.30161497,35,0,34285721.41095043,64670771.977142826,236835853.01714283,35,35,0,1.0,34788570.7142857,9550752.988738954,35,20750,0.9993734939759036,0.0,0.0006265060240963856,0.0,0.0023132530120481927,0.0024096385542168677,127022344.91666667,116.79166666666667,117935713.57142843,27946808.078943055,0,137537,413.90670530171155,43092671.95762362,0.5815127290108844,35,20742,137209,619027,776978,92837,0.026695736558821487,68858,9302,0.985306,0.975388,2.409781512605042,58.1226,93.0,5166.93,1.1611891577681798e+17,70,70,61,185814999.74285713,70,208.9534428609768,809922570,6638709.590163934,83320962,236556123,204366661,33.929772742857146,80.75249685714284,744.875752482285,1338.5304619999995,3722.06959928,1299.4005623999997,22.85428499999999,14.941428571428567,28.714709,14.926790172599917,121088.0
I30-R2010,robust-i30-fifo-r2010,FIFO,2010,external_inputs/robust-i30-fifo-r2010,I30,30,0.6666666666666666,NEW_PHASE9,201050015.59063947,675709188.5766764,35,0,78446339.04902047,309497792.94857115,254381388.65142855,35,35,0,1.0,238741427.85714287,48114726.83358164,35,20710,0.9959922742636408,0.0,0.004007725736359246,0.0,0.03515210043457267,0.14886528247223563,951385988.8942307,136.625,181015713.57142848,35206441.76703142,0,137101,539.0338270229619,68306205.95859534,0.6288529053836734,35,0,157422,707962,865384,158492,0.0,134550,0,0.979483,0.96978,2.395926050420168,68.4131,123.0,6799.93,6.323279947031471e+17,70,70,67,226343548.77142859,70,212.17872030599392,836551268,6856977.606557377,82229652,253442633,205356744,35.68679742857143,104.04677980571428,746.8091512891424,1128.929426,3277.659425999994,1086.0,227.73428500000006,16.274285714285707,28.714709,53.93820653921683,128256.0
I30-R2010,robust-i30-policy-r2010,STATUS_PRIORITY_NON_DROPPING,2010,external_inputs/robust-i30-policy-r2010,I30,30,0.6666666666666666,NEW_PHASE9,144558476.0092517,256496205.84032512,35,0,37330137.44718623,76777744.49142855,244922731.49714282,35,35,0,1.0,44114284.99999996,11140953.696035791,35,20712,0.9993723445345694,0.0,0.0006276554654306683,0.0,0.004055619930475087,0.004828118964851294,126756829.66666667,121.86904761904762,183495713.57142848,37309714.56016944,0,137120,534.3085738257523,62427731.71431977,0.6288695234612245,35,20701,136782,707622,865105,106613,0.023928887244900908,83503,10121,0.982639,0.969837,2.3960672268907564,70.6703,124.0,8419.93,1.5782389925245955e+17,70,70,67,205743518.82857144,70,211.82518836000236,865482638,7094119.983606557,83186947,255750448,227666129,35.67249617142857,106.34675482285725,837.7773947908565,1240.1294259999988,4244.929426000016,1198.1997039999987,29.984284999999982,18.10857142857142,28.714709,17.645197126063437,126976.0
I30-R2011,robust-i30-fifo-r2011,FIFO,2011,external_inputs/robust-i30-fifo-r2011,I30,30,0.6666666666666666,NEW_PHASE9,259702852.1133061,902427276.3719043,35,0,130001219.1876689,602154907.3371423,277834260.19428563,35,35,0,1.0,527487142.1428569,93453958.72921395,35,20576,0.9970353810264385,0.0,0.0029646189735614307,0.0,0.06906104199066875,0.29033825816485226,954454741.1323012,145.12807881773398,408662856.4285712,68089947.41337283,0,135322,911.178520880302,124214842.557954,0.6585192235986395,35,0,155552,770288,925840,220844,0.0,197869,0,0.969361,0.95178,2.351455462184874,101.677,351.0,6698.93,7.302841288082153e+17,70,70,67,243986387.74285713,70,223.1329872610222,872980889,7155581.057377049,81806318,266067624,220087413,39.758322,259.32670746285817,988.1911398834278,2138.9796183999997,3691.369426000002,2098.0501923999996,515.6085707142854,18.765714285714278,28.715557,100.11299740104361,130304.0
I30-R2011,robust-i30-policy-r2011,STATUS_PRIORITY_NON_DROPPING,2011,external_inputs/robust-i30-policy-r2011,I30,30,0.6666666666666666,NEW_PHASE9,149831602.22770068,279712163.2272608,35,0,41253336.37442301,88669275.41714282,264350103.87428567,35,35,0,1.0,54872856.42857139,12948589.68222979,35,20599,0.9994659934948299,0.0,0.0005340065051701539,0.0,0.005388611097626098,0.006602262245740085,177457528.24324325,110.70270270270271,436195713.5714284,73173314.00465469,0,135319,903.3830945449511,118729815.17238376,0.6582663956040816,35,20592,134986,768820,924398,118138,0.022276119160794375,96245,10749,0.973497,0.951306,2.350285714285714,106.297,341.0,7965.93,2.230181941286426e+17,70,70,67,204814962.4857143,70,223.53728430898627,902830519,7400250.155737705,82753796,268234761,243539785,39.801115257142854,258.5752946628572,1133.5681849942853,2442.729736799999,4581.1494260000145,2401.800310799999,36.68571357142853,22.897142857142843,28.715684999999997,20.46889443500092,129792.0
I30-R2012,robust-i30-fifo-r2012,FIFO,2012,external_inputs/robust-i30-fifo-r2012,I30,30,0.6666666666666666,NEW_PHASE9,388729057.0974694,1733669180.7286074,35,0,223019117.53967765,1192922123.1771414,293988610.96,35,35,0,1.0,1043214284.9999987,172695084.7357272,35,20457,0.9936452070196021,0.0,0.0063547929803979076,0.0,0.10211663489270177,0.578774991445471,1365323350.47056,141.89229296314025,545627142.1428565,100106781.90457556,0,132313,1352.253320370668,250275480.82345462,0.7090539969727891,35,0,152194,831385,983579,253857,0.0,231836,0,0.959347,0.926669,2.2894184873949577,136.645,796.0,10022.9,9.432626976448541e+17,70,71,67,249643610.4857143,70,224.76285195699893,906639234,7431469.131147541,81237760,277993525,234068853,40.81535445714285,371.8553538400002,1636.9378912708573,2575.8294259999993,5971.309425999999,2534.8994079999993,1022.7271421428555,22.407142857142844,28.714861,180.47720497993964,136448.0
I30-R2012,robust-i30-policy-r2012,STATUS_PRIORITY_NON_DROPPING,2012,external_inputs/robust-i30-policy-r2012,I30,30,0.6666666666666666,NEW_PHASE9,157730078.79564625,319862745.5717991,35,0,45878295.48653639,114494988.47999994,278575683.02857137,35,35,0,1.0,79754284.99999996,15336287.723232197,35,20453,0.9991199335060871,0.0,0.0008800664939128734,0.0,0.008898450105119053,0.011440864420867355,219654655.9010989,113.12087912087912,594492856.4285709,112079559.21530372,0,132343,1359.1759392219415,210835155.84243917,0.7092672720054422,35,20444,131842,831480,983766,131466,0.02078136467411966,110097,11343,0.966041,0.926433,2.2888336134453784,145.278,848.0,9785.93,1.8703999890261206e+17,70,71,68,228400679.85714287,70,228.93305031699128,939220911,7698532.057377049,82194462,280628020,259402086,40.85825537142857,405.25818426285724,1835.0053670559976,3004.529603599999,7974.049426000019,2963.599332799999,51.00857071428568,29.119999999999973,28.714709,25.045690152087907,133376.0
I30-R2013,robust-i30-fifo-r2013,FIFO,2013,external_inputs/robust-i30-fifo-r2013,I30,30,0.6666666666666666,NEW_PHASE9,338061732.5420408,1524051388.5801146,35,0,159626036.86870468,952902151.7371416,292982975.3599999,35,35,0,1.0,740184284.999999,119926708.73975547,35,20484,0.989211091583675,0.0,0.010788908416324936,0.0,0.07342315953915252,0.42975004881859014,1440375384.2792554,130.2599734042553,445529999.285714,72520107.05529395,0,133470,1048.9650397992857,199378464.38105223,0.7122305954870748,35,0,153207,827849,981056,226066,0.0,204300,0,0.957932,0.9368,2.3144470588235295,106.894,271.0,8638.93,4.659478272674352e+17,70,70,67,239143485.22857141,70,228.69268054698477,905841020,7424926.393442623,81444419,277809563,233327418,39.786798,226.5181943885715,1377.2175854994264,2168.7794259999955,5169.9295828799995,2122.8499999999954,734.0314278571424,20.7842857142857,28.714709,127.58408944302288,134656.0
I30-R2013,robust-i30-policy-r2013,STATUS_PRIORITY_NON_DROPPING,2013,external_inputs/robust-i30-policy-r2013,I30,30,0.6666666666666666,NEW_PHASE9,158923055.2157823,325688463.5500763,35,0,44237736.89854087,105333582.26285708,276454353.5199999,35,35,0,1.0,72162856.42857139,15024832.463252323,35,20456,0.9990222917481424,0.0,0.0009777082518576457,0.0,0.008408290965975753,0.009434884630426282,159384986.3255814,105.46511627906976,479714284.99999934,78989119.14195149,0,133458,1054.4369478290162,186335188.6319715,0.7123973204585033,35,20444,132829,827795,981068,129650,0.020838514761464037,108512,11332,0.967347,0.935967,2.3123899159663863,112.9,286.0,10100.9,1.7639711094080208e+17,70,70,65,205114923.2857143,70,228.76998839798034,938430303,7692051.663934426,82395744,280389774,258617199,39.98682348571428,231.7982588914286,1516.025387046856,2594.079426,6779.329958799979,2547.1496976,47.664284999999964,25.689999999999973,28.714709,24.171462370281155,133376.0
I30-R2014,robust-i30-fifo-r2014,FIFO,2014,external_inputs/robust-i30-fifo-r2014,I30,30,0.6666666666666666,NEW_PHASE9,348516636.85866666,1276983735.991988,35,0,202299556.4834369,957536453.8399979,302010040.46857136,35,35,0,1.0,848739999.2857138,156843153.71473917,35,20464,0.995113369820172,0.0,0.0048866301798279905,0.0,0.10134870992963252,0.5054241594996091,1163615727.1972034,143.2864030858245,542237142.1428568,102252798.83847448,0,132917,1266.7592913487565,210538018.26552874,0.7050829180394558,35,0,152874,840999,993873,268048,0.0,246444,0,0.962612,0.931265,2.3007731092436976,131.375,715.0,10196.9,9.386843274594924e+17,70,70,66,251614950.82857144,70,225.48403917599353,911998040,7475393.770491803,81343421,280445681,236679278,43.129702228571425,378.80102469714296,1325.0108080434281,2410.5297219999998,6522.1896213599985,2367.6,836.275713571428,23.07285714285713,28.715262199999998,164.90454414753674,134912.0
I30-R2014,robust-i30-policy-r2014,STATUS_PRIORITY_NON_DROPPING,2014,external_inputs/robust-i30-policy-r2014,I30,30,0.6666666666666666,NEW_PHASE9,159874781.6614966,329770267.8230733,35,0,44613613.16216762,104076375.31428565,283938529.31428564,35,35,0,1.0,71424284.99999997,15097892.637768546,35,20416,0.9994122257053292,0.0,0.0005877742946708464,0.0,0.0064165360501567395,0.006906347962382445,126172864.10687023,104.20610687022901,604912856.4285711,113353537.00759603,0,132821,1275.1039065746734,212479773.6103684,0.7050682824734694,35,20407,132378,839449,992234,131611,0.02056672115650139,110734,11412,0.964571,0.929633,2.296739495798319,140.006,787.0,10737.9,1.7240916090705386e+17,70,70,68,194300738.37142858,70,228.86111402499955,943402898,7732810.639344262,82256442,282664633,261760006,43.272486914285714,411.1467157600002,1595.5550308662853,2830.729721999999,10132.789425999981,2787.800295999999,51.14428499999997,26.32999999999998,28.715013,24.084549755059218,133120.0
I30-R2015,robust-i30-fifo-r2015,FIFO,2015,external_inputs/robust-i30-fifo-r2015,I30,30,0.6666666666666666,NEW_PHASE9,213643801.01213604,781093887.5635865,35,0,66436585.7285887,269990694.5142855,251192728.84571424,35,35,0,1.0,213904284.99999985,42060258.276109464,35,20695,0.9953611983570911,0.0,0.004638801642908915,0.0,0.025513409035999034,0.11355399855037449,1283036160.5719697,125.63636363636364,113565713.57142842,28647904.57096602,0,137099,466.0684113961755,77175239.17843804,0.6436487853102041,35,0,157401,753913,911314,155332,0.0,131440,0,0.976218,0.968678,2.3932033613445376,58.8958,103.0,10438.9,3.63556037853542e+17,70,70,62,232457896.8857143,70,215.15991668700008,863619785,7078850.696721312,82198497,263394104,216169933,36.64391514285714,80.24965523428571,581.7430794697154,1231.5297811999994,2811.489722000044,1193.6003551999995,203.31714214285708,16.389999999999997,28.714861,48.39369986334367,130048.0
I30-R2015,robust-i30-policy-r2015,STATUS_PRIORITY_NON_DROPPING,2015,external_inputs/robust-i30-policy-r2015,I30,30,0.6666666666666666,NEW_PHASE9,153476400.29986396,320009255.9687894,35,0,38785863.32750613,74526419.49714282,245354364.78857142,35,35,0,1.0,43907142.14285712,11884710.585048346,35,20684,0.9994198414233224,0.0,0.0005801585766776252,0.0,0.004206149680912783,0.005221427190098627,287370305.13793105,115.97701149425288,110909999.2857142,30047499.660234217,0,137112,464.2314562547578,62227074.370183274,0.6435729447197279,35,20676,136776,753808,911260,112330,0.022689462941421767,89442,10372,0.978122,0.967918,2.3913277310924372,59.8645,104.0,6119.93,1.7470180917774435e+17,70,70,64,198943544.54285714,70,222.60217405299773,893971647,7327636.450819672,83135592,265838630,239757164,36.7867956,79.42962248000003,603.2124424662854,1112.329722,2994.829514799991,1074.3999999999999,30.438570714285664,18.447142857142843,28.714861,18.997119421283912,128512.0
I30-R2016,robust-i30-fifo-r2016,FIFO,2016,external_inputs/robust-i30-fifo-r2016,I30,30,0.6666666666666666,NEW_PHASE9,183894425.99836737,483345184.1508275,35,0,66362603.94658811,266015000.34285697,254097047.19999996,35,35,0,1.0,238572856.42857137,39213921.694714375,35,20749,0.9959034170321461,0.0,0.004096582967853872,0.0,0.030989445274471058,0.10814979035134223,756618205.2052877,132.3701399688958,150582856.42857137,29802348.75549854,0,137637,452.7531617629646,49922987.098656364,0.655839475659864,35,0,157959,764014,921973,174362,0.0,151353,0,0.978884,0.970424,2.3975193277310924,60.5833,123.0,5309.93,3.159141760338567e+17,70,71,62,218614964.2,70,223.72363863699138,870776986,7137516.278688525,82234594,266013805,218993871,37.52971662857143,98.86106357714287,536.1749117257145,1083.5798551999992,3990.9899543200054,1043.6504291999993,227.79857071428557,16.969999999999995,28.715260999999998,45.55126071192591,129536.0
I30-R2016,robust-i30-policy-r2016,STATUS_PRIORITY_NON_DROPPING,2016,external_inputs/robust-i30-policy-r2016,I30,30,0.6666666666666666,NEW_PHASE9,143318193.32865307,254244371.48285425,35,0,37634825.389635995,74212283.88571426,247345578.13714278,35,35,0,1.0,42707142.14285711,10734213.768968465,35,20735,0.9992283578490475,0.0,0.0007716421509524957,0.0,0.002604292259464673,0.0029418857005063903,138873058.1851852,112.14814814814815,156269999.28571406,32390808.937088892,0,137662,461.25727280327345,50061340.35880147,0.655977784707483,35,20723,137276,765154,923153,114575,0.022448066571846705,92300,10602,0.980898,0.970433,2.397539495798319,63.3826,129.0,6660.93,1.3932659117663893e+17,70,71,62,201957840.54285714,70,223.72092411998892,902500687,7397546.6147540985,83187712,268752602,243156028,37.615420057142856,109.68965937142859,576.5345517279991,1218.929426,4909.809425999979,1179.0,27.94714214285712,18.54714285714285,28.714861,17.708577688603704,128768.0
I30-R2017,robust-i30-fifo-r2017,FIFO,2017,external_inputs/robust-i30-fifo-r2017,I30,30,0.6666666666666666,NEW_PHASE9,426434530.18024486,1670847603.7336628,35,0,249881389.99305686,1261527797.1999993,306859975.0742856,35,35,0,1.0,1144714284.9999993,197064880.89385542,35,20371,0.9915566246134211,0.0,0.008443375386578961,0.0,0.10524765598154238,0.648569044229542,1525830468.5186567,138.7117537313433,583847142.1428567,105897620.76704718,0,131307,1414.502620310932,287130550.35605514,0.7075013440829931,35,0,150958,813164,964122,256364,0.0,235269,0,0.954503,0.920873,2.2750991596638652,137.149,737.0,10324.9,6.827928724798647e+17,70,71,67,249829185.45714286,70,226.00166748600896,892986413,7319560.762295082,81097522,273635473,229595278,41.17253731428571,433.02390664000006,1599.0724162422837,2884.6296775999995,6371.25968944,2841.6998815999996,1124.0485707142855,24.69857142857141,26.715557,205.50814930232337,133120.0
I30-R2017,robust-i30-policy-r2017,STATUS_PRIORITY_NON_DROPPING,2017,external_inputs/robust-i30-policy-r2017,I30,30,0.6666666666666666,NEW_PHASE9,163218888.1797007,354924685.5425503,35,0,46075589.79004562,115729289.00571425,286417182.92571425,35,35,0,1.0,87597142.1428571,16219632.960399233,35,20331,0.998868722640303,0.0,0.0011312773596970143,0.0,0.011903005262899021,0.013575328316364174,171803161.5785124,104.37190082644628,634605713.5714282,119739417.04819886,0,131284,1425.9377647059403,255858209.0884848,0.7077471166911564,35,20314,130665,813608,964587,129064,0.021059790355872514,108694,11412,0.962231,0.920522,2.274231932773109,147.516,795.0,10371.9,1.8816557865361085e+17,70,71,66,209786405.0,70,228.07528075799928,925201942,7583622.4754098365,82050930,276272194,254485903,41.901066571428565,464.60963793142855,2017.396776191997,3180.779988399996,12693.899557119952,3137.850562399996,57.94999928571427,31.5242857142857,26.714709,26.336206265903414,131584.0
I30-R2018,robust-i30-fifo-r2018,FIFO,2018,external_inputs/robust-i30-fifo-r2018,I30,30,0.6666666666666666,NEW_PHASE9,248513292.80424488,1071564615.6067603,35,0,109766327.48729815,669907837.1199995,252534377.35999995,35,35,0,1.0,495604284.99999934,76914232.99524824,35,20646,0.993122154412477,0.0,0.006877845587523007,0.0,0.04441538312506054,0.24939455584616874,1355618149.306434,130.96619411123228,201509999.28571415,44406330.01323311,0,135807,660.1101947632626,113637657.32139947,0.6625787176544218,35,0,155765,749814,905579,172931,0.0,149741,0,0.971973,0.957069,2.364524369747899,76.055,115.0,8719.93,8.43479983148476e+17,70,70,63,299029327.62857145,70,221.8728916599939,859495686,7045046.606557377,81934018,261762122,214880601,36.272477771428576,101.16686787428574,1086.6491477188572,1395.5294260000007,4789.359479280019,1356.6000000000008,478.0114278571421,17.33571428571427,28.714709,83.62119888649767,128768.0
I30-R2018,robust-i30-policy-r2018,STATUS_PRIORITY_NON_DROPPING,2018,external_inputs/robust-i30-policy-r2018,I30,30,0.6666666666666666,NEW_PHASE9,147398455.90628573,283657775.31401217,35,0,39334185.58373033,83780683.8285714,249228573.26857138,35,35,0,1.0,52042856.428571425,12258934.086281832,35,20645,0.9990312424315815,0.0,0.0009687575684185032,0.0,0.006781302978929523,0.008040687817873577,171322481.45714286,97.67142857142858,220359999.2857133,49074092.13859985,0,135782,666.8959092652449,98728855.80013217,0.6628211277659865,35,20633,135163,750008,905804,114412,0.02277865851773673,91976,10597,0.977524,0.956229,2.3624470588235296,80.5875,118.0,10776.9,2.6257266200240774e+17,70,70,64,240329317.68571427,70,223.96081070799846,890004660,7295120.163934426,82880738,264247455,238350964,36.24399354285714,106.0381508,1264.1302923931428,1676.2296775999964,6431.729722000019,1638.2996595999964,32.86428499999998,20.631428571428568,28.714709,20.034135648933457,128512.0
I30-R2019,robust-i30-fifo-r2019,FIFO,2019,external_inputs/robust-i30-fifo-r2019,I30,30,0.6666666666666666,NEW_PHASE9,214848142.1952653,647410067.1730126,35,0,89736773.36103185,423627870.83428544,269601485.4057143,35,35,0,1.0,345394284.9999995,56702776.96424239,35,20681,0.9958415937333784,0.0,0.004158406266621536,0.0,0.041584062666215366,0.16769015037957546,908542534.3534883,136.22790697674418,233922856.4285713,41862068.94473552,0,136729,619.3288007138966,79911870.98308748,0.6758767942857142,35,0,156980,811789,968769,188313,0.0,164925,0,0.972898,0.960555,2.3731361344537816,75.2324,141.0,5992.93,3.694338132936417e+17,70,70,66,210314892.65714285,70,225.50737009602017,899370952,7371893.049180328,82007394,275955574,230168995,38.61539057142857,142.1211286742857,757.8504394285711,2342.9297812,5096.010161999996,2303.0003472,333.4528564285707,18.675714285714285,32.714709,63.6432967138952,132608.0
I30-R2019,robust-i30-policy-r2019,STATUS_PRIORITY_NON_DROPPING,2019,external_inputs/robust-i30-policy-r2019,I30,30,0.6666666666666666,NEW_PHASE9,151140497.299483,296777479.68202215,35,0,40624106.00976333,86582200.02285711,257048438.5599999,35,35,0,1.0,49372856.42857142,11907425.261596464,35,20694,0.9996134145162849,0.0,0.0003865854837150865,0.0,0.003044360684256306,0.0036725620952933217,206214285.0,117.15873015873017,245107142.142857,44646665.22807768,0,136765,618.3368715367809,73997118.77464335,0.6766028001482993,35,20691,136393,812539,969623,122557,0.021339221532492524,99845,10846,0.97698,0.959796,2.3712605042016808,78.2761,142.0,5347.93,1.2276655643570515e+17,70,70,64,201443601.68571427,70,222.88665384499473,932022224,7639526.426229509,82951287,278722098,255430886,38.87255308571429,148.70388737142864,775.8856218079998,2619.0297516000023,4101.72943976,2579.1000296000025,34.18857071428568,21.037142857142847,31.715269,19.582853211167976,132608.0
I30-R2020,robust-i30-fifo-r2020,FIFO,2020,external_inputs/robust-i30-fifo-r2020,I30,30,0.6666666666666666,NEW_PHASE9,244745473.45197278,866419088.7529539,35,0,116385790.10169306,603609239.9771426,263880153.11999997,35,35,0,1.0,544447142.1428571,82574282.66154803,35,20644,0.9950590970742105,0.0,0.004940902925789576,0.0,0.0528482852160434,0.2761092811470645,1189421855.821265,136.80568285976167,257098570.71428534,54868215.63638378,0,135491,767.702632263351,111618836.83456624,0.6334135081006802,35,0,155696,692802,848498,171624,0.0,148246,0,0.97551,0.958808,2.368820168067227,85.6949,146.0,6415.93,5.26121044259139e+17,70,71,67,259243539.62857142,70,215.8980176440091,825334529,6765037.122950819,81974079,249463125,201542208,35.786834,172.25252833142864,922.7919579474282,1699.1297971999998,5624.129426000001,1658.2000751999997,533.2928564285712,16.842857142857138,27.715861,88.63830307491018,124928.0
I30-R2020,robust-i30-policy-r2020,STATUS_PRIORITY_NON_DROPPING,2020,external_inputs/robust-i30-policy-r2020,I30,30,0.6666666666666666,NEW_PHASE9,144962709.4612245,271312205.38826156,35,0,38527553.24156916,82680726.39999996,248395696.09142855,35,35,0,1.0,54739999.28571427,12448138.440483186,35,20624,0.9995636152055857,0.0,0.00043638479441427465,0.0,0.004606283941039566,0.0064003103180760275,231298495.52631578,119.08421052631579,270454284.99999976,59242151.15331567,0,135520,760.7702371974136,104110044.74016362,0.6338370260680273,35,20617,135163,692476,848256,106145,0.024305162592424927,83724,10270,0.980517,0.959078,2.369485714285714,89.8788,154.0,8925.93,2.1273074494051696e+17,70,71,66,228357846.37142858,70,216.12259272500523,853777044,6998172.491803279,82943339,251737244,223381664,35.75827354285714,178.67536051428573,1003.2262614811425,1902.5294259999994,6101.609425999995,1860.5999999999995,38.22428499999997,21.128571428571423,27.714709,19.41080148357143,125184.0
