pair_id,run_id,load,policy,rng_run,output_directory,aoi_mean_ns,aoi_p95_ns,aoi_estimable_ues,obsolete_aoi_count,delivery_age_mean_ns,delivery_age_p95_ns,useful_gap_p95_ns,delivery_age_estimable_ues,useful_gap_estimable_ues,obsolete_at_rx_count,duplicate_rx_count,out_of_order_first_rx_count,freshness_effective_rx_fraction,status_residence_p95_ns,status_service_wait_mean_ns,status_residence_estimable_ues,status_terminal_total,status_fully_served_fraction,status_overflow_fraction,status_rlc_dispose_fraction,status_sim_end_censor_fraction,superseded_while_queued_fraction,supersession_depth_mean,queued_after_supersession_mean_ns,bytes_served_after_supersession_mean,bg_residence_p95_ns,bg_service_wait_mean_ns,bg_overflow_count,bg_terminal_total,qbar_bytes,hbar_ns,backlog_occupancy,queue_estimable_ues,select_status_priority_count,select_fifo_count,continue_partial_count,decision_count,status_queued_decision_count,priority_decision_fraction,status_other_competing_decision_count,priority_with_competing_other_count,status_delivery_fraction,bg_delivery_fraction,bg_goodput_mbps,bg_mean_delay_ms,bg_p95_delay_ms,bg_max_delay_ms,a_plus_mean_ns2,a_plus_estimable_events,ok_ho_count,backlog_exposed_ho_count,post_ho_first_fresh_mean_ns,post_ho_first_fresh_estimable_events,wall_clock_seconds,output_bytes,packet_lineage_bytes,rlc_lineage_bytes,policy_decision_bytes
HEAVY-E1001,eval-heavy-fifo-e1001,HEAVY,FIFO,1001,external_inputs/eval-heavy-fifo-e1001,329157712.57284355,911831289.8963569,35,0,204704073.6371092,707315231.1771426,291387266.4914285,35,35,0,0,0,1.0,712074284.9999998,188482515.48638955,35,20593,0.9937842956344389,0.0,0.006215704365561113,0.0,0.23425435827708443,0.7318991890448211,566546901.106136,146.46849087893864,540501427.8571428,151991383.26176277,0,195507,2182.664111274041,192016640.35842615,0.8234760361972789,35,0,215351,1068628,1283979,467528,0.0,467528,0,0.961687,0.909159,3.3692369747899162,157.135,834.0,4173.93,4.4511363730914406e+17,70,70,70,222586476.2,70,245.83690799199394,1173629657,112474492,363093561,301168011
HEAVY-E1001,eval-heavy-policy-e1001,HEAVY,STATUS_PRIORITY_NON_DROPPING,1001,external_inputs/eval-heavy-policy-e1001,150323687.80908844,284538228.0996573,35,0,40428839.209112376,91309514.55999997,280108608.1371428,35,35,0,0,0,1.0,44328570.71428569,10000207.477198552,35,20601,0.99970875200233,0.0,0.000291247997670016,0.0,0.0014562399883500802,0.0015533226542400855,72247618.33333333,98.0,576044284.9999999,162635283.44203213,0,195404,2212.6903544701686,189393555.61251435,0.8234307690122449,35,20597,194697,1069246,1284540,114146,0.01603453376305915,114146,20597,0.965224,0.907706,3.363852100840336,166.184,892.0,5091.93,1.1892828482569771e+17,70,70,70,217786584.54285714,70,247.6762249809981,1215881926,113777204,366652325,334016982
HEAVY-E1002,eval-heavy-fifo-e1002,HEAVY,FIFO,1002,external_inputs/eval-heavy-fifo-e1002,263658421.1982585,883677818.2469422,35,0,132208112.6320567,619183753.5542853,285625847.93142855,35,35,0,0,0,1.0,612551427.8571427,113991459.45681433,35,20631,0.9940865687557559,0.0,0.005913431244244098,0.0,0.14119528864330377,0.40637875042411903,542655720.3858565,143.89598352214213,445301427.85714287,86170520.38531384,0,201274,1333.2703378737497,125885012.51980032,0.8032633418829932,35,0,221218,1067249,1288467,340891,0.0,340891,0,0.964027,0.937181,3.4730823529411765,103.103,527.0,6179.93,6.654054868359763e+17,70,70,70,282543704.8857143,70,239.51484438899206,1180647705,113569000,365298408,301252698
HEAVY-E1002,eval-heavy-policy-e1002,HEAVY,STATUS_PRIORITY_NON_DROPPING,1002,external_inputs/eval-heavy-policy-e1002,150748217.37741497,293536126.7662529,35,0,40234451.74059884,92347939.32571425,272122875.75999993,35,35,0,0,0,1.0,42429999.285714254,9807390.050815303,35,20641,0.9994670800833293,0.0,0.0005329199166707039,0.0,0.002761494113657284,0.003536650356087399,221421072.2982456,98.73684210526316,467059999.2857141,91364095.72481766,0,201291,1341.127394083034,119926595.67595132,0.8031804846870748,35,20636,200669,1066997,1288302,101803,0.01601798336104423,101803,20636,0.970395,0.936844,3.471831932773109,107.698,557.0,7850.93,1.6978939320399258e+17,70,70,70,207286491.74285713,70,244.61598321600468,1223381077,114932228,368745702,334222407
HEAVY-E1003,eval-heavy-fifo-e1003,HEAVY,FIFO,1003,external_inputs/eval-heavy-fifo-e1003,470128230.3057415,1599907149.6781526,35,0,307648247.32503206,1272435136.011428,333073244.2742856,35,35,0,0,0,1.0,1162408570.714285,279321217.6728919,35,20293,0.9907849997536097,0.0,0.009215000246390381,0.0,0.27428177203961956,1.021978021978022,760102193.6947539,145.58300395256916,700357142.1428572,194415636.71747857,0,187950,2775.843498972494,325928111.247564,0.8430720533278911,35,0,207135,1068975,1276110,508229,0.0,508229,0,0.940898,0.868016,3.2167663865546214,193.501,915.0,9269.93,7.545362764474787e+17,70,71,70,302000711.51428574,70,245.79819974201382,1165230549,111104569,359757219,299694121
HEAVY-E1003,eval-heavy-policy-e1003,HEAVY,STATUS_PRIORITY_NON_DROPPING,1003,external_inputs/eval-heavy-policy-e1003,164673930.22508845,358836379.8819668,35,0,45285278.689961486,109800779.07428569,303085914.19428563,35,35,0,0,0,1.0,65649999.28571426,13554552.956184736,35,20292,0.9993100729351468,0.0,0.0006899270648531441,0.0,0.0057658190419869896,0.006209343583678297,113225914.2991453,96.5042735042735,765564284.9999996,208363522.3320496,0,187886,2772.061701990604,315459732.8864024,0.8430672719619048,35,20281,186868,1066512,1273661,121242,0.015923389347714974,121242,20281,0.951347,0.868174,3.2173512605042016,204.903,990.0,10940.9,1.7357842870608298e+17,70,71,70,220800819.05714285,70,244.07172668899875,1205465962,112465699,362635981,331438169
HEAVY-E1004,eval-heavy-fifo-e1004,HEAVY,FIFO,1004,external_inputs/eval-heavy-fifo-e1004,368133851.08495235,1563398409.0843272,35,0,190599476.5176642,887363736.8685709,308715693.0171427,35,35,0,0,0,1.0,836749999.2857139,164805036.51785374,35,20458,0.9906637990028351,0.0,0.009336200997164923,0.0,0.14913481278717372,0.5949261902434255,875754473.4460833,141.5142576204523,538421427.8571424,104450867.87897111,0,195653,1619.402577129464,225826643.18648183,0.8010185020340136,35,0,215243,1020509,1235752,314822,0.0,314822,0,0.94868,0.906242,3.3584268907563026,117.804,651.0,9498.93,6.489647198676887e+17,70,70,70,237615032.77142859,70,240.30913204600802,1147444084,112543013,352759590,288783346
HEAVY-E1004,eval-heavy-policy-e1004,HEAVY,STATUS_PRIORITY_NON_DROPPING,1004,external_inputs/eval-heavy-policy-e1004,161051354.04342857,354200207.26112,35,0,42238212.32470739,102435322.27428569,290220104.3771428,35,35,0,0,0,1.0,54112856.428571396,11041677.627824211,35,20455,0.9992666829626008,0.0,0.0007333170373991689,0.0,0.004791004644341237,0.00542654607675385,131383404.91836734,101.73469387755102,568074284.9999998,111806470.86969543,0,195623,1623.5051624952066,212609348.2396514,0.8018986380789116,35,20447,194871,1022087,1237405,102017,0.016524096799350255,102017,20447,0.958095,0.905094,3.3541714285714286,123.444,671.0,9573.93,1.879064162778921e+17,70,70,70,210972117.8,70,241.21428170899162,1189603028,113871734,356470864,320895612
HEAVY-E1005,eval-heavy-fifo-e1005,HEAVY,FIFO,1005,external_inputs/eval-heavy-fifo-e1005,382162992.31510204,1321591762.230467,35,0,220691691.58793005,942936352.845714,300592967.46285707,35,35,0,0,0,1.0,852128570.7142853,188727514.48058575,35,20410,0.9932876041156296,0.0,0.006712395884370406,0.0,0.17795198432141107,0.6648211660950515,790364294.6651982,145.10187224669605,550468570.7142857,126634273.32811171,0,194060,1953.269445486864,239369183.19461474,0.8011020785455782,35,0,213637,1017404,1231041,370760,0.0,370760,0,0.954993,0.903472,3.348161344537815,138.896,779.0,7741.93,8.314889657586427e+17,70,70,70,327815066.25714284,70,241.734983139002,1144625466,112467091,351504285,288187563
HEAVY-E1005,eval-heavy-policy-e1005,HEAVY,STATUS_PRIORITY_NON_DROPPING,1005,external_inputs/eval-heavy-policy-e1005,160900153.8519728,339650316.8316954,35,0,42133692.97383129,92999557.02857137,278781537.6571428,35,35,0,0,0,1.0,52894284.99999998,12120111.82875399,35,20394,0.9995096597038344,0.0,0.0004903402961655388,0.0,0.004903402961655388,0.00554084534667059,214502153.76,100.24,592262856.4285712,135130316.56936687,0,194077,1943.0577336301062,226024390.05357486,0.8012161310272109,35,20387,193321,1016700,1230408,105050,0.016569300589723085,105050,20387,0.961143,0.903341,3.34767731092437,145.613,817.0,9232.93,2.0474541850088224e+17,70,70,70,210400757.68571427,70,241.59737955397577,1184910423,113817636,354712214,319462970
HEAVY-E1006,eval-heavy-fifo-e1006,HEAVY,FIFO,1006,external_inputs/eval-heavy-fifo-e1006,484598218.86846256,1815761965.2808378,35,0,326780177.6533721,1463782230.3999991,327931465.93142843,35,35,0,0,0,1.0,1361722856.42857,283352204.50862783,35,20327,0.9921286958232892,0.0,0.007871304176710779,0.0,0.23043242977320805,1.0000983913022088,939979960.8249359,145.7865072587532,688927142.1428571,166987734.61547226,0,188910,2452.539815238521,344844257.823034,0.8431739188557823,35,0,208219,1082351,1290570,447268,0.0,447268,0,0.945524,0.871837,3.230924369747899,174.316,908.0,10068.9,4.571092128889045e+17,70,70,70,268214972.08571428,70,244.77035878199968,1176891876,111405938,363099736,302684675
HEAVY-E1006,eval-heavy-policy-e1006,HEAVY,STATUS_PRIORITY_NON_DROPPING,1006,external_inputs/eval-heavy-policy-e1006,160935581.8147483,331570810.010607,35,0,46061083.79828859,113850913.02857138,303438628.22857136,35,35,0,0,0,1.0,71211427.85714284,13452230.06777377,35,20302,0.9995074376908679,0.0,0.0004925623091321052,0.0,0.008422815486158999,0.009999014875381736,170891401.23391813,100.71929824561404,729318570.7142855,182400397.41343665,0,188901,2455.744130494891,322384232.41636276,0.8431081462408163,35,20296,187977,1080832,1289105,119383,0.015744256674204198,119383,20296,0.953633,0.871352,3.229129411764706,185.448,963.0,10743.9,1.5104313486845606e+17,70,70,70,194914989.57142857,70,244.5956206859846,1217986745,112740430,366230392,335188347
HEAVY-E1007,eval-heavy-fifo-e1007,HEAVY,FIFO,1007,external_inputs/eval-heavy-fifo-e1007,322363661.98813605,1268518552.0707846,35,0,181459456.09854627,892697867.5199997,286132843.90857136,35,35,0,0,0,1.0,797892856.4285702,155874898.84407058,35,20538,0.994400623234979,0.0,0.005599376765020937,0.0,0.15230304800856947,0.5369558866491382,741417620.3107417,145.26694373401534,421619999.28571427,103475044.92533334,0,197381,1600.1501560990396,188379744.5339273,0.7811416495061224,35,0,217228,977576,1194804,332265,0.0,332265,0,0.965442,0.925127,3.4284100840336134,116.406,694.0,9942.93,3.265871763696398e+17,70,71,70,216043721.1142857,70,240.32258525502402,1125784569,113178674,344426797,279367564
HEAVY-E1007,eval-heavy-policy-e1007,HEAVY,STATUS_PRIORITY_NON_DROPPING,1007,external_inputs/eval-heavy-policy-e1007,151458595.79580954,296380861.5369653,35,0,39167850.56864377,87323709.34857139,271287167.48571426,35,35,0,0,0,1.0,50574284.99999998,11226384.59633727,35,20516,0.9998050302203159,0.0,0.00019496977968414895,0.0,0.003899395593682979,0.004289335153051277,150514285.0,109.8125,447299999.2857139,110199744.80276746,0,197297,1597.5322521392504,175780625.37839237,0.7809215328707483,35,20514,196684,976966,1194164,98993,0.01717854499047032,98993,20514,0.968272,0.924871,3.4274621848739497,121.65,717.0,10262.9,1.518275333368266e+17,70,71,70,176500710.14285713,70,238.31624913201085,1165180118,114525323,347547240,309792317
HEAVY-E1008,eval-heavy-fifo-e1008,HEAVY,FIFO,1008,external_inputs/eval-heavy-fifo-e1008,269377496.36288434,1047461459.0802907,35,0,134588782.0778896,680995133.9771427,273861391.7142857,35,35,0,0,0,1.0,630631427.8571421,107088655.30009648,35,20630,0.9914202617547261,0.0,0.008579738245273872,0.0,0.11682016480853126,0.3886572952011634,667413345.7435684,140.11908713692947,356388570.7142856,72737142.78657337,0,200902,1274.6268844381605,134079583.8016998,0.7734135823047619,35,0,220582,930222,1150804,258282,0.0,258282,0,0.966041,0.939842,3.482944537815126,97.0356,517.0,8208.93,1.0379306087533852e+18,70,71,70,333157966.25714284,70,234.49435074298526,1098724107,113744147,335840112,268564759
HEAVY-E1008,eval-heavy-policy-e1008,HEAVY,STATUS_PRIORITY_NON_DROPPING,1008,external_inputs/eval-heavy-policy-e1008,146024919.84391835,280124584.07378924,35,0,37752604.68675961,84909462.50285709,255064284.73142853,35,35,0,0,0,1.0,40358570.7142857,9650728.849608488,35,20618,0.9994179842855757,0.0,0.0005820157144242894,0.0,0.0034920942865457366,0.004268115239111456,206450396.1111111,106.36111111111111,364317142.1428571,75832579.73550789,0,200911,1254.6473469065088,118229388.90640405,0.7733925326761905,35,20611,200059,930262,1150932,88358,0.017908095352288406,88358,20611,0.974857,0.939995,3.483509243697479,99.7491,512.0,9658.93,2.4068471585048355e+17,70,71,70,205300684.31428573,70,236.27938893501414,1137534096,115127247,339065588,298158266
HEAVY-E1009,eval-heavy-fifo-e1009,HEAVY,FIFO,1009,external_inputs/eval-heavy-fifo-e1009,287437206.2704762,1094308830.1156578,35,0,149048180.7291058,660019570.548571,293137310.6399999,35,35,0,0,0,1.0,612305713.5714281,122373274.69647303,35,20507,0.9921002584483347,0.0,0.007899741551665285,0.0,0.12293363241819866,0.4177597893402253,709494533.8885363,141.5489884966283,440007142.142857,85346203.70049734,0,198475,1415.8423495958953,154213461.64384338,0.7789304140258503,35,0,218056,948776,1166832,278525,0.0,278525,0,0.963102,0.930781,3.4493647058823527,105.512,587.0,9742.93,5.7404465271099565e+17,70,71,70,220815025.68571427,70,240.83371096701012,1111222632,113432882,338620258,272410620
HEAVY-E1009,eval-heavy-policy-e1009,HEAVY,STATUS_PRIORITY_NON_DROPPING,1009,external_inputs/eval-heavy-policy-e1009,148953877.21610883,283485334.5489969,35,0,38499399.64813351,88389438.22857137,262658734.58285707,35,35,0,0,0,1.0,49572856.42857141,11331994.39452034,35,20506,0.9994635716375695,0.0,0.0005364283624305082,0.0,0.0033161026041158685,0.004047595825612016,221384487.2352941,110.41176470588235,466965713.57142854,90337008.74565774,0,198529,1407.357044421562,142857196.91544235,0.7793023868993197,35,20500,197702,951130,1169332,92888,0.017531376888685165,92888,20500,0.971156,0.930672,3.448961344537815,109.473,615.0,10204.9,1.4488665296366275e+17,70,71,70,195857883.74285713,70,241.1268559010059,1151926868,114801554,342395801,303008500
HEAVY-E1010,eval-heavy-fifo-e1010,HEAVY,FIFO,1010,external_inputs/eval-heavy-fifo-e1010,511498382.76168704,1800252355.772755,35,0,336700482.8377023,1415105039.999999,330374354.54857135,35,35,0,0,0,1.0,1304574284.9999998,293834012.246569,35,20235,0.9905114899925871,0.0,0.009488510007412899,0.0,0.24882629107981222,1.045762293056585,908605667.1545184,144.87050645481628,780694284.9999987,182835900.3985292,0,187359,2687.0531303281346,367883048.0695418,0.8440267663401361,35,0,206569,1060766,1267335,467324,0.0,467324,0,0.942912,0.867287,3.2140638655462186,188.736,934.0,7654.93,5.83382686085051e+17,70,70,70,273686489.5714286,70,244.36156341902097,1160094100,111240517,357832349,297456183
HEAVY-E1010,eval-heavy-policy-e1010,HEAVY,STATUS_PRIORITY_NON_DROPPING,1010,external_inputs/eval-heavy-policy-e1010,161465255.7198367,328018460.54395086,35,0,44856247.924241304,111512250.44571424,298175812.8799999,35,35,0,0,0,1.0,72655713.57142854,13367063.733835652,35,20262,0.9991609910176685,0.0,0.0008390089823314579,0.0,0.007403020432336393,0.007995262066923305,109359530.84,91.2,846521427.8571422,197998739.1193951,0,187456,2680.2057728890977,348988115.90613085,0.8440463193414967,35,20255,186499,1061005,1267759,118459,0.01597701140358696,118459,20255,0.95249,0.866906,3.2126521008403364,201.017,997.0,9244.93,1.4185460796768107e+17,70,70,70,199829417.91428572,70,241.28329423899413,1201899341,112579566,361357038,329773473
HEAVY-E1011,eval-heavy-fifo-e1011,HEAVY,FIFO,1011,external_inputs/eval-heavy-fifo-e1011,357835756.34840816,1106936720.8845549,35,0,217099258.79957375,837419284.1714281,295340064.11428565,35,35,0,0,0,1.0,809954284.9999994,205799917.6943986,35,20550,0.9909975669099756,0.0,0.00900243309002433,0.0,0.2423844282238443,0.7893430656934307,613117839.5376431,144.82172254567357,567171427.8571428,158532833.23509234,0,194224,2250.5057869259645,218248566.91942343,0.8258148312979592,35,0,213812,1082913,1296725,487640,0.0,487640,0,0.958912,0.906727,3.360221848739496,158.9,837.0,8898.93,6.711664155057281e+17,70,71,70,337572189.45714283,70,243.31146412700764,1179759187,112364543,365480647,304217319
HEAVY-E1011,eval-heavy-policy-e1011,HEAVY,STATUS_PRIORITY_NON_DROPPING,1011,external_inputs/eval-heavy-policy-e1011,153144840.32337415,299785728.6542071,35,0,41535741.31135435,91439450.47999994,277528794.8228571,35,35,0,0,0,1.0,48352856.42857142,11401179.313508496,35,20540,0.9993670886075949,0.0,0.0006329113924050633,0.0,0.0044790652385589096,0.006329113924050633,239122695.3478261,109.98913043478261,592847142.1428572,170137018.65528676,0,194219,2279.666211008774,207194838.72603843,0.8258524600761905,35,20533,193355,1081191,1295079,115663,0.015854631261876688,115663,20533,0.965279,0.906449,3.3591932773109243,167.657,875.0,10228.9,2.432585874617459e+17,70,71,70,211972177.0,70,247.41264693799894,1221131824,113716770,368599055,336771099
HEAVY-E1012,eval-heavy-fifo-e1012,HEAVY,FIFO,1012,external_inputs/eval-heavy-fifo-e1012,413976414.71640813,1319348842.6800966,35,0,265128746.27045685,1005125052.8228568,316652951.41714275,35,35,0,0,0,1.0,981878570.7142853,238632842.01589432,35,20387,0.9912689458968951,0.0,0.008731054103104919,0.0,0.2506499239711581,0.893216265267082,702841043.5894325,145.346771037182,688709999.2857138,174010843.64089888,0,190264,2547.2897804381414,273275613.85740566,0.8288505167972788,35,0,209682,1101092,1310774,498569,0.0,498569,0,0.94683,0.880076,3.2614588235294115,179.657,934.0,6989.93,9.377949894718442e+17,70,70,70,343343672.7714286,70,248.27078595999046,1188594855,111575723,367684108,307715158
HEAVY-E1012,eval-heavy-policy-e1012,HEAVY,STATUS_PRIORITY_NON_DROPPING,1012,external_inputs/eval-heavy-policy-e1012,158812096.45137414,311605581.2829478,35,0,44022817.05264152,104400809.57714282,296638726.99428564,35,35,0,0,0,1.0,58935713.57142856,12136507.105064543,35,20375,0.999361963190184,0.0,0.0006380368098159509,0.0,0.00407361963190184,0.004564417177914111,152173004.90361446,96.66265060240964,731648570.7142855,185157458.15950873,0,190434,2541.7752042386246,263536494.035453,0.8282910415306123,35,20369,189564,1100290,1310223,121635,0.01554620854617878,121635,20369,0.955048,0.881039,3.265028571428571,189.001,984.0,7193.93,1.5819204996960214e+17,70,70,70,209486551.74285713,70,245.86116801699973,1231425845,112963786,371097292,340874749
HEAVY-E1013,eval-heavy-fifo-e1013,HEAVY,FIFO,1013,external_inputs/eval-heavy-fifo-e1013,377378751.989551,1564422181.040098,35,0,198187147.40659386,978149495.6571424,298328714.6742856,35,35,0,0,0,1.0,883781427.8571426,168951030.9014483,35,20411,0.9903973347704669,0.0,0.009602665229533095,0.0,0.1597667924158542,0.5885061976385283,785270105.9000306,142.55443115608708,573411427.8571427,109380676.02371414,0,195526,1764.024180743819,238820688.42914063,0.8107183856571428,35,0,214720,995056,1209776,328262,0.0,328262,0,0.952272,0.910014,3.3724033613445377,122.239,698.0,10097.9,8.427818374119607e+17,70,71,70,303800784.0857143,70,240.07738824898843,1131550767,112739671,347297555,282936625
HEAVY-E1013,eval-heavy-policy-e1013,HEAVY,STATUS_PRIORITY_NON_DROPPING,1013,external_inputs/eval-heavy-policy-e1013,183298238.40032655,562871927.6182584,35,0,41032802.18974097,96720753.94285709,277838565.7257142,35,35,0,0,0,1.0,56208570.714285694,12292297.453702563,35,20421,0.9994123696195093,0.0,0.0005876303804906713,0.0,0.005925273003280936,0.006855687772391166,173419135.21487603,111.86776859504133,605514284.9999999,117389108.54169475,0,195450,1771.6242921743592,225613578.28527072,0.8104816509387754,35,20414,194377,994894,1209685,100590,0.01687546758040316,100590,20414,0.96332,0.909899,3.371979831932773,127.24,738.0,10268.9,1.8348221024038518e+17,70,71,70,209172151.97142857,70,243.4079052899906,1171848935,114108297,350567725,313888189
HEAVY-E1014,eval-heavy-fifo-e1014,HEAVY,FIFO,1014,external_inputs/eval-heavy-fifo-e1014,391670014.3675646,1602545389.270463,35,0,241847914.75048938,1215180736.6399996,300387151.4857142,35,35,0,0,0,1.0,1104779999.2857134,209436675.44648492,35,20472,0.9927706135209066,0.0,0.007229386479093396,0.0,0.1995408362641657,0.7593298163345057,782730106.324847,145.33855569155446,539529999.2857141,134832012.1480684,0,193893,2127.956655682834,255154983.8839085,0.8168370652789115,35,0,213451,1032087,1245538,403496,0.0,403496,0,0.958803,0.903178,3.3470722689075627,150.797,791.0,7432.93,8.599731845368745e+17,70,70,70,239800821.34285715,70,244.0111242510029,1152063079,112480677,354589985,291816206
HEAVY-E1014,eval-heavy-policy-e1014,HEAVY,STATUS_PRIORITY_NON_DROPPING,1014,external_inputs/eval-heavy-policy-e1014,154646759.59412244,296747165.68518126,35,0,41450898.55983348,99100806.34285711,279684509.5428571,35,35,0,0,0,1.0,58708570.71428568,11692467.188295377,35,20441,0.9995107871434862,0.0,0.0004892128565138692,0.0,0.004745364708184531,0.0050388924220928525,79925625.20618556,97.52577319587628,580489999.285714,145243534.7538503,0,193726,2137.4945726650435,248569887.2241355,0.8164277358231292,35,20436,192873,1029787,1243096,107932,0.01643959919426979,107932,20436,0.964844,0.901693,3.3415663865546215,159.789,834.0,7740.93,1.4597475878186717e+17,70,70,70,207000686.02857143,70,245.4864465999999,1191566198,113792751,357397186,322938022
HEAVY-E1015,eval-heavy-fifo-e1015,HEAVY,FIFO,1015,external_inputs/eval-heavy-fifo-e1015,373084257.60163265,1242482804.2657971,35,0,214385495.5948498,725409431.3142853,290532916.91428566,35,35,0,0,0,1.0,667662856.4285711,186514359.1210577,35,20432,0.9933927173061864,0.0,0.006607282693813625,0.0,0.18471025841816757,0.654267815191856,736775866.7787493,145.32697403285638,476542856.4285714,132199227.126796,0,194504,2006.3446017031183,234969857.67123604,0.7794363049510203,35,0,214127,975869,1189996,377868,0.0,377868,0,0.957878,0.906759,3.3603428571428573,141.93,818.0,7962.93,1.1771019452826373e+18,70,70,70,331972282.71428573,70,240.70235889201285,1120897875,112582461,342829621,278636742
HEAVY-E1015,eval-heavy-policy-e1015,HEAVY,STATUS_PRIORITY_NON_DROPPING,1015,external_inputs/eval-heavy-policy-e1015,160519868.95357823,351328319.1729644,35,0,42413720.96462509,91966582.06857137,279961507.06285703,35,35,0,0,0,1.0,51498570.71428568,12780695.506608333,35,20410,0.9996570308672219,0.0,0.00034296913277805,0.0,0.0048015678588927,0.006369426751592357,224265305.40816328,105.42857142857143,515664284.99999976,142335406.10822004,0,194354,2020.3691365807472,222983477.13520512,0.7799368491972789,35,20405,193599,976959,1190963,101212,0.017133193894352722,101212,20405,0.962068,0.905633,3.356168067226891,149.889,863.0,8521.93,2.4356840106323952e+17,70,70,70,204715118.94285715,70,236.8028777440195,1161051360,113894773,346265498,309274286
HEAVY-E1016,eval-heavy-fifo-e1016,HEAVY,FIFO,1016,external_inputs/eval-heavy-fifo-e1016,332603828.8992653,1233254717.1740656,35,0,188634928.87777397,894102229.7714282,297555632.45714283,35,35,0,0,0,1.0,837099999.2857139,162418402.19612753,35,20538,0.9906027850813127,0.0,0.009397214918687311,0.0,0.1625279968838251,0.6006427110721589,748675393.1863391,142.55392450569204,586698570.7142857,107922394.27576685,0,196428,1726.7376905285469,194707647.36501372,0.7928581513129251,35,0,215823,989762,1205585,332332,0.0,332332,0,0.958912,0.915189,3.391583193277311,123.447,729.0,8952.93,7.584885456163405e+17,70,71,70,291429386.94285715,70,241.73945242800983,1130307668,112860064,346458864,281836765
HEAVY-E1016,eval-heavy-policy-e1016,HEAVY,STATUS_PRIORITY_NON_DROPPING,1016,external_inputs/eval-heavy-policy-e1016,149456413.42726532,287015279.1177435,35,0,39472212.05926192,93735110.42285709,275178371.7371428,35,35,0,0,0,1.0,51685713.571428545,10732746.164794035,35,20509,0.999512409186211,0.0,0.00048759081378906824,0.0,0.003364376615144571,0.0036081720220391047,128243270.50724638,107.53623188405797,615828570.7142855,114900107.01082513,0,196435,1721.3122599954843,183428487.33297518,0.792372709155102,35,20502,195409,988843,1204754,100386,0.017017582012593443,100386,20502,0.967184,0.91514,3.391401680672269,128.924,769.0,10144.9,1.6295305227219734e+17,70,71,70,194300829.68571427,70,240.94930194600602,1169854095,114229251,349575495,312495629
HEAVY-E1017,eval-heavy-fifo-e1017,HEAVY,FIFO,1017,external_inputs/eval-heavy-fifo-e1017,245308146.37866667,722596441.6572949,35,0,127676684.38809371,496576618.2399996,265426972.7885714,35,35,0,0,0,1.0,456492856.42857116,106764387.39719193,35,20698,0.9947821045511643,0.0,0.005217895448835636,0.0,0.13407092472702675,0.3997487679969079,532702118.1372973,144.35567567567568,341201427.85714275,85215593.42104723,0,201336,1366.7230548488858,112327228.3655915,0.7850661780489796,35,0,221372,984038,1205410,312599,0.0,312599,0,0.973279,0.944566,3.5004504201680673,103.423,618.0,4457.93,4.8297578893662995e+17,70,70,70,212586573.68571427,70,240.32269258599263,1132830664,113855253,347715173,281815009
HEAVY-E1017,eval-heavy-policy-e1017,HEAVY,STATUS_PRIORITY_NON_DROPPING,1017,external_inputs/eval-heavy-policy-e1017,143176751.4887619,255362473.2020176,35,0,36167019.72474594,75546596.03428568,252867478.49142852,35,35,0,0,0,1.0,34875713.57142857,8973461.679793501,35,20681,0.9994681108263623,0.0,0.0005318891736376385,0.0,0.001063778347275277,0.0011121319085150622,260340961.1818182,91.22727272727273,362545713.5714284,90807807.8463602,0,201270,1373.7714809759307,109874962.7646218,0.7849440789442177,35,20673,200676,984307,1205656,95181,0.017146681972303873,95181,20673,0.976327,0.944321,3.499542857142857,107.668,654.0,4897.93,1.6047148498377002e+17,70,70,70,195172311.05714285,70,236.81104326600325,1173066546,115207180,351060456,312786088
HEAVY-E1018,eval-heavy-fifo-e1018,HEAVY,FIFO,1018,external_inputs/eval-heavy-fifo-e1018,476925948.98187757,1902888256.7545571,35,0,292738290.6609105,1360603448.3199997,314240076.10285705,35,35,0,0,0,1.0,1277147142.1428568,262425230.40220538,35,20347,0.9901705411117118,0.0,0.0098294588882882,0.0,0.2074998771317639,0.9111416916498747,997172710.843676,143.63382283278068,652054284.9999998,146768282.3886316,0,190726,2141.2161143544436,331665331.72863823,0.8244822941918368,35,0,210055,1041393,1251448,390698,0.0,390698,0,0.943401,0.882416,3.270131092436975,148.36,804.0,10262.9,8.629377052563174e+17,70,70,70,376943648.0857143,70,243.10958868497983,1151123413,111738128,355061311,293046669
HEAVY-E1018,eval-heavy-policy-e1018,HEAVY,STATUS_PRIORITY_NON_DROPPING,1018,external_inputs/eval-heavy-policy-e1018,165220486.52353743,352576611.24906176,35,0,46664352.51708689,123100853.81714281,298008735.1771428,35,35,0,0,0,1.0,76127142.14285712,13692153.714245386,35,20344,0.9993118364136846,0.0,0.0006881635863153756,0.0,0.010666535587888321,0.013664962642548172,240463812.66820276,106.06912442396313,689942856.4285712,160155750.10310042,0,190698,2140.2179893793905,278724709.30147237,0.8243614583918367,35,20338,189806,1040931,1251075,110748,0.016256419479247847,110748,20338,0.953633,0.881361,3.266218487394958,156.756,839.0,10658.9,2.2925135924290646e+17,70,70,70,228743632.8857143,70,243.9485318629886,1192133928,113069657,358351181,324905290
HEAVY-E1019,eval-heavy-fifo-e1019,HEAVY,FIFO,1019,external_inputs/eval-heavy-fifo-e1019,352672672.11951023,1238240140.359276,35,0,197256349.71381825,772693498.4114282,294738594.8342856,35,35,0,0,0,1.0,698687142.1428568,171431922.88729542,35,20471,0.9897415856577597,0.0,0.010258414342240242,0.0,0.19530066923941186,0.642274437008451,658408521.205853,143.17458729364682,502551427.85714275,129254376.48171283,0,195440,2062.5058442822383,215162913.49448684,0.815615335510204,35,0,214918,1032724,1247642,407780,0.0,407780,0,0.954503,0.909437,3.3702655462184876,145.896,798.0,8086.93,5.888249190585367e+17,70,70,70,262800752.42857143,70,243.84261636302108,1153086876,112597773,355374473,292335480
HEAVY-E1019,eval-heavy-policy-e1019,HEAVY,STATUS_PRIORITY_NON_DROPPING,1019,external_inputs/eval-heavy-policy-e1019,155853972.74285713,313062557.3766611,35,0,40361460.83188379,92806666.59428568,275058541.93142855,35,35,0,0,0,1.0,47645713.57142853,10991783.395709416,35,20469,0.9991206214275246,0.0,0.0008793785724754507,0.0,0.004103766671552103,0.004543455957789828,118061279.09523809,95.77380952380952,536091427.8571426,136315405.4246494,0,195493,2054.722569720649,206653262.96467003,0.8154400585632653,35,20457,194626,1032254,1247337,108215,0.016400539709797754,108215,20457,0.963918,0.909165,3.3692571428571427,151.182,834.0,7468.93,1.41754028999598e+17,70,70,70,209029314.37142858,70,242.64773891400546,1194108871,113958439,358698105,324093080
HEAVY-E1020,eval-heavy-fifo-e1020,HEAVY,FIFO,1020,external_inputs/eval-heavy-fifo-e1020,505297091.88995916,1674708461.5177085,35,0,328241158.8025717,1230676383.5314279,321155976.6971428,35,35,0,0,0,1.0,1138068570.7142851,299350626.75379413,35,20226,0.9912488875704538,0.0,0.008751112429546128,0.0,0.2960051418965688,1.080836547018689,759447651.1035577,145.99482211458158,714881427.8571428,215640051.3368439,0,186503,3063.2984061091533,360562221.3291111,0.8546439689238094,35,0,205737,1103910,1309647,571407,0.0,571407,0,0.943075,0.867238,3.213882352941176,213.838,928.0,8891.93,8.10465842974201e+17,70,70,70,351715012.6571429,70,247.74483340702136,1184513038,110995504,366768847,308156080
HEAVY-E1020,eval-heavy-policy-e1020,HEAVY,STATUS_PRIORITY_NON_DROPPING,1020,external_inputs/eval-heavy-policy-e1020,171254869.3185306,398616686.5924222,35,0,46478791.26261131,109176607.97714284,296775891.99999994,35,35,0,0,0,1.0,68319999.28571422,14962910.806676345,35,20223,0.9991593729911487,0.0,0.000840627008851308,0.0,0.006230529595015576,0.007911783612718193,269756829.6666667,103.94444444444444,777858570.7142855,230116023.02946857,0,186553,3055.6981944843046,342300908.1491166,0.8544403148585035,35,20216,185651,1103468,1309335,126950,0.015439898879965785,126950,20216,0.950966,0.867532,3.214971428571429,225.336,983.0,10648.9,1.584151372051386e+17,70,70,70,217715088.8857143,70,248.69638200299232,1226953225,112349660,370199150,341202276
HEAVY-E1021,eval-heavy-fifo-e1021,HEAVY,FIFO,1021,external_inputs/eval-heavy-fifo-e1021,265198923.2633469,880580009.7267348,35,0,137497181.1262504,545660842.1485714,280114223.2799999,35,35,0,0,0,1.0,496821427.85714275,111568444.49733844,35,20665,0.9941446890878297,0.0,0.0058553109121703365,0.0,0.14096298088555528,0.419356399709654,545148092.0415379,144.03741846893237,412024284.9999999,87856467.24763577,0,200859,1508.2228066058558,130921272.78796561,0.7868541083714286,35,0,220870,984216,1205086,326139,0.0,326139,0,0.96898,0.938792,3.4790521008403363,112.969,652.0,5893.93,6.480421065291217e+17,70,71,70,254129368.42857143,70,243.83132543202373,1132638670,113700027,347546364,281851782
HEAVY-E1021,eval-heavy-policy-e1021,HEAVY,STATUS_PRIORITY_NON_DROPPING,1021,external_inputs/eval-heavy-policy-e1021,145957920.52495238,267253069.58557734,35,0,37948443.62016459,86052374.91428567,260775709.25714275,35,35,0,0,0,1.0,40681427.85714281,9810085.9633294,35,20656,0.9996611154144074,0.0,0.0003388845855925639,0.0,0.0018396591789310612,0.0022753679318357864,177182360.68421054,111.52631578947368,435434284.9999998,91388141.28286351,0,200922,1489.279460032151,125634652.41481298,0.7868914066911564,35,20652,200330,983493,1204475,95199,0.017146059486498267,95199,20652,0.97415,0.938171,3.4767529411764704,115.937,678.0,6380.93,1.605709883711273e+17,70,71,70,205729411.4,70,242.15862710902002,1172350782,115050690,350734045,312530473
HEAVY-E1022,eval-heavy-fifo-e1022,HEAVY,FIFO,1022,external_inputs/eval-heavy-fifo-e1022,442953925.3482449,1552377405.5928035,35,0,272393012.8304987,1148262254.7428567,313188764.2742856,35,35,0,0,0,1.0,1085398570.7142856,252099151.40868056,35,20322,0.9906997342781222,0.0,0.009300265721877768,0.0,0.23944493652199586,0.9149689991142604,796606487.649404,145.0517879161529,650665713.5714282,168296833.69411367,0,189776,2340.9799149501428,299536173.17172873,0.8268329454530612,35,0,209029,1064602,1273631,453195,0.0,453195,0,0.943401,0.880577,3.263314285714286,163.013,867.0,7939.93,5.983299355453316e+17,70,70,70,275815091.74285716,70,244.45041732900427,1165845928,111513888,359594325,298655808
HEAVY-E1022,eval-heavy-policy-e1022,HEAVY,STATUS_PRIORITY_NON_DROPPING,1022,external_inputs/eval-heavy-policy-e1022,163903595.78764626,361633859.627909,35,0,44607163.76146101,105630856.98285714,300301346.5142857,35,35,0,0,0,1.0,60279999.285714254,12855580.003514737,35,20340,0.9991642084562439,0.0,0.0008357915437561455,0.0,0.006047197640117994,0.0072271386430678465,178788055.34146342,98.91869918699187,714392856.4285711,180347907.59734878,0,189699,2316.2949107749905,285864092.3214408,0.8268587958013606,35,20328,188722,1063738,1272788,115795,0.01597123794378954,115795,20328,0.954014,0.879499,3.2593210084033615,171.047,913.0,9528.93,1.7244572621327533e+17,70,70,70,220415073.22857141,70,242.27153850501054,1207087223,112834573,362822215,330836448
HEAVY-E1023,eval-heavy-fifo-e1023,HEAVY,FIFO,1023,external_inputs/eval-heavy-fifo-e1023,449124559.396898,1879290213.1664174,35,0,269656673.2804899,1450175089.5314276,315292987.2457142,35,35,0,0,0,1.0,1302895713.5714276,239674470.26402742,35,20298,0.9905409399940881,0.0,0.009459060005911913,0.0,0.1805596610503498,0.8145630111341019,1044894552.0952251,143.21909959072306,641471427.8571426,129272866.57338546,0,191434,1950.7082476536136,308336716.02924716,0.8042381719687075,35,0,210742,994166,1204908,349527,0.0,349527,0,0.945633,0.892131,3.3061310924369747,136.156,677.0,10360.9,8.393553808971023e+17,70,70,70,320086448.3142857,70,239.60107849701308,1127777198,112056153,345244938,281886744
HEAVY-E1023,eval-heavy-policy-e1023,HEAVY,STATUS_PRIORITY_NON_DROPPING,1023,external_inputs/eval-heavy-policy-e1023,161190931.50682995,344017661.1041095,35,0,43555242.95874436,105229287.51999994,291317120.2628571,35,35,0,0,0,1.0,68217142.14285712,13413094.72999006,35,20318,0.9994586081307215,0.0,0.0005413918692784722,0.0,0.007579486169898612,0.008809922236440594,214047795.57142857,98.84415584415585,694982856.4285713,141071987.14842317,0,191436,1950.1109964391171,274965169.1021179,0.8041068405578232,35,20310,190544,995064,1205918,106234,0.016841941160178387,106234,20310,0.956789,0.891592,3.3041344537815127,144.728,708.0,9749.93,2.2595337407419088e+17,70,70,70,242157948.54285714,70,239.18991144601023,1168605331,113408673,348756030,312942546
HEAVY-E1024,eval-heavy-fifo-e1024,HEAVY,FIFO,1024,external_inputs/eval-heavy-fifo-e1024,337716439.0306394,1308883629.3925438,35,0,181620573.1362567,918126482.2285709,278227200.6628571,35,35,0,0,0,1.0,897012856.4285711,157038605.77439582,35,20566,0.9939220071963435,0.0,0.006077992803656521,0.0,0.14723329767577556,0.561898278712438,802491592.661823,144.2519815059445,449805713.5714284,101959241.0570771,0,197540,1568.9253740355414,188953563.51188803,0.7864796092639456,35,0,217465,1003221,1220686,338371,0.0,338371,0,0.964463,0.92461,3.4264941176470587,114.792,658.0,9950.93,9.129744779745783e+17,70,70,70,343915074.25714284,70,240.5176712970133,1140141823,113142708,350171363,285623386
HEAVY-E1024,eval-heavy-policy-e1024,HEAVY,STATUS_PRIORITY_NON_DROPPING,1024,external_inputs/eval-heavy-policy-e1024,150940168.74917006,304333540.8705685,35,0,39844003.96059765,93902331.1885714,270045688.5828571,35,35,0,0,0,1.0,55508570.71428568,10748866.257433644,35,20534,0.9993669036719587,0.0,0.0006330963280412973,0.0,0.004918671471705464,0.005990065257621506,176457589.47524753,106.33663366336634,473072856.4285712,110075542.98683372,0,197507,1572.7096030359714,173386731.19699022,0.7864823692258504,35,20527,196971,1003285,1220783,100698,0.016814618159001232,100698,20527,0.969197,0.92492,3.4276436974789917,122.274,694.0,10130.9,1.8264884451844947e+17,70,70,70,197158060.31428573,70,241.80970814399188,1180704373,114508245,353509118,316893359
HEAVY-E1025,eval-heavy-fifo-e1025,HEAVY,FIFO,1025,external_inputs/eval-heavy-fifo-e1025,376329103.64157826,1348274982.6732407,35,0,220056502.5121256,947894910.5371418,298335694.35428566,35,35,0,0,0,1.0,885935713.5714281,201060414.33209285,35,20403,0.9931872763809244,0.0,0.006812723619075626,0.0,0.17840513649953438,0.6751458118904082,813814473.9010988,145.21208791208792,573018570.7142856,133237270.34140314,0,193837,1811.5898308937142,238386782.1536757,0.8169274243904763,35,0,213389,1033974,1247363,363402,0.0,363402,0,0.953741,0.904201,3.3508638655462186,129.2,744.0,9940.93,5.327564585173239e+17,70,70,70,242415055.74285713,70,241.16742441500537,1152386564,112377051,354926634,291940749
HEAVY-E1025,eval-heavy-policy-e1025,HEAVY,STATUS_PRIORITY_NON_DROPPING,1025,external_inputs/eval-heavy-policy-e1025,158409871.9080272,333750793.46826214,35,0,42067453.4510861,100110939.74857132,280862877.06285703,35,35,0,0,0,1.0,60011427.857142836,12170336.51979262,35,20434,0.9993638054223353,0.0,0.0006361945776646765,0.0,0.005187432710188901,0.005921503376725066,157750010.245283,104.38679245283019,629381427.8571427,145412984.98223317,0,193747,1838.7630347463944,218351731.4237383,0.8169866663986394,35,20426,192970,1034597,1247993,107937,0.01636707898201352,107937,20426,0.96234,0.903777,3.349290756302521,137.344,791.0,10587.9,1.4472911908094784e+17,70,70,70,210172250.02857143,70,241.8866897499829,1194000191,113725380,358429035,324024677
HEAVY-E1026,eval-heavy-fifo-e1026,HEAVY,FIFO,1026,external_inputs/eval-heavy-fifo-e1026,478705935.8068027,1931742417.3670092,35,0,310749896.5485324,1540872270.1714277,322645857.8171428,35,35,0,0,0,1.0,1390792856.4285712,265173109.51862597,35,20322,0.992274382442673,0.0,0.007725617557327035,0.0,0.22684775120559,0.948774726896959,897801067.0058569,145.74924078091107,707678570.7142854,154967056.05755454,0,189368,2456.441359260011,338627410.7935983,0.8273509631020408,35,0,208770,1064283,1273053,441026,0.0,441026,0,0.947973,0.875227,3.243489075630252,173.595,905.0,8953.93,7.666275966003517e+17,70,70,70,242372110.82857144,70,246.7878488280112,1167717728,111605555,359363713,298456802
HEAVY-E1026,eval-heavy-policy-e1026,HEAVY,STATUS_PRIORITY_NON_DROPPING,1026,external_inputs/eval-heavy-policy-e1026,162261823.22187757,334369714.9877518,35,0,44708685.45789293,112718001.98857139,296701510.1028571,35,35,0,0,0,1.0,71944284.99999996,13127751.532648202,35,20315,0.9994585281811469,0.0,0.0005414718188530642,0.0,0.006793010091065715,0.0073344819099187795,108596798.5942029,93.07246376811594,758584284.9999993,167524462.54268026,0,189329,2447.9995126541717,323952594.6536813,0.827326220662585,35,20308,188508,1065150,1273966,116650,0.015940770789801297,116650,20308,0.951891,0.874133,3.2394352941176474,183.899,961.0,10505.9,1.7283609458111107e+17,70,70,70,185857948.08571428,70,245.30126190697774,1210002439,112909621,362976442,331103483
HEAVY-E1027,eval-heavy-fifo-e1027,HEAVY,FIFO,1027,external_inputs/eval-heavy-fifo-e1027,264854595.84380952,910280825.0376678,35,0,131772547.63803776,579999405.9771427,272253056.8571428,35,35,0,0,0,1.0,526567142.1428566,104652869.47157241,35,20614,0.994712331425245,0.0,0.005287668574755021,0.0,0.12069467352284854,0.3779470262928107,611884511.6205788,144.30064308681673,364381427.8571428,78897361.59713088,0,200767,1363.1445358003334,129467811.55267835,0.7861574317945578,35,0,220733,989799,1210532,293108,0.0,293108,0,0.965769,0.938411,3.4776403361344537,103.682,609.0,5334.93,7.672050345996329e+17,70,70,70,286129465.1142857,70,232.02209612200386,1135474889,113662972,348624697,282821000
HEAVY-E1027,eval-heavy-policy-e1027,HEAVY,STATUS_PRIORITY_NON_DROPPING,1027,external_inputs/eval-heavy-policy-e1027,148318687.50095236,278398838.2705998,35,0,37446118.86274124,82179548.25142853,256341554.98285708,35,35,0,0,0,1.0,37469999.28571427,9275946.504859021,35,20637,0.9997577167223918,0.0,0.00024228327760817948,0.0,0.002035179531908708,0.003198139264427969,304142856.4285714,107.71428571428571,383947142.1428569,83511289.02288322,0,200736,1360.7711550631539,124178625.08157828,0.7861256144816327,35,20635,200172,990052,1210859,94902,0.01704162086584813,94902,20635,0.972299,0.937747,3.4751798319327727,107.504,633.0,6109.93,2.0299911929316355e+17,70,70,70,201000774.94285715,70,238.70907113002613,1176110565,115013552,352012904,313974332
HEAVY-E1028,eval-heavy-fifo-e1028,HEAVY,FIFO,1028,external_inputs/eval-heavy-fifo-e1028,379396761.44337416,1525739556.599289,35,0,202602472.25077754,1091470916.9599986,299620129.3714285,35,35,0,0,0,1.0,969985713.5714283,173392671.2549712,35,20425,0.9869767441860465,0.0,0.013023255813953489,0.0,0.14452876376988985,0.6222766217870257,982498004.1626016,138.60941734417344,475848570.7142856,99973560.42306149,0,194968,1639.2144409679756,238333772.64065054,0.7992362080544217,35,0,214033,989621,1203654,300752,0.0,300752,0,0.949061,0.906558,3.359596638655462,115.876,632.0,10143.9,7.673826413652337e+17,70,70,70,304557893.1142857,70,239.9759977159847,1129048396,112572987,345852423,281293235
HEAVY-E1028,eval-heavy-policy-e1028,HEAVY,STATUS_PRIORITY_NON_DROPPING,1028,external_inputs/eval-heavy-policy-e1028,159241441.2331973,338423035.1447617,35,0,41922128.507136166,100590919.51999994,279441488.01142853,35,35,0,0,0,1.0,59317142.14285711,12137121.44448031,35,20389,0.9990681249693462,0.0,0.0009318750306537839,0.0,0.006326940997596744,0.007160723919760656,183003330.5503876,103.48837209302326,508851427.8571426,107084019.00458755,0,194947,1633.916236966525,220933665.4052611,0.7988843324217687,35,20375,193746,989182,1203303,99874,0.01693255979582865,99874,20375,0.961796,0.905731,3.356531092436975,120.592,652.0,10671.9,2.0371197467957542e+17,70,70,70,212786450.94285715,70,240.72104832000332,1169017490,113926875,349056839,312066671
HEAVY-E1029,eval-heavy-fifo-e1029,HEAVY,FIFO,1029,external_inputs/eval-heavy-fifo-e1029,317044396.6391293,1095474067.2181585,35,0,178212468.68405676,771867949.1657138,287967133.4057143,35,35,0,0,0,1.0,700521427.8571427,145252900.06448883,35,20526,0.9932768196433791,0.0,0.006723180356620871,0.0,0.14586378251973106,0.522508038585209,728826909.4181696,144.17167668670675,504197142.14285713,99572816.44243725,0,197241,1696.6886008433075,183219557.3813417,0.7758253420285713,35,0,217007,954112,1171119,315793,0.0,315793,0,0.964517,0.921562,3.4152,123.387,729.0,6707.93,6.68972669059393e+17,70,71,70,271015134.6,70,239.50614080400555,1112272545,113157268,339396357,273793391
HEAVY-E1029,eval-heavy-policy-e1029,HEAVY,STATUS_PRIORITY_NON_DROPPING,1029,external_inputs/eval-heavy-policy-e1029,151790731.97736055,285799154.9851275,35,0,39696703.37741031,85783790.52571423,267022847.08571422,35,35,0,0,0,1.0,48429999.28571423,11518447.221767817,35,20528,0.9993667186282151,0.0,0.0006332813717848792,0.0,0.003897116134060795,0.0047739672642244735,267986620.95,96.7,536901427.8571427,106501849.90118699,0,197246,1705.3978005294953,175390739.1198043,0.7764831263428572,35,20520,196580,954285,1171385,95148,0.017517724744639893,95148,20520,0.969361,0.92154,3.4151193277310923,129.835,769.0,7957.93,2.208060035542081e+17,70,71,70,223943652.2,70,240.06426039699,1151622393,114515156,342691970,303865690
HEAVY-E1030,eval-heavy-fifo-e1030,HEAVY,FIFO,1030,external_inputs/eval-heavy-fifo-e1030,284586839.1367619,1071043290.8078731,35,0,131124523.12189773,619512291.9542854,279391496.54857135,35,35,0,0,0,1.0,536865713.57142794,111851059.64233847,35,20548,0.9914833560443839,0.0,0.008516643955616118,0.0,0.10911037570566479,0.40816624489001363,810058027.5388047,139.58608385370206,338758570.7142855,76544055.55425997,0,199042,1209.0632855726055,147005583.8093819,0.7643584992217687,35,0,218807,948787,1167594,259022,0.0,259022,0,0.958912,0.930514,3.448376470588235,91.6777,368.0,7417.93,2.0850523772294826e+17,70,71,70,197457905.8,70,239.72925727799884,1109964071,113319675,338993836,272514409
HEAVY-E1030,eval-heavy-policy-e1030,HEAVY,STATUS_PRIORITY_NON_DROPPING,1030,external_inputs/eval-heavy-policy-e1030,153350643.07189116,319107589.86939716,35,0,38085771.30811016,82866685.53142853,269287147.10857135,35,35,0,0,0,1.0,38009999.28571427,9660602.730214616,35,20543,0.99917246750718,0.0,0.0008275324928199387,0.0,0.0023852407145986466,0.00262863262425157,124849948.34693877,103.20408163265306,354874284.99999976,80367059.61624548,0,199082,1199.1799863864,144876907.04456735,0.7641507635755103,35,20534,198383,948187,1167104,90362,0.017593976200921256,90362,20534,0.96702,0.93089,3.449768067226891,94.6792,360.0,8418.93,1.1428276764078054e+17,70,71,70,182843682.14285713,70,239.5910530849942,1148875617,114702659,342119474,302383770
HEAVY-E1031,eval-heavy-fifo-e1031,HEAVY,FIFO,1031,external_inputs/eval-heavy-fifo-e1031,237476723.1252245,797485453.1743526,35,0,111932964.35008138,483708154.7314283,265995738.0114285,35,35,0,0,0,1.0,447451427.8571428,85392925.41468097,35,20677,0.9956957005368283,0.0,0.00430429946317164,0.0,0.09546839483484064,0.30014025245441794,600781411.7087133,144.12765957446808,311539999.2857141,63275509.353162795,0,202540,1110.4448320420624,103723132.75888719,0.7734941069972789,35,0,222680,968713,1191393,249324,0.0,249324,0,0.971973,0.948468,3.514910924369748,88.6828,430.0,6994.93,9.400578462345494e+17,70,70,70,289843655.28571427,70,232.53399289099616,1125861231,114050651,344987053,278087698
HEAVY-E1031,eval-heavy-policy-e1031,HEAVY,STATUS_PRIORITY_NON_DROPPING,1031,external_inputs/eval-heavy-policy-e1031,144624641.1814966,264485568.02523395,35,0,36568182.39612499,75300976.82285713,255964470.2971428,35,35,0,0,0,1.0,34818570.7142857,8967970.539491147,35,20661,0.9998063985286288,0.0,0.0001936014713711824,0.0,0.0016456125066550507,0.0018876143458690286,258384487.2352941,111.17647058823529,320545713.5714284,66922601.472108595,0,202497,1113.663443124604,100515638.98372734,0.7734415122571429,35,20659,202007,969517,1192183,89315,0.017328715474050543,89315,20659,0.974259,0.948294,3.5142655462184873,91.6565,450.0,7944.93,2.551729231918177e+17,70,70,70,236615081.91428572,70,231.7615459570079,1166313188,115411710,348431782,308933283
HEAVY-E1032,eval-heavy-fifo-e1032,HEAVY,FIFO,1032,external_inputs/eval-heavy-fifo-e1032,353902514.4943673,1346216504.7992134,35,0,194586258.63133648,780668031.1657139,286278652.0571428,35,35,0,0,0,1.0,707442856.4285711,175232680.06131193,35,20500,0.9930243902439024,0.0,0.006975609756097561,0.0,0.18551219512195122,0.6091707317073171,680049355.1298975,144.7759663423613,455642856.4285713,123549077.81065026,0,196698,1873.3013265072136,215058431.90764013,0.8185448789020409,35,0,216383,1061544,1277927,404924,0.0,404924,0,0.958694,0.915189,3.391583193277311,136.054,725.0,9928.93,8.717654364797435e+17,70,70,70,309400850.71428573,70,240.13719065999612,1171669135,112753998,362160180,299401880
HEAVY-E1032,eval-heavy-policy-e1032,HEAVY,STATUS_PRIORITY_NON_DROPPING,1032,external_inputs/eval-heavy-policy-e1032,159474604.02057144,347272074.9546578,35,0,42796975.31407736,94229550.99428569,277531308.19428563,35,35,0,0,0,1.0,47417142.14285711,11721335.22184582,35,20511,0.9996099653844279,0.0,0.00039003461557213205,0.0,0.005265467310223783,0.006581834137779728,259865772.2962963,112.63888888888889,474664285.0,131497752.83122866,0,196840,1879.963952659004,198515088.80217376,0.8181565989931973,35,20505,196120,1062789,1279414,108297,0.016026868550758393,108297,20505,0.96381,0.915929,3.394326050420168,141.963,754.0,10181.9,2.3034679270181754e+17,70,70,70,206258019.5142857,70,245.2436552559957,1214861527,114137022,365958377,332399783
HEAVY-E1033,eval-heavy-fifo-e1033,HEAVY,FIFO,1033,external_inputs/eval-heavy-fifo-e1033,391601482.2447891,1605995369.7105248,35,0,230730180.35759887,1228714985.6457138,312318512.3771428,35,35,0,0,0,1.0,1090917142.142857,212666936.7619096,35,20459,0.9891001515225573,0.0,0.010802091988855761,9.775648858692995e-05,0.20695048633853072,0.7785815533506036,780960151.1450166,143.02196504487483,542579999.285714,135097502.6613537,0,193929,1941.2422022790981,245370989.21127176,0.8252962106680272,35,0,213237,1065404,1278641,408110,0.0,408110,0,0.944599,0.892936,3.3091159663865546,138.556,702.0,10407.9,8.694614922574473e+17,70,71,70,340872152.4285714,70,241.79140545701375,1168236976,111939778,361636823,299532480
HEAVY-E1033,eval-heavy-policy-e1033,HEAVY,STATUS_PRIORITY_NON_DROPPING,1033,external_inputs/eval-heavy-policy-e1033,159677976.54106125,324566164.089391,35,0,44619029.37566531,115093803.89714281,303421579.53142846,35,35,0,0,0,1.0,55479999.28571426,10963437.605489722,35,20460,0.999266862170088,0.0,0.0007331378299120235,0.0,0.005180840664711633,0.00552297165200391,110370641.1509434,93.82075471698113,575568570.7142856,145315096.86723748,0,193914,1953.132065138747,227614749.86479425,0.8251476003605441,35,20455,192849,1065476,1278780,111181,0.015995714665540593,111181,20455,0.953469,0.892691,3.308208403361345,146.555,740.0,10757.9,2.0076738748607395e+17,70,71,70,208486385.57142857,70,242.21155889701913,1210369359,113288401,365103581,332194790
HEAVY-E1034,eval-heavy-fifo-e1034,HEAVY,FIFO,1034,external_inputs/eval-heavy-fifo-e1034,315416955.99542856,1134331173.411488,35,0,166519729.2039667,760423759.8971423,284398686.2742856,35,35,0,0,0,1.0,700774284.9999987,146681991.68189806,35,20557,0.9934328939047526,0.0,0.006567106095247361,0.0,0.1555674466118597,0.5231308070243713,685205903.4277674,144.07285803627266,452142856.4285714,103573103.96219581,0,198051,1600.8455637674708,174238933.65844235,0.7998332152571429,35,0,217856,1017810,1235666,351225,0.0,351225,0,0.96049,0.92498,3.4278655462184875,117.669,678.0,9519.93,8.281516506224712e+17,70,70,70,327657898.82857144,70,240.8976309199934,1148281145,113109818,353410645,289145794
HEAVY-E1034,eval-heavy-policy-e1034,HEAVY,STATUS_PRIORITY_NON_DROPPING,1034,external_inputs/eval-heavy-policy-e1034,151777124.66666666,298856665.88830787,35,0,40063295.531080365,91363822.43428569,273074346.502857,35,35,0,0,0,1.0,45344284.999999985,10549400.731016804,35,20549,0.9991240449656917,0.0,0.0008759550343082389,0.0,0.003698476811523675,0.004623096014404594,208219030.10526314,109.90789473684211,473178570.7142856,110047692.14627273,0,197928,1596.1604371673484,165741216.07224908,0.8005815534666667,35,20538,197244,1017671,1235453,102081,0.016623861854720496,102081,20538,0.966857,0.923739,3.4232672268907565,122.255,712.0,9932.93,1.4822985488634752e+17,70,70,70,208615070.94285715,70,237.1101123309927,1188922731,114437153,356698728,320697270
HEAVY-E1035,eval-heavy-fifo-e1035,HEAVY,FIFO,1035,external_inputs/eval-heavy-fifo-e1035,322744947.79287076,1170057781.5850139,35,0,175067604.45156732,841612178.7542852,293547168.3657142,35,35,0,0,0,1.0,769657142.1428568,153869711.69312268,35,20530,0.9923039454456892,0.0,0.007696054554310765,0.0,0.16405260594252313,0.5677057963955188,694343592.7007126,143.7790973871734,506914284.99999976,109791414.1678368,0,196836,1716.2949232517524,182888309.8980841,0.8077540904721088,35,0,216540,1034573,1251113,357811,0.0,357811,0,0.95668,0.916158,3.3951731092436974,125.106,731.0,6368.93,5.633206583158044e+17,70,71,70,269000895.51428574,70,244.17081565700937,1156138338,112830499,356395972,292758199
HEAVY-E1035,eval-heavy-policy-e1035,HEAVY,STATUS_PRIORITY_NON_DROPPING,1035,external_inputs/eval-heavy-policy-e1035,152256687.75292516,288967184.4557031,35,0,40428446.42564993,94463669.19999997,276459934.11428565,35,35,0,0,0,1.0,49258570.714285694,10577440.925608097,35,20548,0.9994160015573291,0.0,0.0005839984426708196,0.0,0.003649990266692622,0.004087989098695737,113235268.36,98.73333333333333,539074284.9999999,116111505.90141669,0,196856,1711.828547817344,173360769.9462746,0.8077504364285715,35,20540,196123,1034876,1251539,104345,0.01641179379947409,104345,20540,0.966476,0.915706,3.3934991596638655,130.324,760.0,6562.93,1.5278525280956547e+17,70,71,70,206143571.62857142,70,243.34273592798854,1197954818,114189030,359887334,324879487
HEAVY-E1036,eval-heavy-fifo-e1036,HEAVY,FIFO,1036,external_inputs/eval-heavy-fifo-e1036,330571929.4527347,1130619858.5628664,35,0,181202427.71737087,809059497.0971426,292061636.21714276,35,35,0,0,0,1.0,757438570.714285,162216700.7569503,35,20490,0.9919472913616398,0.0,0.008052708638360176,0.0,0.16857003416300634,0.5876525134211811,714240241.9119861,143.70353213665317,481207142.1428569,113303599.16018428,0,196383,1706.5407427815387,193429289.31929702,0.804934653522449,35,0,215962,1013517,1229479,356911,0.0,356911,0,0.956952,0.916424,3.396161344537815,121.73,693.0,7438.93,5.484722918929744e+17,70,70,70,289257983.4,70,241.67030363201047,1143424552,112866519,351605390,287637447
HEAVY-E1036,eval-heavy-policy-e1036,HEAVY,STATUS_PRIORITY_NON_DROPPING,1036,external_inputs/eval-heavy-policy-e1036,155019446.6645986,313243418.93094224,35,0,39637617.56354539,91229366.71999997,271358823.03999996,35,35,0,0,0,1.0,49457142.14285711,11112674.220603239,35,20494,0.9991704889235874,0.0,0.0008295110764126086,0.0,0.0037084024592563677,0.0041475553820630425,275758503.7894737,109.98684210526316,514158570.7142854,120337591.5833595,0,196588,1705.4361029636505,184692977.5865343,0.8045535844829932,35,20481,195766,1013856,1230103,101924,0.01664982525853526,101924,20481,0.965986,0.917224,3.399126050420168,127.265,727.0,9166.93,2.0625973676543146e+17,70,70,70,208072264.08571428,70,241.46546096898965,1184988691,114261970,355126714,319231337
HEAVY-E1037,eval-heavy-fifo-e1037,HEAVY,FIFO,1037,external_inputs/eval-heavy-fifo-e1037,230367107.77610886,729992342.3451939,35,0,108582177.51645806,437349356.49142826,268828541.24571425,35,35,0,0,0,1.0,421548570.7142857,87691622.55993596,35,20685,0.9961324631375392,0.0,0.0038675368624607204,0.0,0.09620497945371041,0.300507614213198,613469379.9341708,144.58944723618092,329161427.8571426,62642831.275136374,0,202754,991.478595796815,96303706.73864388,0.766956497,35,0,222902,993940,1216842,259343,0.0,259343,0,0.972626,0.949992,3.520557983193277,81.6259,318.0,7478.93,6.811031899526236e+17,70,71,70,237300867.2857143,70,241.35567354699015,1142797276,114043321,350387631,284002029
HEAVY-E1037,eval-heavy-policy-e1037,HEAVY,STATUS_PRIORITY_NON_DROPPING,1037,external_inputs/eval-heavy-policy-e1037,147149483.30960545,269856362.8170274,35,0,37268199.50269938,79282390.12571426,255690090.36571425,35,35,0,0,0,1.0,36558570.7142857,9176020.645509943,35,20668,0.9999516160247726,0.0,4.8383975227404685e-05,0.0,0.002032126959550997,0.0024191987613702342,228928570.7142857,123.5952380952381,352828570.7142857,66823229.175752446,0,202696,997.2670409702981,88998776.89166462,0.7664387515659864,35,20667,202188,993247,1216102,91441,0.016994462635535505,91441,20667,0.975347,0.949399,3.5183596638655463,84.6688,343.0,7533.93,1.4691112550853258e+17,70,71,70,194072333.57142857,70,241.68149016500684,1182964789,115386563,353548047,315086488
HEAVY-E1038,eval-heavy-fifo-e1038,HEAVY,FIFO,1038,external_inputs/eval-heavy-fifo-e1038,485772592.6827755,1616175104.3142228,35,0,326748740.1552015,1206483692.7885706,319755895.8171428,35,35,0,0,0,1.0,1138638570.714285,308354186.9898774,35,20333,0.9902129543107264,0.0,0.009787045689273594,0.0,0.2911523139723602,1.138248168002754,792720191.5130068,145.7400337837838,722172856.4285712,215485127.72087586,0,186105,2837.898833942275,344186351.9784715,0.8426443174244898,35,0,205289,1073614,1278903,526964,0.0,526964,0,0.944925,0.866112,3.20970756302521,196.542,945.0,7711.93,6.77385140471414e+17,70,70,70,245100718.4857143,70,245.5005671090039,1166154597,110917655,360072162,300572933
HEAVY-E1038,eval-heavy-policy-e1038,HEAVY,STATUS_PRIORITY_NON_DROPPING,1038,external_inputs/eval-heavy-policy-e1038,163337112.03189114,343948724.4052715,35,0,45271771.71069631,108092400.0228571,300958722.2171428,35,35,0,0,0,1.0,67927142.14285709,13991777.11634461,35,20275,0.9993588162762023,0.0,0.0006411837237977805,0.0,0.006313193588162762,0.0069050554870530205,180964285.0,103.234375,765845713.5714283,231127225.67286387,0,186155,2830.0651992844882,328388005.9920208,0.8423747353156462,35,20265,185155,1073952,1279372,122413,0.015839802653176714,122413,20265,0.950694,0.865812,3.208598319327731,208.138,1003.0,9336.93,1.5260791371994266e+17,70,70,70,187557856.2,70,243.62276008998742,1208171339,112251878,363596436,333106659
HEAVY-E1039,eval-heavy-fifo-e1039,HEAVY,FIFO,1039,external_inputs/eval-heavy-fifo-e1039,431934419.73104763,1732349272.8857474,35,0,249517436.008769,1012546555.3142848,307801438.62857133,35,35,0,0,0,1.0,923565713.5714281,219975957.44033152,35,20366,0.9852695669252676,0.0,0.014730433074732397,0.0,0.22331336541294314,0.8428262790926053,791192520.6361037,140.90457343887422,557235713.5714284,151607439.21494624,0,190999,2379.6152003541742,290856056.6370162,0.8265273483795919,35,0,210060,1055490,1265550,433052,0.0,433052,0,0.944925,0.887189,3.287818487394958,163.463,869.0,8701.93,7.229215115127955e+17,70,70,70,268172222.4857143,70,239.4150224640034,1161204185,111848676,358319900,296795940
HEAVY-E1039,eval-heavy-policy-e1039,HEAVY,STATUS_PRIORITY_NON_DROPPING,1039,external_inputs/eval-heavy-policy-e1039,159581184.41785035,333604173.7180211,35,0,43528374.78140756,102552349.43999995,290824292.502857,35,35,0,0,0,1.0,59819999.28571426,12720201.357771648,35,20374,0.9988220280749975,0.0,0.001177971925002454,0.0,0.0070187493864729555,0.00824580347501718,175162353.1958042,95.44055944055944,587725713.5714283,163008650.98396948,0,190899,2402.737533987158,271231027.4551059,0.8267147730612245,35,20360,189742,1055707,1265809,114906,0.016084575161023504,114906,20360,0.958259,0.885464,3.2814252100840338,173.23,915.0,9272.93,2.0209128280826115e+17,70,70,70,200786415.2857143,70,241.65431535200332,1203034066,113164957,361764583,329117744
HEAVY-E1040,eval-heavy-fifo-e1040,HEAVY,FIFO,1040,external_inputs/eval-heavy-fifo-e1040,277243203.37991834,1004710108.4489946,35,0,134220116.78749537,608616622.2171423,273447299.89714277,35,35,0,0,0,1.0,573892856.428571,116052357.15064518,35,20610,0.9943716642406599,0.0,0.005628335759340126,0.0,0.1311499272197962,0.4101892285298399,641009630.6881243,144.32445431002589,368532856.4285713,84501731.17501064,0,200602,1281.9259384342993,142045942.9856781,0.7754778585455783,35,0,220578,973824,1194402,300053,0.0,300053,0,0.965986,0.943031,3.494763025210084,97.1342,533.0,10015.9,5.470508333594378e+17,70,70,70,270600931.28571427,70,239.12851478200173,1125367697,113748606,345040515,279000281
HEAVY-E1040,eval-heavy-policy-e1040,HEAVY,STATUS_PRIORITY_NON_DROPPING,1040,external_inputs/eval-heavy-policy-e1040,154251024.24805441,341651542.49778247,35,0,37553782.61657557,81815239.32571425,256940147.62285712,35,35,0,0,0,1.0,41168570.7142857,9731396.634380018,35,20606,0.9997088226730079,0.0,0.0002911773269921382,0.0,0.003105891487916141,0.0038338348053964864,220870535.0,110.328125,391424284.9999999,88130359.85044625,0,200689,1256.5567221013714,124619299.66734196,0.7752681402952382,35,20601,200126,973734,1194461,92893,0.01724710978424578,92893,20601,0.972299,0.942585,3.493109243697479,98.3732,538.0,10464.9,1.9464626505197907e+17,70,70,70,228686407.97142857,70,238.52713450600277,1165439952,115105937,348359860,309633459
HEAVY-E1041,eval-heavy-fifo-e1041,HEAVY,FIFO,1041,external_inputs/eval-heavy-fifo-e1041,321083077.5117279,1348852931.4149804,35,0,174696145.90015998,1055950775.4399993,287707132.0457142,35,35,0,0,0,1.0,993151427.8571427,152374888.6357576,35,20554,0.9921183224676462,0.0,0.0078816775323538,0.0,0.1485842171840031,0.5490415490902014,765936476.537983,143.37917485265226,526961427.85714275,95726299.87423055,0,197606,1533.0702802507822,185225470.49342993,0.8060750423591837,35,0,217187,1010933,1228120,311950,0.0,311950,0,0.96,0.920147,3.4099563025210085,111.754,623.0,10188.9,4.453956948240569e+17,70,71,70,245886520.54285714,70,240.7376720009779,1143409728,113052208,351596890,287003095
HEAVY-E1041,eval-heavy-policy-e1041,HEAVY,STATUS_PRIORITY_NON_DROPPING,1041,external_inputs/eval-heavy-policy-e1041,150933525.49692518,295104830.78656065,35,0,39282607.633332826,91375070.14857139,268087275.4628571,35,35,0,0,0,1.0,52352856.4285714,10673175.478280755,35,20562,0.9993677657815387,0.0,0.0006322342184612392,0.0,0.004377006127808579,0.004814706740589437,137878583.62222221,103.6,541117142.142857,99970539.17340268,0,197693,1497.2258538513101,171093910.5931322,0.8058740705333333,35,20553,196809,1009939,1227301,100253,0.016746503099076753,100253,20553,0.969959,0.921045,3.4132840336134453,113.9,636.0,10973.9,1.428163079406573e+17,70,71,70,208815063.2857143,70,240.4297859329963,1183687936,114458034,354787154,318261434
HEAVY-E1042,eval-heavy-fifo-e1042,HEAVY,FIFO,1042,external_inputs/eval-heavy-fifo-e1042,339428683.242449,1492867894.8374324,35,0,175159971.40811113,936476529.9542849,291924422.9142856,35,35,0,0,0,1.0,855879999.285713,149922946.8578732,35,20520,0.99317738791423,0.0,0.00682261208576998,0.0,0.13455165692007798,0.531578947368421,854264106.2901123,143.4599782687432,462521427.85714245,91557375.04112692,0,197772,1441.0498089789783,197690558.59793153,0.7732914834693877,35,0,217522,958142,1175664,292471,0.0,292471,0,0.957442,0.920239,3.4102991596638654,104.56,584.0,9831.93,6.226737982656315e+17,70,71,70,274900856.2,70,237.8993172259943,1112154704,113052338,340336457,274542028
HEAVY-E1042,eval-heavy-policy-e1042,HEAVY,STATUS_PRIORITY_NON_DROPPING,1042,external_inputs/eval-heavy-policy-e1042,156197755.8107211,324678803.4375226,35,0,41634973.71654705,96139390.86857137,273185744.90285707,35,35,0,0,0,1.0,48554284.99999991,11534498.938051676,35,20503,0.9995610398478272,0.0,0.0004389601521728527,0.0,0.004974881724625665,0.006828269033799932,307935596.2941176,108.12745098039215,494107142.142857,99842228.04066901,0,197707,1455.3536033846053,170861247.1894398,0.7732754096013605,35,20496,197032,957373,1174901,94256,0.017444874078752167,94256,20496,0.963755,0.920201,3.4101579831932773,110.253,624.0,10378.9,1.6692134558115402e+17,70,71,70,183915067.2857143,70,239.35049607002293,1151101892,114412221,343398246,304514322
HEAVY-E1043,eval-heavy-fifo-e1043,HEAVY,FIFO,1043,external_inputs/eval-heavy-fifo-e1043,324635581.14361906,1302690310.3464978,35,0,189442930.67253885,982046563.051428,293857371.0742856,35,35,0,0,0,1.0,879824284.9999996,158435554.0208174,35,20576,0.9930501555209953,0.0,0.006949844479004666,0.0,0.16115863141524106,0.5776146967340591,719515848.3112184,144.4900482509047,507045713.57142836,102424718.9428638,0,197767,1697.4023067732408,188757873.01608738,0.801359026540136,35,0,217396,994715,1212111,325806,0.0,325806,0,0.96332,0.920822,3.412457142857143,123.487,685.0,10037.9,5.801883205805014e+17,70,70,70,296186472.8857143,70,235.8633354580088,1134335947,113090607,348257499,283417607
HEAVY-E1043,eval-heavy-policy-e1043,HEAVY,STATUS_PRIORITY_NON_DROPPING,1043,external_inputs/eval-heavy-policy-e1043,150592255.98508844,292201452.3312858,35,0,40478098.38823511,95135282.41142853,277658780.8114285,35,35,0,0,0,1.0,51825713.57142856,11228091.454016222,35,20546,0.9994646159836464,0.0,0.0005353840163535481,0.0,0.0053051688893215225,0.006278594373600701,184175633.50458714,114.9908256880734,533971427.8571425,108188060.22679113,0,197761,1674.1857369981185,172936028.290305,0.801268433722449,35,20537,196904,992496,1209937,98371,0.01697361102272267,98371,20537,0.967347,0.920697,3.4119932773109243,127.78,714.0,10137.9,1.9580592714858768e+17,70,70,70,238672228.54285714,70,232.65579487598734,1173140327,114442380,351098547,313865850
HEAVY-E1044,eval-heavy-fifo-e1044,HEAVY,FIFO,1044,external_inputs/eval-heavy-fifo-e1044,295748881.03412247,980501613.3961927,35,0,149097002.37715107,568308020.4114285,287011527.0057142,35,35,0,0,0,1.0,576822856.428571,136676959.08209613,35,20632,0.9912756882512602,0.0,0.008724311748739822,0.0,0.16241760372237302,0.5300019387359441,629016252.579827,142.66308564607579,411311427.85714275,107385395.0804576,0,199052,1540.6068755385184,155263893.58206606,0.7986821951156463,35,0,218958,1047289,1266247,367018,0.0,367018,0,0.960381,0.929197,3.4434957983193275,113.54,615.0,7598.93,4.0275805238092915e+17,70,71,70,219515280.2,70,242.11564217600971,1166801065,113148026,360146168,296342321
HEAVY-E1044,eval-heavy-policy-e1044,HEAVY,STATUS_PRIORITY_NON_DROPPING,1044,external_inputs/eval-heavy-policy-e1044,150695778.52288434,287745853.3574542,35,0,39992350.77077352,93382286.75428568,275038614.0685714,35,35,0,0,0,1.0,43055713.571428545,9724567.81440206,35,20613,0.9993693300344443,0.0,0.0006306699655557172,0.0,0.0029592975306845194,0.003056323679231553,91948496.08196722,92.50819672131148,431721427.8571426,113731570.51718403,0,198921,1546.4232955675034,147169946.68752316,0.7986820396054422,35,20607,198275,1047250,1266132,104295,0.016275554207618163,104295,20607,0.96702,0.927967,3.4389378151260503,117.966,660.0,8621.93,1.3593484291598992e+17,70,71,70,201400770.14285713,70,238.79678818199318,1208445921,114475861,363514465,328678738
HEAVY-E1045,eval-heavy-fifo-e1045,HEAVY,FIFO,1045,external_inputs/eval-heavy-fifo-e1045,288846626.03091156,1159917049.7204988,35,0,134094835.95315798,632256458.1371425,277430183.7257142,35,35,0,0,0,1.0,573975713.5714284,110216604.10078466,35,20559,0.9910987888515979,0.0,0.00890121114840216,0.0,0.11041393063864974,0.41164453524004085,798084248.9982378,139.32687224669604,374122856.4285714,74159024.09123875,0,199339,1291.3159830809973,150481477.88659197,0.7691392574340136,35,0,218957,935505,1154462,250891,0.0,250891,0,0.962068,0.933088,3.4579159663865546,94.7534,489.0,9690.93,6.160519854381958e+17,70,70,70,261057931.2857143,70,239.22441883099964,1101232971,113484930,336252425,269376626
HEAVY-E1045,eval-heavy-policy-e1045,HEAVY,STATUS_PRIORITY_NON_DROPPING,1045,external_inputs/eval-heavy-policy-e1045,149989532.1825306,294863211.4298136,35,0,38142459.20848364,87526569.03999992,268820019.79428566,35,35,0,0,0,1.0,45227142.142857134,10048860.19445612,35,20578,0.9991252794246283,0.0,0.0008747205753717563,0.0,0.004325007289338128,0.004616580814462047,139667775.2022472,98.03370786516854,396592856.4285712,78615594.07743661,0,199311,1296.7188256292409,133430807.26056238,0.7689908998081633,35,20567,198454,934356,1153377,89591,0.017831983817953714,89591,20567,0.969905,0.932419,3.455435294117647,98.2546,534.0,10471.9,1.5195976796127693e+17,70,70,70,212115064.42857143,70,239.99209467199398,1139291779,114835633,339222479,298770298
HEAVY-E1046,eval-heavy-fifo-e1046,HEAVY,FIFO,1046,external_inputs/eval-heavy-fifo-e1046,428971036.08816326,1545412083.8488302,35,0,281118710.74867576,1162132070.0342853,310285642.52571416,35,35,0,0,0,1.0,1077739999.285714,257227305.6460059,35,20425,0.9908935128518972,0.0,0.009106487148102815,0.0,0.26820073439412484,0.949718482252142,706417308.6046002,145.67433369843008,650925713.5714283,183212365.20429948,0,190943,2604.4487461244935,289383555.3169695,0.8423105764380953,35,0,210191,1106691,1316882,513382,0.0,513382,0,0.950803,0.885165,3.2803159663865546,184.305,884.0,10154.9,7.431492795599333e+17,70,70,70,260957918.37142858,70,249.36427346299752,1190231347,111662537,369216084,309314319
HEAVY-E1046,eval-heavy-policy-e1046,HEAVY,STATUS_PRIORITY_NON_DROPPING,1046,external_inputs/eval-heavy-policy-e1046,158394262.32185033,316103463.05782753,35,0,43960507.622119024,103015156.81142855,296897276.8228571,35,35,0,0,0,1.0,54912856.428571366,11838073.716303227,35,20415,0.9995101640950281,0.0,0.0004898359049718344,0.0,0.004359539554249326,0.00455547391623806,153672564.50561798,99.79775280898876,689011427.8571428,196304298.23706147,0,190864,2605.213831223759,272724341.8609947,0.842741402459864,35,20412,189778,1107488,1317678,121796,0.01549088624079631,121796,20412,0.95766,0.883472,3.2740436974789913,194.631,946.0,10534.9,1.3904291307209734e+17,70,70,70,191857974.14285713,70,249.60654322401388,1233575335,112966466,372884083,342965023
HEAVY-E1047,eval-heavy-fifo-e1047,HEAVY,FIFO,1047,external_inputs/eval-heavy-fifo-e1047,426639055.82040817,1489229308.512028,35,0,271947607.3316575,1146465084.0114276,315680014.7199999,35,35,0,0,0,1.0,1069424284.9999994,230817366.23942667,35,20369,0.9930777161372674,0.0,0.006922283862732584,0.0,0.22544062055083705,0.8062742402670725,741342376.5017421,145.88327526132403,636895713.5714283,158175289.0486326,0,192022,2440.6010809157933,285997444.0211141,0.8312292728965986,35,0,211530,1058451,1269981,458685,0.0,458685,0,0.950041,0.886906,3.28676974789916,172.475,872.0,8070.93,8.656401485456448e+17,70,70,70,291286421.0,70,244.84660502598854,1165212611,111908618,359452831,298020225
HEAVY-E1047,eval-heavy-policy-e1047,HEAVY,STATUS_PRIORITY_NON_DROPPING,1047,external_inputs/eval-heavy-policy-e1047,159491891.01659864,318321826.8113769,35,0,43893959.07407613,108422293.6228571,295591407.942857,35,35,0,0,0,1.0,61732856.4285714,12633982.271622276,35,20403,0.9992158015978042,0.0,0.0007841984021957555,0.0,0.005685438415919227,0.00622457481742881,110827625.55172414,94.99137931034483,682177142.1428568,171430667.0190039,0,191902,2464.998707803751,279714449.80035275,0.831356347737415,35,20394,191102,1057978,1269474,115384,0.01606492137688523,115384,20394,0.95619,0.885513,3.2816067226890757,184.547,920.0,9629.93,2.1250170784026573e+17,70,70,70,228786483.05714285,70,245.7253675319953,1206400351,113215327,362744502,330229340
HEAVY-E1048,eval-heavy-fifo-e1048,HEAVY,FIFO,1048,external_inputs/eval-heavy-fifo-e1048,350805705.4406531,1113989018.4376714,35,0,200015046.38082436,756069287.0285709,296405760.6514285,35,35,0,0,0,1.0,740318570.7142851,178591831.30597162,35,20544,0.9915790498442367,0.0,0.008420950155763239,0.0,0.20711643302180685,0.650554906542056,626398662.1353701,144.33772032902468,472172856.4285714,137947682.97405183,0,196730,2056.493822159544,211647989.77557626,0.8153335669673469,35,0,216448,1062341,1278789,436137,0.0,436137,0,0.955646,0.912876,3.3830117647058824,146.847,737.0,9780.93,5.5956698570429446e+17,70,70,70,228843774.7142857,70,245.93156186299166,1172750938,112646050,362355641,299831373
HEAVY-E1048,eval-heavy-policy-e1048,HEAVY,STATUS_PRIORITY_NON_DROPPING,1048,external_inputs/eval-heavy-policy-e1048,156104330.01730612,302997241.1142478,35,0,41619465.05286468,97153918.86857139,280308539.79428566,35,35,0,0,0,1.0,46065713.571428545,10428442.384008637,35,20550,0.9993187347931873,0.0,0.0006812652068126521,0.0,0.0038442822384428224,0.004428223844282238,243079609.4050633,95.58227848101266,501369999.28571415,146871272.71923137,0,196820,2068.534443261405,198008037.84178656,0.815911351292517,35,20540,196097,1061457,1278094,110016,0.016070805433716143,110016,20540,0.962993,0.912871,3.3829915966386555,153.621,772.0,10418.9,1.3244157076405576e+17,70,70,70,204686506.25714287,70,245.42766359300003,1214314452,114012987,365671758,332249954
HEAVY-E1049,eval-heavy-fifo-e1049,HEAVY,FIFO,1049,external_inputs/eval-heavy-fifo-e1049,401790427.19096595,1511621985.3622313,35,0,241662181.05382633,1163712384.2171423,303577072.4342856,35,35,0,0,0,1.0,1087671427.8571424,217245984.51647732,35,20433,0.9915333039690697,0.0,0.008466696030930358,0.0,0.2015367297998336,0.7588215142171977,803020071.3671685,144.7263234579893,600862856.4285712,137757264.85392705,0,193594,2010.9610991032832,262493724.00330687,0.8159757821047618,35,0,213034,1010728,1223762,380287,0.0,380287,0,0.954776,0.900969,3.338884033613445,140.875,796.0,10667.9,7.904155767214604e+17,70,70,70,271543605.6857143,70,237.77532067801803,1137792653,112364188,349821210,286514191
HEAVY-E1049,eval-heavy-policy-e1049,HEAVY,STATUS_PRIORITY_NON_DROPPING,1049,external_inputs/eval-heavy-policy-e1049,156740852.220517,322875179.04098725,35,0,41777012.15921931,107292251.8971428,279777035.2799999,35,35,0,0,0,1.0,62731427.857142724,12101185.70185851,35,20406,0.9994119376653925,0.0,0.0005880623346074683,0.0,0.006125649318827796,0.007154758404390865,187836580.008,106.824,638418570.7142856,147395915.79271597,0,193653,2013.8885410879006,234880184.86410946,0.8158622932190477,35,20396,192721,1009786,1222903,104947,0.016678346524622148,104947,20396,0.961905,0.901393,3.340457142857143,147.211,833.0,10619.9,1.9791714100409184e+17,70,70,70,208300763.05714285,70,237.0654369139811,1177690735,113740576,352972163,317529423
HEAVY-E1050,eval-heavy-fifo-e1050,HEAVY,FIFO,1050,external_inputs/eval-heavy-fifo-e1050,298894102.774966,1127960678.535099,35,0,165597285.52603018,828942105.1999999,285374198.5257142,35,35,0,0,0,1.0,802107142.1428565,140291746.90545675,35,20591,0.9936379971832354,0.0,0.006362002816764606,0.0,0.16686902044582586,0.5143994949249672,591590126.9455763,145.47729918509896,550527142.142857,103085623.53567524,0,198848,1708.7431129880504,162391701.2488313,0.8087826035346939,35,0,218559,1026095,1244654,355505,0.0,355505,0,0.966095,0.92763,3.4376873949579836,126.415,712.0,5500.93,6.11354480105976e+17,70,70,70,292400752.2,70,243.92741085600574,1153456400,113321794,355402145,291154484
HEAVY-E1050,eval-heavy-policy-e1050,HEAVY,STATUS_PRIORITY_NON_DROPPING,1050,external_inputs/eval-heavy-policy-e1050,147925146.97142857,274686690.4308147,35,0,38961883.957882546,92649594.43428569,268971417.8285713,35,35,0,0,0,1.0,46502856.428571396,10010369.948912192,35,20593,0.9996115184771525,0.0,0.0003884815228475696,0.0,0.0030592919924246104,0.0035448938959840724,109166665.95238096,106.95238095238095,584148570.7142856,109870223.06209216,0,198847,1716.8697671956054,157482222.74446142,0.8084869766993198,35,20587,198046,1027222,1245855,101705,0.016524394893466736,101705,20587,0.970884,0.926454,3.433331092436975,132.445,740.0,5892.93,1.7950700579373382e+17,70,70,70,212372220.8857143,70,242.0734190629737,1195407896,114645007,359047033,323323949
HEAVY-E1051,eval-heavy-fifo-e1051,HEAVY,FIFO,1051,external_inputs/eval-heavy-fifo-e1051,308081183.651483,942059250.946608,35,0,172824545.9154194,689759579.5771427,286954407.7028571,35,35,0,0,0,1.0,678074284.9999998,148976254.26575613,35,20543,0.9943533076960522,0.0,0.005646692303947817,0.0,0.1453536484447257,0.5044053935647179,704860908.858004,144.89283322170127,463788570.71428543,109855620.64960338,0,197978,1484.133925804498,169881901.59527072,0.8023726514176871,35,0,217845,1051664,1269509,341397,0.0,341397,0,0.960218,0.924746,3.426998319327731,112.597,616.0,5969.93,4.754358370055091e+17,70,70,70,252172244.08571428,70,240.235642575979,1170271282,113102646,360581414,296924398
HEAVY-E1051,eval-heavy-policy-e1051,HEAVY,STATUS_PRIORITY_NON_DROPPING,1051,external_inputs/eval-heavy-policy-e1051,150799495.41986394,283151992.90407574,35,0,39975725.21499423,89969739.80571422,270430044.78857136,35,35,0,0,0,1.0,47545713.57142855,10262295.302734222,35,20536,0.9994643552785353,0.0,0.0005356447214647449,0.0,0.0033112582781456954,0.0036521231008959875,110961150.8235294,106.0,493197142.1428567,117305420.53321165,0,198003,1476.6997389619278,171141936.4718651,0.8018095415863945,35,20531,197403,1051077,1269011,103492,0.016178740767416516,103492,20531,0.966585,0.924158,3.424820168067227,117.873,639.0,10031.9,1.4440638339782886e+17,70,70,70,210915051.62857142,70,243.576570033998,1211938930,114446937,363911732,329308457
HEAVY-E1052,eval-heavy-fifo-e1052,HEAVY,FIFO,1052,external_inputs/eval-heavy-fifo-e1052,395582336.9030748,1435691533.7093518,35,0,240212953.50602219,1031690891.0628549,316112740.9599999,35,35,0,0,0,1.0,967438570.7142853,212079648.4049843,35,20439,0.9915847154948872,0.0,0.008415284505112775,0.0,0.2186506189148197,0.7668672635647537,713651266.0467666,145.02439024390245,612401427.8571428,148358463.992953,0,193378,2280.496715962259,254165873.55578908,0.8240101858380952,35,0,212839,1085200,1298039,454800,0.0,454800,0,0.950313,0.895505,3.318635294117647,161.6,820.0,6558.93,9.231543022497926e+17,70,72,70,296429282.71428573,70,248.19602608299465,1181947171,112100836,365679927,304427953
HEAVY-E1052,eval-heavy-policy-e1052,HEAVY,STATUS_PRIORITY_NON_DROPPING,1052,external_inputs/eval-heavy-policy-e1052,160390509.523483,335351719.214019,35,0,42899709.13929149,98415365.48571427,289628651.43999994,35,35,0,0,0,1.0,52089999.28571427,11577380.759484047,35,20409,0.9993630261159292,0.0,0.0006369738840707531,0.0,0.0031358714292714,0.003233867411436131,126738874.875,99.3125,645789999.285714,158268923.01056802,0,193527,2281.810852843514,242813755.56389102,0.8242600206,35,20399,192641,1086447,1299487,114855,0.01569773302849509,114855,20399,0.958313,0.89643,3.3220638655462187,169.157,861.0,7761.93,1.9093933225599382e+17,70,72,70,199929310.7142857,70,248.11037735000718,1225502056,113486610,369499372,337868320
HEAVY-E1053,eval-heavy-fifo-e1053,HEAVY,FIFO,1053,external_inputs/eval-heavy-fifo-e1053,357913812.1909116,1326405986.1795278,35,0,202546123.7806128,929085143.2914282,296944617.4057142,35,35,0,0,0,1.0,893474284.9999996,176005394.60636306,35,20448,0.9925665101721439,0.0,0.007433489827856025,0.0,0.15884194053208137,0.6198650234741784,833066390.541564,143.6600985221675,524611427.8571426,110522823.73099421,0,195403,1670.3136933163278,216382508.03704235,0.8026627585387756,35,0,214879,1025570,1240449,334507,0.0,334507,0,0.955483,0.907521,3.3631663865546217,121.527,698.0,9901.93,7.687633200860215e+17,70,70,70,299115042.37142855,70,240.06306957500055,1149245074,112574784,353740148,290036160
HEAVY-E1053,eval-heavy-policy-e1053,HEAVY,STATUS_PRIORITY_NON_DROPPING,1053,external_inputs/eval-heavy-policy-e1053,157408356.58089796,315173435.0446865,35,0,42013885.17175905,99219519.61142853,287253047.02857137,35,35,0,0,0,1.0,52912856.42857139,11558850.631278945,35,20459,0.9995600958013588,0.0,0.0004399041986411848,0.0,0.005132215650813823,0.007038467178258957,252850350.4857143,110.08571428571429,567919999.2857139,119772379.92133008,0,195408,1676.7979410533892,201259191.11629283,0.8021278703102042,35,20453,194518,1025274,1240245,102819,0.01649109651722039,102819,20453,0.961197,0.907548,3.3632672268907564,127.54,740.0,10608.9,1.886814825071355e+17,70,70,70,197157935.05714285,70,241.41546314800507,1190340215,113932213,357066129,321759104
HEAVY-E1054,eval-heavy-fifo-e1054,HEAVY,FIFO,1054,external_inputs/eval-heavy-fifo-e1054,280234273.75804085,962497156.7980243,35,0,141317198.55146196,634957813.7371426,294987424.22857136,35,35,0,0,0,1.0,592937142.1428568,119943663.57184269,35,20586,0.99305353152628,0.0,0.006946468473720004,0.0,0.1420382784416594,0.45103468376566597,613756299.8317374,143.33823529411765,445465713.57142836,91738080.60246362,0,199051,1473.5606697918013,139817235.35706034,0.7780684520367347,35,0,218920,1010084,1229004,325967,0.0,325967,0,0.957061,0.923995,3.42421512605042,110.942,674.0,4728.93,4.986370501088709e+17,70,71,70,240043714.82857144,70,242.83382011301,1146878244,113127683,352160543,287346715
HEAVY-E1054,eval-heavy-policy-e1054,HEAVY,STATUS_PRIORITY_NON_DROPPING,1054,external_inputs/eval-heavy-policy-e1054,150843272.61670747,290351391.61839503,35,0,39164874.271593764,91314986.87999997,279527017.8742857,35,35,0,0,0,1.0,41294284.99999997,9528183.886674335,35,20566,0.9994651366332782,0.0,0.0005348633667217738,0.0,0.0025284450063211127,0.002674316833608869,90171724.92307693,102.03846153846153,470511427.8571427,95896442.612555,0,199142,1458.8224617767862,133877677.38216446,0.7780801138435374,35,20559,198521,1009965,1229045,97993,0.01672762185273932,97993,20559,0.962667,0.924294,3.4253243697478992,114.357,701.0,4992.93,1.1713862331074488e+17,70,71,70,201429366.37142858,70,241.29671441600658,1187825290,114499682,355539551,318845554
HEAVY-E1055,eval-heavy-fifo-e1055,HEAVY,FIFO,1055,external_inputs/eval-heavy-fifo-e1055,351788682.67853063,1215311770.6710422,35,0,209054677.3226599,833806523.1085707,302941563.2685714,35,35,0,0,0,1.0,804559999.2857138,195910455.50369298,35,20508,0.992783304076458,0.0,0.007216695923542032,0.0,0.22171835381314609,0.7119660620245758,631164030.2447767,145.41213987244336,530887142.142857,144328292.433745,0,195513,2002.5180553132598,211581047.84371606,0.8200506715918368,35,0,215151,1100067,1315218,471760,0.0,471760,0,0.953252,0.905801,3.356793277310924,146.573,722.0,6975.93,4.601668013480322e+17,70,71,70,210472252.77142859,70,246.07764080699417,1193659427,112251969,369734224,308455668
HEAVY-E1055,eval-heavy-policy-e1055,HEAVY,STATUS_PRIORITY_NON_DROPPING,1055,external_inputs/eval-heavy-policy-e1055,156001093.35542855,306493832.58310306,35,0,43407349.950970076,101545188.55999994,294392669.2114285,35,35,0,0,0,1.0,49189999.28571427,10704101.025796834,35,20493,0.9995608256477821,0.0,0.0004391743522178305,0.0,0.0038061777192211974,0.004098960620699751,132227105.51282051,101.21794871794872,561035713.5714283,152621503.30681556,0,195466,1980.2997438284544,199133158.04273558,0.8192468036884354,35,20490,194694,1098587,1313771,115207,0.015596325386996669,115207,20490,0.958204,0.906035,3.357660504201681,152.103,763.0,9072.93,1.1416700132528734e+17,70,71,70,195215048.31428573,70,247.62273339700187,1235847222,113611408,372925668,341525285
HEAVY-E1056,eval-heavy-fifo-e1056,HEAVY,FIFO,1056,external_inputs/eval-heavy-fifo-e1056,347863114.97654426,1205853508.6150162,35,0,199608733.09269565,869399416.5599996,294091380.0457142,35,35,0,0,0,1.0,799034284.9999999,171551056.07173535,35,20457,0.993596323996676,0.0,0.0064036760033240455,0.0,0.16845089700347068,0.6074204428801877,743798535.4271619,145.1369704004643,550268570.7142855,117780844.65420876,0,195424,1831.5227545569373,210741707.1704577,0.7982119326435374,35,0,215042,973642,1188684,345809,0.0,345809,0,0.95951,0.913551,3.385512605042017,131.887,760.0,7140.93,7.534321469616996e+17,70,70,70,244429280.8857143,70,241.2092496379919,1119695609,112823968,342850744,278233810
HEAVY-E1056,eval-heavy-policy-e1056,HEAVY,STATUS_PRIORITY_NON_DROPPING,1056,external_inputs/eval-heavy-policy-e1056,151114914.32914287,294284770.9688817,35,0,39601637.16867109,89515107.69142856,268731414.74285704,35,35,0,0,0,1.0,52037142.142857105,11546026.881188408,35,20522,0.9992690770880032,0.0,0.0007309229119968814,0.0,0.004434265666114414,0.0049702758015787935,120827327.59340659,114.48351648351648,580997142.1428567,125858527.68378991,0,195466,1829.6712045041809,204989074.4966804,0.7981624477428572,35,20513,194692,973072,1188277,101233,0.017262809934047364,101233,20513,0.969741,0.913208,3.3842420168067227,137.99,797.0,8609.93,1.6633826388206496e+17,70,70,70,190986545.8,70,239.68365359699237,1158946522,114185541,346050639,308531265
HEAVY-E1057,eval-heavy-fifo-e1057,HEAVY,FIFO,1057,external_inputs/eval-heavy-fifo-e1057,468544382.3431837,1623068983.1277015,35,0,305038090.11356133,1328803798.811428,326071344.5714285,35,35,0,0,0,1.0,1222945713.5714283,260884841.54046234,35,20269,0.9916128077359515,0.0,0.008337855838965909,4.933642508263851e-05,0.23735754107257387,0.9092703142730277,810671675.7719809,145.3340261899813,795258570.7142855,169078906.87796408,0,189108,2628.9669279920804,327919856.12091726,0.8376372418979592,35,0,208259,1036079,1244338,440541,0.0,440541,0,0.948027,0.87748,3.2518386554621848,184.549,919.0,10369.9,8.412696107701124e+17,70,70,70,377729284.54285717,70,237.69671073698555,1148607992,111644414,353319634,291897719
HEAVY-E1057,eval-heavy-policy-e1057,HEAVY,STATUS_PRIORITY_NON_DROPPING,1057,external_inputs/eval-heavy-policy-e1057,163691216.49567348,352507245.1330519,35,0,44939591.4718937,122026500.9257142,293417230.1371427,35,35,0,0,0,1.0,79369999.2857142,15085768.468204988,35,20243,0.999259003112187,0.0,0.0007409968878130712,0.0,0.007607568048214198,0.009188361408882083,252789439.23376623,110.90259740259741,841945713.5714284,180876436.561147,0,189223,2606.0209107455917,308507843.49824125,0.8372829561809524,35,20232,188208,1036453,1244893,113346,0.016251999167799965,113346,20232,0.955265,0.878155,3.254339495798319,193.373,966.0,10925.9,2.4824628185626083e+17,70,70,70,250386490.02857143,70,241.47209370401106,1189791362,113019924,356822772,323702360
HEAVY-E1058,eval-heavy-fifo-e1058,HEAVY,FIFO,1058,external_inputs/eval-heavy-fifo-e1058,456802652.57632655,1828909786.8626964,35,0,275091002.22731376,1320466616.114285,330647080.1028571,35,35,0,0,0,1.0,1197192856.4285707,239074516.54675183,35,20307,0.9884768798936328,0.0,0.011523120106367262,0.0,0.2118973752893091,0.8833407199487862,903834419.9802463,142.38182663258192,620827142.142856,145094653.91185865,0,190335,2227.494289072905,314406264.956933,0.8297124402176871,35,0,209577,1058919,1268496,404285,0.0,404285,0,0.938993,0.875728,3.245344537815126,157.343,833.0,8840.93,6.382507477001221e+17,70,70,70,201772209.0,70,242.5079191350087,1163908093,111545064,358660550,297174040
HEAVY-E1058,eval-heavy-policy-e1058,HEAVY,STATUS_PRIORITY_NON_DROPPING,1058,external_inputs/eval-heavy-policy-e1058,161233711.0068027,332036731.40091836,35,0,45790720.075025424,116830898.29714282,304988544.102857,35,35,0,0,0,1.0,68642856.42857145,13050445.10633911,35,20342,0.9991642906302232,0.0,0.0008357093697768164,0.0,0.008996165568773966,0.010667584308327599,147277529.54644808,104.14207650273224,671112856.428571,156274706.7695011,0,190400,2231.9430113442013,291017340.9943366,0.8299587376272108,35,20330,189439,1058510,1268279,112568,0.016029596011603125,112568,20330,0.952381,0.875793,3.2455865546218488,165.517,878.0,10171.9,1.1610659958340122e+17,70,70,70,190200765.0,70,245.53426548698917,1205504340,112917037,362045331,329492341
HEAVY-E1059,eval-heavy-fifo-e1059,HEAVY,FIFO,1059,external_inputs/eval-heavy-fifo-e1059,321233427.72941494,1115305841.3118129,35,0,189377320.7111137,840450827.2685707,284400018.96,35,35,0,0,0,1.0,729645713.5714273,160924996.1349528,35,20608,0.9944681677018633,0.0,0.005531832298136646,0.0,0.1657123447204969,0.5743400621118012,692111949.6325036,145.58887262079062,469188570.7142853,109163484.5098212,0,198032,1704.8501456604924,183801327.28537118,0.7959773163619047,35,0,217845,1019716,1237561,365170,0.0,365170,0,0.963592,0.921535,3.4150991596638653,124.258,748.0,10256.9,1.029427929202674e+18,70,70,70,305372140.0857143,70,242.25937010499183,1149913141,113089450,353803738,289656991
HEAVY-E1059,eval-heavy-policy-e1059,HEAVY,STATUS_PRIORITY_NON_DROPPING,1059,external_inputs/eval-heavy-policy-e1059,151016807.77959183,292930185.3444289,35,0,40696246.72039692,91845183.24571426,275149821.8171428,35,35,0,0,0,1.0,46762856.42857142,10696973.483363511,35,20563,0.999610951709381,0.0,0.0003890482906190731,0.0,0.0038418518698633466,0.004911734669065798,211961120.443038,118.22784810126582,497589999.28571415,118511433.65815113,0,198007,1725.2033146797278,162423212.2821646,0.7966078703646259,35,20560,197291,1020366,1238217,102624,0.01660452085539126,102624,20560,0.966095,0.920299,3.4105210084033613,130.814,783.0,10791.9,2.2226439721219248e+17,70,70,70,215786647.4,70,241.77592334197834,1191193450,114402034,357298236,321493105
HEAVY-E1060,eval-heavy-fifo-e1060,HEAVY,FIFO,1060,external_inputs/eval-heavy-fifo-e1060,325402408.126585,1416780971.3541296,35,0,171233089.60130677,821388196.2971421,279224419.0971428,35,35,0,0,0,1.0,714309999.2857136,140393434.77906156,35,20540,0.9939143135345667,0.0,0.006085686465433301,0.0,0.12332035053554041,0.4919182083739046,867347458.5199368,143.70864587445718,382488570.71428543,83918560.11042513,0,198204,1391.9705580861619,188204784.40632167,0.7638937567659864,35,0,218027,933745,1151772,272971,0.0,272971,0,0.962939,0.926444,3.433290756302521,101.894,560.0,7998.93,8.052750904926497e+17,70,70,70,428457933.45714283,70,241.6587976180017,1100876772,113318883,335475775,268957399
HEAVY-E1060,eval-heavy-policy-e1060,HEAVY,STATUS_PRIORITY_NON_DROPPING,1060,external_inputs/eval-heavy-policy-e1060,155312589.6310204,348905988.31332004,35,0,39646484.00551363,88801039.47428568,268007174.37714276,35,35,0,0,0,1.0,47298570.714285664,11128295.549977055,35,20515,0.9993663173287838,0.0,0.0006336826712161833,0.0,0.005361930294906166,0.006044357786985133,187921438.4181818,96.16363636363636,397849999.28571373,89645862.776873,0,198224,1387.6590432938083,163300965.539378,0.7631924156122448,35,20508,197585,935064,1153157,91007,0.01778422192294718,91007,20508,0.968544,0.926193,3.432363025210084,106.277,587.0,7231.93,1.8205699802196237e+17,70,70,70,205243464.8857143,70,239.16979514001287,1140379000,114674438,338971182,298888669
HEAVY-E1061,eval-heavy-fifo-e1061,HEAVY,FIFO,1061,external_inputs/eval-heavy-fifo-e1061,481543611.5068299,1564628784.411058,35,0,325077846.54786,1304037901.8171425,322677141.4057142,35,35,0,0,0,1.0,1218828570.7142856,286076508.4098759,35,20332,0.9911961440094432,0.0,0.008803855990556757,0.0,0.2732638205783986,1.046232539838678,777311223.2447804,145.72444204463642,712811427.8571427,198456011.58170047,0,187781,2839.54358456466,337918651.29316264,0.8453111015006802,35,0,207053,1105955,1313008,531506,0.0,531506,0,0.942476,0.864087,3.2022050420168067,199.806,957.0,9053.93,1.1917319931748588e+18,70,70,70,320957880.0857143,70,243.60349005501484,1187165347,111036848,367692749,308594919
HEAVY-E1061,eval-heavy-policy-e1061,HEAVY,STATUS_PRIORITY_NON_DROPPING,1061,external_inputs/eval-heavy-policy-e1061,162302826.7192381,325741796.60766643,35,0,46130882.24181473,114958002.02285708,305751391.0514285,35,35,0,0,0,1.0,66644284.99999997,13186738.920442091,35,20345,0.9994101744900467,0.0,0.0005898255099533055,0.0,0.006684689112804129,0.0071270582452691075,119970070.85294117,90.54411764705883,769228570.7142855,212576519.20894098,0,187802,2824.1238045821888,324114875.08487254,0.8452928507619047,35,20339,186856,1104646,1311841,125664,0.015504165520059215,125664,20339,0.951619,0.863505,3.2000470588235297,210.861,1007.0,10660.9,1.824561503390338e+17,70,70,70,222157939.17142856,70,246.82396103499923,1229291179,112369345,370945934,341588186
HEAVY-E1062,eval-heavy-fifo-e1062,HEAVY,FIFO,1062,external_inputs/eval-heavy-fifo-e1062,422018648.1606531,1757176338.0729542,35,0,230582890.91626602,1221430785.6342852,320031346.05714273,35,35,0,0,0,1.0,1208787142.142857,214730173.9179289,35,20418,0.9870212557547262,0.0,0.012978744245273777,0.0,0.18591438926437456,0.7926339504358899,938358772.3880401,140.63645943097998,564999999.285714,121871568.03652275,0,193444,1793.368553387514,277854213.68949926,0.8223037318530612,35,0,212623,1069951,1282574,367296,0.0,367296,0,0.940354,0.893741,3.3121008403361345,124.401,702.0,9153.93,5.899709283616202e+17,70,70,70,285086467.05714285,70,243.96990665298654,1172806615,112064101,362306419,300092504
HEAVY-E1062,eval-heavy-policy-e1062,HEAVY,STATUS_PRIORITY_NON_DROPPING,1062,external_inputs/eval-heavy-policy-e1062,160074369.7139592,338582610.39764756,35,0,43687895.61877974,108909608.9028571,301768598.73142844,35,35,0,0,0,1.0,63122856.4285714,11576961.364934133,35,20382,0.9993131194190953,0.0,0.0006868805809047199,0.0,0.007653812187224021,0.008487881464036895,131344801.84615384,96.08333333333333,601992856.4285711,130409411.12333229,0,193424,1784.2084909428027,248172529.11810762,0.8216804664884354,35,20375,192309,1068752,1281436,109397,0.015900130790769105,109397,20375,0.953741,0.893137,3.30986218487395,129.457,738.0,10656.9,1.3917211969060821e+17,70,70,70,215057958.7142857,70,244.35304022199125,1214435000,113420669,365495759,332590732
HEAVY-E1063,eval-heavy-fifo-e1063,HEAVY,FIFO,1063,external_inputs/eval-heavy-fifo-e1063,439523159.7458503,1428902785.3476732,35,0,279658581.51990455,1022809284.1142855,306921526.12571424,35,35,0,0,0,1.0,911971427.8571427,249765981.6759716,35,20378,0.99175581509471,0.0,0.008244184905290018,0.0,0.2410933359505349,0.893218176464815,757156235.8353348,145.20109912477102,617615713.5714284,181473949.57345462,0,190692,2499.81875346316,296364972.72027546,0.8409931606544218,35,0,210210,1069850,1280060,468380,0.0,468380,0,0.950041,0.886841,3.2865277310924372,175.071,888.0,10239.9,7.612042607220365e+17,70,70,70,363043722.71428573,70,243.47834992100252,1168940606,111763264,361343592,300462251
HEAVY-E1063,eval-heavy-policy-e1063,HEAVY,STATUS_PRIORITY_NON_DROPPING,1063,external_inputs/eval-heavy-policy-e1063,157472293.5535238,319244252.7563693,35,0,43950283.19880777,104626540.5828571,291050119.142857,35,35,0,0,0,1.0,63542856.4285714,13055889.341066586,35,20398,0.9994607314442593,0.0,0.0005392685557407589,0.0,0.006128051769781351,0.008824394548485145,240386875.016,113.936,656832856.4285711,193907664.89267918,0,190679,2499.5660132507905,284155484.4354188,0.8413341130952381,35,20389,189897,1069250,1279536,116634,0.015934682572432506,116634,20389,0.959782,0.886629,3.2857411764705886,184.196,944.0,10186.9,2.300906949171241e+17,70,70,70,224915103.4,70,243.26715001600678,1210440953,113118813,364667842,332885580
HEAVY-E1064,eval-heavy-fifo-e1064,HEAVY,FIFO,1064,external_inputs/eval-heavy-fifo-e1064,391689692.22813606,1419353302.5829682,35,0,240471878.64645478,1086806637.965714,309755737.48571426,35,35,0,0,0,1.0,1015808570.7142853,212827645.295788,35,20452,0.9906121650694308,0.0,0.009387834930569137,0.0,0.18056913749266576,0.784568746332877,900989757.259139,143.38451123747632,661414284.9999999,128095327.89106974,0,192523,1926.428373058694,253320934.76212746,0.8131493095877551,35,0,211868,1010764,1222632,345385,0.0,345385,0,0.954667,0.896544,3.3224873949579834,136.915,811.0,8347.93,9.115684330032794e+17,70,70,70,275443661.5714286,70,243.15411279298132,1137234416,112225535,349353652,286052751
HEAVY-E1064,eval-heavy-policy-e1064,HEAVY,STATUS_PRIORITY_NON_DROPPING,1064,external_inputs/eval-heavy-policy-e1064,153941298.72228572,308086109.4534214,35,0,41858819.135555185,101056490.76571426,289878684.1485713,35,35,0,0,0,1.0,61195713.57142852,12113782.59543083,35,20397,0.9993626513702996,0.0,0.0006373486297004461,0.0,0.005932244937981075,0.006716674020689317,150452193.0661157,100.26446280991736,716054284.9999999,139141116.83766773,0,192457,1934.0002346777906,235724699.49643773,0.8129986195156462,35,20389,191462,1010658,1222509,105967,0.016677995826615593,105967,20389,0.962449,0.895401,3.3182521008403363,145.853,875.0,10298.9,1.917226000940874e+17,70,70,70,197472307.97142857,70,241.80628991199774,1177980013,113545387,352631196,317304795
HEAVY-E1065,eval-heavy-fifo-e1065,HEAVY,FIFO,1065,external_inputs/eval-heavy-fifo-e1065,292614015.2950204,1099734834.9657633,35,0,150818602.34535328,747070885.554285,302612765.19999987,35,35,0,0,0,1.0,702432856.4285712,127209748.82285348,35,20568,0.9928043562816025,0.0,0.007195643718397511,0.0,0.1408498638661999,0.46241734733566703,651795524.9534,142.97065930272697,496772856.42857134,90326648.32946384,0,199005,1461.9816090979878,151912162.0725419,0.795571018552381,35,0,218768,1042683,1261451,321970,0.0,321970,0,0.955429,0.920729,3.412114285714286,111.246,602.0,7575.93,7.872144240886344e+17,70,70,70,249672270.94285715,70,242.32287380300113,1164196820,113039701,359069304,294871981
HEAVY-E1065,eval-heavy-policy-e1065,HEAVY,STATUS_PRIORITY_NON_DROPPING,1065,external_inputs/eval-heavy-policy-e1065,153373599.18878913,295100488.80155087,35,0,41026354.76452866,98942420.7085714,285093028.57142854,35,35,0,0,0,1.0,43102856.42857142,9927200.059372531,35,20560,0.9993190661478599,0.0,0.0006809338521400778,0.0,0.002821011673151751,0.0032587548638132297,199479123.41379312,94.55172413793103,517101427.8571426,95714040.34883621,0,199007,1457.0312879140272,143600793.921555,0.7956889193795919,35,20550,198258,1042631,1261439,101092,0.016290918546200014,101092,20550,0.963918,0.920718,3.412073949579832,115.431,637.0,8594.93,1.537745055374411e+17,70,70,70,201057893.0,70,242.27978604999953,1206091630,114408167,362485164,327205397
HEAVY-E1066,eval-heavy-fifo-e1066,HEAVY,FIFO,1066,external_inputs/eval-heavy-fifo-e1066,508060872.38160545,2115873329.0011837,35,0,304141460.7454822,1486587901.7714279,327265873.30285704,35,35,0,0,0,1.0,1320758570.7142847,273121858.31069845,35,20282,0.9859481313479933,0.0,0.014051868652006706,0.0,0.24736219307760576,1.017453900009861,896563908.9513654,141.99023320709588,672135713.5714283,170428567.39517835,0,188316,2509.5914349763525,365256723.7759058,0.8423198467687074,35,0,207327,1089175,1296502,473646,0.0,473646,0,0.938721,0.872408,3.2330420168067224,171.168,897.0,10524.9,9.221537439274935e+17,70,70,70,333972176.4285714,70,247.27717834399664,1178979412,111390133,364219772,304233879
HEAVY-E1066,eval-heavy-policy-e1066,HEAVY,STATUS_PRIORITY_NON_DROPPING,1066,external_inputs/eval-heavy-policy-e1066,165072331.6865306,355338183.34870875,35,0,45625990.10729212,114343572.09142853,305105640.9485713,35,35,0,0,0,1.0,75594284.99999997,14133856.733655447,35,20246,0.9991109354934308,0.0,0.0008890645065691989,0.0,0.009186999901215055,0.01037241924330732,183249627.75268817,102.38172043010752,728231427.8571426,184073498.5298378,0,188251,2532.4406181703453,324383873.4200231,0.8422193025414966,35,20235,187148,1088577,1295960,120838,0.015613907836661625,120838,20235,0.950857,0.871668,3.2302991596638653,179.92,958.0,10620.9,2.3327265141661462e+17,70,70,70,233829302.82857144,70,248.07772576599382,1221065203,112734956,367546172,337065196
HEAVY-E1067,eval-heavy-fifo-e1067,HEAVY,FIFO,1067,external_inputs/eval-heavy-fifo-e1067,341930953.36413604,1066268656.7115655,35,0,202513632.64869675,786286528.2742852,297228458.9257142,35,35,0,0,0,1.0,792554284.9999995,187421431.18490967,35,20568,0.991783352781019,0.0,0.008216647218980942,0.0,0.23910929599377673,0.7147024504084014,555606404.4577063,145.36945912972755,620188570.7142856,152438567.01020488,0,196053,2270.748614418989,202007435.61999846,0.8465399638231292,35,0,215677,1100366,1316043,481325,0.0,481325,0,0.956898,0.91108,3.3763563025210086,161.656,796.0,6403.93,7.15576212832344e+17,70,70,70,328829399.9714286,70,245.2065432970121,1191035075,112534879,370070698,308765020
HEAVY-E1067,eval-heavy-policy-e1067,HEAVY,STATUS_PRIORITY_NON_DROPPING,1067,external_inputs/eval-heavy-policy-e1067,153529734.77714285,287255096.4075311,35,0,41203939.18755197,94180923.9428571,276637194.75428563,35,35,0,0,0,1.0,46511427.85714284,10860775.673797024,35,20573,0.9996111408156322,0.0,0.0003888591843678608,0.0,0.0029650512808049386,0.00374276964954066,283329039.09836066,112.75409836065573,650837142.1428571,160519491.73056868,0,196091,2259.5419387509933,192412021.8413205,0.8463254837510205,35,20568,195252,1100794,1316614,116600,0.015621890698412747,116600,20568,0.965932,0.911233,3.3769210084033614,167.668,835.0,8007.93,2.2049131902653507e+17,70,70,70,263743746.14285713,70,246.44985895400168,1234430153,113907316,373723089,342400550
HEAVY-E1068,eval-heavy-fifo-e1068,HEAVY,FIFO,1068,external_inputs/eval-heavy-fifo-e1068,438450321.56081635,1533747637.838544,35,0,286089078.2613879,1132373628.7657135,309324321.42857134,35,35,0,0,0,1.0,1060061427.8571427,254622636.83600125,35,20434,0.9929039835568171,0.0,0.007096016443182931,0.0,0.24214544386806303,0.9066262112165998,772520018.7049313,146.3235650767987,582418570.7142854,172683319.53995574,0,191929,2492.9051599857894,297332402.68969494,0.8276222562911565,35,0,211455,1074695,1286150,481558,0.0,481558,0,0.950748,0.88966,3.2969747899159665,174.255,858.0,9303.93,8.433690919707995e+17,70,71,70,306186484.3142857,70,244.45429110902478,1173979298,111861180,362861043,301875821
HEAVY-E1068,eval-heavy-policy-e1068,HEAVY,STATUS_PRIORITY_NON_DROPPING,1068,external_inputs/eval-heavy-policy-e1068,158782509.57300678,318165298.7657002,35,0,45068360.699969664,105837972.41142853,290453009.66857135,35,35,0,0,0,1.0,59331427.85714285,12423781.942123415,35,20447,0.999559837628992,0.0,0.0004401623710079718,0.0,0.006308993984447596,0.007825108817919499,204263592.19379845,102.72868217054264,622479999.285714,186547433.43760937,0,191920,2500.64667922843,257208678.86263007,0.8277237140380952,35,20440,191078,1075027,1286545,116794,0.01588751267930776,116794,20440,0.958966,0.889404,3.2960268907563024,183.369,895.0,10630.9,1.5207881735088515e+17,70,71,70,210414988.31428573,70,246.7665542269824,1216308942,113205746,366399766,334686172
HEAVY-E1069,eval-heavy-fifo-e1069,HEAVY,FIFO,1069,external_inputs/eval-heavy-fifo-e1069,312932540.6999728,1212660249.398657,35,0,160777583.98655424,841616639.8399992,288358439.4057142,35,35,0,0,0,1.0,807302856.4285709,147280362.9797753,35,20554,0.9891991826408485,0.0,0.010800817359151503,0.0,0.14065388732120268,0.5501605526904739,823753050.8457282,139.95503286060188,447155713.5714284,93175585.76139326,0,197727,1358.2035639979115,175819808.13230172,0.7883567129278912,35,0,217289,987853,1205142,306065,0.0,306065,0,0.958204,0.926629,3.433976470588235,100.03,484.0,9195.93,5.873436977392567e+17,70,70,70,235572259.4,70,229.92990378499962,1129113602,113109293,346674400,281547904
HEAVY-E1069,eval-heavy-policy-e1069,HEAVY,STATUS_PRIORITY_NON_DROPPING,1069,external_inputs/eval-heavy-policy-e1069,148847993.2350476,285588967.0834245,35,0,39673878.49449713,98578178.45714279,274173019.58857137,35,35,0,0,0,1.0,53399999.285714254,10354490.253460133,35,20572,0.9991736340657204,0.0,0.0008263659342796034,0.0,0.005638732257437293,0.006076220104997083,114458773.1724138,93.5,471624284.9999999,98055912.93798395,0,197771,1337.5639289896244,152229825.21409562,0.7878733115170068,35,20560,196906,987295,1204761,97937,0.017065625464303708,97937,20560,0.968762,0.926552,3.433694117647059,101.95,459.0,10610.9,1.3258835588639568e+17,70,70,70,189886603.85714287,70,228.69709065798088,1169068932,114485524,349903706,312323536
HEAVY-E1070,eval-heavy-fifo-e1070,HEAVY,FIFO,1070,external_inputs/eval-heavy-fifo-e1070,284289899.1388299,949418259.7455904,35,0,146912245.19094577,653653659.9428567,293860027.6228571,35,35,0,0,0,1.0,616939999.2857138,127877124.90579496,35,20595,0.9949987861131343,0.0,0.005001213886865744,0.0,0.14789997572226268,0.46287933964554506,610618803.45174,145.19435325016414,471185713.57142854,97493534.15835999,0,199478,1474.9861089942149,145255088.54588115,0.7964482396122449,35,0,219501,1030351,1249852,353378,0.0,353378,0,0.960327,0.927461,3.4370621848739495,112.228,612.0,7173.93,5.32619463433987e+17,70,70,70,248972271.4,70,242.1304986430041,1156867075,113153206,356743138,292456493
HEAVY-E1070,eval-heavy-policy-e1070,HEAVY,STATUS_PRIORITY_NON_DROPPING,1070,external_inputs/eval-heavy-policy-e1070,152879575.3802449,302241845.677275,35,0,39798894.19655308,92395149.21142852,273591430.1599999,35,35,0,0,0,1.0,42601427.85714282,9937391.07561039,35,20587,0.9993199591975519,0.0,0.0006800408024481469,0.0,0.0028173118958566084,0.0035945013843687763,212268552.31034482,94.37931034482759,503972856.428571,104733962.36983687,0,199420,1496.87010130157,139793067.9751131,0.7963444884367347,35,20578,198888,1029692,1249158,102846,0.016473496547274244,102846,20578,0.966313,0.926601,3.433875630252101,117.966,656.0,7443.93,1.788954580451999e+17,70,70,70,209086483.5142857,70,237.02893332400708,1197662428,114490891,359972688,324280978
HEAVY-E1071,eval-heavy-fifo-e1071,HEAVY,FIFO,1071,external_inputs/eval-heavy-fifo-e1071,351397685.04511565,1146403128.5067356,35,0,203854252.2326618,795851032.8914282,298645853.77142847,35,35,0,0,0,1.0,773601427.857142,183911097.08252838,35,20504,0.9923429574717129,0.0,0.007657042528287163,0.0,0.1970834959032384,0.653774873195474,662118869.4008908,144.7290274684484,547025713.5714284,134865054.96923843,0,195877,1930.5672778905703,210569765.03525487,0.8047183862176871,35,0,215406,1055335,1270741,420339,0.0,420339,0,0.956136,0.909965,3.372221848739496,138.536,729.0,9418.93,4.961766095276258e+17,70,70,70,259572336.65714285,70,242.9727539140149,1168029573,112559643,360339379,297735688
HEAVY-E1071,eval-heavy-policy-e1071,HEAVY,STATUS_PRIORITY_NON_DROPPING,1071,external_inputs/eval-heavy-policy-e1071,155829218.59863946,311685324.4752687,35,0,41845720.466519825,94786669.24571425,285465688.09142846,35,35,0,0,0,1.0,49228570.71428568,11062564.457149947,35,20493,0.9995120284975357,0.0,0.0004879715024642561,0.0,0.0038061777192211974,0.004196554921192602,167054974.12820512,105.24358974358974,573558570.7142854,144114265.0933612,0,195869,1933.8701130515292,200033903.6673731,0.805414926572789,35,20485,194990,1057082,1272557,109515,0.01609751075983237,109515,20485,0.96,0.909328,3.36986218487395,144.924,762.0,10151.9,1.336322526132718e+17,70,70,70,194386527.5142857,70,247.03652090101968,1210992887,113887334,364158319,330624130
HEAVY-E1072,eval-heavy-fifo-e1072,HEAVY,FIFO,1072,external_inputs/eval-heavy-fifo-e1072,374467789.7340952,1619057070.2817638,35,0,202992409.6455531,1039865136.1371421,309233016.10285705,35,35,0,0,0,1.0,957405713.5714278,186202340.58987734,35,20435,0.989674577930022,0.0,0.010325422069977979,0.0,0.1665280156594079,0.6676780034254954,881562483.0214517,141.79665001469291,544695713.5714283,111284241.57149816,0,194544,1654.4120717113904,231729611.0101168,0.7929018447251701,35,0,213943,1011611,1225554,341552,0.0,341552,0,0.948517,0.905241,3.354715966386555,118.287,616.0,10678.9,6.658587201322783e+17,70,71,70,303815033.9142857,70,244.15536609501578,1141435301,112406098,350371868,286624128
HEAVY-E1072,eval-heavy-policy-e1072,HEAVY,STATUS_PRIORITY_NON_DROPPING,1072,external_inputs/eval-heavy-policy-e1072,159505946.30476192,328012654.0061011,35,0,42028723.303674996,104079441.6228571,289824535.7485714,35,35,0,0,0,1.0,57369999.28571423,11730439.856345197,35,20416,0.9995101880877743,0.0,0.0004898119122257053,0.0,0.005338949843260188,0.0058287617554858935,139544560.2293578,93.22018348623853,575409999.2857139,119489560.377084,0,194522,1645.6171517118964,216249817.5558971,0.7927291527727891,35,20411,193605,1011531,1225547,103893,0.016654604025794197,103893,20411,0.959673,0.904604,3.3523563025210086,124.677,641.0,10559.9,2.0098781184538326e+17,70,71,70,202400777.68571427,70,241.8805917579739,1182184341,113755176,353696588,317978968
HEAVY-E1073,eval-heavy-fifo-e1073,HEAVY,FIFO,1073,external_inputs/eval-heavy-fifo-e1073,304523532.83265305,914017521.4838606,35,0,172480188.70273975,572033621.8857137,281478606.3657142,35,35,0,0,0,1.0,559884284.9999999,154518120.9743727,35,20605,0.9919922348944431,0.0,0.008007765105556904,0.0,0.19213783062363504,0.5949526813880126,570184193.6941147,144.18262187421067,473221427.85714275,125775311.65785405,0,197529,1899.155006004238,168443806.72029087,0.8029600773129252,35,0,217275,1038380,1255655,407968,0.0,407968,0,0.962395,0.922629,3.4191529411764705,135.666,773.0,7777.93,5.736073613968233e+17,70,70,70,259900918.94285715,70,243.28505247700377,1159984622,113014548,357639843,294263233
HEAVY-E1073,eval-heavy-policy-e1073,HEAVY,STATUS_PRIORITY_NON_DROPPING,1073,external_inputs/eval-heavy-policy-e1073,148538708.3780136,282743640.67942137,35,0,39461730.66020086,85336760.51428565,270111297.7257142,35,35,0,0,0,1.0,41831427.857142836,10529400.386211958,35,20611,0.9990781621464266,0.0,0.0009218378535733346,0.0,0.003299209160157198,0.003978458104895445,197587235.4117647,113.25,494764284.99999976,132674659.42695506,0,197460,1887.3049725767903,160491923.34707454,0.8025142852503401,35,20598,196661,1037503,1254762,106468,0.01641586213162337,106468,20598,0.969578,0.922106,3.417216806722689,140.317,812.0,6920.93,1.6246209295146186e+17,70,70,70,227943600.8857143,70,243.00572617698344,1200911444,114363582,360838688,326075828
HEAVY-E1074,eval-heavy-fifo-e1074,HEAVY,FIFO,1074,external_inputs/eval-heavy-fifo-e1074,400650948.3232653,1368454096.7591546,35,0,241266666.55297592,1047202146.9714282,299483058.15999997,35,35,0,0,0,1.0,989002856.4285705,214745011.79159427,35,20413,0.9933375789937785,0.0,0.006662421006221526,0.0,0.19350413951893403,0.756331749375398,820409686.4607595,145.1339240506329,645814284.9999999,135633455.77586332,0,193114,2003.2333893711345,265088155.86984706,0.8145009910979591,35,0,212713,1019828,1232541,394491,0.0,394491,0,0.957388,0.902531,3.344672268907563,141.362,769.0,9657.93,4.3696307123285485e+17,70,70,70,226015096.65714285,70,242.13506382101332,1143687648,112360930,351683050,288805177
HEAVY-E1074,eval-heavy-policy-e1074,HEAVY,STATUS_PRIORITY_NON_DROPPING,1074,external_inputs/eval-heavy-policy-e1074,162427564.44462585,367363168.5742139,35,0,41913633.84602509,95859395.7485714,278587142.09142846,35,35,0,0,0,1.0,62121427.85714281,12250817.85529151,35,20402,0.9995098519752965,0.0,0.0004901480247034605,0.0,0.0059798059013822175,0.006224879913733948,172220734.80327868,98.12295081967213,691207142.1428568,147620643.4470262,0,193141,2015.4397274667035,250907052.6804184,0.813939280659864,35,20394,192403,1017417,1230214,107651,0.016577603571411154,107651,20394,0.96185,0.902024,3.342796638655462,150.221,819.0,10277.9,1.2982984126679478e+17,70,70,70,194300762.4857143,70,243.60438424401218,1182831563,113689457,354531926,319651596
HEAVY-E1075,eval-heavy-fifo-e1075,HEAVY,FIFO,1075,external_inputs/eval-heavy-fifo-e1075,338303320.8530068,1175355324.8342268,35,0,200412086.879975,883659363.1657139,296007210.5257142,35,35,0,0,0,1.0,792577142.1428568,178178993.5648861,35,20502,0.9930250707248074,0.0,0.006974929275192664,0.0,0.19446883230904302,0.6503267973856209,651200827.1542513,145.17506897416604,537171427.8571428,131989822.76346678,0,195536,1952.1330329474886,199397680.31561533,0.8086509422394558,35,0,215164,1034402,1249566,413593,0.0,413593,0,0.957986,0.909633,3.3709915966386554,140.264,776.0,6309.93,6.104507148310488e+17,70,70,70,253843616.08571428,70,239.82995966100134,1155221948,112580970,355788962,292822316
HEAVY-E1075,eval-heavy-policy-e1075,HEAVY,STATUS_PRIORITY_NON_DROPPING,1075,external_inputs/eval-heavy-policy-e1075,152745288.84843537,297284135.74925286,35,0,40475348.943499684,92290913.61142854,284164349.0971428,35,35,0,0,0,1.0,48101427.85714282,10802592.72024107,35,20509,0.9994148910234532,0.0,0.0005851089765468819,0.0,0.002535472231703155,0.0028280267199765957,167451991.51923078,102.63461538461539,575095713.5714283,139752227.09825405,0,195556,1946.8729091755456,195547568.89605904,0.8087579004312926,35,20502,194761,1035519,1250782,107625,0.016391345574208776,107625,20502,0.961252,0.909796,3.371596638655462,147.559,822.0,8370.93,1.608041262576285e+17,70,70,70,192000678.02857143,70,237.78882219601655,1197363571,113935620,359439338,324997488
HEAVY-E1076,eval-heavy-fifo-e1076,HEAVY,FIFO,1076,external_inputs/eval-heavy-fifo-e1076,414764202.1244082,1317392623.8139136,35,0,268877621.2186861,934750748.1371427,300602941.42857134,35,35,0,0,0,1.0,862821427.8571423,244665114.2125603,35,20450,0.9922738386308069,0.0,0.007726161369193154,0.0,0.27222493887530563,0.9066503667481662,649704648.0982575,146.1296928327645,594931427.8571426,187661728.21539265,0,191601,2683.520384226019,273907932.4375364,0.8416278552707482,35,0,211034,1083566,1294600,517124,0.0,517124,0,0.951347,0.889883,3.297801680672269,186.716,911.0,10223.9,6.198246808855766e+17,70,70,70,286843597.8,70,244.53107691500918,1177249068,111826483,364633535,304156578
HEAVY-E1076,eval-heavy-policy-e1076,HEAVY,STATUS_PRIORITY_NON_DROPPING,1076,external_inputs/eval-heavy-policy-e1076,158839765.83782312,317758757.04213953,35,0,42766652.717733584,96583688.47999996,285001392.5257142,35,35,0,0,0,1.0,51298570.71428569,11656964.009225834,35,20440,0.9994618395303326,0.0,0.000538160469667319,0.0,0.004403131115459882,0.0053816046966731895,197534139.17777777,103.6,634577142.1428572,202110601.40305796,0,191503,2711.6470474379757,258675931.66876575,0.8414801584829932,35,20432,190569,1083202,1294203,118776,0.015787322390691413,118776,20432,0.959619,0.889448,3.2961882352941174,197.002,966.0,10374.9,1.318563931517446e+17,70,70,70,194072297.22857141,70,246.82751749199815,1219361853,113166426,367993425,336946143
HEAVY-E1077,eval-heavy-fifo-e1077,HEAVY,FIFO,1077,external_inputs/eval-heavy-fifo-e1077,308062194.708136,1094389520.4288137,35,0,159347100.41890085,644259362.7771423,297880105.4514285,35,35,0,0,0,1.0,692578570.7142853,150664851.78952587,35,20591,0.9919382254382982,0.0,0.008061774561701714,0.0,0.17823320868340536,0.5697634889029187,627035444.266485,143.95040871934606,526985713.57142824,111527358.93266448,0,198245,1623.4228498362163,167449086.29600182,0.8193155103836735,35,0,217923,1089046,1306969,396455,0.0,396455,0,0.95668,0.920397,3.410884033613445,119.83,637.0,7892.93,7.814598237997792e+17,70,70,70,274215151.85714287,70,248.32300669699907,1189223247,112868224,368600372,306004789
HEAVY-E1077,eval-heavy-policy-e1077,HEAVY,STATUS_PRIORITY_NON_DROPPING,1077,external_inputs/eval-heavy-policy-e1077,154282160.08827212,296494432.61739427,35,0,41627584.183435656,100542535.93142854,277224490.9599999,35,35,0,0,0,1.0,44842856.42857142,10486273.094196258,35,20581,0.9992225839366405,0.0,0.0007774160633594091,0.0,0.003887080316797046,0.005636266459355717,234293792.85,108.375,558971427.857143,119051354.86915502,0,198226,1643.0860025501252,152788008.95008293,0.8193509623183673,35,20570,197401,1091400,1309371,110193,0.01570983319471716,110193,20570,0.96381,0.921083,3.413425210084034,125.907,677.0,8122.93,2.237437534245349e+17,70,70,70,209515144.31428573,70,246.8880469200085,1233864044,114256705,372616771,340052348
HEAVY-E1078,eval-heavy-fifo-e1078,HEAVY,FIFO,1078,external_inputs/eval-heavy-fifo-e1078,328373279.2386395,1075835587.4633234,35,0,193450019.83900726,822760850.6971427,301123005.69142854,35,35,0,0,0,1.0,799505713.5714287,169117645.61853138,35,20540,0.9940603700097371,0.0,0.005939629990262901,0.0,0.18544303797468353,0.6160662122687439,647432142.4008926,145.8128117616172,545292856.4285713,120852864.87229818,0,196581,1861.5644708832258,191216576.46882913,0.8043175309142857,35,0,216367,1036067,1252434,400145,0.0,400145,0,0.961361,0.913649,3.385875630252101,135.832,759.0,7299.93,7.486139086193875e+17,70,70,70,257186452.42857143,70,242.93678733098204,1157269746,112756605,356671984,293422797
HEAVY-E1078,eval-heavy-policy-e1078,HEAVY,STATUS_PRIORITY_NON_DROPPING,1078,external_inputs/eval-heavy-policy-e1078,151185838.31619048,293650577.80896246,35,0,40878444.420960635,97069478.49142854,280702841.3257143,35,35,0,0,0,1.0,50189999.285714276,10718868.45289384,35,20561,0.9994163707990856,0.0,0.0005836292009143524,0.0,0.003793589805943291,0.004182675939886193,130788475.71794872,117.8974358974359,580337142.1428571,130137137.84230308,0,196646,1878.7190148637917,184783972.50623327,0.8042798827333334,35,20552,195948,1037321,1253821,106613,0.016391494479674532,106613,20552,0.965442,0.913344,3.384746218487395,143.903,789.0,8392.93,1.7972265384819578e+17,70,70,70,207000783.2857143,70,244.85309592701378,1199343325,114098049,360380957,325766934
HEAVY-E1079,eval-heavy-fifo-e1079,HEAVY,FIFO,1079,external_inputs/eval-heavy-fifo-e1079,359218371.69687074,1391365999.0446196,35,0,200240576.43530372,839780769.5885707,296678543.2114285,35,35,0,0,0,1.0,781822856.4285712,176380144.27501214,35,20443,0.9922222765738884,0.0,0.007777723426111627,0.0,0.17389815584796753,0.6282835200313066,753782701.6632911,143.72292545710266,545557142.1428571,119320923.85824956,0,194745,1769.990700473087,220897874.9633598,0.8025101056272109,35,0,214290,1026847,1241137,361719,0.0,361719,0,0.955592,0.906634,3.3598789915966387,127.297,764.0,10367.9,6.15844647163381e+17,70,70,70,248629360.77142859,70,240.0815933069971,1150579233,112561335,353776001,290439894
HEAVY-E1079,eval-heavy-policy-e1079,HEAVY,STATUS_PRIORITY_NON_DROPPING,1079,external_inputs/eval-heavy-policy-e1079,160335163.68348297,372370852.5562739,35,0,42445598.23955236,97606602.85714282,279087167.6914285,35,35,0,0,0,1.0,53889999.285714254,12522277.598480009,35,20450,0.9994132029339853,0.0,0.00058679706601467,0.0,0.004596577017114915,0.00547677261613692,330871592.19148934,107.19148936170212,582498570.7142855,128639279.36814995,0,194703,1780.064117440936,202535780.04773304,0.8023197460054422,35,20441,193899,1027126,1241466,105148,0.016465211290522655,105148,20441,0.961905,0.906269,3.3585277310924373,133.734,797.0,10019.9,1.8073202247828074e+17,70,70,70,193529351.74285713,70,242.04257732798578,1191825292,113903630,357210312,322267181
HEAVY-E1080,eval-heavy-fifo-e1080,HEAVY,FIFO,1080,external_inputs/eval-heavy-fifo-e1080,247145806.74296597,835046447.0421579,35,0,116506592.92545198,490733847.4285712,278053029.8171428,35,35,0,0,0,1.0,505732856.4285714,101778774.76065877,35,20643,0.9945259894395194,0.0,0.0054740105604805505,0.0,0.1250302766070823,0.36743690355084047,561796572.6636963,144.3180937621077,429912856.4285713,79198372.89193018,0,201451,1179.657405145585,112412433.59173441,0.7928985791034014,35,0,221436,1041445,1262881,314180,0.0,314180,0,0.968381,0.943837,3.497747899159664,94.146,452.0,5176.93,4.4681115880936026e+17,70,71,70,232800789.1142857,70,244.72395802600658,1166304770,113779456,359924101,295151787
HEAVY-E1080,eval-heavy-policy-e1080,HEAVY,STATUS_PRIORITY_NON_DROPPING,1080,external_inputs/eval-heavy-policy-e1080,146885100.81817687,271800488.69501245,35,0,37963344.13797245,85222283.5771428,257920253.19999996,35,35,0,0,0,1.0,40032856.42857141,9487552.724444026,35,20652,0.9995642068564788,0.0,0.0004357931435212086,0.0,0.002178965717606043,0.002566337400736006,243649257.26666668,106.24444444444444,447744284.99999976,83292700.37660521,0,201446,1173.0460441325702,107194872.23636404,0.7924406199006803,35,20645,200868,1039806,1261319,99133,0.01636778642040594,99133,20645,0.974803,0.944022,3.4984336134453784,96.9524,468.0,7872.93,1.7155902583498653e+17,70,71,70,202115200.2,70,244.59660697900108,1207081035,115155555,363013058,327138954
HEAVY-E1081,eval-heavy-fifo-e1081,HEAVY,FIFO,1081,external_inputs/eval-heavy-fifo-e1081,326957763.46209526,1488971866.404029,35,0,175887058.52861845,1036486408.1485707,282512895.3828571,35,35,0,0,0,1.0,894382856.4285703,144843139.56902596,35,20546,0.9933807067069016,0.0,0.006619293293098414,0.0,0.12664265550472112,0.4676336026477173,853213125.9965411,142.87663335895465,418278570.71428555,83529758.22295123,0,198947,1394.5336056516558,191218534.14092144,0.7754896953659864,35,0,218738,960582,1179320,285467,0.0,285467,0,0.961088,0.928691,3.441620168067227,102.6,560.0,10160.9,6.553705404967992e+17,70,70,70,242786568.54285714,70,238.3089023939974,1115484902,113365125,341493823,275447964
HEAVY-E1081,eval-heavy-policy-e1081,HEAVY,STATUS_PRIORITY_NON_DROPPING,1081,external_inputs/eval-heavy-policy-e1081,153134528.48315647,316529902.46069825,35,0,39489904.64106116,92187877.1428571,271864167.8742857,35,35,0,0,0,1.0,50675713.57142852,10617984.033502964,35,20536,0.9992695753798208,0.0,0.0007304246201791975,0.0,0.004869497467861317,0.0056486170627191275,216160022.52,108.47,441007142.142857,89223785.57367302,0,198954,1384.2330452986164,157630876.15770385,0.7756389859578232,35,20523,198279,961161,1179963,93229,0.017392918252521476,93229,20523,0.966748,0.928795,3.4420033613445375,105.433,572.0,9988.93,1.6152779515536147e+17,70,70,70,197229544.31428573,70,237.22006072898512,1155359993,114728196,344887876,305880235
HEAVY-E1082,eval-heavy-fifo-e1082,HEAVY,FIFO,1082,external_inputs/eval-heavy-fifo-e1082,393553307.5492789,1540802566.5058532,35,0,248243235.5049462,1142254957.1314278,296455788.96,35,35,0,0,0,1.0,995517142.1428565,206625055.0982935,35,20523,0.9940067241631341,0.0,0.005993275836865955,0.0,0.21069044486673488,0.7528626419139502,717796426.6179464,146.15333024976874,570654285.0,139592357.5672643,0,194749,2288.2524163642106,256587768.64760327,0.8310873094027211,35,0,214479,1051497,1265976,415251,0.0,415251,0,0.959293,0.901034,3.339126050420168,163.51,839.0,9551.93,1.1349708792404544e+18,70,70,70,309615153.6857143,70,233.3404988939874,1162242205,112454407,359168767,296704652
HEAVY-E1082,eval-heavy-policy-e1082,HEAVY,STATUS_PRIORITY_NON_DROPPING,1082,external_inputs/eval-heavy-policy-e1082,154265002.25512925,311608298.8529771,35,0,42179005.90003962,101663640.98285711,281038683.7028571,35,35,0,0,0,1.0,56394284.999999985,11321882.686414424,35,20528,0.9994641465315667,0.0,0.0005358534684333594,0.0,0.005748246297739673,0.006722525331254872,159200392.01694915,100.63559322033899,601267142.1428572,148755371.1644755,0,194736,2272.977183127906,230340267.8485539,0.8314120907115646,35,20520,194016,1052354,1266890,109403,0.01619714418773532,109403,20520,0.963918,0.900517,3.3372100840336136,169.621,881.0,10316.9,2.1970837804408125e+17,70,70,70,198600795.74285713,70,242.3460202679853,1204475434,113797571,362782729,329237093
HEAVY-E1083,eval-heavy-fifo-e1083,HEAVY,FIFO,1083,external_inputs/eval-heavy-fifo-e1083,267219346.0524626,749755561.9813092,35,0,145097017.0925983,493490794.3199997,281814477.02857137,35,35,0,0,0,1.0,456095713.5714286,127431938.84277031,35,20656,0.9948683191324554,0.0,0.005131680867544539,0.0,0.1546281951975213,0.4701297443841983,554734373.7717595,145.703819661866,377502856.4285714,103288483.10069981,0,199892,1528.5795755574463,128921739.9605044,0.7964179768462585,35,0,219889,1035656,1255545,349424,0.0,349424,0,0.965878,0.932022,3.453963025210084,116.066,691.0,4519.93,6.434220251731918e+17,70,70,70,279200782.82857144,70,237.51110085099936,1161472920,113313065,358079223,293740481
HEAVY-E1083,eval-heavy-policy-e1083,HEAVY,STATUS_PRIORITY_NON_DROPPING,1083,external_inputs/eval-heavy-policy-e1083,146834180.32141498,266893840.84367704,35,0,39588775.67148253,87166794.9485714,264588640.7885714,35,35,0,0,0,1.0,38689999.28571427,9310079.526445724,35,20676,0.9995647127103888,0.0,0.00043528728961114336,0.0,0.0018378796672470497,0.001934610176049526,112866571.21052632,109.44736842105263,401642856.42857087,111125628.31313537,0,199819,1551.4503014897252,125943377.70177197,0.7961995317863946,35,20670,199224,1034759,1254653,101897,0.016474674671004653,101897,20670,0.97317,0.93157,3.4522890756302522,122.031,723.0,4676.93,1.6176799945168138e+17,70,70,70,183558010.14285713,70,233.62260506898747,1202480583,114667776,361282888,325671620
HEAVY-E1084,eval-heavy-fifo-e1084,HEAVY,FIFO,1084,external_inputs/eval-heavy-fifo-e1084,444872309.47210884,1549408183.8091922,35,0,273746531.92627305,1156496426.7428565,318344304.5028571,35,35,0,0,0,1.0,1071819999.2857138,247718012.5663384,35,20356,0.9912065238750246,0.0,0.008793476124975438,0.0,0.24665946158380822,0.8899096089605031,746658125.8107947,145.21668990240988,681677142.1428568,168219624.97881818,0,190801,2455.4685806023103,300290938.4121191,0.8375107115278911,35,0,210190,1092082,1302272,481598,0.0,481598,0,0.944599,0.883652,3.2747092436974787,172.508,858.0,9939.93,9.771019891323007e+17,70,70,70,318186405.3428571,70,247.1109444529866,1181830288,111681049,366070453,305679653
HEAVY-E1084,eval-heavy-policy-e1084,HEAVY,STATUS_PRIORITY_NON_DROPPING,1084,external_inputs/eval-heavy-policy-e1084,163173963.2009796,340189263.12830216,35,0,45105366.60031291,105853571.70285708,298467134.30857134,35,35,0,0,0,1.0,58144284.999999985,12528834.352083696,35,20345,0.999557630867535,0.0,0.0004423691324649791,0.0,0.004915212582944212,0.005259277463750307,200702153.76,96.5,714284284.9999998,180995219.5025097,0,190858,2463.326019159902,279432817.3580268,0.8372591468625851,35,20339,189986,1092229,1302554,118391,0.015614707720370902,118391,20339,0.953524,0.883276,3.2733176470588234,181.188,904.0,10356.9,1.690737958749271e+17,70,70,70,186929284.8857143,70,244.977151330997,1224714159,113026487,369622704,338869819
HEAVY-E1085,eval-heavy-fifo-e1085,HEAVY,FIFO,1085,external_inputs/eval-heavy-fifo-e1085,476473632.6447891,1833948488.5570896,35,0,287001884.96768004,1222736435.874285,326672776.7199999,35,35,0,0,0,1.0,1145079999.285714,246785674.38457337,35,20283,0.9891534782823054,0.0,0.01084652171769462,0.0,0.23571463787408176,0.9173199230883006,834919487.4340097,143.82681447395942,728948570.7142855,163971318.57842776,0,188958,2622.461766564665,331194408.4604642,0.823485326782313,35,0,208237,1051850,1260087,459786,0.0,459786,0,0.940898,0.871614,3.2300974789915964,182.917,910.0,8368.93,1.0709209836547768e+18,70,70,70,289000727.74285716,70,243.7352191779937,1157574135,111374444,356497328,295559971
HEAVY-E1085,eval-heavy-policy-e1085,HEAVY,STATUS_PRIORITY_NON_DROPPING,1085,external_inputs/eval-heavy-policy-e1085,168039087.75292516,386128689.5461578,35,0,45512524.829500794,112959415.6228571,305481490.19428563,35,35,0,0,0,1.0,66031427.85714281,13156973.340340069,35,20290,0.9991128634795465,0.0,0.0008871365204534253,0.0,0.006899950714637753,0.007737801872843765,148006673.42857143,88.00714285714285,772121427.8571424,175826498.98699105,0,188861,2633.7589664346015,316300968.674178,0.82357714407483,35,20282,187996,1052738,1261016,116280,0.01608385619214982,116280,20282,0.951837,0.870531,3.226084033613445,194.422,961.0,9858.93,1.8274623719821523e+17,70,70,70,187886429.91428572,70,245.8303330189956,1199670201,112698276,360071528,327860268
HEAVY-E1086,eval-heavy-fifo-e1086,HEAVY,FIFO,1086,external_inputs/eval-heavy-fifo-e1086,370054731.4556735,1507546670.1750426,35,0,203748886.94215694,883139356.9828558,296693069.03999996,35,35,0,0,0,1.0,776458570.7142853,177986661.64817595,35,20467,0.9905701861533199,0.0,0.009429813846680022,0.0,0.17188645136072703,0.6554453510529145,804911709.5400796,142.9118817509949,533185713.57142836,118466163.62072694,0,194717,1846.259897304494,232930519.7100534,0.8050511747809524,35,0,214128,1022625,1236753,350866,0.0,350866,0,0.954014,0.90591,3.3571966386554624,131.336,769.0,10453.9,4.5467507835575226e+17,70,70,70,233515065.22857141,70,243.43875894899247,1148155478,112554833,352771026,289270176
HEAVY-E1086,eval-heavy-policy-e1086,HEAVY,STATUS_PRIORITY_NON_DROPPING,1086,external_inputs/eval-heavy-policy-e1086,154848344.88979593,315039461.6123488,35,0,41539070.44970471,101589301.81714278,281217289.9657142,35,35,0,0,0,1.0,57879999.285714194,11687493.815780329,35,20446,0.9994130881345985,0.0,0.0005869118654015455,0.0,0.006211483908833024,0.007385307639636115,194565259.42519686,104.46456692913385,564091427.8571428,126022339.79533653,0,194625,1840.6097488940095,203938672.5794296,0.8048567141591837,35,20438,193697,1020683,1234818,103385,0.016551427011915927,103385,20438,0.961361,0.905056,3.35403025210084,136.54,810.0,10977.9,1.504030852813529e+17,70,70,70,206457830.14285713,70,240.3578768229927,1187848827,113889963,355684669,320399569
HEAVY-E1087,eval-heavy-fifo-e1087,HEAVY,FIFO,1087,external_inputs/eval-heavy-fifo-e1087,334843638.3399184,1124410153.4785092,35,0,198960153.6815474,797572274.171428,275680130.67428565,35,35,0,0,0,1.0,701831427.8571419,169071860.23118606,35,20589,0.9939287969303997,0.0,0.006071203069600272,0.0,0.18432172519306425,0.6186798776045461,656425287.6632411,145.82687747035573,409165713.5714284,123746745.52483736,0,197261,1939.322335550823,198111700.3660805,0.8082734295931973,35,0,217048,1005986,1223034,373112,0.0,373112,0,0.966694,0.922721,3.4194957983193275,139.26,784.0,9906.93,7.843505182738563e+17,70,70,70,294443702.0285714,70,241.9734070910199,1140287368,113106397,350511340,286304772
HEAVY-E1087,eval-heavy-policy-e1087,HEAVY,STATUS_PRIORITY_NON_DROPPING,1087,external_inputs/eval-heavy-policy-e1087,148309148.80642176,283600010.1646927,35,0,38774678.22069164,86983723.66857138,264944433.8742856,35,35,0,0,0,1.0,44817142.142857105,10440261.105894418,35,20571,0.9995138787613631,0.0,0.00048612123863691606,0.0,0.004132030528413787,0.004666763890914394,146042057.09411764,103.89411764705882,435231427.8571427,130305136.14587866,0,197319,1917.9236827790176,184510164.22964504,0.8083818260979592,35,20563,196598,1007252,1224413,101774,0.0167941699410248,101774,20563,0.971211,0.922721,3.4194957983193275,143.796,826.0,10315.9,1.655712637441673e+17,70,70,70,201886649.91428572,70,241.31999488399015,1181594018,114469652,354154496,317902198
HEAVY-E1088,eval-heavy-fifo-e1088,HEAVY,FIFO,1088,external_inputs/eval-heavy-fifo-e1088,300193687.5916191,1061436928.3858806,35,0,159889801.29216897,614267958.1942854,278671355.02857137,35,35,0,0,0,1.0,552374284.9999995,140194403.23257625,35,20613,0.9934507349730752,0.0,0.006549265026924756,0.0,0.16334352107893077,0.5010915441711541,599514566.986635,144.7787347787348,401099999.28571427,104423512.833726,0,199493,1631.7138807158124,163382926.25005746,0.8028020596040816,35,0,219291,1035343,1254634,361195,0.0,361195,0,0.962231,0.928816,3.4420840336134453,120.614,665.0,10799.9,4.6704448350294816e+17,70,71,70,236972088.77142859,70,242.07783673299127,1158997616,113258485,357829603,293679725
HEAVY-E1088,eval-heavy-policy-e1088,HEAVY,STATUS_PRIORITY_NON_DROPPING,1088,external_inputs/eval-heavy-policy-e1088,154253831.12783673,311609907.3568824,35,0,40113755.910907865,87449484.36571427,268257315.8971428,35,35,0,0,0,1.0,41985713.57142851,10161702.587158864,35,20607,0.9995147280050468,0.0,0.00048527199495317124,0.0,0.003591012762653467,0.004027757558111322,263589783.3243243,88.8108108108108,424598570.7142856,111016673.7052457,0,199474,1637.4111434570584,148330114.5540628,0.8029758594272108,35,20601,198738,1034852,1254191,102970,0.016425727819765888,102970,20601,0.968,0.928604,3.4412974789915967,125.953,700.0,10771.9,1.2057231321046229e+17,70,71,70,190986508.31428573,70,238.41864492101013,1200246593,114616987,361132062,325664168
LOW-E1001,eval-low-fifo-e1001,LOW,FIFO,1001,external_inputs/eval-low-fifo-e1001,146925452.01306123,271200224.82218564,35,0,42847104.915643886,106477621.45142852,259099979.80571425,35,35,0,0,0,1.0,84185713.57142846,13517948.106384477,35,20825,0.9978391356542617,0.0,0.0021608643457382954,0.0,0.025498199279711885,0.0473469387755102,203645885.81355932,97.11676082862523,nan,nan,0,0,16.272179582014967,6961415.11610715,0.10982953977414966,35,0,20792,47511,68303,68303,0.0,0,0,0.99102,0.0,0.0,0.0,0.0,0.0,1.4742717067716458e+17,70,70,13,209643443.2857143,70,109.39733632400748,83812717,10210371,22356119,15495395
LOW-E1001,eval-low-policy-e1001,LOW,STATUS_PRIORITY_NON_DROPPING,1001,external_inputs/eval-low-policy-e1001,146925452.01306123,271200224.82218564,35,0,42847104.915643886,106477621.45142852,259099979.80571425,35,35,0,0,0,1.0,84185713.57142846,13517948.106384477,35,20825,0.9978391356542617,0.0,0.0021608643457382954,0.0,0.025498199279711885,0.0473469387755102,203645885.81355932,97.11676082862523,nan,nan,0,0,16.272179582014967,6961415.11610715,0.10982953977414966,35,20792,0,47511,68303,68303,0.30440829831778987,0,0,0.99102,0.0,0.0,0.0,0.0,0.0,1.4742717067716458e+17,70,70,13,209643443.2857143,70,108.38201729499269,86348130,10334989,22576025,17271273
LOW-E1002,eval-low-fifo-e1002,LOW,FIFO,1002,external_inputs/eval-low-fifo-e1002,152878337.30492517,312436420.45461863,35,0,51040376.312225506,153464766.47999996,261968488.91428566,35,35,0,0,0,1.0,122042856.42857139,20732251.385010004,35,20825,0.9990876350540216,0.0,0.0009123649459783914,0.0,0.028955582232893157,0.07635054021608643,364104016.56218904,112.17744610281923,nan,nan,0,0,20.901841194556464,12739351.776990447,0.1096581889632653,35,0,20815,44520,65335,65335,0.0,0,0,0.993088,0.0,0.0,0.0,0.0,0.0,2.2031199884346525e+17,70,70,12,203571999.5142857,70,109.34014916900196,82029856,10216529,21740315,14819833
LOW-E1002,eval-low-policy-e1002,LOW,STATUS_PRIORITY_NON_DROPPING,1002,external_inputs/eval-low-policy-e1002,152878337.30492517,312436420.45461863,35,0,51040376.312225506,153464766.47999996,261968488.91428566,35,35,0,0,0,1.0,122042856.42857139,20732251.385010004,35,20825,0.9990876350540216,0.0,0.0009123649459783914,0.0,0.028955582232893157,0.07635054021608643,364104016.56218904,112.17744610281923,nan,nan,0,0,20.901841194556464,12739351.776990447,0.1096581889632653,35,20815,0,44520,65335,65335,0.3185888115099105,0,0,0.993088,0.0,0.0,0.0,0.0,0.0,2.2031199884346525e+17,70,70,12,203571999.5142857,70,109.30506613297621,84475975,10341221,21954285,16518543
LOW-E1003,eval-low-fifo-e1003,LOW,FIFO,1003,external_inputs/eval-low-fifo-e1003,164378919.58247617,377992634.7758854,35,0,60496305.01821188,214080497.05142838,290645631.9885714,35,35,0,0,0,1.0,180749999.2857141,25951949.9278338,35,20825,0.9979351740696278,0.0,0.002064825930372149,0.0,0.05018007202881152,0.11567827130852341,305631949.00669855,115.29473684210527,nan,nan,0,0,28.572916899741493,18679453.015920505,0.1427464883659864,35,0,20792,50877,71669,71669,0.0,0,0,0.991347,0.0,0.0,0.0,0.0,0.0,1.6902754237795277e+17,70,71,17,197543386.82857144,70,108.58826954802498,85920986,10211369,23044155,16262566
LOW-E1003,eval-low-policy-e1003,LOW,STATUS_PRIORITY_NON_DROPPING,1003,external_inputs/eval-low-policy-e1003,164378919.58247617,377992634.7758854,35,0,60496305.01821188,214080497.05142838,290645631.9885714,35,35,0,0,0,1.0,180749999.2857141,25951949.9278338,35,20825,0.9979351740696278,0.0,0.002064825930372149,0.0,0.05018007202881152,0.11567827130852341,305631949.00669855,115.29473684210527,nan,nan,0,0,28.572916899741493,18679453.015920505,0.1427464883659864,35,20792,0,50877,71669,71669,0.2901114847423572,0,0,0.991347,0.0,0.0,0.0,0.0,0.0,1.6902754237795277e+17,70,71,17,197543386.82857144,70,109.59248980099801,88557663,10335999,23270793,18125960
LOW-E1004,eval-low-fifo-e1004,LOW,FIFO,1004,external_inputs/eval-low-fifo-e1004,167681583.40081632,436459854.2870888,35,0,63344987.25178755,267944782.1142855,269205706.6857142,35,35,0,0,0,1.0,225317142.14285696,29753077.790729783,35,20825,0.9973109243697479,0.0,0.002689075630252101,0.0,0.04192076830732293,0.13743097238895557,504685620.2875143,117.58762886597938,nan,nan,0,0,31.655986171262587,25141617.143006276,0.12423039503945577,35,0,20782,45218,66000,66000,0.0,0,0,0.992,0.0,0.0,0.0,0.0,0.0,1.7587585108598746e+17,70,70,16,208257646.4857143,70,109.37119543700828,82515326,10213547,21873981,14973950
LOW-E1004,eval-low-policy-e1004,LOW,STATUS_PRIORITY_NON_DROPPING,1004,external_inputs/eval-low-policy-e1004,167681583.40081632,436459854.2870888,35,0,63344987.25178755,267944782.1142855,269205706.6857142,35,35,0,0,0,1.0,225317142.14285696,29753077.790729783,35,20825,0.9973109243697479,0.0,0.002689075630252101,0.0,0.04192076830732293,0.13743097238895557,504685620.2875143,117.58762886597938,nan,nan,0,0,31.655986171262587,25141617.143006276,0.12423039503945577,35,20782,0,45218,66000,66000,0.31487878787878787,0,0,0.992,0.0,0.0,0.0,0.0,0.0,1.7587585108598746e+17,70,70,16,208257646.4857143,70,109.46673522901256,84981909,10338203,22089281,16689950
LOW-E1005,eval-low-fifo-e1005,LOW,FIFO,1005,external_inputs/eval-low-fifo-e1005,168498226.18568707,423490373.3649423,35,0,57681448.6102173,184913343.98857138,277944264.4342857,35,35,0,0,0,1.0,158492856.42857143,24521965.453281067,35,20825,0.9969747899159664,0.0,0.0030252100840336134,0.0,0.04499399759903962,0.13027611044417767,423898365.226254,115.01387406616863,nan,nan,0,0,30.54199822201633,22926741.503171317,0.130961532077551,35,0,20771,45987,66758,66758,0.0,0,0,0.991075,0.0,0.0,0.0,0.0,0.0,2.8333947980858045e+17,70,70,16,237886263.5142857,70,110.56293604397797,82849129,10210726,22037674,15152630
LOW-E1005,eval-low-policy-e1005,LOW,STATUS_PRIORITY_NON_DROPPING,1005,external_inputs/eval-low-policy-e1005,168498226.18568707,423490373.3649423,35,0,57681448.6102173,184913343.98857138,277944264.4342857,35,35,0,0,0,1.0,158492856.42857143,24521965.453281067,35,20825,0.9969747899159664,0.0,0.0030252100840336134,0.0,0.04499399759903962,0.13027611044417767,423898365.226254,115.01387406616863,nan,nan,0,0,30.54199822201633,22926741.503171317,0.130961532077551,35,20771,0,45987,66758,66758,0.311138739926301,0,0,0.991075,0.0,0.0,0.0,0.0,0.0,2.8333947980858045e+17,70,70,16,237886263.5142857,70,109.45422799899825,85336890,10335348,22254490,16888338
LOW-E1006,eval-low-fifo-e1006,LOW,FIFO,1006,external_inputs/eval-low-fifo-e1006,166984648.42949662,363771226.9308874,35,0,65521625.275807515,215601883.9314284,280991359.0857142,35,35,0,0,0,1.0,178564284.99999982,29474043.361916352,35,20825,0.9985594237695078,0.0,0.0014405762304921968,0.0,0.04993997599039616,0.12691476590636255,357062582.5951923,119.78365384615384,nan,nan,0,0,30.640785820710203,21479737.55148999,0.14413144463809524,35,0,20805,51391,72196,72196,0.0,0,0,0.993469,0.0,0.0,0.0,0.0,0.0,1.9192795172715187e+17,70,70,17,191400551.4,70,109.58327036700211,86277610,10217839,23167132,16395923
LOW-E1006,eval-low-policy-e1006,LOW,STATUS_PRIORITY_NON_DROPPING,1006,external_inputs/eval-low-policy-e1006,166984648.42949662,363771226.9308874,35,0,65521625.275807515,215601883.9314284,280991359.0857142,35,35,0,0,0,1.0,178564284.99999982,29474043.361916352,35,20825,0.9985594237695078,0.0,0.0014405762304921968,0.0,0.04993997599039616,0.12691476590636255,357062582.5951923,119.78365384615384,nan,nan,0,0,30.640785820710203,21479737.55148999,0.14413144463809524,35,20805,0,51391,72196,72196,0.28817386004764806,0,0,0.993469,0.0,0.0,0.0,0.0,0.0,1.9192795172715187e+17,70,70,17,191400551.4,70,109.2234764060122,88930183,10342547,23394824,18273019
LOW-E1007,eval-low-fifo-e1007,LOW,FIFO,1007,external_inputs/eval-low-fifo-e1007,169343149.80854422,413334455.0042855,35,0,62820839.534443595,230106199.17714268,263762847.15428564,35,35,0,0,0,1.0,189445713.57142815,29986809.561966684,35,20825,0.9976950780312125,0.0,0.002304921968787515,0.0,0.040624249699879954,0.14895558223289315,579117745.4444444,113.24349881796691,nan,nan,0,0,33.37897861046667,27778080.159616213,0.12187694508435375,35,0,20783,42369,63152,63152,0.0,0,0,0.992816,0.0,0.0,0.0,0.0,0.0,1.4997558927337293e+17,70,71,12,184043445.45714286,70,110.26368619198911,80666476,10215852,21288421,14329293
LOW-E1007,eval-low-policy-e1007,LOW,STATUS_PRIORITY_NON_DROPPING,1007,external_inputs/eval-low-policy-e1007,169343149.80854422,413334455.0042855,35,0,62820839.534443595,230106199.17714268,263762847.15428564,35,35,0,0,0,1.0,189445713.57142815,29986809.561966684,35,20825,0.9976950780312125,0.0,0.002304921968787515,0.0,0.040624249699879954,0.14895558223289315,579117745.4444444,113.24349881796691,nan,nan,0,0,33.37897861046667,27778080.159616213,0.12187694508435375,35,20783,0,42369,63152,63152,0.3290948821890043,0,0,0.992816,0.0,0.0,0.0,0.0,0.0,1.4997558927337293e+17,70,71,12,184043445.45714286,70,109.25161334799486,83045789,10340536,21498025,15971245
LOW-E1008,eval-low-fifo-e1008,LOW,FIFO,1008,external_inputs/eval-low-fifo-e1008,147232748.26394558,271250822.0907646,35,0,44617940.8505193,100854771.69142842,232328457.4285714,35,35,0,0,0,1.0,78715713.57142854,16937956.60634489,35,20825,0.9981272509003601,0.0,0.001872749099639856,0.0,0.025354141656662665,0.05709483793517407,294503281.24242425,112.51893939393939,nan,nan,0,0,17.59879761865442,9240688.242255643,0.10033200819319728,35,0,20805,38881,59686,59686,0.0,0,0,0.993578,0.0,0.0,0.0,0.0,0.0,4.1350997068675744e+17,70,71,23,294114900.0857143,70,109.42423555700225,78702865,10218337,20576219,13541829
LOW-E1008,eval-low-policy-e1008,LOW,STATUS_PRIORITY_NON_DROPPING,1008,external_inputs/eval-low-policy-e1008,147232748.26394558,271250822.0907646,35,0,44617940.8505193,100854771.69142842,232328457.4285714,35,35,0,0,0,1.0,78715713.57142854,16937956.60634489,35,20825,0.9981272509003601,0.0,0.001872749099639856,0.0,0.025354141656662665,0.05709483793517407,294503281.24242425,112.51893939393939,nan,nan,0,0,17.59879761865442,9240688.242255643,0.10033200819319728,35,20805,0,38881,59686,59686,0.3485742050061991,0,0,0.993578,0.0,0.0,0.0,0.0,0.0,4.1350997068675744e+17,70,71,23,294114900.0857143,70,108.83184440599871,80979734,10343051,20778891,15093665
LOW-E1009,eval-low-fifo-e1009,LOW,FIFO,1009,external_inputs/eval-low-fifo-e1009,156208838.73512924,346707809.23630595,35,0,53983564.74585101,182841889.79428545,250484262.2628571,35,35,0,0,0,1.0,139649999.2857143,24341526.477271166,35,20825,0.9981272509003601,0.0,0.001872749099639856,0.0,0.036062424969987995,0.09531812725090036,375501944.97203726,117.99733688415446,nan,nan,0,0,24.791524693715644,16263807.238127695,0.11517949122585033,35,0,20792,40843,61635,61635,0.0,0,0,0.99483,0.0,0.0,0.0,0.0,0.0,2.3770018530596512e+17,70,71,11,209643408.54285714,70,111.20203490598942,79910298,10222161,20973039,13982820
LOW-E1009,eval-low-policy-e1009,LOW,STATUS_PRIORITY_NON_DROPPING,1009,external_inputs/eval-low-policy-e1009,156208838.73512924,346707809.23630595,35,0,53983564.74585101,182841889.79428545,250484262.2628571,35,35,0,0,0,1.0,139649999.2857143,24341526.477271166,35,20825,0.9981272509003601,0.0,0.001872749099639856,0.0,0.036062424969987995,0.09531812725090036,375501944.97203726,117.99733688415446,nan,nan,0,0,24.791524693715644,16263807.238127695,0.11517949122585033,35,20792,0,40843,61635,61635,0.3373407966252941,0,0,0.99483,0.0,0.0,0.0,0.0,0.0,2.3770018530596512e+17,70,71,11,209643408.54285714,70,110.31772803302738,82245917,10346921,21179609,15585330
LOW-E1010,eval-low-fifo-e1010,LOW,FIFO,1010,external_inputs/eval-low-fifo-e1010,179584751.36555102,495175141.89505464,35,0,70652328.78573212,312873345.50857127,285698588.1485713,35,35,0,0,0,1.0,255699999.28571412,34697156.32147316,35,20825,0.9956782713085234,0.0,0.004321728691476591,0.0,0.05181272509003602,0.17493397358943577,527960755.8609824,114.40685820203892,nan,nan,0,0,39.511778903058506,32741395.14475377,0.14683237758911566,35,0,20747,51182,71929,71929,0.0,0,0,0.988898,0.0,0.0,0.0,0.0,0.0,1.6911065964079174e+17,70,70,17,210429101.1142857,70,109.74209491198417,86025211,10204019,23114486,16336804
LOW-E1010,eval-low-policy-e1010,LOW,STATUS_PRIORITY_NON_DROPPING,1010,external_inputs/eval-low-policy-e1010,179584751.36555102,495175141.89505464,35,0,70652328.78573212,312873345.50857127,285698588.1485713,35,35,0,0,0,1.0,255699999.28571412,34697156.32147316,35,20825,0.9956782713085234,0.0,0.004321728691476591,0.0,0.05181272509003602,0.17493397358943577,527960755.8609824,114.40685820203892,nan,nan,0,0,39.511778903058506,32741395.14475377,0.14683237758911566,35,20747,0,51182,71929,71929,0.2884372089143461,0,0,0.988898,0.0,0.0,0.0,0.0,0.0,1.6911065964079174e+17,70,70,17,210429101.1142857,70,109.60627617701539,88668694,10328561,23341644,18206958
LOW-E1011,eval-low-fifo-e1011,LOW,FIFO,1011,external_inputs/eval-low-fifo-e1011,167705692.013932,451631129.0906139,35,0,65250507.62858871,285299058.9257142,262117156.31999996,35,35,0,0,0,1.0,250334284.99999988,32380610.127732985,35,20825,0.9983673469387755,0.0,0.0016326530612244899,0.0,0.03303721488595438,0.13680672268907562,674877933.2790698,110.97819767441861,nan,nan,0,0,31.5309954029483,26248874.435635183,0.11729311609115646,35,0,20801,48658,69459,69459,0.0,0,0,0.992599,0.0,0.0,0.0,0.0,0.0,4.606478794632247e+17,70,71,18,243057707.2857143,70,109.41746789999888,84501169,10215224,22587370,15756150
LOW-E1011,eval-low-policy-e1011,LOW,STATUS_PRIORITY_NON_DROPPING,1011,external_inputs/eval-low-policy-e1011,167705692.013932,451631129.0906139,35,0,65250507.62858871,285299058.9257142,262117156.31999996,35,35,0,0,0,1.0,250334284.99999988,32380610.127732985,35,20825,0.9983673469387755,0.0,0.0016326530612244899,0.0,0.03303721488595438,0.13680672268907562,674877933.2790698,110.97819767441861,nan,nan,0,0,31.5309954029483,26248874.435635183,0.11729311609115646,35,20801,0,48658,69459,69459,0.2994716307461956,0,0,0.992599,0.0,0.0,0.0,0.0,0.0,4.606478794632247e+17,70,71,18,243057707.2857143,70,109.06878694100305,87071340,10339900,22809588,17562084
LOW-E1012,eval-low-fifo-e1012,LOW,FIFO,1012,external_inputs/eval-low-fifo-e1012,157564831.39341497,323384047.4623144,35,0,55298758.07547075,168590487.06285703,283961429.8742857,35,35,0,0,0,1.0,139059999.2857141,21131711.091054518,35,20825,0.9982232893157262,0.0,0.0017767106842737094,0.0,0.04576230492196879,0.08633853541416567,221051365.29380903,112.32004197271773,nan,nan,0,0,23.661267161995916,12755403.876022046,0.13829235812789117,35,0,20801,51711,72512,72512,0.0,0,0,0.993306,0.0,0.0,0.0,0.0,0.0,2.145000180769938e+17,70,70,17,227829094.6,70,109.92970490900916,86436242,10217297,23226140,16458636
LOW-E1012,eval-low-policy-e1012,LOW,STATUS_PRIORITY_NON_DROPPING,1012,external_inputs/eval-low-policy-e1012,157564831.39341497,323384047.4623144,35,0,55298758.07547075,168590487.06285703,283961429.8742857,35,35,0,0,0,1.0,139059999.2857141,21131711.091054518,35,20825,0.9982232893157262,0.0,0.0017767106842737094,0.0,0.04576230492196879,0.08633853541416567,221051365.29380903,112.32004197271773,nan,nan,0,0,23.661267161995916,12755403.876022046,0.13829235812789117,35,20801,0,51711,72512,72512,0.2868628640776699,0,0,0.993306,0.0,0.0,0.0,0.0,0.0,2.145000180769938e+17,70,70,17,227829094.6,70,110.75338093200116,89098403,10341999,23454464,18343948
LOW-E1013,eval-low-fifo-e1013,LOW,FIFO,1013,external_inputs/eval-low-fifo-e1013,190924198.11080274,626129487.893598,35,0,81592276.94200884,416384741.725714,257157030.15999997,35,35,0,0,0,1.0,362967142.14285684,47875384.515230276,35,20823,0.9963021658742737,0.0,0.0036978341257263604,0.0,0.03856312731114633,0.2362291696681554,1111542602.3200498,116.67247820672478,nan,nan,0,0,50.002741507191836,49864155.70136912,0.12058396159863946,35,0,20759,43831,64590,64590,0.0,0,0,0.990803,0.0,0.0,0.0,0.0,0.0,2.7590750008445267e+17,70,71,19,219429109.8,70,109.28234679301386,81713275,10213217,21588926,14660344
LOW-E1013,eval-low-policy-e1013,LOW,STATUS_PRIORITY_NON_DROPPING,1013,external_inputs/eval-low-policy-e1013,190924198.11080274,626129487.893598,35,0,81592276.94200884,416384741.725714,257157030.15999997,35,35,0,0,0,1.0,362967142.14285684,47875384.515230276,35,20823,0.9963021658742737,0.0,0.0036978341257263604,0.0,0.03856312731114633,0.2362291696681554,1111542602.3200498,116.67247820672478,nan,nan,0,0,50.002741507191836,49864155.70136912,0.12058396159863946,35,20759,0,43831,64590,64590,0.32139650100634776,0,0,0.990803,0.0,0.0,0.0,0.0,0.0,2.7590750008445267e+17,70,71,19,219429109.8,70,109.68237203499302,84137908,10337869,21801402,16339684
LOW-E1014,eval-low-fifo-e1014,LOW,FIFO,1014,external_inputs/eval-low-fifo-e1014,159828245.84870747,352181929.38953525,35,0,55393479.46779992,181943335.95428544,272652828.26285714,35,35,0,0,0,1.0,152717142.14285704,22740986.958843216,35,20825,0.9975510204081632,0.0,0.0024489795918367346,0.0,0.04307322929171669,0.10151260504201681,317947968.8483835,111.66555183946488,nan,nan,0,0,25.903921448130614,16775685.232756492,0.13005082264353743,35,0,20783,46669,67452,67452,0.0,0,0,0.992707,0.0,0.0,0.0,0.0,0.0,1.891656354234339e+17,70,70,14,199257674.7142857,70,109.21871501998976,83393753,10215685,22181466,15310368
LOW-E1014,eval-low-policy-e1014,LOW,STATUS_PRIORITY_NON_DROPPING,1014,external_inputs/eval-low-policy-e1014,159828245.84870747,352181929.38953525,35,0,55393479.46779992,181943335.95428544,272652828.26285714,35,35,0,0,0,1.0,152717142.14285704,22740986.958843216,35,20825,0.9975510204081632,0.0,0.0024489795918367346,0.0,0.04307322929171669,0.10151260504201681,317947968.8483835,111.66555183946488,nan,nan,0,0,25.903921448130614,16775685.232756492,0.13005082264353743,35,20783,0,46669,67452,67452,0.308115400581154,0,0,0.992707,0.0,0.0,0.0,0.0,0.0,1.891656354234339e+17,70,70,14,199257674.7142857,70,109.60830599599285,85903812,10340367,22399670,17064120
LOW-E1015,eval-low-fifo-e1015,LOW,FIFO,1015,external_inputs/eval-low-fifo-e1015,169758265.88157824,404843705.62948,35,0,68368724.82366687,248136203.08571413,281218594.4457142,35,35,0,0,0,1.0,208518570.71428567,33394682.05529958,35,20825,0.9989435774309724,0.0,0.001056422569027611,0.0,0.051044417767106845,0.1456422569027611,419936105.32737535,120.48918156161807,nan,nan,0,0,33.25407264254558,25316246.346163154,0.13629379643537415,35,0,20814,42979,63793,63793,0.0,0,0,0.993905,0.0,0.0,0.0,0.0,0.0,4.3118958401653715e+17,70,70,14,232300551.4,70,109.99588681198657,81132109,10218977,21425145,14481760
LOW-E1015,eval-low-policy-e1015,LOW,STATUS_PRIORITY_NON_DROPPING,1015,external_inputs/eval-low-policy-e1015,169758265.88157824,404843705.62948,35,0,68368724.82366687,248136203.08571413,281218594.4457142,35,35,0,0,0,1.0,208518570.71428567,33394682.05529958,35,20825,0.9989435774309724,0.0,0.001056422569027611,0.0,0.051044417767106845,0.1456422569027611,419936105.32737535,120.48918156161807,nan,nan,0,0,33.25407264254558,25316246.346163154,0.13629379643537415,35,20814,0,42979,63793,63793,0.32627404260655557,0,0,0.993905,0.0,0.0,0.0,0.0,0.0,4.3118958401653715e+17,70,70,14,232300551.4,70,108.96153185499134,83531008,10343699,21636031,16140378
LOW-E1016,eval-low-fifo-e1016,LOW,FIFO,1016,external_inputs/eval-low-fifo-e1016,155381133.21567348,319639187.8683536,35,0,52448091.29278507,156366173.11999986,261665635.02857137,35,35,0,0,0,1.0,130051427.85714267,21135858.46649944,35,20825,0.9979831932773109,0.0,0.0020168067226890756,0.0,0.037551020408163265,0.08561824729891956,301931340.65217394,114.07544757033249,nan,nan,0,0,22.555788892024488,13844289.963363487,0.11873933574285715,35,0,20795,43500,64295,64295,0.0,0,0,0.993034,0.0,0.0,0.0,0.0,0.0,2.831815201767443e+17,70,71,22,235271995.17142856,70,110.76259453798411,81487988,10216654,21522327,14586985
LOW-E1016,eval-low-policy-e1016,LOW,STATUS_PRIORITY_NON_DROPPING,1016,external_inputs/eval-low-policy-e1016,155381133.21567348,319639187.8683536,35,0,52448091.29278507,156366173.11999986,261665635.02857137,35,35,0,0,0,1.0,130051427.85714267,21135858.46649944,35,20825,0.9979831932773109,0.0,0.0020168067226890756,0.0,0.037551020408163265,0.08561824729891956,301931340.65217394,114.07544757033249,nan,nan,0,0,22.555788892024488,13844289.963363487,0.11873933574285715,35,20795,0,43500,64295,64295,0.3234310599580061,0,0,0.993034,0.0,0.0,0.0,0.0,0.0,2.831815201767443e+17,70,71,22,235271995.17142856,70,110.73935444399831,83903279,10341348,21734217,16258655
LOW-E1017,eval-low-fifo-e1017,LOW,FIFO,1017,external_inputs/eval-low-fifo-e1017,143127869.73159182,256928032.52461112,35,0,39335203.761422805,85746219.5885714,248199984.14857134,35,35,0,0,0,1.0,66369999.28571428,12192559.896283414,35,20825,0.9975510204081632,0.0,0.0024489795918367346,0.0,0.02228091236494598,0.038991596638655465,183934818.4827586,95.26939655172414,nan,nan,0,0,14.49768446077687,5568918.558828905,0.09893902470068028,35,0,20784,40619,61403,61403,0.0,0,0,0.991891,0.0,0.0,0.0,0.0,0.0,1.6172351358114397e+17,70,70,15,178757761.57142857,70,109.54493478799122,79644524,10213166,20937462,13935696
LOW-E1017,eval-low-policy-e1017,LOW,STATUS_PRIORITY_NON_DROPPING,1017,external_inputs/eval-low-policy-e1017,143127869.73159182,256928032.52461112,35,0,39335203.761422805,85746219.5885714,248199984.14857134,35,35,0,0,0,1.0,66369999.28571428,12192559.896283414,35,20825,0.9975510204081632,0.0,0.0024489795918367346,0.0,0.02228091236494598,0.038991596638655465,183934818.4827586,95.26939655172414,nan,nan,0,0,14.49768446077687,5568918.558828905,0.09893902470068028,35,20784,0,40619,61403,61403,0.33848509030503393,0,0,0.991891,0.0,0.0,0.0,0.0,0.0,1.6172351358114397e+17,70,70,15,178757761.57142857,70,109.75614647800103,81972117,10337818,21143568,15532174
LOW-E1018,eval-low-fifo-e1018,LOW,FIFO,1018,external_inputs/eval-low-fifo-e1018,169463784.42296597,384221002.7799753,35,0,62648050.59866909,211483315.97714272,268994288.53714275,35,35,0,0,0,1.0,173248570.7142855,28854521.90654343,35,20825,0.9969747899159664,0.0,0.0030252100840336134,0.0,0.04192076830732293,0.1384873949579832,515909569.2749141,117.98739977090493,nan,nan,0,0,33.00135279927755,25884479.796952073,0.13117437949115646,35,0,20774,49112,69886,69886,0.0,0,0,0.991619,0.0,0.0,0.0,0.0,0.0,3.0537301271524774e+17,70,70,16,277657687.74285716,70,108.38711377599975,84776625,10212197,22679820,15860652
LOW-E1018,eval-low-policy-e1018,LOW,STATUS_PRIORITY_NON_DROPPING,1018,external_inputs/eval-low-policy-e1018,169463784.42296597,384221002.7799753,35,0,62648050.59866909,211483315.97714272,268994288.53714275,35,35,0,0,0,1.0,173248570.7142855,28854521.90654343,35,20825,0.9969747899159664,0.0,0.0030252100840336134,0.0,0.04192076830732293,0.1384873949579832,515909569.2749141,117.98739977090493,nan,nan,0,0,33.00135279927755,25884479.796952073,0.13117437949115646,35,20774,0,49112,69886,69886,0.2972555304352803,0,0,0.991619,0.0,0.0,0.0,0.0,0.0,3.0537301271524774e+17,70,70,16,277657687.74285716,70,108.73159869000665,87359128,10336837,22902892,17677688
LOW-E1019,eval-low-fifo-e1019,LOW,FIFO,1019,external_inputs/eval-low-fifo-e1019,158084529.53970066,351789093.48344564,35,0,54527823.97187207,181839084.7657142,267682845.85142854,35,35,0,0,0,1.0,149535713.57142836,23417686.193364434,35,20825,0.9968307322929172,0.0,0.003169267707082833,0.0,0.03438175270108043,0.0977671068427371,408717146.4413408,107.15223463687151,nan,nan,0,0,24.966225102488437,17116416.62639678,0.11839387411836734,35,0,20778,46012,66790,66790,0.0,0,0,0.991184,0.0,0.0,0.0,0.0,0.0,1.9277683731504195e+17,70,70,24,214200529.68571427,70,109.49250945600215,82947559,10210711,22045567,15158658
LOW-E1019,eval-low-policy-e1019,LOW,STATUS_PRIORITY_NON_DROPPING,1019,external_inputs/eval-low-policy-e1019,158084529.53970066,351789093.48344564,35,0,54527823.97187207,181839084.7657142,267682845.85142854,35,35,0,0,0,1.0,149535713.57142836,23417686.193364434,35,20825,0.9968307322929172,0.0,0.003169267707082833,0.0,0.03438175270108043,0.0977671068427371,408717146.4413408,107.15223463687151,nan,nan,0,0,24.966225102488437,17116416.62639678,0.11839387411836734,35,20778,0,46012,66790,66790,0.31109447522084144,0,0,0.991184,0.0,0.0,0.0,0.0,0.0,1.9277683731504195e+17,70,70,24,214200529.68571427,70,108.87948736999533,85437578,10335333,22262447,16895198
LOW-E1020,eval-low-fifo-e1020,LOW,FIFO,1020,external_inputs/eval-low-fifo-e1020,176140549.18312925,460907941.44276583,35,0,66492964.43601885,245586215.46285674,285314271.1657142,35,35,0,0,0,1.0,184455713.57142815,30841546.333226457,35,20825,0.9962064825930372,0.0,0.0037935174069627852,0.0,0.05277310924369748,0.16240096038415366,467748734.5577798,111.39490445859873,nan,nan,0,0,37.3191038979034,29602071.93805467,0.14665603162312926,35,0,20756,53258,74014,74014,0.0,0,0,0.989714,0.0,0.0,0.0,0.0,0.0,2.4884655447305366e+17,70,70,15,249100529.68571427,70,109.72350258199731,87343758,10206248,23549602,16814000
LOW-E1020,eval-low-policy-e1020,LOW,STATUS_PRIORITY_NON_DROPPING,1020,external_inputs/eval-low-policy-e1020,176140549.18312925,460907941.44276583,35,0,66492964.43601885,245586215.46285674,285314271.1657142,35,35,0,0,0,1.0,184455713.57142815,30841546.333226457,35,20825,0.9962064825930372,0.0,0.0037935174069627852,0.0,0.05277310924369748,0.16240096038415366,467748734.5577798,111.39490445859873,nan,nan,0,0,37.3191038979034,29602071.93805467,0.14665603162312926,35,20756,0,53258,74014,74014,0.280433431512957,0,0,0.989714,0.0,0.0,0.0,0.0,0.0,2.4884655447305366e+17,70,70,15,249100529.68571427,70,109.19110995100345,90050671,10330818,23780930,18738364
LOW-E1021,eval-low-fifo-e1021,LOW,FIFO,1021,external_inputs/eval-low-fifo-e1021,146807916.06323808,281047548.2256018,35,0,43320477.31110111,112839066.30857132,252511357.5657142,35,35,0,0,0,1.0,87219999.28571428,15070395.599526346,35,20825,0.9978871548619448,0.0,0.002112845138055222,0.0,0.026122448979591838,0.05392557022809124,252110620.07352942,103.93382352941177,nan,nan,0,0,17.231506773410885,8391050.782798639,0.10511694502721088,35,0,20793,40624,61417,61417,0.0,0,0,0.993143,0.0,0.0,0.0,0.0,0.0,1.5994197984629942e+17,70,71,14,202786326.4857143,70,109.6962697969866,79708576,10217008,20939281,13938718
LOW-E1021,eval-low-policy-e1021,LOW,STATUS_PRIORITY_NON_DROPPING,1021,external_inputs/eval-low-policy-e1021,146807916.06323808,281047548.2256018,35,0,43320477.31110111,112839066.30857132,252511357.5657142,35,35,0,0,0,1.0,87219999.28571428,15070395.599526346,35,20825,0.9978871548619448,0.0,0.002112845138055222,0.0,0.026122448979591838,0.05392557022809124,252110620.07352942,103.93382352941177,nan,nan,0,0,17.231506773410885,8391050.782798639,0.10511694502721088,35,20793,0,40624,61417,61417,0.3385544718888907,0,0,0.993143,0.0,0.0,0.0,0.0,0.0,1.5994197984629942e+17,70,71,14,202786326.4857143,70,109.06966859099339,82036939,10341706,21145415,15535560
LOW-E1022,eval-low-fifo-e1022,LOW,FIFO,1022,external_inputs/eval-low-fifo-e1022,167784050.9882993,389176650.49272406,35,0,59533989.21354283,197336201.56571406,277362823.2685713,35,35,0,0,0,1.0,161064284.9999999,26142756.279551327,35,20825,0.9963985594237695,0.0,0.003601440576230492,0.0,0.04499399759903962,0.13243697478991598,441935805.87086445,113.32764140875133,nan,nan,0,0,31.795782478990475,24013993.435792863,0.1327291705632653,35,0,20759,50501,71260,71260,0.0,0,0,0.990476,0.0,0.0,0.0,0.0,0.0,2.950076576927754e+17,70,70,19,212771993.0,70,109.34072541899513,85611486,10208876,22960884,16170267
LOW-E1022,eval-low-policy-e1022,LOW,STATUS_PRIORITY_NON_DROPPING,1022,external_inputs/eval-low-policy-e1022,167784050.9882993,389176650.49272406,35,0,59533989.21354283,197336201.56571406,277362823.2685713,35,35,0,0,0,1.0,161064284.9999999,26142756.279551327,35,20825,0.9963985594237695,0.0,0.003601440576230492,0.0,0.04499399759903962,0.13243697478991598,441935805.87086445,113.32764140875133,nan,nan,0,0,31.795782478990475,24013993.435792863,0.1327291705632653,35,20759,0,50501,71260,71260,0.2913134998596688,0,0,0.990476,0.0,0.0,0.0,0.0,0.0,2.950076576927754e+17,70,70,19,212771993.0,70,109.97216049200506,88235521,10333476,23186704,18023027
LOW-E1023,eval-low-fifo-e1023,LOW,FIFO,1023,external_inputs/eval-low-fifo-e1023,188487402.9399728,586556419.4906595,35,0,87210526.65494531,430777644.68571377,276798494.55999994,35,35,0,0,0,1.0,351119999.28571373,48961179.23098888,35,20825,0.9984633853541417,0.0,0.0015366146458583433,0.0,0.0521968787515006,0.2279471788715486,727949350.5602576,123.41398344066238,nan,nan,0,0,47.10471882358775,44218640.458967716,0.13826913172108843,35,0,20806,46659,67465,67465,0.0,0,0,0.993959,0.0,0.0,0.0,0.0,0.0,2.7505326196755392e+17,70,70,18,221486298.25714287,70,110.23499830899527,83495111,10219801,22178643,15313959
LOW-E1023,eval-low-policy-e1023,LOW,STATUS_PRIORITY_NON_DROPPING,1023,external_inputs/eval-low-policy-e1023,188487402.9399728,586556419.4906595,35,0,87210526.65494531,430777644.68571377,276798494.55999994,35,35,0,0,0,1.0,351119999.28571373,48961179.23098888,35,20825,0.9984633853541417,0.0,0.0015366146458583433,0.0,0.0521968787515006,0.2279471788715486,727949350.5602576,123.41398344066238,nan,nan,0,0,47.10471882358775,44218640.458967716,0.13826913172108843,35,20806,0,46659,67465,67465,0.3083969465648855,0,0,0.993959,0.0,0.0,0.0,0.0,0.0,2.7505326196755392e+17,70,70,18,221486298.25714287,70,110.08031872400898,86006378,10344533,22396873,17068049
LOW-E1024,eval-low-fifo-e1024,LOW,FIFO,1024,external_inputs/eval-low-fifo-e1024,164259770.8019592,417049522.9484592,35,0,57600452.53015805,215396175.29142842,269635622.86857134,35,35,0,0,0,1.0,181514284.99999985,25205467.39565645,35,20825,0.9975030012004802,0.0,0.002496998799519808,0.0,0.03894357743097239,0.11822328931572629,454734508.53637487,110.66707768187423,nan,nan,0,0,28.245593012810883,21223044.06502882,0.12100431145034014,35,0,20781,43501,64282,64282,0.0,0,0,0.991946,0.0,0.0,0.0,0.0,0.0,2.219685013528047e+17,70,70,14,223557702.94285715,70,110.36470575100975,81395515,10213161,21535115,14597757
LOW-E1024,eval-low-policy-e1024,LOW,STATUS_PRIORITY_NON_DROPPING,1024,external_inputs/eval-low-policy-e1024,164259770.8019592,417049522.9484592,35,0,57600452.53015805,215396175.29142842,269635622.86857134,35,35,0,0,0,1.0,181514284.99999985,25205467.39565645,35,20825,0.9975030012004802,0.0,0.002496998799519808,0.0,0.03894357743097239,0.11822328931572629,454734508.53637487,110.66707768187423,nan,nan,0,0,28.245593012810883,21223044.06502882,0.12100431145034014,35,20781,0,43501,64282,64282,0.3232786783236365,0,0,0.991946,0.0,0.0,0.0,0.0,0.0,2.219685013528047e+17,70,70,14,223557702.94285715,70,109.10079014499206,83809046,10337813,21746979,16269089
LOW-E1025,eval-low-fifo-e1025,LOW,FIFO,1025,external_inputs/eval-low-fifo-e1025,181107925.40636736,510942885.8351861,35,0,79545728.9751982,348846199.3942855,270284240.11428565,35,35,0,0,0,1.0,308762856.4285713,44237429.96157572,35,20825,0.9984633853541417,0.0,0.0015366146458583433,0.0,0.04220888355342137,0.19543817527010804,781748274.6382252,123.5221843003413,nan,nan,0,0,42.14338090335919,38404661.61748216,0.127559957722449,35,0,20800,46455,67255,67255,0.0,0,0,0.99298,0.0,0.0,0.0,0.0,0.0,1.7332940697909443e+17,70,70,15,207472025.57142857,70,109.35017164298915,83179341,10216463,22140435,15266832
LOW-E1025,eval-low-policy-e1025,LOW,STATUS_PRIORITY_NON_DROPPING,1025,external_inputs/eval-low-policy-e1025,181107925.40636736,510942885.8351861,35,0,79545728.9751982,348846199.3942855,270284240.11428565,35,35,0,0,0,1.0,308762856.4285713,44237429.96157572,35,20825,0.9984633853541417,0.0,0.0015366146458583433,0.0,0.04220888355342137,0.19543817527010804,781748274.6382252,123.5221843003413,nan,nan,0,0,42.14338090335919,38404661.61748216,0.127559957722449,35,20800,0,46455,67255,67255,0.309270686194335,0,0,0.99298,0.0,0.0,0.0,0.0,0.0,1.7332940697909443e+17,70,70,15,207472025.57142857,70,108.94900714300456,85682494,10341155,22358245,17015462
LOW-E1026,eval-low-fifo-e1026,LOW,FIFO,1026,external_inputs/eval-low-fifo-e1026,170102849.50715646,412095371.2228482,35,0,68161288.08964904,274526190.4914284,284397093.782857,35,35,0,0,0,1.0,232149999.28571397,31691021.699012775,35,20825,0.9985114045618247,0.0,0.00148859543817527,0.0,0.05085234093637455,0.1398799519807923,400456982.1331445,121.44759206798867,nan,nan,0,0,32.54906049508843,24379531.93604201,0.14385453502040815,35,0,20807,50769,71576,71576,0.0,0,0,0.992762,0.0,0.0,0.0,0.0,0.0,1.855586373295497e+17,70,70,17,214429105.45714286,70,111.0001074760221,85912696,10215904,23027999,16246672
LOW-E1026,eval-low-policy-e1026,LOW,STATUS_PRIORITY_NON_DROPPING,1026,external_inputs/eval-low-policy-e1026,170102849.50715646,412095371.2228482,35,0,68161288.08964904,274526190.4914284,284397093.782857,35,35,0,0,0,1.0,232149999.28571397,31691021.699012775,35,20825,0.9985114045618247,0.0,0.00148859543817527,0.0,0.05085234093637455,0.1398799519807923,400456982.1331445,121.44759206798867,nan,nan,0,0,32.54906049508843,24379531.93604201,0.14385453502040815,35,20807,0,50769,71576,71576,0.29069799932938417,0,0,0.992762,0.0,0.0,0.0,0.0,0.0,1.855586373295497e+17,70,70,17,214429105.45714286,70,110.3360137650161,88546881,10340588,23254451,18107648
LOW-E1027,eval-low-fifo-e1027,LOW,FIFO,1027,external_inputs/eval-low-fifo-e1027,147222126.25088435,269119228.80102295,35,0,43364284.656805515,104897628.39999993,248325674.98285708,35,35,0,0,0,1.0,76838570.71428554,15180873.32316568,35,20825,0.9982232893157262,0.0,0.0017767106842737094,0.0,0.02376950780312125,0.05445378151260504,293681447.93333334,102.67676767676768,nan,nan,0,0,17.072852526454422,8820340.938061945,0.10099780021632652,35,0,20797,41219,62016,62016,0.0,0,0,0.992762,0.0,0.0,0.0,0.0,0.0,3.415520722135956e+17,70,70,10,230571999.5142857,70,108.84764205201645,80058839,10215688,21060653,14072529
LOW-E1027,eval-low-policy-e1027,LOW,STATUS_PRIORITY_NON_DROPPING,1027,external_inputs/eval-low-policy-e1027,147222126.25088435,269119228.80102295,35,0,43364284.656805515,104897628.39999993,248325674.98285708,35,35,0,0,0,1.0,76838570.71428554,15180873.32316568,35,20825,0.9982232893157262,0.0,0.0017767106842737094,0.0,0.02376950780312125,0.05445378151260504,293681447.93333334,102.67676767676768,nan,nan,0,0,17.072852526454422,8820340.938061945,0.10099780021632652,35,20797,0,41219,62016,62016,0.33534894220846234,0,0,0.992762,0.0,0.0,0.0,0.0,0.0,3.415520722135956e+17,70,70,10,230571999.5142857,70,109.26283903000876,82405360,10340370,21267985,15684945
LOW-E1028,eval-low-fifo-e1028,LOW,FIFO,1028,external_inputs/eval-low-fifo-e1028,177626072.68266666,491086413.25880474,35,0,70382651.81534082,306457596.69714266,261228517.57714278,35,35,0,0,0,1.0,258457142.142857,36483047.597995006,35,20825,0.9957262905162065,0.0,0.004273709483793517,0.0,0.04653061224489796,0.1802641056422569,630866655.4231166,118.0639834881321,nan,nan,0,0,39.40673031208163,34703208.88344403,0.12939006464353742,35,0,20755,43939,64694,64694,0.0,0,0,0.991184,0.0,0.0,0.0,0.0,0.0,3.331666783434114e+17,70,70,24,203200547.05714285,70,109.63118840599782,81823205,10210825,21612622,14687586
LOW-E1028,eval-low-policy-e1028,LOW,STATUS_PRIORITY_NON_DROPPING,1028,external_inputs/eval-low-policy-e1028,177626072.68266666,491086413.25880474,35,0,70382651.81534082,306457596.69714266,261228517.57714278,35,35,0,0,0,1.0,258457142.142857,36483047.597995006,35,20825,0.9957262905162065,0.0,0.004273709483793517,0.0,0.04653061224489796,0.1802641056422569,630866655.4231166,118.0639834881321,nan,nan,0,0,39.40673031208163,34703208.88344403,0.12939006464353742,35,20755,0,43939,64694,64694,0.32081800476087424,0,0,0.991184,0.0,0.0,0.0,0.0,0.0,3.331666783434114e+17,70,70,24,203200547.05714285,70,109.20952627700171,84251076,10335449,21825310,16369630
LOW-E1029,eval-low-fifo-e1029,LOW,FIFO,1029,external_inputs/eval-low-fifo-e1029,161668539.51586393,397178168.9362998,35,0,59122210.22476637,208116215.89714152,269301381.23428565,35,35,0,0,0,1.0,149104284.9999998,27224672.70929843,35,20825,0.9981272509003601,0.0,0.001872749099639856,0.0,0.03879951980792317,0.11428571428571428,438284952.5358911,116.87128712871286,nan,nan,0,0,27.970890952183673,20227614.178585004,0.12058217345442176,35,0,20798,41322,62120,62120,0.0,0,0,0.993306,0.0,0.0,0.0,0.0,0.0,2.4556326674535706e+17,70,71,16,250757672.54285714,70,108.95238372098538,80159305,10217162,21082890,14102316
LOW-E1029,eval-low-policy-e1029,LOW,STATUS_PRIORITY_NON_DROPPING,1029,external_inputs/eval-low-policy-e1029,161668539.51586393,397178168.9362998,35,0,59122210.22476637,208116215.89714152,269301381.23428565,35,35,0,0,0,1.0,149104284.9999998,27224672.70929843,35,20825,0.9981272509003601,0.0,0.001872749099639856,0.0,0.03879951980792317,0.11428571428571428,438284952.5358911,116.87128712871286,nan,nan,0,0,27.970890952183673,20227614.178585004,0.12058217345442176,35,20798,0,41322,62120,62120,0.33480360592401803,0,0,0.993306,0.0,0.0,0.0,0.0,0.0,2.4556326674535706e+17,70,71,16,250757672.54285714,70,110.49938072400982,82508556,10341862,21290430,15717436
LOW-E1030,eval-low-fifo-e1030,LOW,FIFO,1030,external_inputs/eval-low-fifo-e1030,159568205.0070204,386060965.77285296,35,0,49221150.7290977,154921901.0857142,254485693.22285712,35,35,0,0,0,1.0,125475713.5714285,19517305.084864955,35,20825,0.9962545018007203,0.0,0.003745498199279712,0.0,0.033421368547418964,0.10765906362545018,490171180.7413793,109.77873563218391,nan,nan,0,0,26.201078902790474,19713251.61734641,0.10883665351020408,35,0,20756,40283,61039,61039,0.0,0,0,0.990803,0.0,0.0,0.0,0.0,0.0,1.4040164632685688e+17,70,71,17,187486309.1142857,70,108.6182915130048,79406999,10209487,20851585,13846999
LOW-E1030,eval-low-policy-e1030,LOW,STATUS_PRIORITY_NON_DROPPING,1030,external_inputs/eval-low-policy-e1030,159568205.0070204,386060965.77285296,35,0,49221150.7290977,154921901.0857142,254485693.22285712,35,35,0,0,0,1.0,125475713.5714285,19517305.084864955,35,20825,0.9962545018007203,0.0,0.003745498199279712,0.0,0.033421368547418964,0.10765906362545018,490171180.7413793,109.77873563218391,nan,nan,0,0,26.201078902790474,19713251.61734641,0.10883665351020408,35,20756,0,40283,61039,61039,0.3400448893330494,0,0,0.990803,0.0,0.0,0.0,0.0,0.0,1.4040164632685688e+17,70,71,17,187486309.1142857,70,109.62728769698879,81723326,10334095,21056963,15434013
LOW-E1031,eval-low-fifo-e1031,LOW,FIFO,1031,external_inputs/eval-low-fifo-e1031,146956991.24397278,318729057.93004525,35,0,44611664.17185302,154673353.10857135,243575696.91428563,35,35,0,0,0,1.0,126292856.42857131,16976325.246080533,35,20825,0.9984633853541417,0.0,0.0015366146458583433,0.0,0.02232893157262905,0.05743097238895558,355690223.21935487,109.02150537634408,nan,nan,0,0,17.839384596336057,9793723.762529252,0.09754046299183673,35,0,20800,39579,60379,60379,0.0,0,0,0.994395,0.0,0.0,0.0,0.0,0.0,3.263925655516346e+17,70,70,10,249400590.4857143,70,109.14382112797466,79077373,10220662,20726129,13702973
LOW-E1031,eval-low-policy-e1031,LOW,STATUS_PRIORITY_NON_DROPPING,1031,external_inputs/eval-low-policy-e1031,146956991.24397278,318729057.93004525,35,0,44611664.17185302,154673353.10857135,243575696.91428563,35,35,0,0,0,1.0,126292856.42857131,16976325.246080533,35,20825,0.9984633853541417,0.0,0.0015366146458583433,0.0,0.02232893157262905,0.05743097238895558,355690223.21935487,109.02150537634408,nan,nan,0,0,17.839384596336057,9793723.762529252,0.09754046299183673,35,20800,0,39579,60379,60379,0.34449063416088377,0,0,0.994395,0.0,0.0,0.0,0.0,0.0,3.263925655516346e+17,70,70,10,249400590.4857143,70,109.60814993499662,81374616,10345404,20930187,15272827
LOW-E1032,eval-low-fifo-e1032,LOW,FIFO,1032,external_inputs/eval-low-fifo-e1032,168598911.37262583,417036953.8266269,35,0,65975624.48948755,245753348.11428544,270917129.1771428,35,35,0,0,0,1.0,190674284.99999976,32738089.938531455,35,20825,0.9983193277310924,0.0,0.0016806722689075631,0.0,0.03654261704681873,0.1400720288115246,622436965.3876479,113.16162943495401,nan,nan,0,0,32.59603981504762,26826887.524458893,0.1211452832585034,35,0,20795,46454,67249,67249,0.0,0,0,0.992327,0.0,0.0,0.0,0.0,0.0,4.6914020790061843e+17,70,70,9,279400540.54285717,70,109.54569123100373,83171397,10214457,22138933,15261828
LOW-E1032,eval-low-policy-e1032,LOW,STATUS_PRIORITY_NON_DROPPING,1032,external_inputs/eval-low-policy-e1032,168598911.37262583,417036953.8266269,35,0,65975624.48948755,245753348.11428544,270917129.1771428,35,35,0,0,0,1.0,190674284.99999976,32738089.938531455,35,20825,0.9983193277310924,0.0,0.0016806722689075631,0.0,0.03654261704681873,0.1400720288115246,622436965.3876479,113.16162943495401,nan,nan,0,0,32.59603981504762,26826887.524458893,0.1211452832585034,35,20795,0,46454,67249,67249,0.3092239289803566,0,0,0.992327,0.0,0.0,0.0,0.0,0.0,4.6914020790061843e+17,70,70,9,279400540.54285717,70,108.20799272498698,85674650,10339125,22356731,17010302
LOW-E1033,eval-low-fifo-e1033,LOW,FIFO,1033,external_inputs/eval-low-fifo-e1033,166798528.53420407,436273682.88437766,35,0,63180808.3258076,267816184.19428548,265402860.83428562,35,35,0,0,0,1.0,218318570.71428567,29307685.29642605,35,20825,0.9978871548619448,0.0,0.002112845138055222,0.0,0.038031212484994,0.1307563025210084,528624948.7020202,112.05050505050505,nan,nan,0,0,29.995914042662584,23889460.821186505,0.12073472933061224,35,0,20792,48035,68827,68827,0.0,0,0,0.989388,0.0,0.0,0.0,0.0,0.0,3.984026397136909e+17,70,71,17,234300590.4857143,70,108.436920216016,84170337,10205352,22459017,15614721
LOW-E1033,eval-low-policy-e1033,LOW,STATUS_PRIORITY_NON_DROPPING,1033,external_inputs/eval-low-policy-e1033,166798528.53420407,436273682.88437766,35,0,63180808.3258076,267816184.19428548,265402860.83428562,35,35,0,0,0,1.0,218318570.71428567,29307685.29642605,35,20825,0.9978871548619448,0.0,0.002112845138055222,0.0,0.038031212484994,0.1307563025210084,528624948.7020202,112.05050505050505,nan,nan,0,0,29.995914042662584,23889460.821186505,0.12073472933061224,35,20792,0,48035,68827,68827,0.3020907492699086,0,0,0.989388,0.0,0.0,0.0,0.0,0.0,3.984026397136909e+17,70,71,17,234300590.4857143,70,108.06032983699697,86721640,10329910,22679971,17404223
LOW-E1034,eval-low-fifo-e1034,LOW,FIFO,1034,external_inputs/eval-low-fifo-e1034,163646591.29306123,405430108.7266758,35,0,59330508.103788726,215837654.02285683,259157118.31999996,35,35,0,0,0,1.0,173127142.14285704,27343090.517725606,35,20825,0.9979351740696278,0.0,0.002064825930372149,0.0,0.034573829531812726,0.11735894357743097,526100737.29444444,112.92361111111111,nan,nan,0,0,28.060524305038093,21580653.528033316,0.11508532212244899,35,0,20791,43676,64467,64467,0.0,0,0,0.991075,0.0,0.0,0.0,0.0,0.0,3.086444714234919e+17,70,70,16,252157666.02857143,70,109.51781546100392,81582034,10210637,21565346,14631085
LOW-E1034,eval-low-policy-e1034,LOW,STATUS_PRIORITY_NON_DROPPING,1034,external_inputs/eval-low-policy-e1034,163646591.29306123,405430108.7266758,35,0,59330508.103788726,215837654.02285683,259157118.31999996,35,35,0,0,0,1.0,173127142.14285704,27343090.517725606,35,20825,0.9979351740696278,0.0,0.002064825930372149,0.0,0.034573829531812726,0.11735894357743097,526100737.29444444,112.92361111111111,nan,nan,0,0,28.060524305038093,21580653.528033316,0.11508532212244899,35,20791,0,43676,64467,64467,0.3225060883863062,0,0,0.991075,0.0,0.0,0.0,0.0,0.0,3.086444714234919e+17,70,70,16,252157666.02857143,70,109.26117509100004,84002413,10335259,21777580,16307227
LOW-E1035,eval-low-fifo-e1035,LOW,FIFO,1035,external_inputs/eval-low-fifo-e1035,159826137.57224488,349536783.026105,35,0,51826659.10496487,163346215.02857137,268564194.0799999,35,35,0,0,0,1.0,132628570.7142855,20715583.609019097,35,20825,0.9964465786314526,0.0,0.003553421368547419,0.0,0.03601440576230492,0.10175270108043218,407002852.8746667,106.11466666666666,nan,nan,0,0,25.71366249837959,17909542.7868374,0.11998998685306123,35,0,20763,44958,65721,65721,0.0,0,0,0.990748,0.0,0.0,0.0,0.0,0.0,1.76276573318555e+17,70,71,15,194243399.85714287,70,109.78676805098075,82235872,10209188,21824407,14915471
LOW-E1035,eval-low-policy-e1035,LOW,STATUS_PRIORITY_NON_DROPPING,1035,external_inputs/eval-low-policy-e1035,159826137.57224488,349536783.026105,35,0,51826659.10496487,163346215.02857137,268564194.0799999,35,35,0,0,0,1.0,132628570.7142855,20715583.609019097,35,20825,0.9964465786314526,0.0,0.003553421368547419,0.0,0.03601440576230492,0.10175270108043218,407002852.8746667,106.11466666666666,nan,nan,0,0,25.71366249837959,17909542.7868374,0.11998998685306123,35,20763,0,44958,65721,65721,0.31592641621399553,0,0,0.990748,0.0,0.0,0.0,0.0,0.0,1.76276573318555e+17,70,71,15,194243399.85714287,70,109.2464055470191,84692817,10333792,22039149,16624217
LOW-E1036,eval-low-fifo-e1036,LOW,FIFO,1036,external_inputs/eval-low-fifo-e1036,160508925.13730612,360544917.2177606,35,0,54595896.06702832,182286222.19428563,262285684.1028571,35,35,0,0,0,1.0,138674284.99999985,24108601.387723047,35,20825,0.9965426170468187,0.0,0.0034573829531812724,0.0,0.03707082833133253,0.11054021608643458,440924765.9637306,111.43652849740933,nan,nan,0,0,27.355734471219048,19725105.502135582,0.11854514720816327,35,0,20760,44185,64945,64945,0.0,0,0,0.991401,0.0,0.0,0.0,0.0,0.0,2.352475266122129e+17,70,70,18,244800560.08571428,70,108.96598361097858,81804754,10211087,21658193,14734524
LOW-E1036,eval-low-policy-e1036,LOW,STATUS_PRIORITY_NON_DROPPING,1036,external_inputs/eval-low-policy-e1036,160508925.13730612,360544917.2177606,35,0,54595896.06702832,182286222.19428563,262285684.1028571,35,35,0,0,0,1.0,138674284.99999985,24108601.387723047,35,20825,0.9965426170468187,0.0,0.0034573829531812724,0.0,0.03707082833133253,0.11054021608643458,440924765.9637306,111.43652849740933,nan,nan,0,0,27.355734471219048,19725105.502135582,0.11854514720816327,35,20760,0,44185,64945,64945,0.31965509277080606,0,0,0.991401,0.0,0.0,0.0,0.0,0.0,2.352475266122129e+17,70,70,18,244800560.08571428,70,109.8190686450107,84238943,10335713,21871383,16423094
LOW-E1037,eval-low-fifo-e1037,LOW,FIFO,1037,external_inputs/eval-low-fifo-e1037,149834215.13817686,310439034.12804127,35,0,47838265.86492573,144580469.0399998,258009940.06857136,35,35,0,0,0,1.0,109387142.1428572,18059721.291577652,35,20825,0.9989915966386554,0.0,0.0010084033613445378,0.0,0.02823529411764706,0.06554621848739496,307421182.34013605,107.75510204081633,nan,nan,0,0,19.1072984346449,10655150.202517923,0.10665774192517007,35,0,20811,40708,61519,61519,0.0,0,0,0.994122,0.0,0.0,0.0,0.0,0.0,2.0939718868575043e+17,70,71,10,211843423.74285713,70,110.6381109310023,79775531,10219774,20956407,13958393
LOW-E1037,eval-low-policy-e1037,LOW,STATUS_PRIORITY_NON_DROPPING,1037,external_inputs/eval-low-policy-e1037,149834215.13817686,310439034.12804127,35,0,47838265.86492573,144580469.0399998,258009940.06857136,35,35,0,0,0,1.0,109387142.1428572,18059721.291577652,35,20825,0.9989915966386554,0.0,0.0010084033613445378,0.0,0.02823529411764706,0.06554621848739496,307421182.34013605,107.75510204081633,nan,nan,0,0,19.1072984346449,10655150.202517923,0.10665774192517007,35,20811,0,40708,61519,61519,0.33828573286301794,0,0,0.994122,0.0,0.0,0.0,0.0,0.0,2.0939718868575043e+17,70,71,10,211843423.74285713,70,110.3594419080182,82107108,10344506,21162745,15557887
LOW-E1038,eval-low-fifo-e1038,LOW,FIFO,1038,external_inputs/eval-low-fifo-e1038,164656371.03477553,367568458.67234147,35,0,61798750.93172085,207200475.55428553,277955725.35999995,35,35,0,0,0,1.0,169402856.4285715,27500139.49740148,35,20825,0.9976950780312125,0.0,0.002304921968787515,0.0,0.043697478991596636,0.11649459783913566,377213456.04615384,112.47032967032968,nan,nan,0,0,28.969748270195918,19997135.87249007,0.13795037561224488,35,0,20788,52495,73283,73283,0.0,0,0,0.991673,0.0,0.0,0.0,0.0,0.0,2.2980227274881328e+17,70,70,21,204571966.94285715,70,109.11502079598722,86860623,10212351,23386136,16635070
LOW-E1038,eval-low-policy-e1038,LOW,STATUS_PRIORITY_NON_DROPPING,1038,external_inputs/eval-low-policy-e1038,164656371.03477553,367568458.67234147,35,0,61798750.93172085,207200475.55428553,277955725.35999995,35,35,0,0,0,1.0,169402856.4285715,27500139.49740148,35,20825,0.9976950780312125,0.0,0.002304921968787515,0.0,0.043697478991596636,0.11649459783913566,377213456.04615384,112.47032967032968,nan,nan,0,0,28.969748270195918,19997135.87249007,0.13795037561224488,35,20788,0,52495,73283,73283,0.283667426278946,0,0,0.991673,0.0,0.0,0.0,0.0,0.0,2.2980227274881328e+17,70,70,21,204571966.94285715,70,108.90904715101351,89545598,10336993,23616002,18540428
LOW-E1039,eval-low-fifo-e1039,LOW,FIFO,1039,external_inputs/eval-low-fifo-e1039,181875532.64968708,517571929.1086259,35,0,72958152.92933583,319790496.39999944,267835674.33142847,35,35,0,0,0,1.0,258125713.5714283,37760484.8553712,35,20825,0.9949579831932773,0.0,0.005042016806722689,0.0,0.04667466986794718,0.19735894357743097,692292793.9588478,111.40123456790124,nan,nan,0,0,41.94401715419592,38262069.88021544,0.13276372839183676,35,0,20739,48762,69501,69501,0.0,0,0,0.989932,0.0,0.0,0.0,0.0,0.0,5.984096414506981e+17,70,70,22,243586261.34285715,70,109.61730332102161,84624188,10207173,22611635,15782933
LOW-E1039,eval-low-policy-e1039,LOW,STATUS_PRIORITY_NON_DROPPING,1039,external_inputs/eval-low-policy-e1039,181875532.64968708,517571929.1086259,35,0,72958152.92933583,319790496.39999944,267835674.33142847,35,35,0,0,0,1.0,258125713.5714283,37760484.8553712,35,20825,0.9949579831932773,0.0,0.005042016806722689,0.0,0.04667466986794718,0.19735894357743097,692292793.9588478,111.40123456790124,nan,nan,0,0,41.94401715419592,38262069.88021544,0.13276372839183676,35,20739,0,48762,69501,69501,0.29839858419303317,0,0,0.989932,0.0,0.0,0.0,0.0,0.0,5.984096414506981e+17,70,70,22,243586261.34285715,70,109.71341513798689,87195703,10331753,22833937,17589959
LOW-E1040,eval-low-fifo-e1040,LOW,FIFO,1040,external_inputs/eval-low-fifo-e1040,164499733.39711565,442671493.4417662,35,0,50136853.00714645,160664763.87428567,249684285.93142852,35,35,0,0,0,1.0,122879999.28571422,20910699.374558102,35,20825,0.9962064825930372,0.0,0.0037935174069627852,0.0,0.028187274909963984,0.12849939975990396,758673160.7478706,98.38160136286201,nan,nan,0,0,29.985170156408167,25363874.97951734,0.10558382549931973,35,0,20758,40263,61021,61021,0.0,0,0,0.99015,0.0,0.0,0.0,0.0,0.0,2.037092794060424e+17,70,70,15,211614880.54285714,70,109.86863500799518,79369017,10207632,20850208,13842292
LOW-E1040,eval-low-policy-e1040,LOW,STATUS_PRIORITY_NON_DROPPING,1040,external_inputs/eval-low-policy-e1040,164499733.39711565,442671493.4417662,35,0,50136853.00714645,160664763.87428567,249684285.93142852,35,35,0,0,0,1.0,122879999.28571422,20910699.374558102,35,20825,0.9962064825930372,0.0,0.0037935174069627852,0.0,0.028187274909963984,0.12849939975990396,758673160.7478706,98.38160136286201,nan,nan,0,0,29.985170156408167,25363874.97951734,0.10558382549931973,35,20758,0,40263,61021,61021,0.340177971518002,0,0,0.99015,0.0,0.0,0.0,0.0,0.0,2.037092794060424e+17,70,70,15,211614880.54285714,70,109.98764126500464,81684574,10332216,21055550,15428838
LOW-E1041,eval-low-fifo-e1041,LOW,FIFO,1041,external_inputs/eval-low-fifo-e1041,153972751.8839728,314250330.6075265,35,0,48420423.06937996,139631871.7714285,253102816.53714284,35,35,0,0,0,1.0,112908570.7142856,18926804.482460085,35,20825,0.9971188475390156,0.0,0.0028811524609843936,0.0,0.030252100840336135,0.08264105642256903,391545093.6031746,109.18730158730159,nan,nan,0,0,22.556263955771428,14541074.103483798,0.11156180412925171,35,0,20772,44003,64775,64775,0.0,0,0,0.992435,0.0,0.0,0.0,0.0,0.0,1.7076864041912566e+17,70,71,15,197986263.5142857,70,109.55271654599346,81762569,10214727,21624928,14696094
LOW-E1041,eval-low-policy-e1041,LOW,STATUS_PRIORITY_NON_DROPPING,1041,external_inputs/eval-low-policy-e1041,153972751.8839728,314250330.6075265,35,0,48420423.06937996,139631871.7714285,253102816.53714284,35,35,0,0,0,1.0,112908570.7142856,18926804.482460085,35,20825,0.9971188475390156,0.0,0.0028811524609843936,0.0,0.030252100840336135,0.08264105642256903,391545093.6031746,109.18730158730159,nan,nan,0,0,22.556263955771428,14541074.103483798,0.11156180412925171,35,20772,0,44003,64775,64775,0.3206792744114242,0,0,0.992435,0.0,0.0,0.0,0.0,0.0,1.7076864041912566e+17,70,71,15,197986263.5142857,70,109.31156076097977,84192474,10339397,21837778,16380244
LOW-E1042,eval-low-fifo-e1042,LOW,FIFO,1042,external_inputs/eval-low-fifo-e1042,176947012.89262587,522313191.010649,35,0,66241087.66307045,290961916.71999973,258672843.8971428,35,35,0,0,0,1.0,238925713.57142815,33650632.15404101,35,20825,0.9963505402160865,0.0,0.0036494597839135654,0.0,0.03788715486194478,0.17517406962785115,776469847.4942966,112.04182509505704,nan,nan,0,0,38.16947070054285,34597678.13142124,0.1176351958027211,35,0,20760,41022,61782,61782,0.0,0,0,0.989551,0.0,0.0,0.0,0.0,0.0,2.116952421434047e+17,70,71,18,189229133.68571427,70,110.29814231701312,79800004,10206081,21001382,14014195
LOW-E1042,eval-low-policy-e1042,LOW,STATUS_PRIORITY_NON_DROPPING,1042,external_inputs/eval-low-policy-e1042,176947012.89262587,522313191.010649,35,0,66241087.66307045,290961916.71999973,258672843.8971428,35,35,0,0,0,1.0,238925713.57142815,33650632.15404101,35,20825,0.9963505402160865,0.0,0.0036494597839135654,0.0,0.03788715486194478,0.17517406962785115,776469847.4942966,112.04182509505704,nan,nan,0,0,38.16947070054285,34597678.13142124,0.1176351958027211,35,20760,0,41022,61782,61782,0.3360202000582694,0,0,0.989551,0.0,0.0,0.0,0.0,0.0,2.116952421434047e+17,70,71,18,189229133.68571427,70,110.12412737301202,82137869,10330647,21208246,15620527
LOW-E1043,eval-low-fifo-e1043,LOW,FIFO,1043,external_inputs/eval-low-fifo-e1043,159933344.20234013,386165373.94964415,35,0,58494233.4349714,228039055.88571408,255424211.88571423,35,35,0,0,0,1.0,187271427.8571428,27347374.844673567,35,20825,0.998703481392557,0.0,0.0012965186074429772,0.0,0.03505402160864346,0.10876350540216087,473002854.9726027,121.3890410958904,nan,nan,0,0,26.887138201512926,19678167.213635124,0.11599138626802721,35,0,20809,43208,64017,64017,0.0,0,0,0.994449,0.0,0.0,0.0,0.0,0.0,2.0016591566223098e+17,70,70,16,253829135.85714287,70,108.80118342099013,81301137,10220978,21471365,14529421
LOW-E1043,eval-low-policy-e1043,LOW,STATUS_PRIORITY_NON_DROPPING,1043,external_inputs/eval-low-policy-e1043,159933344.20234013,386165373.94964415,35,0,58494233.4349714,228039055.88571408,255424211.88571423,35,35,0,0,0,1.0,187271427.8571428,27347374.844673567,35,20825,0.998703481392557,0.0,0.0012965186074429772,0.0,0.03505402160864346,0.10876350540216087,473002854.9726027,121.3890410958904,nan,nan,0,0,26.887138201512926,19678167.213635124,0.11599138626802721,35,20809,0,43208,64017,64017,0.3250542824562226,0,0,0.994449,0.0,0.0,0.0,0.0,0.0,2.0016591566223098e+17,70,70,16,253829135.85714287,70,110.57587093900656,83707836,10345724,21682699,16193863
LOW-E1044,eval-low-fifo-e1044,LOW,FIFO,1044,external_inputs/eval-low-fifo-e1044,153502326.36680272,343364694.60705256,35,0,51228858.29358174,183363331.17714265,260394223.6114285,35,35,0,0,0,1.0,140185713.57142806,20912031.74700842,35,20825,0.9985114045618247,0.0,0.00148859543817527,0.0,0.027803121248499398,0.0782232893157263,399799069.1381692,106.8013816925734,nan,nan,0,0,21.37641781291701,13433840.459308287,0.1097783444462585,35,0,20805,44614,65419,65419,0.0,0,0,0.992218,0.0,0.0,0.0,0.0,0.0,2.4525174014120163e+17,70,71,15,197314811.05714285,70,110.18334749899805,82087979,10214143,21761250,14844171
LOW-E1044,eval-low-policy-e1044,LOW,STATUS_PRIORITY_NON_DROPPING,1044,external_inputs/eval-low-policy-e1044,153502326.36680272,343364694.60705256,35,0,51228858.29358174,183363331.17714265,260394223.6114285,35,35,0,0,0,1.0,140185713.57142806,20912031.74700842,35,20825,0.9985114045618247,0.0,0.00148859543817527,0.0,0.027803121248499398,0.0782232893157263,399799069.1381692,106.8013816925734,nan,nan,0,0,21.37641781291701,13433840.459308287,0.1097783444462585,35,20805,0,44614,65419,65419,0.3180268729268255,0,0,0.992218,0.0,0.0,0.0,0.0,0.0,2.4525174014120163e+17,70,71,15,197314811.05714285,70,109.1237983989995,84536578,10338807,21975388,16545065
LOW-E1045,eval-low-fifo-e1045,LOW,FIFO,1045,external_inputs/eval-low-fifo-e1045,159472467.0652517,383480453.99719554,35,0,54546032.619215846,196459046.1142855,253199896.63999993,35,35,0,0,0,1.0,153589999.28571412,24275325.199733667,35,20825,0.9964945978391356,0.0,0.0035054021608643456,0.0,0.03260504201680672,0.10626650660264106,500784022.7496318,111.22533136966126,nan,nan,0,0,26.318011128111564,19634588.005078245,0.10954955924217687,35,0,20761,39250,60011,60011,0.0,0,0,0.991728,0.0,0.0,0.0,0.0,0.0,2.2353745032480842e+17,70,70,16,219072001.68571427,70,108.74793637299445,78848383,10212506,20640961,13614857
LOW-E1045,eval-low-policy-e1045,LOW,STATUS_PRIORITY_NON_DROPPING,1045,external_inputs/eval-low-policy-e1045,159472467.0652517,383480453.99719554,35,0,54546032.619215846,196459046.1142855,253199896.63999993,35,35,0,0,0,1.0,153589999.28571412,24275325.199733667,35,20825,0.9964945978391356,0.0,0.0035054021608643456,0.0,0.03260504201680672,0.10626650660264106,500784022.7496318,111.22533136966126,nan,nan,0,0,26.318011128111564,19634588.005078245,0.10954955924217687,35,20761,0,39250,60011,60011,0.34595324190565063,0,0,0.991728,0.0,0.0,0.0,0.0,0.0,2.2353745032480842e+17,70,70,16,219072001.68571427,70,109.31407082499936,81134292,10337150,20844283,15175143
LOW-E1046,eval-low-fifo-e1046,LOW,FIFO,1046,external_inputs/eval-low-fifo-e1046,154557219.344,325956301.1280169,35,0,52406798.59744907,167349042.42285705,269048547.9771428,35,35,0,0,0,1.0,137914285.0,20784298.692288604,35,20825,0.9983673469387755,0.0,0.0016326530612244899,0.0,0.03212484993997599,0.0773109243697479,318303456.3542601,111.5949177877429,nan,nan,0,0,21.76571052431837,12589962.37858359,0.12195214427210885,35,0,20804,51695,72499,72499,0.0,0,0,0.991619,0.0,0.0,0.0,0.0,0.0,1.691174462273604e+17,70,70,23,212500555.74285713,70,109.62360259299749,86483781,10212160,23226362,16455316
LOW-E1046,eval-low-policy-e1046,LOW,STATUS_PRIORITY_NON_DROPPING,1046,external_inputs/eval-low-policy-e1046,154557219.344,325956301.1280169,35,0,52406798.59744907,167349042.42285705,269048547.9771428,35,35,0,0,0,1.0,137914285.0,20784298.692288604,35,20825,0.9983673469387755,0.0,0.0016326530612244899,0.0,0.03212484993997599,0.0773109243697479,318303456.3542601,111.5949177877429,nan,nan,0,0,21.76571052431837,12589962.37858359,0.12195214427210885,35,20804,0,51695,72499,72499,0.28695568214733996,0,0,0.991619,0.0,0.0,0.0,0.0,0.0,1.691174462273604e+17,70,70,23,212500555.74285713,70,109.17078491899883,89146670,10336800,23454660,18340290
LOW-E1047,eval-low-fifo-e1047,LOW,FIFO,1047,external_inputs/eval-low-fifo-e1047,161417894.27232653,350925704.0386692,35,0,57307162.66693357,177871922.36571422,280007098.34285706,35,35,0,0,0,1.0,154119999.2857143,23840083.021200493,35,20825,0.9970228091236495,0.0,0.00297719087635054,0.0,0.04893157262905162,0.10612244897959183,275806025.1099117,116.60843964671247,nan,nan,0,0,26.639524305536057,16716081.958831266,0.13844118224081634,35,0,20773,49213,69986,69986,0.0,0,0,0.991565,0.0,0.0,0.0,0.0,0.0,1.845659994285313e+17,70,70,15,210257646.4857143,70,108.96514202599064,84896275,10212181,22717267,15898147
LOW-E1047,eval-low-policy-e1047,LOW,STATUS_PRIORITY_NON_DROPPING,1047,external_inputs/eval-low-policy-e1047,161417894.27232653,350925704.0386692,35,0,57307162.66693357,177871922.36571422,280007098.34285706,35,35,0,0,0,1.0,154119999.2857143,23840083.021200493,35,20825,0.9970228091236495,0.0,0.00297719087635054,0.0,0.04893157262905162,0.10612244897959183,275806025.1099117,116.60843964671247,nan,nan,0,0,26.639524305536057,16716081.958831266,0.13844118224081634,35,20773,0,49213,69986,69986,0.2968165061583745,0,0,0.991565,0.0,0.0,0.0,0.0,0.0,1.845659994285313e+17,70,70,15,210257646.4857143,70,110.8791016570176,87481818,10336821,22940539,17717783
LOW-E1048,eval-low-fifo-e1048,LOW,FIFO,1048,external_inputs/eval-low-fifo-e1048,167167130.99657142,443698246.9210593,35,0,55982722.0803747,196814758.2285714,258678549.93142852,35,35,0,0,0,1.0,163605713.57142836,24401254.872596525,35,20825,0.9963505402160865,0.0,0.0036494597839135654,0.0,0.03577430972388956,0.1352701080432173,594715726.1167785,103.48590604026846,nan,nan,0,0,31.025516959081635,25398757.68517598,0.1188071685782313,35,0,20759,46591,67350,67350,0.0,0,0,0.98966,0.0,0.0,0.0,0.0,0.0,2.250898933629889e+17,70,70,13,214600544.8857143,70,108.71953004799434,83244932,10206325,22164167,15287266
LOW-E1048,eval-low-policy-e1048,LOW,STATUS_PRIORITY_NON_DROPPING,1048,external_inputs/eval-low-policy-e1048,167167130.99657142,443698246.9210593,35,0,55982722.0803747,196814758.2285714,258678549.93142852,35,35,0,0,0,1.0,163605713.57142836,24401254.872596525,35,20825,0.9963505402160865,0.0,0.0036494597839135654,0.0,0.03577430972388956,0.1352701080432173,594715726.1167785,103.48590604026846,nan,nan,0,0,31.025516959081635,25398757.68517598,0.1188071685782313,35,20759,0,46591,67350,67350,0.3082256867112101,0,0,0.98966,0.0,0.0,0.0,0.0,0.0,2.250898933629889e+17,70,70,13,214600544.8857143,70,108.76995328601333,85751245,10330895,22382167,17038366
LOW-E1049,eval-low-fifo-e1049,LOW,FIFO,1049,external_inputs/eval-low-fifo-e1049,175968281.44870746,457631888.10787857,35,0,73052573.10358168,297134789.4971428,262097122.66285712,35,35,0,0,0,1.0,257664284.9999998,39095985.13510415,35,20825,0.9973589435774309,0.0,0.0026410564225690276,0.0,0.0405282112845138,0.1743577430972389,712381482.1706161,121.40165876777252,nan,nan,0,0,38.311773790297956,33884789.87958748,0.12452553594965986,35,0,20780,45800,66580,66580,0.0,0,0,0.991891,0.0,0.0,0.0,0.0,0.0,1.9295818388233453e+17,70,70,18,200543397.68571427,70,109.48002884798916,82845314,10213038,21997314,15110114
LOW-E1049,eval-low-policy-e1049,LOW,STATUS_PRIORITY_NON_DROPPING,1049,external_inputs/eval-low-policy-e1049,175968281.44870746,457631888.10787857,35,0,73052573.10358168,297134789.4971428,262097122.66285712,35,35,0,0,0,1.0,257664284.9999998,39095985.13510415,35,20825,0.9973589435774309,0.0,0.0026410564225690276,0.0,0.0405282112845138,0.1743577430972389,712381482.1706161,121.40165876777252,nan,nan,0,0,38.311773790297956,33884789.87958748,0.12452553594965986,35,20780,0,45800,66580,66580,0.3121057374586963,0,0,0.991891,0.0,0.0,0.0,0.0,0.0,1.9295818388233453e+17,70,70,18,200543397.68571427,70,110.49915618100204,85329025,10337688,22213774,16841194
LOW-E1050,eval-low-fifo-e1050,LOW,FIFO,1050,external_inputs/eval-low-fifo-e1050,152439252.18209523,312146667.0641699,35,0,47475116.62001606,139840470.7771428,256814254.66285706,35,35,0,0,0,1.0,110834284.99999982,18006821.26769514,35,20825,0.9973589435774309,0.0,0.0026410564225690276,0.0,0.029195678271308523,0.07106842737094837,330157149.9934211,106.6842105263158,nan,nan,0,0,20.452450233510206,12007400.318001082,0.11080283425306123,35,0,20777,43682,64459,64459,0.0,0,0,0.991401,0.0,0.0,0.0,0.0,0.0,1.4872287028210038e+17,70,70,14,201486270.02857143,70,109.61558477499057,81490134,10211564,21560950,14623828
LOW-E1050,eval-low-policy-e1050,LOW,STATUS_PRIORITY_NON_DROPPING,1050,external_inputs/eval-low-policy-e1050,152439252.18209523,312146667.0641699,35,0,47475116.62001606,139840470.7771428,256814254.66285706,35,35,0,0,0,1.0,110834284.99999982,18006821.26769514,35,20825,0.9973589435774309,0.0,0.0026410564225690276,0.0,0.029195678271308523,0.07106842737094837,330157149.9934211,106.6842105263158,nan,nan,0,0,20.452450233510206,12007400.318001082,0.11080283425306123,35,20777,0,43682,64459,64459,0.32232892226066184,0,0,0.991401,0.0,0.0,0.0,0.0,0.0,1.4872287028210038e+17,70,70,14,201486270.02857143,70,109.89837897301186,83909555,10336196,21773168,16299762
LOW-E1051,eval-low-fifo-e1051,LOW,FIFO,1051,external_inputs/eval-low-fifo-e1051,168171499.52859864,417753271.2845227,35,0,65349118.909588784,246497628.83428562,261987058.38857138,35,35,0,0,0,1.0,212448570.71428555,31175835.315497175,35,20825,0.9983673469387755,0.0,0.0016326530612244899,0.0,0.04240096038415366,0.1401200480192077,506541039.6953567,117.8788221970555,nan,nan,0,0,31.552432351499323,25331639.582131863,0.12386046306802721,35,0,20798,45504,66302,66302,0.0,0,0,0.992707,0.0,0.0,0.0,0.0,0.0,1.6348847586520083e+17,70,70,13,213572027.74285713,70,111.2437975469802,82613030,10215291,21946030,15050353
LOW-E1051,eval-low-policy-e1051,LOW,STATUS_PRIORITY_NON_DROPPING,1051,external_inputs/eval-low-policy-e1051,168171499.52859864,417753271.2845227,35,0,65349118.909588784,246497628.83428562,261987058.38857138,35,35,0,0,0,1.0,212448570.71428555,31175835.315497175,35,20825,0.9983673469387755,0.0,0.0016326530612244899,0.0,0.04240096038415366,0.1401200480192077,506541039.6953567,117.8788221970555,nan,nan,0,0,31.552432351499323,25331639.582131863,0.12386046306802721,35,20798,0,45504,66302,66302,0.31368586166329826,0,0,0.992707,0.0,0.0,0.0,0.0,0.0,1.6348847586520083e+17,70,70,13,213572027.74285713,70,110.78045678901253,85087661,10339969,22161934,16774205
LOW-E1052,eval-low-fifo-e1052,LOW,FIFO,1052,external_inputs/eval-low-fifo-e1052,177731539.83227208,496466407.29177225,35,0,72652048.09135877,331324755.8399997,276235661.0857142,35,35,0,0,0,1.0,291881427.8571427,36810252.65181258,35,20825,0.9976470588235294,0.0,0.002352941176470588,0.0,0.04441776710684274,0.17776710684273708,643558653.2810811,112.98594594594594,nan,nan,0,0,38.547358299502044,33621557.006895624,0.13244026871292516,35,0,20783,48994,69777,69777,0.0,0,0,0.991184,0.0,0.0,0.0,0.0,0.0,2.1665370641281702e+17,70,72,14,199243397.68571427,70,110.11897246100125,84774244,10210696,22662656,15839804
LOW-E1052,eval-low-policy-e1052,LOW,STATUS_PRIORITY_NON_DROPPING,1052,external_inputs/eval-low-policy-e1052,177731539.83227208,496466407.29177225,35,0,72652048.09135877,331324755.8399997,276235661.0857142,35,35,0,0,0,1.0,291881427.8571427,36810252.65181258,35,20825,0.9976470588235294,0.0,0.002352941176470588,0.0,0.04441776710684274,0.17776710684273708,643558653.2810811,112.98594594594594,nan,nan,0,0,38.547358299502044,33621557.006895624,0.13244026871292516,35,20783,0,48994,69777,69777,0.2978488613726586,0,0,0.991184,0.0,0.0,0.0,0.0,0.0,2.1665370641281702e+17,70,72,14,199243397.68571427,70,109.09394458998577,87353909,10335318,22885510,17654006
LOW-E1053,eval-low-fifo-e1053,LOW,FIFO,1053,external_inputs/eval-low-fifo-e1053,164552008.60244897,376375493.92393523,35,0,58661845.180628024,203741930.18285704,266087066.63999993,35,35,0,0,0,1.0,171352856.42857134,26057921.56281766,35,20825,0.9973589435774309,0.0,0.0026410564225690276,0.0,0.04206482593037215,0.11860744297719088,415015710.8150685,113.58447488584476,nan,nan,0,0,28.619750816586393,20973180.40168463,0.12428699367891158,35,0,20779,45383,66162,66162,0.0,0,0,0.991184,0.0,0.0,0.0,0.0,0.0,2.6579478197610643e+17,70,70,13,243514837.1142857,70,109.10072308499366,82486068,10210798,21910690,15012567
LOW-E1053,eval-low-policy-e1053,LOW,STATUS_PRIORITY_NON_DROPPING,1053,external_inputs/eval-low-policy-e1053,164552008.60244897,376375493.92393523,35,0,58661845.180628024,203741930.18285704,266087066.63999993,35,35,0,0,0,1.0,171352856.42857134,26057921.56281766,35,20825,0.9973589435774309,0.0,0.0026410564225690276,0.0,0.04206482593037215,0.11860744297719088,415015710.8150685,113.58447488584476,nan,nan,0,0,28.619750816586393,20973180.40168463,0.12428699367891158,35,20779,0,45383,66162,66162,0.3140624527674496,0,0,0.991184,0.0,0.0,0.0,0.0,0.0,2.6579478197610643e+17,70,70,13,243514837.1142857,70,108.940176581993,84956165,10335422,22126314,16732779
LOW-E1054,eval-low-fifo-e1054,LOW,FIFO,1054,external_inputs/eval-low-fifo-e1054,154066688.51395917,315402587.3365891,35,0,47913456.23234411,138924793.83999988,269544238.59428567,35,35,0,0,0,1.0,111385713.57142842,17654821.122624535,35,20825,0.9972629051620648,0.0,0.002737094837935174,0.0,0.03308523409363746,0.07716686674669868,306783201.0696662,106.32656023222061,nan,nan,0,0,21.092246948795918,12669327.365637567,0.11316666322585034,35,0,20777,42793,63570,63570,0.0,0,0,0.989878,0.0,0.0,0.0,0.0,0.0,1.4034558198668157e+17,70,71,10,183386257.0,70,109.89582251899992,81009347,10206837,21380612,14426409
LOW-E1054,eval-low-policy-e1054,LOW,STATUS_PRIORITY_NON_DROPPING,1054,external_inputs/eval-low-policy-e1054,154066688.51395917,315402587.3365891,35,0,47913456.23234411,138924793.83999988,269544238.59428567,35,35,0,0,0,1.0,111385713.57142842,17654821.122624535,35,20825,0.9972629051620648,0.0,0.002737094837935174,0.0,0.03308523409363746,0.07716686674669868,306783201.0696662,106.32656023222061,nan,nan,0,0,21.092246948795918,12669327.365637567,0.11316666322585034,35,20777,0,42793,63570,63570,0.3268365581249017,0,0,0.989878,0.0,0.0,0.0,0.0,0.0,1.4034558198668157e+17,70,71,10,183386257.0,70,110.0187299529789,83402318,10331413,21591052,16079229
LOW-E1055,eval-low-fifo-e1055,LOW,FIFO,1055,external_inputs/eval-low-fifo-e1055,155199837.46209523,325653383.39937854,35,0,53368806.56625005,172449055.66857132,275864286.7999999,35,35,0,0,0,1.0,142062856.42857143,21326590.636515863,35,20825,0.9990396158463385,0.0,0.0009603841536614646,0.0,0.03639855942376951,0.08100840336134454,287355359.37994725,116.91292875989446,nan,nan,0,0,22.149013769839456,12759008.489239566,0.12204518607482995,35,0,20816,48909,69725,69725,0.0,0,0,0.992109,0.0,0.0,0.0,0.0,0.0,1.3968909404499922e+17,70,71,15,198286291.74285713,70,109.36220507300459,84699122,10213476,22640839,15814570
LOW-E1055,eval-low-policy-e1055,LOW,STATUS_PRIORITY_NON_DROPPING,1055,external_inputs/eval-low-policy-e1055,155199837.46209523,325653383.39937854,35,0,53368806.56625005,172449055.66857132,275864286.7999999,35,35,0,0,0,1.0,142062856.42857143,21326590.636515863,35,20825,0.9990396158463385,0.0,0.0009603841536614646,0.0,0.03639855942376951,0.08100840336134454,287355359.37994725,116.91292875989446,nan,nan,0,0,22.149013769839456,12759008.489239566,0.12204518607482995,35,20816,0,48909,69725,69725,0.29854428110433845,0,0,0.992109,0.0,0.0,0.0,0.0,0.0,1.3968909404499922e+17,70,71,15,198286291.74285713,70,108.63236447499366,87277415,10338132,22863589,17627420
LOW-E1056,eval-low-fifo-e1056,LOW,FIFO,1056,external_inputs/eval-low-fifo-e1056,156292962.9604354,331918787.93653756,35,0,48709240.4708132,140299035.03999993,263429936.15999997,35,35,0,0,0,1.0,117565713.57142851,18780714.547873147,35,20825,0.9971188475390156,0.0,0.0028811524609843936,0.0,0.03615846338535414,0.0909483793517407,348747931.3054449,112.53386454183267,nan,nan,0,0,24.173003800238096,15465919.31287361,0.1190068770394558,35,0,20773,43036,63809,63809,0.0,0,0,0.992163,0.0,0.0,0.0,0.0,0.0,1.939322519922726e+17,70,70,17,201229111.97142857,70,108.9794157090073,81139337,10214017,21434508,14487533
LOW-E1056,eval-low-policy-e1056,LOW,STATUS_PRIORITY_NON_DROPPING,1056,external_inputs/eval-low-policy-e1056,156292962.9604354,331918787.93653756,35,0,48709240.4708132,140299035.03999993,263429936.15999997,35,35,0,0,0,1.0,117565713.57142851,18780714.547873147,35,20825,0.9971188475390156,0.0,0.0028811524609843936,0.0,0.03615846338535414,0.0909483793517407,348747931.3054449,112.53386454183267,nan,nan,0,0,24.173003800238096,15465919.31287361,0.1190068770394558,35,20773,0,43036,63809,63809,0.32554968734817974,0,0,0.992163,0.0,0.0,0.0,0.0,0.0,1.939322519922726e+17,70,70,17,201229111.97142857,70,109.47289735701634,83539152,10338679,21645426,16146567
LOW-E1057,eval-low-fifo-e1057,LOW,FIFO,1057,external_inputs/eval-low-fifo-e1057,192034435.4943129,625368187.6256648,35,0,89733642.39549637,468944736.2971427,278772783.5314285,35,35,0,0,0,1.0,419529999.2857141,52031228.246174715,35,20825,0.9976950780312125,0.0,0.002304921968787515,0.0,0.05099639855942377,0.2383673469387755,791989407.440678,121.51318267419963,nan,nan,0,0,50.085058552,47105225.90171831,0.14286625513605442,35,0,20786,48776,69562,69562,0.0,0,0,0.993143,0.0,0.0,0.0,0.0,0.0,2.7430566078365357e+17,70,70,16,253857679.05714285,70,109.23415287901298,84718008,10216828,22626887,15804083
LOW-E1057,eval-low-policy-e1057,LOW,STATUS_PRIORITY_NON_DROPPING,1057,external_inputs/eval-low-policy-e1057,192034435.4943129,625368187.6256648,35,0,89733642.39549637,468944736.2971427,278772783.5314285,35,35,0,0,0,1.0,419529999.2857141,52031228.246174715,35,20825,0.9976950780312125,0.0,0.002304921968787515,0.0,0.05099639855942377,0.2383673469387755,791989407.440678,121.51318267419963,nan,nan,0,0,50.085058552,47105225.90171831,0.14286625513605442,35,20786,0,48776,69562,69562,0.29881257008136625,0,0,0.993143,0.0,0.0,0.0,0.0,0.0,2.7430566078365357e+17,70,70,16,253857679.05714285,70,109.58976836802321,87291401,10341524,22849311,17612695
LOW-E1058,eval-low-fifo-e1058,LOW,FIFO,1058,external_inputs/eval-low-fifo-e1058,163333763.18117008,365150452.86413366,35,0,59949686.40760679,206011896.52571416,281880000.6514285,35,35,0,0,0,1.0,165411427.85714257,25684696.1994796,35,20825,0.9976470588235294,0.0,0.002352941176470588,0.0,0.04460984393757503,0.11164465786314526,349014722.3304629,116.48008611410118,nan,nan,0,0,27.68286251705034,19004153.39190029,0.1335283931102041,35,0,20788,50020,70808,70808,0.0,0,0,0.990912,0.0,0.0,0.0,0.0,0.0,1.6811791300561258e+17,70,70,19,216771999.5142857,70,107.88940122700296,85476404,10210208,22872270,16072562
LOW-E1058,eval-low-policy-e1058,LOW,STATUS_PRIORITY_NON_DROPPING,1058,external_inputs/eval-low-policy-e1058,163333763.18117008,365150452.86413366,35,0,59949686.40760679,206011896.52571416,281880000.6514285,35,35,0,0,0,1.0,165411427.85714257,25684696.1994796,35,20825,0.9976470588235294,0.0,0.002352941176470588,0.0,0.04460984393757503,0.11164465786314526,349014722.3304629,116.48008611410118,nan,nan,0,0,27.68286251705034,19004153.39190029,0.1335283931102041,35,20788,0,50020,70808,70808,0.2935826460286973,0,0,0.990912,0.0,0.0,0.0,0.0,0.0,1.6811791300561258e+17,70,70,19,216771999.5142857,70,108.99075571401045,88088061,10334824,23097186,17913570
LOW-E1059,eval-low-fifo-e1059,LOW,FIFO,1059,external_inputs/eval-low-fifo-e1059,153849270.80282992,322043529.70520926,35,0,51800215.53192096,162000539.8285711,268704250.1028571,35,35,0,0,0,1.0,127265713.57142837,20479895.095832057,35,20825,0.999327731092437,0.0,0.0006722689075630252,0.0,0.0339015606242497,0.07774309723889555,300013058.9093484,113.07932011331445,nan,nan,0,0,21.312388424767345,12408645.431330139,0.11687476818639457,35,0,20816,43982,64798,64798,0.0,0,0,0.992707,0.0,0.0,0.0,0.0,0.0,2.638683968568168e+17,70,70,9,223000594.82857144,70,109.3790366689791,81769621,10215157,21637090,14709267
LOW-E1059,eval-low-policy-e1059,LOW,STATUS_PRIORITY_NON_DROPPING,1059,external_inputs/eval-low-policy-e1059,153849270.80282992,322043529.70520926,35,0,51800215.53192096,162000539.8285711,268704250.1028571,35,35,0,0,0,1.0,127265713.57142837,20479895.095832057,35,20825,0.999327731092437,0.0,0.0006722689075630252,0.0,0.0339015606242497,0.07774309723889555,300013058.9093484,113.07932011331445,nan,nan,0,0,21.312388424767345,12408645.431330139,0.11687476818639457,35,20816,0,43982,64798,64798,0.3212444828544091,0,0,0.992707,0.0,0.0,0.0,0.0,0.0,2.638683968568168e+17,70,70,9,223000594.82857144,70,109.37204105398268,84199706,10339833,21849986,16394015
LOW-E1060,eval-low-fifo-e1060,LOW,FIFO,1060,external_inputs/eval-low-fifo-e1060,168198832.78258502,439255187.7785668,35,0,61563840.85219642,251327623.18857107,262397135.2571428,35,35,0,0,0,1.0,190754285.0000001,29364913.71087524,35,20825,0.9963505402160865,0.0,0.0036494597839135654,0.0,0.03947178871548619,0.14232893157262905,573168057.7639903,113.87834549878346,nan,nan,0,0,32.54640630798367,26916539.721455395,0.11941529299183673,35,0,20757,39886,60643,60643,0.0,0,0,0.991728,0.0,0.0,0.0,0.0,0.0,2.2652764751034112e+17,70,70,15,196914834.94285715,70,110.30452020899975,79193472,10212461,20776670,13766310
LOW-E1060,eval-low-policy-e1060,LOW,STATUS_PRIORITY_NON_DROPPING,1060,external_inputs/eval-low-policy-e1060,168198832.78258502,439255187.7785668,35,0,61563840.85219642,251327623.18857107,262397135.2571428,35,35,0,0,0,1.0,190754285.0000001,29364913.71087524,35,20825,0.9963505402160865,0.0,0.0036494597839135654,0.0,0.03947178871548619,0.14232893157262905,573168057.7639903,113.87834549878346,nan,nan,0,0,32.54640630798367,26916539.721455395,0.11941529299183673,35,20757,0,39886,60643,60643,0.3422818791946309,0,0,0.991728,0.0,0.0,0.0,0.0,0.0,2.2652764751034112e+17,70,70,15,196914834.94285715,70,110.16879821699695,81497469,10337105,20981256,15343028
LOW-E1061,eval-low-fifo-e1061,LOW,FIFO,1061,external_inputs/eval-low-fifo-e1061,164005032.5492245,356597780.0353828,35,0,56263389.08071832,182443319.23428562,283780008.4685714,35,35,0,0,0,1.0,153639999.28571418,21759758.010184262,35,20825,0.9965906362545018,0.0,0.003409363745498199,0.0,0.04657863145258103,0.1110204081632653,319162214.17938143,110.91649484536083,nan,nan,0,0,27.879974179416326,18418977.698164735,0.14079848057959185,35,0,20767,53672,74439,74439,0.0,0,0,0.98917,0.0,0.0,0.0,0.0,0.0,2.8176719545885526e+17,70,70,17,204629079.4,70,108.79621632597991,87674953,10204658,23630733,16904024
LOW-E1061,eval-low-policy-e1061,LOW,STATUS_PRIORITY_NON_DROPPING,1061,external_inputs/eval-low-policy-e1061,164005032.5492245,356597780.0353828,35,0,56263389.08071832,182443319.23428562,283780008.4685714,35,35,0,0,0,1.0,153639999.28571418,21759758.010184262,35,20825,0.9965906362545018,0.0,0.003409363745498199,0.0,0.04657863145258103,0.1110204081632653,319162214.17938143,110.91649484536083,nan,nan,0,0,27.879974179416326,18418977.698164735,0.14079848057959185,35,20767,0,53672,74439,74439,0.27898010451510635,0,0,0.98917,0.0,0.0,0.0,0.0,0.0,2.8176719545885526e+17,70,70,17,204629079.4,70,109.14275090201409,90395696,10329208,23862911,18839438
LOW-E1062,eval-low-fifo-e1062,LOW,FIFO,1062,external_inputs/eval-low-fifo-e1062,165537527.2667211,385135814.4509759,35,0,60644777.572539166,213481921.9314283,271895623.7371428,35,35,0,0,0,1.0,172805713.57142818,26623206.385463595,35,20825,0.9965426170468187,0.0,0.0034573829531812724,0.0,0.04336134453781513,0.1234093637454982,421598232.6866002,113.87375415282392,nan,nan,0,0,29.42960535536463,22174035.471895766,0.128804117107483,35,0,20768,48996,69764,69764,0.0,0,0,0.990313,0.0,0.0,0.0,0.0,0.0,1.918497507988666e+17,70,70,19,192871973.45714286,70,108.97769215100561,84836744,10208418,22652458,15829114
LOW-E1062,eval-low-policy-e1062,LOW,STATUS_PRIORITY_NON_DROPPING,1062,external_inputs/eval-low-policy-e1062,165537527.2667211,385135814.4509759,35,0,60644777.572539166,213481921.9314283,271895623.7371428,35,35,0,0,0,1.0,172805713.57142818,26623206.385463595,35,20825,0.9965426170468187,0.0,0.0034573829531812724,0.0,0.04336134453781513,0.1234093637454982,421598232.6866002,113.87375415282392,nan,nan,0,0,29.42960535536463,22174035.471895766,0.128804117107483,35,20768,0,48996,69764,69764,0.29768935267473196,0,0,0.990313,0.0,0.0,0.0,0.0,0.0,1.918497507988666e+17,70,70,19,192871973.45714286,70,108.96396548399935,87417173,10333012,22875286,17642978
LOW-E1063,eval-low-fifo-e1063,LOW,FIFO,1063,external_inputs/eval-low-fifo-e1063,164737290.90710205,402747750.67412174,35,0,59568276.747731544,196680496.39999983,273792804.59428567,35,35,0,0,0,1.0,162874284.99999988,25850270.206819337,35,20825,0.9975510204081632,0.0,0.0024489795918367346,0.0,0.042352941176470586,0.11769507803121249,405157484.74603176,112.90702947845806,nan,nan,0,0,28.971060126485717,20741510.577362712,0.13177881097959182,35,0,20780,49673,70453,70453,0.0,0,0,0.992599,0.0,0.0,0.0,0.0,0.0,2.8334160350905683e+17,70,70,13,249443395.5142857,70,108.91487947799033,85153276,10215002,22811754,16000753
LOW-E1063,eval-low-policy-e1063,LOW,STATUS_PRIORITY_NON_DROPPING,1063,external_inputs/eval-low-policy-e1063,164737290.90710205,402747750.67412174,35,0,59568276.747731544,196680496.39999983,273792804.59428567,35,35,0,0,0,1.0,162874284.99999988,25850270.206819337,35,20825,0.9975510204081632,0.0,0.0024489795918367346,0.0,0.042352941176470586,0.11769507803121249,405157484.74603176,112.90702947845806,nan,nan,0,0,28.971060126485717,20741510.577362712,0.13177881097959182,35,20780,0,49673,70453,70453,0.2949484053198586,0,0,0.992599,0.0,0.0,0.0,0.0,0.0,2.8334160350905683e+17,70,70,13,249443395.5142857,70,108.96204891501111,87752943,10339676,23035960,17832531
LOW-E1064,eval-low-fifo-e1064,LOW,FIFO,1064,external_inputs/eval-low-fifo-e1064,162690555.66356462,387513389.2665338,35,0,59477216.91053469,221440460.1371428,273072782.22857136,35,35,0,0,0,1.0,178609999.28571385,27186388.583197583,35,20825,0.9973589435774309,0.0,0.0026410564225690276,0.0,0.041392557022809126,0.1175030012004802,415628399.7424594,116.3677494199536,nan,nan,0,0,28.63106931984762,20688759.92450718,0.1256806379931973,35,0,20784,46556,67340,67340,0.0,0,0,0.993197,0.0,0.0,0.0,0.0,0.0,1.9609849829878986e+17,70,70,22,218786259.17142856,70,109.2955345659866,83375234,10217173,22155695,15284419
LOW-E1064,eval-low-policy-e1064,LOW,STATUS_PRIORITY_NON_DROPPING,1064,external_inputs/eval-low-policy-e1064,162690555.66356462,387513389.2665338,35,0,59477216.91053469,221440460.1371428,273072782.22857136,35,35,0,0,0,1.0,178609999.28571385,27186388.583197583,35,20825,0.9973589435774309,0.0,0.0026410564225690276,0.0,0.041392557022809126,0.1175030012004802,415628399.7424594,116.3677494199536,nan,nan,0,0,28.63106931984762,20688759.92450718,0.1256806379931973,35,20784,0,46556,67340,67340,0.30864270864270865,0,0,0.993197,0.0,0.0,0.0,0.0,0.0,1.9609849829878986e+17,70,70,22,218786259.17142856,70,108.40667770901928,85882573,10341873,22373675,17035259
LOW-E1065,eval-low-fifo-e1065,LOW,FIFO,1065,external_inputs/eval-low-fifo-e1065,151336342.7764898,301692118.35442513,35,0,47879584.77160907,130039038.7314285,254274222.74285704,35,35,0,0,0,1.0,102634285.00000003,17094315.10239882,35,20825,0.9980792316926771,0.0,0.0019207683073229293,0.0,0.032028811524609846,0.0645858343337335,243883638.48725638,108.38380809595202,nan,nan,0,0,19.217385024131975,9827388.279437762,0.11387682843129253,35,0,20792,44447,65239,65239,0.0,0,0,0.991619,0.0,0.0,0.0,0.0,0.0,1.570634764261809e+17,70,70,14,205186293.91428572,70,109.24997577900649,82029991,10212283,21723847,14802471
LOW-E1065,eval-low-policy-e1065,LOW,STATUS_PRIORITY_NON_DROPPING,1065,external_inputs/eval-low-policy-e1065,151336342.7764898,301692118.35442513,35,0,47879584.77160907,130039038.7314285,254274222.74285704,35,35,0,0,0,1.0,102634285.00000003,17094315.10239882,35,20825,0.9980792316926771,0.0,0.0019207683073229293,0.0,0.032028811524609846,0.0645858343337335,243883638.48725638,108.38380809595202,nan,nan,0,0,19.217385024131975,9827388.279437762,0.11387682843129253,35,20792,0,44447,65239,65239,0.31870506905378687,0,0,0.991619,0.0,0.0,0.0,0.0,0.0,1.570634764261809e+17,70,70,14,205186293.91428572,70,109.08066500799032,84473580,10336925,21937625,16498685
LOW-E1066,eval-low-fifo-e1066,LOW,FIFO,1066,external_inputs/eval-low-fifo-e1066,177498717.93034014,491407448.52004135,35,0,73510227.39963906,310216166.3885711,286119975.67999995,35,35,0,0,0,1.0,264772856.42857116,36202401.3716973,35,20825,0.9970708283313325,0.0,0.002929171668667467,0.0,0.05565426170468187,0.17315726290516206,476651957.0586713,118.77911993097497,nan,nan,0,0,38.677576569882994,31629317.778298683,0.14834003552517006,35,0,20777,52568,73345,73345,0.0,0,0,0.993524,0.0,0.0,0.0,0.0,0.0,2.8698136356372387e+17,70,70,20,214743384.65714285,70,109.46720902100787,87134095,10217867,23397198,16652913
LOW-E1066,eval-low-policy-e1066,LOW,STATUS_PRIORITY_NON_DROPPING,1066,external_inputs/eval-low-policy-e1066,177498717.93034014,491407448.52004135,35,0,73510227.39963906,310216166.3885711,286119975.67999995,35,35,0,0,0,1.0,264772856.42857116,36202401.3716973,35,20825,0.9970708283313325,0.0,0.002929171668667467,0.0,0.05565426170468187,0.17315726290516206,476651957.0586713,118.77911993097497,nan,nan,0,0,38.677576569882994,31629317.778298683,0.14834003552517006,35,20777,0,52568,73345,73345,0.2832776603722135,0,0,0.993524,0.0,0.0,0.0,0.0,0.0,2.8698136356372387e+17,70,70,20,214743384.65714285,70,109.25471148098586,89823106,10342575,23627188,18559883
LOW-E1067,eval-low-fifo-e1067,LOW,FIFO,1067,external_inputs/eval-low-fifo-e1067,151920986.28342858,296485205.08401096,35,0,45032170.3051399,106881893.70285708,253058532.55999994,35,35,0,0,0,1.0,85372856.42857139,15863288.368693015,35,20825,0.9967827130852341,0.0,0.0032172869147659064,0.0,0.027274909963985593,0.07001200480192077,353160949.0933099,98.41373239436619,nan,nan,0,0,20.174915015122448,12095186.718287075,0.10979313550340136,35,0,20769,48450,69219,69219,0.0,0,0,0.990367,0.0,0.0,0.0,0.0,0.0,2.6162750715774317e+17,70,70,14,270400547.05714285,70,109.00667119398713,84330419,10208326,22545412,15704152
LOW-E1067,eval-low-policy-e1067,LOW,STATUS_PRIORITY_NON_DROPPING,1067,external_inputs/eval-low-policy-e1067,151920986.28342858,296485205.08401096,35,0,45032170.3051399,106881893.70285708,253058532.55999994,35,35,0,0,0,1.0,85372856.42857139,15863288.368693015,35,20825,0.9967827130852341,0.0,0.0032172869147659064,0.0,0.027274909963985593,0.07001200480192077,353160949.0933099,98.41373239436619,nan,nan,0,0,20.174915015122448,12095186.718287075,0.10979313550340136,35,20769,0,48450,69219,69219,0.3000476747713778,0,0,0.990367,0.0,0.0,0.0,0.0,0.0,2.6162750715774317e+17,70,70,14,270400547.05714285,70,108.40790601898334,86893192,10332920,22767150,17503846
LOW-E1068,eval-low-fifo-e1068,LOW,FIFO,1068,external_inputs/eval-low-fifo-e1068,157814196.73545578,340829620.956941,35,0,55058855.864081025,178366214.15999994,275968620.28571415,35,35,0,0,0,1.0,146561427.85714266,20883691.12289012,35,20825,0.9985594237695078,0.0,0.0014405762304921968,0.0,0.04427370948379352,0.08941176470588236,242815099.14750543,111.6117136659436,nan,nan,0,0,23.28464854187619,13356542.372462085,0.13333729494965985,35,0,20800,49684,70484,70484,0.0,0,0,0.99102,0.0,0.0,0.0,0.0,0.0,1.9642377235920576e+17,70,71,11,210643406.37142858,70,108.86157835499034,85197107,10210295,22812601,16002691
LOW-E1068,eval-low-policy-e1068,LOW,STATUS_PRIORITY_NON_DROPPING,1068,external_inputs/eval-low-policy-e1068,157814196.73545578,340829620.956941,35,0,55058855.864081025,178366214.15999994,275968620.28571415,35,35,0,0,0,1.0,146561427.85714266,20883691.12289012,35,20825,0.9985594237695078,0.0,0.0014405762304921968,0.0,0.04427370948379352,0.08941176470588236,242815099.14750543,111.6117136659436,nan,nan,0,0,23.28464854187619,13356542.372462085,0.13333729494965985,35,20800,0,49684,70484,70484,0.2951024345950854,0,0,0.99102,0.0,0.0,0.0,0.0,0.0,1.9642377235920576e+17,70,71,11,210643406.37142858,70,109.4672192579892,87798064,10334913,23036869,17835275
LOW-E1069,eval-low-fifo-e1069,LOW,FIFO,1069,external_inputs/eval-low-fifo-e1069,155127206.1647891,333865354.4626522,35,0,52335793.57250494,167670491.40571418,257084283.1085714,35,35,0,0,0,1.0,140104284.99999973,21556304.568240907,35,20825,0.9976950780312125,0.0,0.002304921968787515,0.0,0.0326530612244898,0.08523409363745499,368945215.1882353,114.58088235294117,nan,nan,0,0,22.643483041736054,14679449.806325808,0.11316843193197279,35,0,20788,43038,63826,63826,0.0,0,0,0.992,0.0,0.0,0.0,0.0,0.0,1.7272619843315638e+17,70,70,20,185957707.2857143,70,109.03891287199804,81215520,10213331,21425190,14477521
LOW-E1069,eval-low-policy-e1069,LOW,STATUS_PRIORITY_NON_DROPPING,1069,external_inputs/eval-low-policy-e1069,155127206.1647891,333865354.4626522,35,0,52335793.57250494,167670491.40571418,257084283.1085714,35,35,0,0,0,1.0,140104284.99999973,21556304.568240907,35,20825,0.9976950780312125,0.0,0.002304921968787515,0.0,0.0326530612244898,0.08523409363745499,368945215.1882353,114.58088235294117,nan,nan,0,0,22.643483041736054,14679449.806325808,0.11316843193197279,35,20788,0,43038,63826,63826,0.32569799141415723,0,0,0.992,0.0,0.0,0.0,0.0,0.0,1.7272619843315638e+17,70,70,20,185957707.2857143,70,109.39405782200629,83617095,10337985,21636142,16136997
LOW-E1070,eval-low-fifo-e1070,LOW,FIFO,1070,external_inputs/eval-low-fifo-e1070,158055740.77855784,341549868.1080516,35,0,49236070.252650276,148359075.21142846,261519999.5657142,35,35,0,0,0,1.0,124195713.57142857,19006876.26594638,35,20825,0.9960144057623049,0.0,0.003985594237695078,0.0,0.032989195678271306,0.09723889555822329,429866824.21979624,102.56186317321688,nan,nan,0,0,24.691678416995916,17370655.99527619,0.11319004514829932,35,0,20752,43471,64223,64223,0.0,0,0,0.989061,0.0,0.0,0.0,0.0,0.0,1.8779516098199024e+17,70,70,14,204686250.4857143,70,109.12371622998035,81235869,10204445,21518377,14576504
LOW-E1070,eval-low-policy-e1070,LOW,STATUS_PRIORITY_NON_DROPPING,1070,external_inputs/eval-low-policy-e1070,158055740.77855784,341549868.1080516,35,0,49236070.252650276,148359075.21142846,261519999.5657142,35,35,0,0,0,1.0,124195713.57142857,19006876.26594638,35,20825,0.9960144057623049,0.0,0.003985594237695078,0.0,0.032989195678271306,0.09723889555822329,429866824.21979624,102.56186317321688,nan,nan,0,0,24.691678416995916,17370655.99527619,0.11319004514829932,35,20752,0,43471,64223,64223,0.32312411441383926,0,0,0.989061,0.0,0.0,0.0,0.0,0.0,1.8779516098199024e+17,70,70,14,204686250.4857143,70,109.76739004498813,83646802,10328993,21730123,16246302
LOW-E1071,eval-low-fifo-e1071,LOW,FIFO,1071,external_inputs/eval-low-fifo-e1071,166654808.2214966,399122252.5461526,35,0,59890159.08028673,207346195.05142856,269741407.7257142,35,35,0,0,0,1.0,167548570.7142856,26965131.753886666,35,20825,0.9969747899159664,0.0,0.0030252100840336134,0.0,0.039951980792316925,0.12542617046818727,481433192.0625,110.45192307692308,nan,nan,0,0,29.705562556360544,23067795.848448176,0.12303647860816326,35,0,20769,46654,67423,67423,0.0,0,0,0.988027,0.0,0.0,0.0,0.0,0.0,2.313973920650866e+17,70,70,12,205671962.6,70,109.56464399400284,83198231,10201338,22173253,15299858
LOW-E1071,eval-low-policy-e1071,LOW,STATUS_PRIORITY_NON_DROPPING,1071,external_inputs/eval-low-policy-e1071,166654808.2214966,399122252.5461526,35,0,59890159.08028673,207346195.05142856,269741407.7257142,35,35,0,0,0,1.0,167548570.7142856,26965131.753886666,35,20825,0.9969747899159664,0.0,0.0030252100840336134,0.0,0.039951980792316925,0.12542617046818727,481433192.0625,110.45192307692308,nan,nan,0,0,29.705562556360544,23067795.848448176,0.12303647860816326,35,20769,0,46654,67423,67423,0.3080402829894843,0,0,0.988027,0.0,0.0,0.0,0.0,0.0,2.313973920650866e+17,70,70,12,205671962.6,70,109.16169754799921,85705752,10325848,22391399,17052856
LOW-E1072,eval-low-fifo-e1072,LOW,FIFO,1072,external_inputs/eval-low-fifo-e1072,169862974.60538775,436245587.0099204,35,0,66680464.991885304,264347626.4457141,267277087.26857138,35,35,0,0,0,1.0,207539999.28571406,32759986.132566117,35,20825,0.9976950780312125,0.0,0.002304921968787515,0.0,0.0426890756302521,0.14789915966386555,545841513.6614174,121.02362204724409,nan,nan,0,0,33.50788519925306,27530032.064595085,0.12493047278775508,35,0,20789,45102,65891,65891,0.0,0,0,0.992707,0.0,0.0,0.0,0.0,0.0,3.372592479878317e+17,70,71,18,222043434.6,70,110.01056058099493,82454902,10215691,21849426,14949241
LOW-E1072,eval-low-policy-e1072,LOW,STATUS_PRIORITY_NON_DROPPING,1072,external_inputs/eval-low-policy-e1072,169862974.60538775,436245587.0099204,35,0,66680464.991885304,264347626.4457141,267277087.26857138,35,35,0,0,0,1.0,207539999.28571406,32759986.132566117,35,20825,0.9976950780312125,0.0,0.002304921968787515,0.0,0.0426890756302521,0.14789915966386555,545841513.6614174,121.02362204724409,nan,nan,0,0,33.50788519925306,27530032.064595085,0.12493047278775508,35,20789,0,45102,65891,65891,0.3155059112777162,0,0,0.992707,0.0,0.0,0.0,0.0,0.0,3.372592479878317e+17,70,71,18,222043434.6,70,110.02469880200806,84918231,10340373,22064508,16662407
LOW-E1073,eval-low-fifo-e1073,LOW,FIFO,1073,external_inputs/eval-low-fifo-e1073,153077506.92168707,314360260.66331804,35,0,45661558.11169752,116794815.77142839,257908571.42857137,35,35,0,0,0,1.0,90548570.71428573,16586751.640764961,35,20825,0.9968307322929172,0.0,0.003169267707082833,0.0,0.02842737094837935,0.07707082833133254,382492253.152027,96.99324324324324,nan,nan,0,0,21.380964947080273,13485366.925120005,0.11052918993333334,35,0,20770,44464,65234,65234,0.0,0,0,0.991728,0.0,0.0,0.0,0.0,0.0,2.427576015776224e+17,70,70,17,213714839.2857143,70,109.16934697199031,82016890,10212661,21728230,14806244
LOW-E1073,eval-low-policy-e1073,LOW,STATUS_PRIORITY_NON_DROPPING,1073,external_inputs/eval-low-policy-e1073,153077506.92168707,314360260.66331804,35,0,45661558.11169752,116794815.77142839,257908571.42857137,35,35,0,0,0,1.0,90548570.71428573,16586751.640764961,35,20825,0.9968307322929172,0.0,0.003169267707082833,0.0,0.02842737094837935,0.07707082833133254,382492253.152027,96.99324324324324,nan,nan,0,0,21.380964947080273,13485366.925120005,0.11052918993333334,35,20770,0,44464,65234,65234,0.31839224944047584,0,0,0.991728,0.0,0.0,0.0,0.0,0.0,2.427576015776224e+17,70,70,17,213714839.2857143,70,108.70176934698247,84460323,10337307,21941998,16502328
LOW-E1074,eval-low-fifo-e1074,LOW,FIFO,1074,external_inputs/eval-low-fifo-e1074,165924625.5602721,398065771.09526336,35,0,61624645.393972546,235054767.3485711,280712782.4457141,35,35,0,0,0,1.0,189058570.71428576,28948529.704403564,35,20825,0.9974069627851141,0.0,0.0025930372148859544,0.0,0.042785114045618244,0.12657863145258103,446490268.4882155,115.10437710437711,nan,nan,0,0,30.578073498763263,22888032.2712492,0.12967408795102042,35,0,20781,47083,67864,67864,0.0,0,0,0.99151,0.0,0.0,0.0,0.0,0.0,1.462494910583389e+17,70,70,16,191972014.7142857,70,110.49281022397918,83603130,10211982,22274756,15412821
LOW-E1074,eval-low-policy-e1074,LOW,STATUS_PRIORITY_NON_DROPPING,1074,external_inputs/eval-low-policy-e1074,165924625.5602721,398065771.09526336,35,0,61624645.393972546,235054767.3485711,280712782.4457141,35,35,0,0,0,1.0,189058570.71428576,28948529.704403564,35,20825,0.9974069627851141,0.0,0.0025930372148859544,0.0,0.042785114045618244,0.12657863145258103,446490268.4882155,115.10437710437711,nan,nan,0,0,30.578073498763263,22888032.2712492,0.12967408795102042,35,20781,0,47083,67864,67864,0.30621537192031123,0,0,0.99151,0.0,0.0,0.0,0.0,0.0,1.462494910583389e+17,70,70,16,191972014.7142857,70,110.82854397498886,86124931,10336620,22493784,17177285
LOW-E1075,eval-low-fifo-e1075,LOW,FIFO,1075,external_inputs/eval-low-fifo-e1075,153735838.88489798,312338318.1244791,35,0,50061399.32350663,149767636.6514285,272114241.6342856,35,35,0,0,0,1.0,125101427.85714288,18515531.045180287,35,20825,0.9977430972388955,0.0,0.002256902761104442,0.0,0.03918367346938775,0.07635054021608643,229861303.8137255,108.43137254901961,nan,nan,0,0,21.120681797823128,11418457.8772128,0.12379865547619048,35,0,20788,46067,66855,66855,0.0,0,0,0.991565,0.0,0.0,0.0,0.0,0.0,1.656438485739224e+17,70,70,14,195857687.74285713,70,109.22312864699052,82964340,10211851,22058401,15174192
LOW-E1075,eval-low-policy-e1075,LOW,STATUS_PRIORITY_NON_DROPPING,1075,external_inputs/eval-low-policy-e1075,153735838.88489798,312338318.1244791,35,0,50061399.32350663,149767636.6514285,272114241.6342856,35,35,0,0,0,1.0,125101427.85714288,18515531.045180287,35,20825,0.9977430972388955,0.0,0.002256902761104442,0.0,0.03918367346938775,0.07635054021608643,229861303.8137255,108.43137254901961,nan,nan,0,0,21.120681797823128,11418457.8772128,0.12379865547619048,35,20788,0,46067,66855,66855,0.31094159000822674,0,0,0.991565,0.0,0.0,0.0,0.0,0.0,1.656438485739224e+17,70,70,14,195857687.74285713,70,109.24205965799047,85455789,10336487,22275411,16912422
LOW-E1076,eval-low-fifo-e1076,LOW,FIFO,1076,external_inputs/eval-low-fifo-e1076,158852304.035483,380114296.54074013,35,0,55638048.82528805,212583337.4742856,264472812.1942857,35,35,0,0,0,1.0,146887142.1428569,23468521.931363896,35,20825,0.9979831932773109,0.0,0.0020168067226890756,0.0,0.0331812725090036,0.09843937575030012,432824519.29811865,110.04196816208393,nan,nan,0,0,25.018938979482993,17376087.70358939,0.11957247469387755,35,0,20792,50079,70871,70871,0.0,0,0,0.990912,0.0,0.0,0.0,0.0,0.0,3.0995550699505517e+17,70,70,17,221986243.97142857,70,108.34198191500036,85378224,10210045,22895437,16091644
LOW-E1076,eval-low-policy-e1076,LOW,STATUS_PRIORITY_NON_DROPPING,1076,external_inputs/eval-low-policy-e1076,158852304.035483,380114296.54074013,35,0,55638048.82528805,212583337.4742856,264472812.1942857,35,35,0,0,0,1.0,146887142.1428569,23468521.931363896,35,20825,0.9979831932773109,0.0,0.0020168067226890756,0.0,0.0331812725090036,0.09843937575030012,432824519.29811865,110.04196816208393,nan,nan,0,0,25.018938979482993,17376087.70358939,0.11957247469387755,35,20792,0,50079,70871,70871,0.293378109522936,0,0,0.990912,0.0,0.0,0.0,0.0,0.0,3.0995550699505517e+17,70,70,17,221986243.97142857,70,108.41563490300905,87990743,10334659,23120479,17934290
LOW-E1077,eval-low-fifo-e1077,LOW,FIFO,1077,external_inputs/eval-low-fifo-e1077,155918261.65213606,339524509.31079674,35,0,52454268.86326433,174031929.0971428,261657169.34857133,35,35,0,0,0,1.0,141008570.71428567,21325085.97883808,35,20825,0.9978871548619448,0.0,0.002112845138055222,0.0,0.03260504201680672,0.08576230492196879,369387804.00441825,109.95434462444771,nan,nan,0,0,22.8192569775034,14696545.424176982,0.1149355650707483,35,0,20794,47596,68390,68390,0.0,0,0,0.990803,0.0,0.0,0.0,0.0,0.0,1.937160033235032e+17,70,70,15,213400586.14285713,70,109.77403855000739,83903903,10209834,22368029,15513055
LOW-E1077,eval-low-policy-e1077,LOW,STATUS_PRIORITY_NON_DROPPING,1077,external_inputs/eval-low-policy-e1077,155918261.65213606,339524509.31079674,35,0,52454268.86326433,174031929.0971428,261657169.34857133,35,35,0,0,0,1.0,141008570.71428567,21325085.97883808,35,20825,0.9978871548619448,0.0,0.002112845138055222,0.0,0.03260504201680672,0.08576230492196879,369387804.00441825,109.95434462444771,nan,nan,0,0,22.8192569775034,14696545.424176982,0.1149355650707483,35,20794,0,47596,68390,68390,0.30405029975142567,0,0,0.990803,0.0,0.0,0.0,0.0,0.0,1.937160033235032e+17,70,70,15,213400586.14285713,70,109.11655537202023,86442280,10334446,22588109,17291195
LOW-E1078,eval-low-fifo-e1078,LOW,FIFO,1078,external_inputs/eval-low-fifo-e1078,154092093.59357822,337563476.96362096,35,0,52643787.44373271,179114831.40571418,276839970.9028571,35,35,0,0,0,1.0,150132856.42857143,21143345.536139872,35,20825,0.9990396158463385,0.0,0.0009603841536614646,0.0,0.03558223289315726,0.08067226890756303,297500296.30904186,111.22402159244264,nan,nan,0,0,21.87862239964626,12905181.409188533,0.11960289258639456,35,0,20813,45643,66456,66456,0.0,0,0,0.993633,0.0,0.0,0.0,0.0,0.0,2.1788429368726835e+17,70,70,15,192029161.91428572,70,110.140362473001,82728247,10218331,21976266,15083050
LOW-E1078,eval-low-policy-e1078,LOW,STATUS_PRIORITY_NON_DROPPING,1078,external_inputs/eval-low-policy-e1078,154092093.59357822,337563476.96362096,35,0,52643787.44373271,179114831.40571418,276839970.9028571,35,35,0,0,0,1.0,150132856.42857143,21143345.536139872,35,20825,0.9990396158463385,0.0,0.0009603841536614646,0.0,0.03558223289315726,0.08067226890756303,297500296.30904186,111.22402159244264,nan,nan,0,0,21.87862239964626,12905181.409188533,0.11960289258639456,35,20813,0,45643,66456,66456,0.3131846635367762,0,0,0.993633,0.0,0.0,0.0,0.0,0.0,2.1788429368726835e+17,70,70,15,192029161.91428572,70,109.3065631740028,85207920,10343045,22192478,16810906
LOW-E1079,eval-low-fifo-e1079,LOW,FIFO,1079,external_inputs/eval-low-fifo-e1079,171964359.4995374,482988666.6261539,35,0,69095699.43041462,318891911.0742854,267948496.51428556,35,35,0,0,0,1.0,256287142.14285645,35174109.62031432,35,20825,0.9978391356542617,0.0,0.0021608643457382954,0.0,0.04336134453781513,0.15505402160864346,566954477.0022148,121.70874861572536,nan,nan,0,0,34.93448914475918,29002790.06728946,0.12748973421088436,35,0,20791,46005,66796,66796,0.0,0,0,0.992163,0.0,0.0,0.0,0.0,0.0,1.996761741669194e+17,70,70,14,192457718.14285713,70,110.48151195500395,82944505,10213788,22044780,15162266
LOW-E1079,eval-low-policy-e1079,LOW,STATUS_PRIORITY_NON_DROPPING,1079,external_inputs/eval-low-policy-e1079,171964359.4995374,482988666.6261539,35,0,69095699.43041462,318891911.0742854,267948496.51428556,35,35,0,0,0,1.0,256287142.14285645,35174109.62031432,35,20825,0.9978391356542617,0.0,0.0021608643457382954,0.0,0.04336134453781513,0.15505402160864346,566954477.0022148,121.70874861572536,nan,nan,0,0,34.93448914475918,29002790.06728946,0.12748973421088436,35,20791,0,46005,66796,66796,0.3112611533624768,0,0,0.992163,0.0,0.0,0.0,0.0,0.0,1.996761741669194e+17,70,70,14,192457718.14285713,70,110.06580845700228,85434214,10338448,22261672,16898962
LOW-E1080,eval-low-fifo-e1080,LOW,FIFO,1080,external_inputs/eval-low-fifo-e1080,151791374.00576872,329059470.26199275,35,0,43930673.154791854,123601921.06285706,256907122.44571424,35,35,0,0,0,1.0,101939999.2857142,15243173.179151261,35,20825,0.9974549819927971,0.0,0.002545018007202881,0.0,0.02722689075630252,0.07447779111644658,382868316.16049385,102.12345679012346,nan,nan,0,0,20.782617599884354,12837399.14462399,0.10592192073333333,35,0,20777,43122,63899,63899,0.0,0,0,0.992218,0.0,0.0,0.0,0.0,0.0,1.734081487165271e+17,70,71,10,203786280.8857143,70,110.16184095101198,81089357,10213983,21446608,14496503
LOW-E1080,eval-low-policy-e1080,LOW,STATUS_PRIORITY_NON_DROPPING,1080,external_inputs/eval-low-policy-e1080,151791374.00576872,329059470.26199275,35,0,43930673.154791854,123601921.06285706,256907122.44571424,35,35,0,0,0,1.0,101939999.2857142,15243173.179151261,35,20825,0.9974549819927971,0.0,0.002545018007202881,0.0,0.02722689075630252,0.07447779111644658,382868316.16049385,102.12345679012346,nan,nan,0,0,20.782617599884354,12837399.14462399,0.10592192073333333,35,20777,0,43122,63899,63899,0.3251537582747774,0,0,0.992218,0.0,0.0,0.0,0.0,0.0,1.734081487165271e+17,70,71,10,203786280.8857143,70,110.26442387001589,83491398,10338645,21657706,16157877
LOW-E1081,eval-low-fifo-e1081,LOW,FIFO,1081,external_inputs/eval-low-fifo-e1081,174205035.25115645,556236251.1245693,35,0,68435935.74242164,328767610.8114284,250232808.71999997,35,35,0,0,0,1.0,277095713.571428,36305951.9900245,35,20825,0.9968787515006002,0.0,0.00312124849939976,0.0,0.03284513805522209,0.1735894357743097,904244962.3143275,113.25438596491227,nan,nan,0,0,37.689909009317006,34777218.030883245,0.1109102978244898,35,0,20771,40728,61499,61499,0.0,0,0,0.992599,0.0,0.0,0.0,0.0,0.0,2.1718905984465014e+17,70,70,18,204500577.45714286,70,110.1882097130001,79708682,10215026,20953794,13959117
LOW-E1081,eval-low-policy-e1081,LOW,STATUS_PRIORITY_NON_DROPPING,1081,external_inputs/eval-low-policy-e1081,174205035.25115645,556236251.1245693,35,0,68435935.74242164,328767610.8114284,250232808.71999997,35,35,0,0,0,1.0,277095713.571428,36305951.9900245,35,20825,0.9968787515006002,0.0,0.00312124849939976,0.0,0.03284513805522209,0.1735894357743097,904244962.3143275,113.25438596491227,nan,nan,0,0,37.689909009317006,34777218.030883245,0.1109102978244898,35,20771,0,40728,61499,61499,0.33774532919234457,0,0,0.992599,0.0,0.0,0.0,0.0,0.0,2.1718905984465014e+17,70,70,18,204500577.45714286,70,110.39493816700997,82038795,10339700,21160092,15558091
LOW-E1082,eval-low-fifo-e1082,LOW,FIFO,1082,external_inputs/eval-low-fifo-e1082,154667213.961034,339351632.876739,35,0,51925030.89192903,167019055.88571417,266354148.69714275,35,35,0,0,0,1.0,130622856.4285713,20773396.102651734,35,20825,0.9984153661464585,0.0,0.0015846338535414166,0.0,0.03303721488595438,0.08110444177671068,333333923.4767442,114.08575581395348,nan,nan,0,0,22.345995616786396,13545544.492620379,0.11809261074965985,35,0,20796,47552,68348,68348,0.0,0,0,0.991728,0.0,0.0,0.0,0.0,0.0,2.2725559851764237e+17,70,70,11,224771962.6,70,110.29304902700824,83916929,10212702,22374780,15518185
LOW-E1082,eval-low-policy-e1082,LOW,STATUS_PRIORITY_NON_DROPPING,1082,external_inputs/eval-low-policy-e1082,154667213.961034,339351632.876739,35,0,51925030.89192903,167019055.88571417,266354148.69714275,35,35,0,0,0,1.0,130622856.4285713,20773396.102651734,35,20825,0.9984153661464585,0.0,0.0015846338535414166,0.0,0.03303721488595438,0.08110444177671068,333333923.4767442,114.08575581395348,nan,nan,0,0,22.345995616786396,13545544.492620379,0.11809261074965985,35,20796,0,47552,68348,68348,0.30426640135775734,0,0,0.991728,0.0,0.0,0.0,0.0,0.0,2.2725559851764237e+17,70,70,11,224771962.6,70,109.96122774999822,86453958,10337348,22594776,17295233
LOW-E1083,eval-low-fifo-e1083,LOW,FIFO,1083,external_inputs/eval-low-fifo-e1083,144720619.35227212,263575854.51034677,35,0,42348561.29078539,93369061.09714282,255939933.77142853,35,35,0,0,0,1.0,73338570.71428566,13326519.766980955,35,20825,0.9988955582232893,0.0,0.0011044417767106843,0.0,0.02597839135654262,0.041968787515006004,153125984.4232902,99.82809611829944,nan,nan,0,0,14.802419523178232,5310925.6146026105,0.1052139323877551,35,0,20807,43404,64211,64211,0.0,0,0,0.992707,0.0,0.0,0.0,0.0,0.0,2.3145115082390022e+17,70,70,10,219400592.65714285,70,110.13797393400455,81356137,10215508,21514349,14570378
LOW-E1083,eval-low-policy-e1083,LOW,STATUS_PRIORITY_NON_DROPPING,1083,external_inputs/eval-low-policy-e1083,144720619.35227212,263575854.51034677,35,0,42348561.29078539,93369061.09714282,255939933.77142853,35,35,0,0,0,1.0,73338570.71428566,13326519.766980955,35,20825,0.9988955582232893,0.0,0.0011044417767106843,0.0,0.02597839135654262,0.041968787515006004,153125984.4232902,99.82809611829944,nan,nan,0,0,14.802419523178232,5310925.6146026105,0.1052139323877551,35,20807,0,43404,64211,64211,0.3240410521561726,0,0,0.992707,0.0,0.0,0.0,0.0,0.0,2.3145115082390022e+17,70,70,10,219400592.65714285,70,108.75041972001782,83768464,10340188,21726071,16239864
LOW-E1084,eval-low-fifo-e1084,LOW,FIFO,1084,external_inputs/eval-low-fifo-e1084,167007610.2372789,385872169.0248285,35,0,62929713.32518298,220560467.08571395,277712815.6685714,35,35,0,0,0,1.0,176069999.28571433,28263089.681299787,35,20825,0.9975510204081632,0.0,0.0024489795918367346,0.0,0.04475390156062425,0.12302521008403361,398625422.37339056,114.9195278969957,nan,nan,0,0,29.77064949468844,21549269.371700596,0.13566071575238095,35,0,20787,50572,71359,71359,0.0,0,0,0.991401,0.0,0.0,0.0,0.0,0.0,2.2162620101629786e+17,70,70,19,210043417.22857141,70,108.81527973301127,85767361,10211680,22989683,16198704
LOW-E1084,eval-low-policy-e1084,LOW,STATUS_PRIORITY_NON_DROPPING,1084,external_inputs/eval-low-policy-e1084,167007610.2372789,385872169.0248285,35,0,62929713.32518298,220560467.08571395,277712815.6685714,35,35,0,0,0,1.0,176069999.28571433,28263089.681299787,35,20825,0.9975510204081632,0.0,0.0024489795918367346,0.0,0.04475390156062425,0.12302521008403361,398625422.37339056,114.9195278969957,nan,nan,0,0,29.77064949468844,21549269.371700596,0.13566071575238095,35,20787,0,50572,71359,71359,0.291301727882958,0,0,0.991401,0.0,0.0,0.0,0.0,0.0,2.2162620101629786e+17,70,70,19,210043417.22857141,70,108.68925321599818,88395130,10336314,23215701,18054038
LOW-E1085,eval-low-fifo-e1085,LOW,FIFO,1085,external_inputs/eval-low-fifo-e1085,188711987.3844898,564705802.1552525,35,0,63851227.26781093,250721918.0228569,284858521.2685714,35,35,0,0,0,1.0,201627142.14285704,28573264.722434826,35,20825,0.9928931572629052,0.0,0.007106842737094838,0.0,0.053589435774309725,0.21589435774309723,653609709.922043,106.30286738351255,nan,nan,0,0,46.04177948777959,41840982.511299714,0.14704178478639457,35,0,20694,50027,70721,70721,0.0,0,0,0.987211,0.0,0.0,0.0,0.0,0.0,2.4672184160971008e+17,70,70,18,242157668.2,70,109.48081931198249,85333707,10198992,22851172,16049047
LOW-E1085,eval-low-policy-e1085,LOW,STATUS_PRIORITY_NON_DROPPING,1085,external_inputs/eval-low-policy-e1085,188711987.3844898,564705802.1552525,35,0,63851227.26781093,250721918.0228569,284858521.2685714,35,35,0,0,0,1.0,201627142.14285704,28573264.722434826,35,20825,0.9928931572629052,0.0,0.007106842737094838,0.0,0.053589435774309725,0.21589435774309723,653609709.922043,106.30286738351255,nan,nan,0,0,46.04177948777959,41840982.511299714,0.14704178478639457,35,20694,0,50027,70721,70721,0.2926146406300816,0,0,0.987211,0.0,0.0,0.0,0.0,0.0,2.4672184160971008e+17,70,70,18,242157668.2,70,110.46182146598585,87941442,10323472,23075914,17887793
LOW-E1086,eval-low-fifo-e1086,LOW,FIFO,1086,external_inputs/eval-low-fifo-e1086,177277393.57812244,575009258.0109468,35,0,73196408.5261177,331106171.5999997,264602815.0171428,35,35,0,0,0,1.0,276682856.42857075,38760538.99960053,35,20825,0.9979831932773109,0.0,0.0020168067226890756,0.0,0.04067226890756302,0.18175270108043218,741860809.5336481,119.21487603305785,nan,nan,0,0,39.15787375117551,35307851.232661806,0.12460056024353743,35,0,20789,45796,66585,66585,0.0,0,0,0.993306,0.0,0.0,0.0,0.0,0.0,2.2547683895519462e+17,70,70,12,190271962.6,70,110.58388136400026,82845029,10217556,21995302,15109855
LOW-E1086,eval-low-policy-e1086,LOW,STATUS_PRIORITY_NON_DROPPING,1086,external_inputs/eval-low-policy-e1086,177277393.57812244,575009258.0109468,35,0,73196408.5261177,331106171.5999997,264602815.0171428,35,35,0,0,0,1.0,276682856.42857075,38760538.99960053,35,20825,0.9979831932773109,0.0,0.0020168067226890756,0.0,0.04067226890756302,0.18175270108043218,741860809.5336481,119.21487603305785,nan,nan,0,0,39.15787375117551,35307851.232661806,0.12460056024353743,35,20789,0,45796,66585,66585,0.3122174663963355,0,0,0.993306,0.0,0.0,0.0,0.0,0.0,2.2547683895519462e+17,70,70,12,190271962.6,70,109.5917923199886,85328918,10342260,22211772,16841065
LOW-E1087,eval-low-fifo-e1087,LOW,FIFO,1087,external_inputs/eval-low-fifo-e1087,145348424.78138778,275786152.08189404,35,0,43483575.96235176,109814768.43428564,252332837.38285714,35,35,0,0,0,1.0,88795713.57142851,15083141.42474544,35,20825,0.9987995198079231,0.0,0.0012004801920768306,0.0,0.02588235294117647,0.04509003601440576,194858496.39703155,111.60296846011131,nan,nan,0,0,16.25589721032789,6574604.149542968,0.1076080820517007,35,0,20806,43871,64677,64677,0.0,0,0,0.993361,0.0,0.0,0.0,0.0,0.0,1.570488821115149e+17,70,70,12,210300586.14285713,70,109.58182156801922,81721744,10217682,21609915,14676571
LOW-E1087,eval-low-policy-e1087,LOW,STATUS_PRIORITY_NON_DROPPING,1087,external_inputs/eval-low-policy-e1087,145348424.78138778,275786152.08189404,35,0,43483575.96235176,109814768.43428564,252332837.38285714,35,35,0,0,0,1.0,88795713.57142851,15083141.42474544,35,20825,0.9987995198079231,0.0,0.0012004801920768306,0.0,0.02588235294117647,0.04509003601440576,194858496.39703155,111.60296846011131,nan,nan,0,0,16.25589721032789,6574604.149542968,0.1076080820517007,35,20806,0,43871,64677,64677,0.3216908638310373,0,0,0.993361,0.0,0.0,0.0,0.0,0.0,1.570488821115149e+17,70,70,12,210300586.14285713,70,111.21781857998576,84148951,10342388,21822569,16358173
LOW-E1088,eval-low-fifo-e1088,LOW,FIFO,1088,external_inputs/eval-low-fifo-e1088,157943753.98204082,358153818.38188356,35,0,54976038.98041131,191479031.56571385,253804293.31428567,35,35,0,0,0,1.0,149815713.57142842,24694243.575867802,35,20825,0.9984153661464585,0.0,0.0015846338535414166,0.0,0.027274909963985593,0.09752701080432173,570232931.153169,113.34330985915493,nan,nan,0,0,24.514227084142856,18430606.137541693,0.10541020061632653,35,0,20803,43963,64766,64766,0.0,0,0,0.991075,0.0,0.0,0.0,0.0,0.0,2.173958263199483e+17,70,71,17,222800583.97142857,70,109.42461766899214,81675826,10210500,21629318,14699109
LOW-E1088,eval-low-policy-e1088,LOW,STATUS_PRIORITY_NON_DROPPING,1088,external_inputs/eval-low-policy-e1088,157943753.98204082,358153818.38188356,35,0,54976038.98041131,191479031.56571385,253804293.31428567,35,35,0,0,0,1.0,149815713.57142842,24694243.575867802,35,20825,0.9984153661464585,0.0,0.0015846338535414166,0.0,0.027274909963985593,0.09752701080432173,570232931.153169,113.34330985915493,nan,nan,0,0,24.514227084142856,18430606.137541693,0.10541020061632653,35,20803,0,43963,64766,64766,0.3212024827841769,0,0,0.991075,0.0,0.0,0.0,0.0,0.0,2.173958263199483e+17,70,71,17,222800583.97142857,70,109.33132898600888,84104597,10335120,21842150,16383025
