path,size,sha256
.gitignore,270,fbe82ea337a90fb1493cf1fd4dee35cb61382f53a4fbf4cb89b64a818dfa9a23
CHANGELOG.md,723,6c214cf8abd18834f010342a331ce5c3db123a1449663254cd97d253e04d70cf
CITATION.cff,1367,4956bf1b161f263aa2ead8884458b30e590c4dbc52681b934901c3cb7b86fb57
LICENSE,1018,2b54bd82ad64b0ee30649f623f38212438a7a908151ba2db98bf2147193513be
LICENSES/CC-BY-4.0.txt,18657,9ba9550ad48438d0836ddab3da480b3b69ffa0aac7b7878b5a0039e7ab429411
LICENSES/GPL-2.0-only.txt,17987,ab15fd526bd8dd18a9e77ebc139656bf4d33e97fc7238cd11bf60e2b9b8666c6
NOTICE,2081,1f50654c5aa435b5fb67755ccbc9121883ee73a890d14a85f1cbe827c35c2000
README.md,6018,c7b4623848dc41bcf73ad214f15efd2c2adfa23bf8343767f3ee3a6694f31026
analysis/README.md,1565,af79f40bf7b5bff55beedee55f2135b53c83870cbf62295d80f1fb371ee41338
analysis/figures/render_evidence.py,9910,aaf8b1a610d146f19690e17787b29239b22f272648288f85cff6b32ab61b56bb
analysis/historical/analysis/phase9/analyze_phase9.py,15771,dd2683b00ecf7eba61a027b68c0aecff797a7d492869eea1d8d07afd115b7ea5
analysis/historical/contrib/handover-congestion/analysis/compute-actual-aoi.py,8540,969f819fcb1bff3009e7d46dcd0d37fc85242395a392f7307ecd6ba0a14462f6
analysis/historical/contrib/handover-congestion/analysis/phase7/phase7_extended_analysis.py,26986,984926d577dad19213ca2f69cdc7442e2a8e2547620cf672841bc0249acbf3aa
analysis/historical/contrib/handover-congestion/analysis/phase7/phase7_postprocess_and_figures.py,16885,73d075c4efba78efb0274930657b2f192ca20af35c3b06fdd67a783f43b03021
analysis/historical/contrib/handover-congestion/analysis/pilot_support.py,3771,7c8855f0c464531057688ca21e6c6e8d1eb3fbcbdf52b12e5dfd75adb0337e11
analysis/historical/contrib/handover-congestion/analysis/reconstruct-congestion-state.py,3086,c007f09b08d224c61a470b268cb5f8b5e66046965dc42ffd55878387835ea4c2
analysis/historical/contrib/handover-congestion/analysis/reconstruct-packets.py,5287,fde601c4cb13243deac84a9f5cbdca64a0764054373536cb7794831cc8742ab1
analysis/historical/contrib/handover-congestion/analysis/summarize-followup-pilot.py,13076,08e33f6788919aab5e66bb4c69df254a6d468700d4a0fc576a805c9414504a67
analysis/historical/contrib/handover-congestion/analysis/validate-packet-lineage.py,10651,fbd8a45cec46d338dfaec1cd99639135952157c8ffce2d05660be5743513f697
analysis/historical/contrib/handover-congestion/analysis/validate-policy-decisions.py,8072,1bf6770918abbf0e5faac2825f41cd6069ab33c8d386ce548c949c9e8b0c9411
analysis/statistics/analyze_followup_production.py,7878,8d0a3654dd7fbf1b219248aaef07f66bf646d649711f20d9bd6832d4c00a22ef
analysis/statistics/summarize_followup_production.py,3201,fd0a6c022b0cc2801f62f457dc0a33e5eed0a0efc05e2709e956d5d4201aca98
config/CONFIG_EVIDENCE_CLASSIFICATION.csv,6961,ef060f0584646dcd1ced830882acf83624f2d1337b1b181df62230af593ed2f2
config/README.md,1414,89247d5a2b07e1ef4e46a409df88585671e7a3a2b8450372e4978da27779c524
config/production/RECORD_INDEX.csv,152821,5d196d8fdcaa82f823252ad73c91f40fd9a51ff4c6ea262d1d293eed36ff8c88
config/production/eval-heavy-fifo-e1001/run_crn-stream-manifest.json,5819,06a845d51b0ae18e7a4fa7d0f9d7f1b127db308bc783b036dc1a235278c7b81d
config/production/eval-heavy-fifo-e1001/run_effective-config.json,2286,575e816a6cac7c4fdc63e85e3b69764d9825d29af233f886c3b7d855c0885636
config/production/eval-heavy-fifo-e1002/run_crn-stream-manifest.json,5816,f46e5bfa40fd099d5b0af4b5a66ed3ce171af088c0029a364ca045097df61895
config/production/eval-heavy-fifo-e1002/run_effective-config.json,2286,b2c2da06bf43c9d58e7c00873660aabd778031212b933e7cd0386c143ef8c265
config/production/eval-heavy-fifo-e1003/run_crn-stream-manifest.json,5827,e863ebd8711ff01a12e11e1c9126480593aab1ff95208c87f02cdc86fc9545db
config/production/eval-heavy-fifo-e1003/run_effective-config.json,2286,d63d62390323160615d7c1ad6b71dffb6181f6a8e02e7754df4f0182e5e987dd
config/production/eval-heavy-fifo-e1004/run_crn-stream-manifest.json,5840,4305f640292d184d18e895bb8346b9f4f493953689703d7c003761d9a578be59
config/production/eval-heavy-fifo-e1004/run_effective-config.json,2286,55f4606815fcdff09e5bd5714b28b564b8efe14d2121ca72cf3bfa67d28699a9
config/production/eval-heavy-fifo-e1005/run_crn-stream-manifest.json,5826,b90eb5e2303721a18110bbb8483f5686bc509627c34c139d5bd061bd0e1782d6
config/production/eval-heavy-fifo-e1005/run_effective-config.json,2286,09fa9b44046c6200e73d188d4389af9e485563822c58dcabdcbfe97470332468
config/production/eval-heavy-fifo-e1006/run_crn-stream-manifest.json,5835,93dcb1472bececb741c90455b89815fb7ae18c1286fdb70fce6c5e67b1dfc8fb
config/production/eval-heavy-fifo-e1006/run_effective-config.json,2286,ee7059300f88cd36cad590d37b6f7c97c4f1a84f3777386ded12188e4b62c11a
config/production/eval-heavy-fifo-e1007/run_crn-stream-manifest.json,5829,90dc6c81f6169b569f3358cd4f24fe1a62c7cea25eacb1084d4754db7c049542
config/production/eval-heavy-fifo-e1007/run_effective-config.json,2286,5ed8b766c07a669770b9ce216c87ab5fcda6f7112bb909e2d75f3ba82b94c145
config/production/eval-heavy-fifo-e1008/run_crn-stream-manifest.json,5836,bf099660fcaac0bcce478c406e3c8c875384e12f691ac58d3dcd79e78c25eacc
config/production/eval-heavy-fifo-e1008/run_effective-config.json,2286,bad6f2d4e7cbd21c4967b56171e2d7bf0387c345680d316b4827672023e00926
config/production/eval-heavy-fifo-e1009/run_crn-stream-manifest.json,5816,1d53f14b8ccc035e7e1fbaee0fab619753fb410e0fdfe144d5b8eb31e1dbf82b
config/production/eval-heavy-fifo-e1009/run_effective-config.json,2286,6060f62943d48268c282cd89a1a9317a09242a0c560aa73e9885ac8e2fdfbdd2
config/production/eval-heavy-fifo-e1010/run_crn-stream-manifest.json,5825,9badd8ce0931cc336d8f7cf47674e57abd9eaef8b7117841f1afbc011eb65670
config/production/eval-heavy-fifo-e1010/run_effective-config.json,2286,b0e333e8e957d5e21c01325a89c399a6b8b928ed515a7f4fc3f87140d3b06399
config/production/eval-heavy-fifo-e1011/run_crn-stream-manifest.json,5822,39c58e7946f94ae80130d6e9fbddf459038b6cb7242c43c06b2861769ed8ffc0
config/production/eval-heavy-fifo-e1011/run_effective-config.json,2286,0712f7155b6ff7ea308bd0e96c776d190f2f7224be2808ff90234910e60f2fab
config/production/eval-heavy-fifo-e1012/run_crn-stream-manifest.json,5833,692b41d809e6902e8e40c7bbbc39fc218a7caaeef40735e2464ecc2268f6b6fc
config/production/eval-heavy-fifo-e1012/run_effective-config.json,2286,a567cbdc25fc21e7d3a7db66f638e3b7803379edd251c0c06417864e298bb749
config/production/eval-heavy-fifo-e1013/run_crn-stream-manifest.json,5833,8b6afdaff1d75587c0399aac4e75112eb9634809a8dddfb47456100c3223d889
config/production/eval-heavy-fifo-e1013/run_effective-config.json,2286,8b625d3214b2de4a4a1a799ed7417c11c7320cf43a56048b9ac09b4f6390f396
config/production/eval-heavy-fifo-e1014/run_crn-stream-manifest.json,5812,c99e9397c66d6395d9ae9bab77ca35d10a3db09643f5d6b66d8f93d17c356a47
config/production/eval-heavy-fifo-e1014/run_effective-config.json,2286,1406179902fe1b7f38ddf25735c523bc31fde4990a507420df1764169bc0c3b4
config/production/eval-heavy-fifo-e1015/run_crn-stream-manifest.json,5838,6912d6a49947875445b6dcc2fea4a52338b75acf04ea45b8db59636bd7532137
config/production/eval-heavy-fifo-e1015/run_effective-config.json,2286,e85dfa80825f57917283a6bd841767632b645afbdcf2cf8ffc4bfbb0d092b957
config/production/eval-heavy-fifo-e1016/run_crn-stream-manifest.json,5828,75f9e00079340b0663e05e309514c2f07c92b88676eb22110412cbf2e7d4a98d
config/production/eval-heavy-fifo-e1016/run_effective-config.json,2286,2a0559e2f348dac8f4b63924c766cb687bac568659d11a7fd531c606e169d462
config/production/eval-heavy-fifo-e1017/run_crn-stream-manifest.json,5812,5498f670f28303a7c5098f05533368325f69b06f5d77f1050275cfa2a66687aa
config/production/eval-heavy-fifo-e1017/run_effective-config.json,2286,94c49bf2102b494fee190422b99ddee34fc98ba75ca8db3384c501d376cab3de
config/production/eval-heavy-fifo-e1018/run_crn-stream-manifest.json,5821,a10ce06382d0b59a5d9ba0701fd19dcba60354f9b5659a7485ff739edfe5d08b
config/production/eval-heavy-fifo-e1018/run_effective-config.json,2286,fcf1b9bba0767addea16e750d5759d0daf3328d22d29cc718f58c4a9401b67e1
config/production/eval-heavy-fifo-e1019/run_crn-stream-manifest.json,5821,aae7cdd2062897c29fdb7bb8733c87ec3b29888713affce83ed0de2ed21ab824
config/production/eval-heavy-fifo-e1019/run_effective-config.json,2286,2226645cd164cc4f6ec93d9d6373b803304b58427fdfb3edc325f83e3ce75773
config/production/eval-heavy-fifo-e1020/run_crn-stream-manifest.json,5828,bd3f5cfdd250d855b3dc2a9b9c68fd5b4466ae1dbbc616852be218c7add8552e
config/production/eval-heavy-fifo-e1020/run_effective-config.json,2286,5ff020e136fe985f2f0b036398987902991c6e948ec32789c3cf80f40d3d8be2
config/production/eval-heavy-fifo-e1021/run_crn-stream-manifest.json,5822,ad8cc9650ac941f8a4d1a3dbd4adfece280fc5eeefeb9941504169172104d1e9
config/production/eval-heavy-fifo-e1021/run_effective-config.json,2286,e0cfac3766fb75380e4d9d0fc2f4c23a54608693412e7b311fdd50aac8281cf8
config/production/eval-heavy-fifo-e1022/run_crn-stream-manifest.json,5826,c81e11d37d14cf6909116ec84ab646184521bf5583ea2d5de15ac0dd5252199e
config/production/eval-heavy-fifo-e1022/run_effective-config.json,2286,e9e1a7a7d647533b906bdd22286f30b08c9d27d3fcd8d6611c24ee192515f8a6
config/production/eval-heavy-fifo-e1023/run_crn-stream-manifest.json,5826,d681d5257edcabbbd0b97b21ee50b1910df7b0e21f915aa6501c32e13f3dd3ca
config/production/eval-heavy-fifo-e1023/run_effective-config.json,2286,de61f0ef039759076d4a4ced19a2795d07d5676981e997f665fef40a66ebe9d6
config/production/eval-heavy-fifo-e1024/run_crn-stream-manifest.json,5830,3317366da5222ae6b92e3261365752e7957e59b07cb88e818310fce84a2ececc
config/production/eval-heavy-fifo-e1024/run_effective-config.json,2286,d46e1578782ff25d3dfcc78d80681d9941b44fb864e068bd20856038bd0e2c0c
config/production/eval-heavy-fifo-e1025/run_crn-stream-manifest.json,5830,a2ce7606495e3336afc7e5feb14f417269491573fea3c8dbded3fe51a1b9d96f
config/production/eval-heavy-fifo-e1025/run_effective-config.json,2286,06924b99cdd63b52ae0317f04dad6769d718f692a7e140a93f5bc37f719ff51a
config/production/eval-heavy-fifo-e1026/run_crn-stream-manifest.json,5830,cc3a0c3b250fc96b8c10fa3ca9858502df77ab9ce7778f90c01a4d7f06f4a5c3
config/production/eval-heavy-fifo-e1026/run_effective-config.json,2286,f52682a75aecaedf397ed5a7a06cb1a17e9ff2e8733418cd7680397ab1799d10
config/production/eval-heavy-fifo-e1027/run_crn-stream-manifest.json,5830,75c728415d2b0b40c784f11cfa6b28cb156ceb62274a4e7f9abe2a020b8f65b4
config/production/eval-heavy-fifo-e1027/run_effective-config.json,2286,db46301be444ba711abda1a196e65fd80039eaf104eea59bd8a5dd89f350d9b1
config/production/eval-heavy-fifo-e1028/run_crn-stream-manifest.json,5822,d7415a1461af9acf2638f923f06d158a4c8c98f4a70ac9869482bb83610bf80d
config/production/eval-heavy-fifo-e1028/run_effective-config.json,2286,592407a95df66560e60a62980702a503e88b51f6ed9b4c26e149748d0eb3d2de
config/production/eval-heavy-fifo-e1029/run_crn-stream-manifest.json,5820,b56673aaae6c4da01c701accbb13420eb289bb4e24510428c32e0725fe6777bf
config/production/eval-heavy-fifo-e1029/run_effective-config.json,2286,4b08708adcd02107f31d4509138f805598408c3d99e2547d59b16c9f615fd1d7
config/production/eval-heavy-fifo-e1030/run_crn-stream-manifest.json,5817,8940920e01d95821f3b2b57f6b3c745d1aa9554611e9350d220aceba938eae02
config/production/eval-heavy-fifo-e1030/run_effective-config.json,2286,310fd77126ce776786fa6cac02e90b2c76bfc4944f968b850c53a15a4c0447cb
config/production/eval-heavy-fifo-e1031/run_crn-stream-manifest.json,5823,703c611e60d808d7acee5ba14c197e456ac4ac989ef4dd1807984e5b31af4cdd
config/production/eval-heavy-fifo-e1031/run_effective-config.json,2286,bdc0229ee92c670613869f4ca4afc3e554e58a822edd9f231d99a8bfed27a372
config/production/eval-heavy-fifo-e1032/run_crn-stream-manifest.json,5827,84e19b83393c9fe7630fd38b5ec110d1e4fa277f1a27acfc7ab4a3dc375a8218
config/production/eval-heavy-fifo-e1032/run_effective-config.json,2286,7466e5337d5c7de9fc3cb36f1d18762ea4642cd93c9168b2867cd5fffa6598e5
config/production/eval-heavy-fifo-e1033/run_crn-stream-manifest.json,5826,3bedef6f1e436591f8a3ac291a38ebe47f50839f59a8ab13f4ff8535b63216b2
config/production/eval-heavy-fifo-e1033/run_effective-config.json,2286,7553685e9114734de449088b856520e1ba0722b51593c02b84c8357c85df8b47
config/production/eval-heavy-fifo-e1034/run_crn-stream-manifest.json,5823,d787272f75fdbe6d33b04bf4a465bf33fa7058b27a2269aff923d83d8aa02c6e
config/production/eval-heavy-fifo-e1034/run_effective-config.json,2286,c70c381d13b9a484f6b444ec6e8e10eb863c5902fd62a37d574690ba17d96041
config/production/eval-heavy-fifo-e1035/run_crn-stream-manifest.json,5827,d697482302035b5c0b6143fac5193b5adc0946b26fceb6f22db37193fef24b30
config/production/eval-heavy-fifo-e1035/run_effective-config.json,2286,ea351bb6755d9b336c99cb7f3cc4dc01d5dff556726c47f930e3d8a5a2dd1a5a
config/production/eval-heavy-fifo-e1036/run_crn-stream-manifest.json,5826,7269e91f600b3e19563eb569f4f8d0a86ae3349c93f8ebc3577878b48116af62
config/production/eval-heavy-fifo-e1036/run_effective-config.json,2286,6fb83fed62980a2068c162bd97eb5e5c8a7543636b131c6074eb877c010aba0f
config/production/eval-heavy-fifo-e1037/run_crn-stream-manifest.json,5815,a5b0dd5991f12f896fcbcc76c1557d3c10f9bd2d8df371724f382b1d6cbffdca
config/production/eval-heavy-fifo-e1037/run_effective-config.json,2286,3a4b00a06c7de3a44f250a4b47dcacaf0ce68c60e3c9494a102ec75caf223ec7
config/production/eval-heavy-fifo-e1038/run_crn-stream-manifest.json,5835,8398795f5130fb247dcdd1d63b47cd6a7d610155d10fbd4561b491c22948decc
config/production/eval-heavy-fifo-e1038/run_effective-config.json,2286,1777abb2da17f26497f9ee488bae6e7ae994ed707ec358ff1426e61b205b6f00
config/production/eval-heavy-fifo-e1039/run_crn-stream-manifest.json,5834,0695c50dd590c6855feffad0dcad19d8861b86feab8ce06c00c5ef8c0ed5278b
config/production/eval-heavy-fifo-e1039/run_effective-config.json,2286,43cb79e7d324b23cc5bfadfd2b42fa43562d66cf9f1288372fcff2b1ce51504b
config/production/eval-heavy-fifo-e1040/run_crn-stream-manifest.json,5831,e3377da3d1481562675e40221fc87ba63997611f9eb4b661af26f1bc053af33e
config/production/eval-heavy-fifo-e1040/run_effective-config.json,2286,f9c33b8454c7bd90a4788d7aa50f11ac7b79b98c998946d9149697894a924402
config/production/eval-heavy-fifo-e1041/run_crn-stream-manifest.json,5825,c1dc1febbcb2e09abacc4bb8ccbf545e424efe66c4d0e491c7cdf5862bd719a9
config/production/eval-heavy-fifo-e1041/run_effective-config.json,2286,8a19d74fa821d33c8af67d8c2659ad1f5d4ed1c1b010550c41cf730e853ae8a0
config/production/eval-heavy-fifo-e1042/run_crn-stream-manifest.json,5822,df38a42ecbd88d862258c7225f7e1e67f9d4af3167745d1b0f16f6e6d8601596
config/production/eval-heavy-fifo-e1042/run_effective-config.json,2286,ac40a5b9b445065a601cd2c8dda4b5595750146edaaf2f581b189e698b190332
config/production/eval-heavy-fifo-e1043/run_crn-stream-manifest.json,5828,721501558c2572976127fd1bbc1d88e983698fcba59bf3c80e43984be90b7405
config/production/eval-heavy-fifo-e1043/run_effective-config.json,2286,f3c8deaf4db825086f4932ec7a099f16a1ff8f1f632ee6f4f561414c5f1c0be2
config/production/eval-heavy-fifo-e1044/run_crn-stream-manifest.json,5813,898c4d111d1246c50f917e87d5e613f1991b9816237b95a3c8c03a6fbded1135
config/production/eval-heavy-fifo-e1044/run_effective-config.json,2286,4eb1403f17c19d9007c4459aaabaec5e62111765b8a994b95b1fbc00c191834b
config/production/eval-heavy-fifo-e1045/run_crn-stream-manifest.json,5820,f5adf106123fd0df253c9c95594b772d565ee62adc73d0a0479960246fa5abce
config/production/eval-heavy-fifo-e1045/run_effective-config.json,2286,e85fae1d5d5efda1259121571d9c367c172a332d8edbba53b78004111c4aea08
config/production/eval-heavy-fifo-e1046/run_crn-stream-manifest.json,5841,cc818d0105a5f5e99e69cf0561dc3ec3c22bd1ebb12a1556f45f72a68eac39b2
config/production/eval-heavy-fifo-e1046/run_effective-config.json,2286,3e063778db09f8540ecb99931c4fa0fa4656eb21b107d1e733e1ddae241b769a
config/production/eval-heavy-fifo-e1047/run_crn-stream-manifest.json,5836,d7772dc9c79618c51bfede3aac719e1aadf333c7e67143968267eee1dd65ecaa
config/production/eval-heavy-fifo-e1047/run_effective-config.json,2286,b6fb973a27779bb689bc6897f8b5688010caa1a27df514bc2644e07e7d19677f
config/production/eval-heavy-fifo-e1048/run_crn-stream-manifest.json,5823,a16d52ad5b650886bbbeece92df2397974220293da6a2f77612efab9b841390d
config/production/eval-heavy-fifo-e1048/run_effective-config.json,2286,25b3911c9b5d2092b9b877a7ec4b06c5a136f19cd6b497599115c235bed5230c
config/production/eval-heavy-fifo-e1049/run_crn-stream-manifest.json,5831,c3f62dae0e5a8368ba12c2dc46eff575f1c74f7ba55951995c092d40ae904bac
config/production/eval-heavy-fifo-e1049/run_effective-config.json,2286,b2ddfb5a53007b8b278611abdd6ad03bf86cddc9d75a5fb1f465cdbb9df27d5b
config/production/eval-heavy-fifo-e1050/run_crn-stream-manifest.json,5821,325f0c4a612b175476d3b2363ab78618390ed6e0be17c361ae831211d05e22c6
config/production/eval-heavy-fifo-e1050/run_effective-config.json,2286,e7a4893888516d288ed2bf4118e55d3d566adf7ded62035e902455387ada0f5d
config/production/eval-heavy-fifo-e1051/run_crn-stream-manifest.json,5817,8decd1af52df7e98c58c5653283fafaff6ff43b4e428e4f53224d635f2eb2d84
config/production/eval-heavy-fifo-e1051/run_effective-config.json,2286,b211ac9317978ff130492c496c29afee5d89ccf6a404f57be520c48c079f648e
config/production/eval-heavy-fifo-e1052/run_crn-stream-manifest.json,5820,316c0dd665eefbcacef8ba9142451beee583a0de99bf29bd7979cdc4406709ca
config/production/eval-heavy-fifo-e1052/run_effective-config.json,2286,1387d57a7461809e63a1d62d090b6601d1f6740362ecc6ebb5f39544305f50e2
config/production/eval-heavy-fifo-e1053/run_crn-stream-manifest.json,5823,2bb5085fdd1ce4d3400d0d8ce046030b9d7642b378264385b2fc1c49fca2f056
config/production/eval-heavy-fifo-e1053/run_effective-config.json,2286,08522d9b70c5b64ceb53c25fb05a014f34ba58f522ab07d19889e5828f505914
config/production/eval-heavy-fifo-e1054/run_crn-stream-manifest.json,5836,8f3bb66b22d9bd009f17a8e0d42a5be03c3632d5c7be941a878c326e536118e0
config/production/eval-heavy-fifo-e1054/run_effective-config.json,2286,e0fc2c956d1e247b870d2d7386f0087d9823cbaf7ff8714bf02f4f18ca490382
config/production/eval-heavy-fifo-e1055/run_crn-stream-manifest.json,5824,fa6a759d2984b639ca9f9c83213706005262e0a8275c2ff95042267587a721cc
config/production/eval-heavy-fifo-e1055/run_effective-config.json,2286,dbc8a391faf7de6123d076d8bfb6c69950961111d6b7b58497b89c7ea96fb826
config/production/eval-heavy-fifo-e1056/run_crn-stream-manifest.json,5827,e7f41a9c3af1e34f9e54d82845ce579886fae4c3ecbf46e11f6556884d13f506
config/production/eval-heavy-fifo-e1056/run_effective-config.json,2286,b03da64b38cc88391270627fe8653af1f0d8abc1af488d447dbfe1337f62b617
config/production/eval-heavy-fifo-e1057/run_crn-stream-manifest.json,5821,9adffc80967251faf380ccee82925f6e12cb9b7dabaa1fbbe11dfc2a14384a71
config/production/eval-heavy-fifo-e1057/run_effective-config.json,2286,de23790cebf497dda85c6a48dd1a22647048ca4d5a885b7a454bd3e1571b4bcf
config/production/eval-heavy-fifo-e1058/run_crn-stream-manifest.json,5822,d29bccbf1f03e87726a4a68d6a651fbb8a9007f44db58cbc7d46c80354f9be5e
config/production/eval-heavy-fifo-e1058/run_effective-config.json,2286,66034f43ecf566aa96509df8295b7aa0ee4639bb0f632e5546627d999b02bfc6
config/production/eval-heavy-fifo-e1059/run_crn-stream-manifest.json,5822,8a14ae08762e32ecc56ca4f8a633c14fe8716e5431edced31d962c622fda0642
config/production/eval-heavy-fifo-e1059/run_effective-config.json,2286,49372bfefbd7abf6c4efdc3da270205ca7557317a559ab5bd10f8a498d385a95
config/production/eval-heavy-fifo-e1060/run_crn-stream-manifest.json,5833,0ed881e6c59bd158ff616b6d2b3de009eb0112e01300a65c0e577ab5d348b6e3
config/production/eval-heavy-fifo-e1060/run_effective-config.json,2286,6256fa2d45753ec467c25a73ca98dc11cf3439a613d8cb3aabbeafcc197cf068
config/production/eval-heavy-fifo-e1061/run_crn-stream-manifest.json,5826,09dca8e8e2256a36018dea66ed4c4a3973a03887785a05d9067b229457eef80d
config/production/eval-heavy-fifo-e1061/run_effective-config.json,2286,f34fac442d577112246b72ad69dc32ec523ce6b604a74eca8dcf3c42c92a4368
config/production/eval-heavy-fifo-e1062/run_crn-stream-manifest.json,5819,cf1ebd32aa4a4476653c592e81f993a6edd2d23a305cced5674080b346b90548
config/production/eval-heavy-fifo-e1062/run_effective-config.json,2286,fb3f7487d924c0b728c2d22e6bfd6c619767664eb7e3addd8332d30ce4c9693c
config/production/eval-heavy-fifo-e1063/run_crn-stream-manifest.json,5819,1bb65dacfdf64cfaf1015d0e8b7d138cc77e32a4d442b21bf8985e49eb9ebbc2
config/production/eval-heavy-fifo-e1063/run_effective-config.json,2286,31b8e1d4f872cfbe25e30751b36ace6aa754ce13c5b2a707e47cb8a0605015b2
config/production/eval-heavy-fifo-e1064/run_crn-stream-manifest.json,5828,4b2f1e5e6271702c9e2bd24d6f46603a3e1f02c42fdc478410a3f52a8a968a1e
config/production/eval-heavy-fifo-e1064/run_effective-config.json,2286,d380a06822aacda83e949dcdb8b04c2dd73bc1b8a126a66bdbfa10304accfe44
config/production/eval-heavy-fifo-e1065/run_crn-stream-manifest.json,5839,abb176ce2336edf047662aa7661510e12f8ba75ab862e6b4f3d33446e528ab4a
config/production/eval-heavy-fifo-e1065/run_effective-config.json,2286,83ff3711cd7bd462014bffea36057d574e59d4f0082354c00f7bdfb4abd57a47
config/production/eval-heavy-fifo-e1066/run_crn-stream-manifest.json,5826,2dd9cb7e783ff2f8ee05b462386045b6d91c99f48cd954f12bad826bf9ea9b6f
config/production/eval-heavy-fifo-e1066/run_effective-config.json,2286,bfa22ed9827a003e50ff4c213a06b6a8c6edbf44662d59e309a54344100cdbf7
config/production/eval-heavy-fifo-e1067/run_crn-stream-manifest.json,5827,8ea6ecf382ba924dd6656aae351e22bf8633de421af56b365f02cfac0f62e805
config/production/eval-heavy-fifo-e1067/run_effective-config.json,2286,8a7743061593a3c607c3eb406949240f396b59f1a76a6f246e0d730a848e2a24
config/production/eval-heavy-fifo-e1068/run_crn-stream-manifest.json,5835,5587e2fc510f4c0a05b8f2c2b5d50d2a97cf2b8661ff9698c635d0f69cf19816
config/production/eval-heavy-fifo-e1068/run_effective-config.json,2286,e881c320c9f53270f9a58a5dc1eef772146e2d81ef3f74b5918705821846ad56
config/production/eval-heavy-fifo-e1069/run_crn-stream-manifest.json,5818,a845cdfb91e745aa457dae62788ecfb4063b7365de46c85787d7c58c5ce358fd
config/production/eval-heavy-fifo-e1069/run_effective-config.json,2286,311d69b883bb546c1a39de6bf54656a67d016dbc449d2426f6d48c573f7826b7
config/production/eval-heavy-fifo-e1070/run_crn-stream-manifest.json,5820,2621bb0d466af573ae553034e5324846d7831f875271855e038869bf73d782f9
config/production/eval-heavy-fifo-e1070/run_effective-config.json,2286,ef266e9aaf93f5b80602c40bb84a6d40569699dec794436d1165111c93f54725
config/production/eval-heavy-fifo-e1071/run_crn-stream-manifest.json,5812,3c2476ed650025f34c9c8d42974219088d4e5ce7c0b85f5838c6adb84a57c1e6
config/production/eval-heavy-fifo-e1071/run_effective-config.json,2286,53996d7ddc3ef429766760281ed8450a1af0f0915dc0427285629dcd0058fa77
config/production/eval-heavy-fifo-e1072/run_crn-stream-manifest.json,5825,20d7f796c3000fba02e2f0af77158d52eb5605d15a57dd5265acdae47ef011f6
config/production/eval-heavy-fifo-e1072/run_effective-config.json,2286,b1c13dc2962a629fdb9f44f0529120c13bad8806299dd8c262176219de9affcb
config/production/eval-heavy-fifo-e1073/run_crn-stream-manifest.json,5817,12a4e61230c93ad04ba9c05ffd94ea09ed819117faed1c2c6bb7d6afff203ce0
config/production/eval-heavy-fifo-e1073/run_effective-config.json,2286,4eea143aa8a913f002ec47f567afa87ff3b94e2b7e4783f2dca05dea876b9653
config/production/eval-heavy-fifo-e1074/run_crn-stream-manifest.json,5826,d7fcbf21bcaa88756871a4fbf7c1aa3a66f118285f7c9fc8e406dbbb5322026f
config/production/eval-heavy-fifo-e1074/run_effective-config.json,2286,e1538d1c9a3c7f3dda7b97ecd9d9b332a89129d8fab9d0b9ba3d889e2cd1d29b
config/production/eval-heavy-fifo-e1075/run_crn-stream-manifest.json,5824,a165b22a1d78f680377765ba463d81b822ab28bb7b75a7274fb77a597728e06e
config/production/eval-heavy-fifo-e1075/run_effective-config.json,2286,f6382497593963323420f0993b617b39c4e7c48a9f3fe4ea1af8d50db49846e6
config/production/eval-heavy-fifo-e1076/run_crn-stream-manifest.json,5819,0b11dea01809352dd57af8cdd7ed3ee117ecacde98afc4725075ca6359432955
config/production/eval-heavy-fifo-e1076/run_effective-config.json,2286,8dcaa9ecafb497cd52b51e59eaabb07fa3746f413f3b567ef3ec8c0aa13caf7e
config/production/eval-heavy-fifo-e1077/run_crn-stream-manifest.json,5820,3b4af6393a92e290964d78f19d5b1167cf999fe77da0c4dce591fb00c0960d3c
config/production/eval-heavy-fifo-e1077/run_effective-config.json,2286,5dc35a3a39e2858e7ef8734ed89fb9963bae2fac8e27f52be129df91da83befc
config/production/eval-heavy-fifo-e1078/run_crn-stream-manifest.json,5832,cc380b5c383f78f407afdeee3c1c5cc43b3fe99cad4ee0c3addc6c5b33cb0635
config/production/eval-heavy-fifo-e1078/run_effective-config.json,2286,81ded3186374edab056a9caab39b83cddf8935bf0ab666d97d476d4de5719d1c
config/production/eval-heavy-fifo-e1079/run_crn-stream-manifest.json,5822,c9d455d3f9eecac6c3218dc8c053bc1b9484be827f5fba087e6ccc69e8c4b4c0
config/production/eval-heavy-fifo-e1079/run_effective-config.json,2286,f9ffac1f2a40631324f47ce4c907858ce9692031d3a602834951e15080c7ef14
config/production/eval-heavy-fifo-e1080/run_crn-stream-manifest.json,5824,88f1fc30ef761ae681b1ad0042ace558e01fb2d177c25d6249ae3bc864fe9402
config/production/eval-heavy-fifo-e1080/run_effective-config.json,2286,6c158f2f6878efc5b02483b1141fc93008c7e5423516b59499563b1ae2be00f2
config/production/eval-heavy-fifo-e1081/run_crn-stream-manifest.json,5822,d8ac46bd6fd91f2f8d7bc27a898417a7d97b97bbad81ec8ee967b84cbc227fb9
config/production/eval-heavy-fifo-e1081/run_effective-config.json,2286,03f3697391059f53349a2647e90fc5c5107f3ec9815d3a673cafcef348494986
config/production/eval-heavy-fifo-e1082/run_crn-stream-manifest.json,5832,89e80c23a0f737dd8ecf5991c14473fd64e4ff050957afd88dcf531518d894a3
config/production/eval-heavy-fifo-e1082/run_effective-config.json,2286,1d310e21abca5fc8d65ec65c0557250fcfe03a8d192e7f407c7ef5ada7aae4a6
config/production/eval-heavy-fifo-e1083/run_crn-stream-manifest.json,5826,8dc8a6609ad91eda005192f74a2fb640fbeb628114f40cd0171f996df51aad0a
config/production/eval-heavy-fifo-e1083/run_effective-config.json,2286,154f895eb70e7d3b18bfa496c141b889432aaa040b54324469d1ab700c918d55
config/production/eval-heavy-fifo-e1084/run_crn-stream-manifest.json,5844,6e4237534629f62a0a7f56588677cc296c77845a393aa5d7bef8d8e0bf1beac2
config/production/eval-heavy-fifo-e1084/run_effective-config.json,2286,32ce4377ab74fbd83e216ec0ebf5e5de3c8e6137f268dd81931584992a4ffeb2
config/production/eval-heavy-fifo-e1085/run_crn-stream-manifest.json,5813,d2cdb75d236780d25c136fcf0881d8731e82bf68e06e6066e73ad7a817079606
config/production/eval-heavy-fifo-e1085/run_effective-config.json,2286,b7f0a6a45056d4c1ceb2e3276a9ba7568e2f171ccc14abc20de00b77c70083d8
config/production/eval-heavy-fifo-e1086/run_crn-stream-manifest.json,5816,3770c73146c9f79fc3aee1c355db819a9fbad6aca8bd6f9c6457223119001328
config/production/eval-heavy-fifo-e1086/run_effective-config.json,2286,b7bb00127b3ce98e50ea127f59dc63f5598b229bc230b58e0410be1d47f956b6
config/production/eval-heavy-fifo-e1087/run_crn-stream-manifest.json,5829,d20860c931742529e8664adab07b32b16b16459fd9ef6152efed4f5765b1aab8
config/production/eval-heavy-fifo-e1087/run_effective-config.json,2286,17d07d5eb3e28166af5979a72cc06146e94ce14dbcacbf6d6daf94bd2f0b253e
config/production/eval-heavy-fifo-e1088/run_crn-stream-manifest.json,5830,e0b5cb2f031bba330308fb618acf6e0ea553a2292e3444dad19660be77380c51
config/production/eval-heavy-fifo-e1088/run_effective-config.json,2286,3ab8f72053b3ed705810e0a52b1133dad8fc0de967787231757489f061ba1786
config/production/eval-heavy-policy-e1001/run_crn-stream-manifest.json,5819,06a845d51b0ae18e7a4fa7d0f9d7f1b127db308bc783b036dc1a235278c7b81d
config/production/eval-heavy-policy-e1001/run_effective-config.json,2312,715d712984817e1d8ae257da56c51cfaa77e722b94bc8508ff2de2564a7d1f0f
config/production/eval-heavy-policy-e1002/run_crn-stream-manifest.json,5816,f46e5bfa40fd099d5b0af4b5a66ed3ce171af088c0029a364ca045097df61895
config/production/eval-heavy-policy-e1002/run_effective-config.json,2312,195c3a3f4b11c5db9afcb6c0d01103526a5e2baecb5e93a98f7c4527d79e5293
config/production/eval-heavy-policy-e1003/run_crn-stream-manifest.json,5827,e863ebd8711ff01a12e11e1c9126480593aab1ff95208c87f02cdc86fc9545db
config/production/eval-heavy-policy-e1003/run_effective-config.json,2312,c97bff03bd56c82fa935e11493836e67ac7099373183d2fdfb262eca872b1259
config/production/eval-heavy-policy-e1004/run_crn-stream-manifest.json,5840,4305f640292d184d18e895bb8346b9f4f493953689703d7c003761d9a578be59
config/production/eval-heavy-policy-e1004/run_effective-config.json,2312,ba9c51e098252d9650ffec6de924ddfefeb772470396c3263b2014918101b588
config/production/eval-heavy-policy-e1005/run_crn-stream-manifest.json,5826,b90eb5e2303721a18110bbb8483f5686bc509627c34c139d5bd061bd0e1782d6
config/production/eval-heavy-policy-e1005/run_effective-config.json,2312,e1fbce761d1d4ebfe7a3b9b4033828c62cb6145b71ea245afacb22427d299095
config/production/eval-heavy-policy-e1006/run_crn-stream-manifest.json,5835,93dcb1472bececb741c90455b89815fb7ae18c1286fdb70fce6c5e67b1dfc8fb
config/production/eval-heavy-policy-e1006/run_effective-config.json,2312,6c3f588496cd2cc29828e63c8edabe189d973de1a43a8c6ac6924947d1442695
config/production/eval-heavy-policy-e1007/run_crn-stream-manifest.json,5829,90dc6c81f6169b569f3358cd4f24fe1a62c7cea25eacb1084d4754db7c049542
config/production/eval-heavy-policy-e1007/run_effective-config.json,2312,d688f5774ce24693e46ca75fedd6540d647734c4ab61bafd06d91ec12183f0d0
config/production/eval-heavy-policy-e1008/run_crn-stream-manifest.json,5836,bf099660fcaac0bcce478c406e3c8c875384e12f691ac58d3dcd79e78c25eacc
config/production/eval-heavy-policy-e1008/run_effective-config.json,2312,812e8a7fbd4eee374a71d96bdd6c5bab676d34ce5009a30bc61329043e850a6c
config/production/eval-heavy-policy-e1009/run_crn-stream-manifest.json,5816,1d53f14b8ccc035e7e1fbaee0fab619753fb410e0fdfe144d5b8eb31e1dbf82b
config/production/eval-heavy-policy-e1009/run_effective-config.json,2312,3a0f0485841fdb98749e7540344d9300238306420d5e972d8b134e0d311c7d26
config/production/eval-heavy-policy-e1010/run_crn-stream-manifest.json,5825,9badd8ce0931cc336d8f7cf47674e57abd9eaef8b7117841f1afbc011eb65670
config/production/eval-heavy-policy-e1010/run_effective-config.json,2312,df6973d550b6bd676811b77ef77c8f1781add2353d205d53d52b1ea9f0234956
config/production/eval-heavy-policy-e1011/run_crn-stream-manifest.json,5822,39c58e7946f94ae80130d6e9fbddf459038b6cb7242c43c06b2861769ed8ffc0
config/production/eval-heavy-policy-e1011/run_effective-config.json,2312,8864c7f593c0facb07e80a54af1a14e351e0a29107003b72e3a7058156064168
config/production/eval-heavy-policy-e1012/run_crn-stream-manifest.json,5833,692b41d809e6902e8e40c7bbbc39fc218a7caaeef40735e2464ecc2268f6b6fc
config/production/eval-heavy-policy-e1012/run_effective-config.json,2312,2df52076a29d3505ecfc7f233c500c36ae472af0c5f1a2d43820722e05577a2f
config/production/eval-heavy-policy-e1013/run_crn-stream-manifest.json,5833,8b6afdaff1d75587c0399aac4e75112eb9634809a8dddfb47456100c3223d889
config/production/eval-heavy-policy-e1013/run_effective-config.json,2312,9a3da79cc58999dedb7e2967c8c29bec816b301ed3ebc8c84ddd2050cc7ad175
config/production/eval-heavy-policy-e1014/run_crn-stream-manifest.json,5812,c99e9397c66d6395d9ae9bab77ca35d10a3db09643f5d6b66d8f93d17c356a47
config/production/eval-heavy-policy-e1014/run_effective-config.json,2312,5feeb6e3d7a6099749d5e5e033e4a6461ab1710479be472a6dc5afe0aabbb24a
config/production/eval-heavy-policy-e1015/run_crn-stream-manifest.json,5838,6912d6a49947875445b6dcc2fea4a52338b75acf04ea45b8db59636bd7532137
config/production/eval-heavy-policy-e1015/run_effective-config.json,2312,b1dabd65b76eac2d89e21dfca83fef1a816b5ad1af5f241efe91a93517285723
config/production/eval-heavy-policy-e1016/run_crn-stream-manifest.json,5828,75f9e00079340b0663e05e309514c2f07c92b88676eb22110412cbf2e7d4a98d
config/production/eval-heavy-policy-e1016/run_effective-config.json,2312,4098f1918da1068422d01f42d59e1b47ca6d5860240c35d720591ab9dd488aa5
config/production/eval-heavy-policy-e1017/run_crn-stream-manifest.json,5812,5498f670f28303a7c5098f05533368325f69b06f5d77f1050275cfa2a66687aa
config/production/eval-heavy-policy-e1017/run_effective-config.json,2312,5ac49fb910f98ebb4f22210ae3d431591fe3d50770ae42f6fab7cdde96819ac5
config/production/eval-heavy-policy-e1018/run_crn-stream-manifest.json,5821,a10ce06382d0b59a5d9ba0701fd19dcba60354f9b5659a7485ff739edfe5d08b
config/production/eval-heavy-policy-e1018/run_effective-config.json,2312,559984c0cc0e5f1c70ddec632245a627d95374fe5cb39ae44528767f2c40e3f7
config/production/eval-heavy-policy-e1019/run_crn-stream-manifest.json,5821,aae7cdd2062897c29fdb7bb8733c87ec3b29888713affce83ed0de2ed21ab824
config/production/eval-heavy-policy-e1019/run_effective-config.json,2312,96ba87f38855f49a64562d39c2a76d98b2be70074d3fe32ef2f4d9e8add05392
config/production/eval-heavy-policy-e1020/run_crn-stream-manifest.json,5828,bd3f5cfdd250d855b3dc2a9b9c68fd5b4466ae1dbbc616852be218c7add8552e
config/production/eval-heavy-policy-e1020/run_effective-config.json,2312,2d7eebd7aec1f0866fd6404559a2eaef2aa33927bb49a7085385075d9dcf2e25
config/production/eval-heavy-policy-e1021/run_crn-stream-manifest.json,5822,ad8cc9650ac941f8a4d1a3dbd4adfece280fc5eeefeb9941504169172104d1e9
config/production/eval-heavy-policy-e1021/run_effective-config.json,2312,17afad164ea0c378ea09273dffd5b7eaf4248542aa20002a32bf302db08ca31c
config/production/eval-heavy-policy-e1022/run_crn-stream-manifest.json,5826,c81e11d37d14cf6909116ec84ab646184521bf5583ea2d5de15ac0dd5252199e
config/production/eval-heavy-policy-e1022/run_effective-config.json,2312,a37084792093b05c7b28d16d58167611336de0644804bcd3e54c71cf04015eb3
config/production/eval-heavy-policy-e1023/run_crn-stream-manifest.json,5826,d681d5257edcabbbd0b97b21ee50b1910df7b0e21f915aa6501c32e13f3dd3ca
config/production/eval-heavy-policy-e1023/run_effective-config.json,2312,75cfb714de0c8735e6d16b89a4056df37d6673e45f9dae556468cc49acd6e2ad
config/production/eval-heavy-policy-e1024/run_crn-stream-manifest.json,5830,3317366da5222ae6b92e3261365752e7957e59b07cb88e818310fce84a2ececc
config/production/eval-heavy-policy-e1024/run_effective-config.json,2312,2f7c051c5c29ec2f43b5524b38124c9f88a6fea6626e720281705d5b4d19017c
config/production/eval-heavy-policy-e1025/run_crn-stream-manifest.json,5830,a2ce7606495e3336afc7e5feb14f417269491573fea3c8dbded3fe51a1b9d96f
config/production/eval-heavy-policy-e1025/run_effective-config.json,2312,98fe44e9248a39ba5b8ea7a91ce516c2063313f189ab9c8d7d20591cee4772c6
config/production/eval-heavy-policy-e1026/run_crn-stream-manifest.json,5830,cc3a0c3b250fc96b8c10fa3ca9858502df77ab9ce7778f90c01a4d7f06f4a5c3
config/production/eval-heavy-policy-e1026/run_effective-config.json,2312,1952262333a760f1119f1b3abfb0ee6bb6c0edb0a4cfa5e2fde521dbb8e05750
config/production/eval-heavy-policy-e1027/run_crn-stream-manifest.json,5830,75c728415d2b0b40c784f11cfa6b28cb156ceb62274a4e7f9abe2a020b8f65b4
config/production/eval-heavy-policy-e1027/run_effective-config.json,2312,0a1407f814bf4f68fc681ff21f0ba1a1183e264562759a64ea06e01046dad3b0
config/production/eval-heavy-policy-e1028/run_crn-stream-manifest.json,5822,d7415a1461af9acf2638f923f06d158a4c8c98f4a70ac9869482bb83610bf80d
config/production/eval-heavy-policy-e1028/run_effective-config.json,2312,636446b26f4a910565fdef22c0e0c98b132b14820bdd4dc316cc0d0c4b7efafc
config/production/eval-heavy-policy-e1029/run_crn-stream-manifest.json,5820,b56673aaae6c4da01c701accbb13420eb289bb4e24510428c32e0725fe6777bf
config/production/eval-heavy-policy-e1029/run_effective-config.json,2312,371eacd0b106179e924b3b0ddc796fbb4242de10be12f8a9907fd69a09cd4501
config/production/eval-heavy-policy-e1030/run_crn-stream-manifest.json,5817,8940920e01d95821f3b2b57f6b3c745d1aa9554611e9350d220aceba938eae02
config/production/eval-heavy-policy-e1030/run_effective-config.json,2312,4a78dcb3bddd6f657a7e639fb6d4b9590929d38cf1ee9739e0925f48481998d5
config/production/eval-heavy-policy-e1031/run_crn-stream-manifest.json,5823,703c611e60d808d7acee5ba14c197e456ac4ac989ef4dd1807984e5b31af4cdd
config/production/eval-heavy-policy-e1031/run_effective-config.json,2312,22f8e54a5b70bb36bd318ca6afd5c1be2c5558799b70b3b2e8ab22c631b1de39
config/production/eval-heavy-policy-e1032/run_crn-stream-manifest.json,5827,84e19b83393c9fe7630fd38b5ec110d1e4fa277f1a27acfc7ab4a3dc375a8218
config/production/eval-heavy-policy-e1032/run_effective-config.json,2312,a2d6964f806e7fd2146a0e93aba02e49aa4da4450e5aee87736aa00cbd163d4e
config/production/eval-heavy-policy-e1033/run_crn-stream-manifest.json,5826,3bedef6f1e436591f8a3ac291a38ebe47f50839f59a8ab13f4ff8535b63216b2
config/production/eval-heavy-policy-e1033/run_effective-config.json,2312,88f9f2a299d7a2f2ff7a1b7bf2f0c9539fd555987eb88c1b11d1e4c415f90235
config/production/eval-heavy-policy-e1034/run_crn-stream-manifest.json,5823,d787272f75fdbe6d33b04bf4a465bf33fa7058b27a2269aff923d83d8aa02c6e
config/production/eval-heavy-policy-e1034/run_effective-config.json,2312,315db854a20007133297790945991686cf29abf447afa2cdfc930b42c5e518af
config/production/eval-heavy-policy-e1035/run_crn-stream-manifest.json,5827,d697482302035b5c0b6143fac5193b5adc0946b26fceb6f22db37193fef24b30
config/production/eval-heavy-policy-e1035/run_effective-config.json,2312,ed0f58065415045c86f086d3cbd9a34127d50990dd32f7d8d88c27ac3a41082f
config/production/eval-heavy-policy-e1036/run_crn-stream-manifest.json,5826,7269e91f600b3e19563eb569f4f8d0a86ae3349c93f8ebc3577878b48116af62
config/production/eval-heavy-policy-e1036/run_effective-config.json,2312,ec6a67286473c70b0ce652074e2910472b788d7169098b964ca4262f506b79f5
config/production/eval-heavy-policy-e1037/run_crn-stream-manifest.json,5815,a5b0dd5991f12f896fcbcc76c1557d3c10f9bd2d8df371724f382b1d6cbffdca
config/production/eval-heavy-policy-e1037/run_effective-config.json,2312,f7aed14c93a35ac7eaa015e5328063e7f131fdc96e1b4375d4288a030768ec1c
config/production/eval-heavy-policy-e1038/run_crn-stream-manifest.json,5835,8398795f5130fb247dcdd1d63b47cd6a7d610155d10fbd4561b491c22948decc
config/production/eval-heavy-policy-e1038/run_effective-config.json,2312,31c949be31a891e5f306d8a0b4e5f6f7712581a6be506d9f4b348aecd99cde96
config/production/eval-heavy-policy-e1039/run_crn-stream-manifest.json,5834,0695c50dd590c6855feffad0dcad19d8861b86feab8ce06c00c5ef8c0ed5278b
config/production/eval-heavy-policy-e1039/run_effective-config.json,2312,3d3d82355aabf66f59d0b6736ce4470d942920ea1ea3ec3b58f23a4d7bd85e08
config/production/eval-heavy-policy-e1040/run_crn-stream-manifest.json,5831,e3377da3d1481562675e40221fc87ba63997611f9eb4b661af26f1bc053af33e
config/production/eval-heavy-policy-e1040/run_effective-config.json,2312,bf4a249ff11551f52680fac818bfe131d0d75830b5ac001520b2e983e3599e44
config/production/eval-heavy-policy-e1041/run_crn-stream-manifest.json,5825,c1dc1febbcb2e09abacc4bb8ccbf545e424efe66c4d0e491c7cdf5862bd719a9
config/production/eval-heavy-policy-e1041/run_effective-config.json,2312,636e68357b98c6f89ff9cb038847d412d02493a750a6a7fbe30c3447442dd39f
config/production/eval-heavy-policy-e1042/run_crn-stream-manifest.json,5822,df38a42ecbd88d862258c7225f7e1e67f9d4af3167745d1b0f16f6e6d8601596
config/production/eval-heavy-policy-e1042/run_effective-config.json,2312,a0e25a6e38180cb752f0853881d7a703b678a32e17cfe9df519375b822a1d018
config/production/eval-heavy-policy-e1043/run_crn-stream-manifest.json,5828,721501558c2572976127fd1bbc1d88e983698fcba59bf3c80e43984be90b7405
config/production/eval-heavy-policy-e1043/run_effective-config.json,2312,34451ba4446dc68c206006dfad97042c2bf36aabca5190856649066d7d48da8b
config/production/eval-heavy-policy-e1044/run_crn-stream-manifest.json,5813,898c4d111d1246c50f917e87d5e613f1991b9816237b95a3c8c03a6fbded1135
config/production/eval-heavy-policy-e1044/run_effective-config.json,2312,1b0f69c12caf2b2a13a4cb558cb386e060744cfc7aa0add32a828ea7f024807a
config/production/eval-heavy-policy-e1045/run_crn-stream-manifest.json,5820,f5adf106123fd0df253c9c95594b772d565ee62adc73d0a0479960246fa5abce
config/production/eval-heavy-policy-e1045/run_effective-config.json,2312,f4ea77f6fc825829ff7395a771fe9eea4080386168781bad16da9283e82722d7
config/production/eval-heavy-policy-e1046/run_crn-stream-manifest.json,5841,cc818d0105a5f5e99e69cf0561dc3ec3c22bd1ebb12a1556f45f72a68eac39b2
config/production/eval-heavy-policy-e1046/run_effective-config.json,2312,c08818d55b37d18a92682cc6501a1e5c2f743da299a6b6a718cbcd211f875363
config/production/eval-heavy-policy-e1047/run_crn-stream-manifest.json,5836,d7772dc9c79618c51bfede3aac719e1aadf333c7e67143968267eee1dd65ecaa
config/production/eval-heavy-policy-e1047/run_effective-config.json,2312,bf02cf0a9f1e4f8ea9277937802705f732ebc91bf3b2327c15012a4cb8050d1e
config/production/eval-heavy-policy-e1048/run_crn-stream-manifest.json,5823,a16d52ad5b650886bbbeece92df2397974220293da6a2f77612efab9b841390d
config/production/eval-heavy-policy-e1048/run_effective-config.json,2312,f02467f08da63f4f5870f1f77d6b7bbb7d8550261298e588579566651e2f65c8
config/production/eval-heavy-policy-e1049/run_crn-stream-manifest.json,5831,c3f62dae0e5a8368ba12c2dc46eff575f1c74f7ba55951995c092d40ae904bac
config/production/eval-heavy-policy-e1049/run_effective-config.json,2312,efb9542e21e55aa669f8ddee5bed8b0d20dd6add31af460e2e94b184afb4d997
config/production/eval-heavy-policy-e1050/run_crn-stream-manifest.json,5821,325f0c4a612b175476d3b2363ab78618390ed6e0be17c361ae831211d05e22c6
config/production/eval-heavy-policy-e1050/run_effective-config.json,2312,1d2ec04896fa1d33e205c54858f6349265ad6db2daef0a3acd374349465d40b8
config/production/eval-heavy-policy-e1051/run_crn-stream-manifest.json,5817,8decd1af52df7e98c58c5653283fafaff6ff43b4e428e4f53224d635f2eb2d84
config/production/eval-heavy-policy-e1051/run_effective-config.json,2312,9d2a2b9feddd23eb18758cd0abbef804676b6a709d7a6c16d9fdb906cfa29f09
config/production/eval-heavy-policy-e1052/run_crn-stream-manifest.json,5820,316c0dd665eefbcacef8ba9142451beee583a0de99bf29bd7979cdc4406709ca
config/production/eval-heavy-policy-e1052/run_effective-config.json,2312,b4ba46c34d2a7d80f09c6063437ede9d74bd4d41e81ac4e5ddf971a545008f5a
config/production/eval-heavy-policy-e1053/run_crn-stream-manifest.json,5823,2bb5085fdd1ce4d3400d0d8ce046030b9d7642b378264385b2fc1c49fca2f056
config/production/eval-heavy-policy-e1053/run_effective-config.json,2312,042f89bf5632e2a6293d48c755e6f1f210e6cba4a3209573c814801ed8f8a648
config/production/eval-heavy-policy-e1054/run_crn-stream-manifest.json,5836,8f3bb66b22d9bd009f17a8e0d42a5be03c3632d5c7be941a878c326e536118e0
config/production/eval-heavy-policy-e1054/run_effective-config.json,2312,fc79f7db233dc2b0b15986d048f784b947f00396f66778167face6857d25bce8
config/production/eval-heavy-policy-e1055/run_crn-stream-manifest.json,5824,fa6a759d2984b639ca9f9c83213706005262e0a8275c2ff95042267587a721cc
config/production/eval-heavy-policy-e1055/run_effective-config.json,2312,974755a9a8b4308d73aa0e23bc74709e05b6c25afb001b672ff8beb1c18b5826
config/production/eval-heavy-policy-e1056/run_crn-stream-manifest.json,5827,e7f41a9c3af1e34f9e54d82845ce579886fae4c3ecbf46e11f6556884d13f506
config/production/eval-heavy-policy-e1056/run_effective-config.json,2312,1224795d675f491c6342416243de835562e55981ec4a55c46c1b9ce103adfa88
config/production/eval-heavy-policy-e1057/run_crn-stream-manifest.json,5821,9adffc80967251faf380ccee82925f6e12cb9b7dabaa1fbbe11dfc2a14384a71
config/production/eval-heavy-policy-e1057/run_effective-config.json,2312,4643c5621e11c33a07a4d388abc418792458c77aabca94af5ae5f887856b67c9
config/production/eval-heavy-policy-e1058/run_crn-stream-manifest.json,5822,d29bccbf1f03e87726a4a68d6a651fbb8a9007f44db58cbc7d46c80354f9be5e
config/production/eval-heavy-policy-e1058/run_effective-config.json,2312,e0365b3ac8c77db2076d560f1c1c41ac492967969cf588a661ba7cedeba1a747
config/production/eval-heavy-policy-e1059/run_crn-stream-manifest.json,5822,8a14ae08762e32ecc56ca4f8a633c14fe8716e5431edced31d962c622fda0642
config/production/eval-heavy-policy-e1059/run_effective-config.json,2312,596b75a9242c1a2ecacbcd5f611b488d1cdd370f48d748884d096834c5385763
config/production/eval-heavy-policy-e1060/run_crn-stream-manifest.json,5833,0ed881e6c59bd158ff616b6d2b3de009eb0112e01300a65c0e577ab5d348b6e3
config/production/eval-heavy-policy-e1060/run_effective-config.json,2312,b9c6377d03e2157ab3a3658424427bf172a3663e468967d5b743aa4fb0c9c24c
config/production/eval-heavy-policy-e1061/run_crn-stream-manifest.json,5826,09dca8e8e2256a36018dea66ed4c4a3973a03887785a05d9067b229457eef80d
config/production/eval-heavy-policy-e1061/run_effective-config.json,2312,71bffe37bd78a535b9b5bd906a08805637157cbdbfc5db228bdff6417d75b3e8
config/production/eval-heavy-policy-e1062/run_crn-stream-manifest.json,5819,cf1ebd32aa4a4476653c592e81f993a6edd2d23a305cced5674080b346b90548
config/production/eval-heavy-policy-e1062/run_effective-config.json,2312,de2b1030f49c307650c66d103a148d7636046a852fdc2ffb43cc5953f7d0bab4
config/production/eval-heavy-policy-e1063/run_crn-stream-manifest.json,5819,1bb65dacfdf64cfaf1015d0e8b7d138cc77e32a4d442b21bf8985e49eb9ebbc2
config/production/eval-heavy-policy-e1063/run_effective-config.json,2312,a8e57dfe62e7cf4fb36a9fbb00bd5259283332a7437abea1e947fbc017c48a04
config/production/eval-heavy-policy-e1064/run_crn-stream-manifest.json,5828,4b2f1e5e6271702c9e2bd24d6f46603a3e1f02c42fdc478410a3f52a8a968a1e
config/production/eval-heavy-policy-e1064/run_effective-config.json,2312,3378f955747fe154d007d847d42e347fe2a61406ebe39d62bcf601a7fd3eab22
config/production/eval-heavy-policy-e1065/run_crn-stream-manifest.json,5839,abb176ce2336edf047662aa7661510e12f8ba75ab862e6b4f3d33446e528ab4a
config/production/eval-heavy-policy-e1065/run_effective-config.json,2312,dcf2a12f0c072cb06f008fdeae72361d3b8059769a9119003dc0685fdc52db1d
config/production/eval-heavy-policy-e1066/run_crn-stream-manifest.json,5826,2dd9cb7e783ff2f8ee05b462386045b6d91c99f48cd954f12bad826bf9ea9b6f
config/production/eval-heavy-policy-e1066/run_effective-config.json,2312,e5c3c38549bf9b75033107d6f2516778898012ba5acbeacbbf21701d66c92077
config/production/eval-heavy-policy-e1067/run_crn-stream-manifest.json,5827,8ea6ecf382ba924dd6656aae351e22bf8633de421af56b365f02cfac0f62e805
config/production/eval-heavy-policy-e1067/run_effective-config.json,2312,b6e6c6da71c3de91616520d2c624a58195e70a34964245442130faa2082a8982
config/production/eval-heavy-policy-e1068/run_crn-stream-manifest.json,5835,5587e2fc510f4c0a05b8f2c2b5d50d2a97cf2b8661ff9698c635d0f69cf19816
config/production/eval-heavy-policy-e1068/run_effective-config.json,2312,3005d5d190092cd8d888382e6286e5084f8281b4a20fb2063df8623b1c0d0385
config/production/eval-heavy-policy-e1069/run_crn-stream-manifest.json,5818,a845cdfb91e745aa457dae62788ecfb4063b7365de46c85787d7c58c5ce358fd
config/production/eval-heavy-policy-e1069/run_effective-config.json,2312,b9aab2914d0dcb30cc867d67c446dbdb689e13b8ec8bf9158b753c5f8b5eff34
config/production/eval-heavy-policy-e1070/run_crn-stream-manifest.json,5820,2621bb0d466af573ae553034e5324846d7831f875271855e038869bf73d782f9
config/production/eval-heavy-policy-e1070/run_effective-config.json,2312,5455b19302d0320de494b12cd2cfc3c543ee53ba0c063814a6afbecd31551925
config/production/eval-heavy-policy-e1071/run_crn-stream-manifest.json,5812,3c2476ed650025f34c9c8d42974219088d4e5ce7c0b85f5838c6adb84a57c1e6
config/production/eval-heavy-policy-e1071/run_effective-config.json,2312,bc979e4a16c97db91cec3d17a21e5eaa1d9165860a83a2be3def6b8538b9bd22
config/production/eval-heavy-policy-e1072/run_crn-stream-manifest.json,5825,20d7f796c3000fba02e2f0af77158d52eb5605d15a57dd5265acdae47ef011f6
config/production/eval-heavy-policy-e1072/run_effective-config.json,2312,a9a34823290e16468e3c7d507a5c07b64fefcc6f5ba6302a39ae7f3f3d412122
config/production/eval-heavy-policy-e1073/run_crn-stream-manifest.json,5817,12a4e61230c93ad04ba9c05ffd94ea09ed819117faed1c2c6bb7d6afff203ce0
config/production/eval-heavy-policy-e1073/run_effective-config.json,2312,b7ab1454f44bb0a2e75e34392bd85fe417e2fc54a554dbc04dcfa2952ff10920
config/production/eval-heavy-policy-e1074/run_crn-stream-manifest.json,5826,d7fcbf21bcaa88756871a4fbf7c1aa3a66f118285f7c9fc8e406dbbb5322026f
config/production/eval-heavy-policy-e1074/run_effective-config.json,2312,48f08e83638432bed16173e4594566f076937cf2c39493d1f9de2023e68a1e31
config/production/eval-heavy-policy-e1075/run_crn-stream-manifest.json,5824,a165b22a1d78f680377765ba463d81b822ab28bb7b75a7274fb77a597728e06e
config/production/eval-heavy-policy-e1075/run_effective-config.json,2312,bd93917b2dcb5716e5a45934803b4c35ba8aa340508802fed38b8c5df032da21
config/production/eval-heavy-policy-e1076/run_crn-stream-manifest.json,5819,0b11dea01809352dd57af8cdd7ed3ee117ecacde98afc4725075ca6359432955
config/production/eval-heavy-policy-e1076/run_effective-config.json,2312,79c14a069829d76b6e92b397103bb7046679a0e67c3b9cf9ca8041e6029c9797
config/production/eval-heavy-policy-e1077/run_crn-stream-manifest.json,5820,3b4af6393a92e290964d78f19d5b1167cf999fe77da0c4dce591fb00c0960d3c
config/production/eval-heavy-policy-e1077/run_effective-config.json,2312,b4a30836bfce219d561c49f8d89d94a0e2b36c800dc4426c0140d2cf906a5542
config/production/eval-heavy-policy-e1078/run_crn-stream-manifest.json,5832,cc380b5c383f78f407afdeee3c1c5cc43b3fe99cad4ee0c3addc6c5b33cb0635
config/production/eval-heavy-policy-e1078/run_effective-config.json,2312,26e41fe6fb9072d03d09a62cffc7bc9bf2b33e3506a9324b6cbf3e9aa0ff9474
config/production/eval-heavy-policy-e1079/run_crn-stream-manifest.json,5822,c9d455d3f9eecac6c3218dc8c053bc1b9484be827f5fba087e6ccc69e8c4b4c0
config/production/eval-heavy-policy-e1079/run_effective-config.json,2312,3b66d8be14bd80bf5c8fff2eaeadbb4a536deb71808a3d554e12ab043074cdef
config/production/eval-heavy-policy-e1080/run_crn-stream-manifest.json,5824,88f1fc30ef761ae681b1ad0042ace558e01fb2d177c25d6249ae3bc864fe9402
config/production/eval-heavy-policy-e1080/run_effective-config.json,2312,9db8854c01244ec22aff0b7b9d4131c1463d8b717839c58f2d4c6fd005093192
config/production/eval-heavy-policy-e1081/run_crn-stream-manifest.json,5822,d8ac46bd6fd91f2f8d7bc27a898417a7d97b97bbad81ec8ee967b84cbc227fb9
config/production/eval-heavy-policy-e1081/run_effective-config.json,2312,c3db665a850be67d3e1c02ab7ab9bd2fbbca4d8606dd948dc762ec7945736feb
config/production/eval-heavy-policy-e1082/run_crn-stream-manifest.json,5832,89e80c23a0f737dd8ecf5991c14473fd64e4ff050957afd88dcf531518d894a3
config/production/eval-heavy-policy-e1082/run_effective-config.json,2312,e25d3c0c538c6664c5817d7b584627c1cd0b91d0287dd2c901da80e92de46d51
config/production/eval-heavy-policy-e1083/run_crn-stream-manifest.json,5826,8dc8a6609ad91eda005192f74a2fb640fbeb628114f40cd0171f996df51aad0a
config/production/eval-heavy-policy-e1083/run_effective-config.json,2312,385eee1b742d6e12b93d3841c4e4967aca0b928ae436d9d7c6f1f2de44c44c9c
config/production/eval-heavy-policy-e1084/run_crn-stream-manifest.json,5844,6e4237534629f62a0a7f56588677cc296c77845a393aa5d7bef8d8e0bf1beac2
config/production/eval-heavy-policy-e1084/run_effective-config.json,2312,bd1d7fffd2fe5181a6b007866f647d7156e4fa137febef69c3bc0f3071cf1db9
config/production/eval-heavy-policy-e1085/run_crn-stream-manifest.json,5813,d2cdb75d236780d25c136fcf0881d8731e82bf68e06e6066e73ad7a817079606
config/production/eval-heavy-policy-e1085/run_effective-config.json,2312,471ff2f804e21de04f2b01faf1185276138da9c2d03df8ab9f44cf846d71dcd0
config/production/eval-heavy-policy-e1086/run_crn-stream-manifest.json,5816,3770c73146c9f79fc3aee1c355db819a9fbad6aca8bd6f9c6457223119001328
config/production/eval-heavy-policy-e1086/run_effective-config.json,2312,a737c8a730c96394b2d5fb21c13357353b44fd50a256081b1e8bf49650a0c79d
config/production/eval-heavy-policy-e1087/run_crn-stream-manifest.json,5829,d20860c931742529e8664adab07b32b16b16459fd9ef6152efed4f5765b1aab8
config/production/eval-heavy-policy-e1087/run_effective-config.json,2312,d492c5f6a4170df8b170224a109b443842e983e4c71ab1ad3e3ac0dd72b33bd0
config/production/eval-heavy-policy-e1088/run_crn-stream-manifest.json,5830,e0b5cb2f031bba330308fb618acf6e0ea553a2292e3444dad19660be77380c51
config/production/eval-heavy-policy-e1088/run_effective-config.json,2312,99940cfb103d6198e9aa925c29831fcc8b6b55d00352af3b43b8851013904b45
config/production/eval-low-fifo-e1001/run_crn-stream-manifest.json,5819,06a845d51b0ae18e7a4fa7d0f9d7f1b127db308bc783b036dc1a235278c7b81d
config/production/eval-low-fifo-e1001/run_effective-config.json,2286,b13feab0b15338705dc20fe8d85bf5940f792abc616004ef8ba661ddf30d0fb7
config/production/eval-low-fifo-e1002/run_crn-stream-manifest.json,5816,f46e5bfa40fd099d5b0af4b5a66ed3ce171af088c0029a364ca045097df61895
config/production/eval-low-fifo-e1002/run_effective-config.json,2286,d1126d46cfdbe044163a4a62b67e59da90bb15d0358eb5bbe486efbd4afbd6e2
config/production/eval-low-fifo-e1003/run_crn-stream-manifest.json,5827,e863ebd8711ff01a12e11e1c9126480593aab1ff95208c87f02cdc86fc9545db
config/production/eval-low-fifo-e1003/run_effective-config.json,2286,ff9788ee06bb7a3089a60cc5c28a90a32e11a999d1dc28613fe1341267250b6f
config/production/eval-low-fifo-e1004/run_crn-stream-manifest.json,5840,4305f640292d184d18e895bb8346b9f4f493953689703d7c003761d9a578be59
config/production/eval-low-fifo-e1004/run_effective-config.json,2286,7c7c36346e8fae99467ecb3410a44d63dc1406be126f16f6f41e7b7fe6ef0c05
config/production/eval-low-fifo-e1005/run_crn-stream-manifest.json,5826,b90eb5e2303721a18110bbb8483f5686bc509627c34c139d5bd061bd0e1782d6
config/production/eval-low-fifo-e1005/run_effective-config.json,2286,a2a2b4c7cd65d313c2ff6cdea17bbcc98c893dcb0c57bfe19bc671d0afe654fb
config/production/eval-low-fifo-e1006/run_crn-stream-manifest.json,5835,93dcb1472bececb741c90455b89815fb7ae18c1286fdb70fce6c5e67b1dfc8fb
config/production/eval-low-fifo-e1006/run_effective-config.json,2286,7bcff20d8505db2ce8ebee436b336f232358524d5e8fa491bad450d4469365c6
config/production/eval-low-fifo-e1007/run_crn-stream-manifest.json,5829,90dc6c81f6169b569f3358cd4f24fe1a62c7cea25eacb1084d4754db7c049542
config/production/eval-low-fifo-e1007/run_effective-config.json,2286,282fa762930d52e98a07e1607954f3d2da247b89e6f74280f83940464d46c21c
config/production/eval-low-fifo-e1008/run_crn-stream-manifest.json,5836,bf099660fcaac0bcce478c406e3c8c875384e12f691ac58d3dcd79e78c25eacc
config/production/eval-low-fifo-e1008/run_effective-config.json,2286,e7002fee83aee1ed145bcf9d6566ad5ddb694ce4f2e9b273f61380345b0097a4
config/production/eval-low-fifo-e1009/run_crn-stream-manifest.json,5816,1d53f14b8ccc035e7e1fbaee0fab619753fb410e0fdfe144d5b8eb31e1dbf82b
config/production/eval-low-fifo-e1009/run_effective-config.json,2286,9b989c83ea2b83741eff0eb8eded71fa5a6b7c2fb946403c1985e0c5bb389836
config/production/eval-low-fifo-e1010/run_crn-stream-manifest.json,5825,9badd8ce0931cc336d8f7cf47674e57abd9eaef8b7117841f1afbc011eb65670
config/production/eval-low-fifo-e1010/run_effective-config.json,2286,60062ee38661bde1fea98d4fa944bc8a6d051812435dbf54a182deb3a8647cff
config/production/eval-low-fifo-e1011/run_crn-stream-manifest.json,5822,39c58e7946f94ae80130d6e9fbddf459038b6cb7242c43c06b2861769ed8ffc0
config/production/eval-low-fifo-e1011/run_effective-config.json,2286,ca5244fee22aadcfffa45c3554df8f7700b9005e17ec38b6ad633fa4b185da5a
config/production/eval-low-fifo-e1012/run_crn-stream-manifest.json,5833,692b41d809e6902e8e40c7bbbc39fc218a7caaeef40735e2464ecc2268f6b6fc
config/production/eval-low-fifo-e1012/run_effective-config.json,2286,d2b8c7553ec1e95acc7440a3da5e1583da4e6ee415fa1661cc22f2f937bc7a11
config/production/eval-low-fifo-e1013/run_crn-stream-manifest.json,5833,8b6afdaff1d75587c0399aac4e75112eb9634809a8dddfb47456100c3223d889
config/production/eval-low-fifo-e1013/run_effective-config.json,2286,f589240cdd10bd959ab9bc1430e57f71d7faca7837a7bd45b5ecdd25ef24403c
config/production/eval-low-fifo-e1014/run_crn-stream-manifest.json,5812,c99e9397c66d6395d9ae9bab77ca35d10a3db09643f5d6b66d8f93d17c356a47
config/production/eval-low-fifo-e1014/run_effective-config.json,2286,54d988c8b56f7c28556cd08db14aa5f89ffcec7602c90574b7d7fb3a5c6deab7
config/production/eval-low-fifo-e1015/run_crn-stream-manifest.json,5838,6912d6a49947875445b6dcc2fea4a52338b75acf04ea45b8db59636bd7532137
config/production/eval-low-fifo-e1015/run_effective-config.json,2286,2fa16edb096a7ef424e0ea8c78fb637ea7871492de908c7a6b5f2fce9c78dd2c
config/production/eval-low-fifo-e1016/run_crn-stream-manifest.json,5828,75f9e00079340b0663e05e309514c2f07c92b88676eb22110412cbf2e7d4a98d
config/production/eval-low-fifo-e1016/run_effective-config.json,2286,cdef77d3c68c82369cde4582eb8e69661457ffc2165234e128cad349785c37c4
config/production/eval-low-fifo-e1017/run_crn-stream-manifest.json,5812,5498f670f28303a7c5098f05533368325f69b06f5d77f1050275cfa2a66687aa
config/production/eval-low-fifo-e1017/run_effective-config.json,2286,893553034cd1d0c0dbce5c1a6761e0b71842ae7a45fdcb2c54821fd4f6fd0318
config/production/eval-low-fifo-e1018/run_crn-stream-manifest.json,5821,a10ce06382d0b59a5d9ba0701fd19dcba60354f9b5659a7485ff739edfe5d08b
config/production/eval-low-fifo-e1018/run_effective-config.json,2286,2d7fba43220f4ded16efcb8eede257faac4e0f52c734ef3cafc2497a459e7e00
config/production/eval-low-fifo-e1019/run_crn-stream-manifest.json,5821,aae7cdd2062897c29fdb7bb8733c87ec3b29888713affce83ed0de2ed21ab824
config/production/eval-low-fifo-e1019/run_effective-config.json,2286,6268111513003f835902c2fc4abb70fcd65f03b0422c867b321c081b925e58c7
config/production/eval-low-fifo-e1020/run_crn-stream-manifest.json,5828,bd3f5cfdd250d855b3dc2a9b9c68fd5b4466ae1dbbc616852be218c7add8552e
config/production/eval-low-fifo-e1020/run_effective-config.json,2286,6d10c36dc6d12594bf7fe276198632f9ce415117f6a1d10241fd71bfa7414bc9
config/production/eval-low-fifo-e1021/run_crn-stream-manifest.json,5822,ad8cc9650ac941f8a4d1a3dbd4adfece280fc5eeefeb9941504169172104d1e9
config/production/eval-low-fifo-e1021/run_effective-config.json,2286,df5fb62d3a8aa499798e86ffa6b73407cc10e2f3387f997135aa9ad054afa8cb
config/production/eval-low-fifo-e1022/run_crn-stream-manifest.json,5826,c81e11d37d14cf6909116ec84ab646184521bf5583ea2d5de15ac0dd5252199e
config/production/eval-low-fifo-e1022/run_effective-config.json,2286,3ad7d6e663b6d85f3155b4efa37bf0b13881f522c35a50b9774ee9f021d03f26
config/production/eval-low-fifo-e1023/run_crn-stream-manifest.json,5826,d681d5257edcabbbd0b97b21ee50b1910df7b0e21f915aa6501c32e13f3dd3ca
config/production/eval-low-fifo-e1023/run_effective-config.json,2286,c1653b10042fd10c025a5315791cf0ae333b404b6e11f95931e9cd816616ffab
config/production/eval-low-fifo-e1024/run_crn-stream-manifest.json,5830,3317366da5222ae6b92e3261365752e7957e59b07cb88e818310fce84a2ececc
config/production/eval-low-fifo-e1024/run_effective-config.json,2286,8a7bc3bb01b931571e09d0220fff2b841c2cffb1929adf61d08763dc4af2e787
config/production/eval-low-fifo-e1025/run_crn-stream-manifest.json,5830,a2ce7606495e3336afc7e5feb14f417269491573fea3c8dbded3fe51a1b9d96f
config/production/eval-low-fifo-e1025/run_effective-config.json,2286,b7ce2c17dc1eecaf193efb700ac6ddecfa5b07e3ee4ca7917f76215375b2781f
config/production/eval-low-fifo-e1026/run_crn-stream-manifest.json,5830,cc3a0c3b250fc96b8c10fa3ca9858502df77ab9ce7778f90c01a4d7f06f4a5c3
config/production/eval-low-fifo-e1026/run_effective-config.json,2286,bd8e571d22af89f3be9949533f69abed22d519db34ce80a17cb4768e4c863a57
config/production/eval-low-fifo-e1027/run_crn-stream-manifest.json,5830,75c728415d2b0b40c784f11cfa6b28cb156ceb62274a4e7f9abe2a020b8f65b4
config/production/eval-low-fifo-e1027/run_effective-config.json,2286,8eb4fd763e6f780b500847fefe1e7c7e7782fd2955118d312c89426e04c8e937
config/production/eval-low-fifo-e1028/run_crn-stream-manifest.json,5822,d7415a1461af9acf2638f923f06d158a4c8c98f4a70ac9869482bb83610bf80d
config/production/eval-low-fifo-e1028/run_effective-config.json,2286,e2ed72d1381a7eae77dff322f15173569be6ecb308b0380b02759a5f068e0d58
config/production/eval-low-fifo-e1029/run_crn-stream-manifest.json,5820,b56673aaae6c4da01c701accbb13420eb289bb4e24510428c32e0725fe6777bf
config/production/eval-low-fifo-e1029/run_effective-config.json,2286,a73c4a752a71c7f6833c21429b06be49aba567f1f7521fce8478dbab8c6c20b6
config/production/eval-low-fifo-e1030/run_crn-stream-manifest.json,5817,8940920e01d95821f3b2b57f6b3c745d1aa9554611e9350d220aceba938eae02
config/production/eval-low-fifo-e1030/run_effective-config.json,2286,0df664a7b78a79c02244938756213e18d782a567c72f61030426ecb9a02ba0d1
config/production/eval-low-fifo-e1031/run_crn-stream-manifest.json,5823,703c611e60d808d7acee5ba14c197e456ac4ac989ef4dd1807984e5b31af4cdd
config/production/eval-low-fifo-e1031/run_effective-config.json,2286,bc2c5d1820cb7c2db40868b5bda0f70be051ae13374fc464404fc66484ec88c8
config/production/eval-low-fifo-e1032/run_crn-stream-manifest.json,5827,84e19b83393c9fe7630fd38b5ec110d1e4fa277f1a27acfc7ab4a3dc375a8218
config/production/eval-low-fifo-e1032/run_effective-config.json,2286,a83161dcac828e1af0da2e6abf1c3e24cf2fdc12a3207585ca6115b2121c0bde
config/production/eval-low-fifo-e1033/run_crn-stream-manifest.json,5826,3bedef6f1e436591f8a3ac291a38ebe47f50839f59a8ab13f4ff8535b63216b2
config/production/eval-low-fifo-e1033/run_effective-config.json,2286,9ce985cfd3837735cd153d31636b9b9c8d7dcc15b72592dffd3761d2554ad01c
config/production/eval-low-fifo-e1034/run_crn-stream-manifest.json,5823,d787272f75fdbe6d33b04bf4a465bf33fa7058b27a2269aff923d83d8aa02c6e
config/production/eval-low-fifo-e1034/run_effective-config.json,2286,ef07a7a212af1937539b6cf1350bd018e9c3d5b0d18c5a720f5c9b502b56ed49
config/production/eval-low-fifo-e1035/run_crn-stream-manifest.json,5827,d697482302035b5c0b6143fac5193b5adc0946b26fceb6f22db37193fef24b30
config/production/eval-low-fifo-e1035/run_effective-config.json,2286,b57a23113df549231c19947257066322e92de671030d73267d670134ea19492a
config/production/eval-low-fifo-e1036/run_crn-stream-manifest.json,5826,7269e91f600b3e19563eb569f4f8d0a86ae3349c93f8ebc3577878b48116af62
config/production/eval-low-fifo-e1036/run_effective-config.json,2286,ad217fd12fc6b8f44aa18fd52e9d0323ce118644532fb959ebdc954791b2ff57
config/production/eval-low-fifo-e1037/run_crn-stream-manifest.json,5815,a5b0dd5991f12f896fcbcc76c1557d3c10f9bd2d8df371724f382b1d6cbffdca
config/production/eval-low-fifo-e1037/run_effective-config.json,2286,00fbb74bb0e76c0e3cb0ac11a41031c77d7a8967f8376fef98bbafcb60437260
config/production/eval-low-fifo-e1038/run_crn-stream-manifest.json,5835,8398795f5130fb247dcdd1d63b47cd6a7d610155d10fbd4561b491c22948decc
config/production/eval-low-fifo-e1038/run_effective-config.json,2286,d3f2f1b6cf81e9e5e467caf02b608f81792017c8bc12c37560b33ecbb93ad3e6
config/production/eval-low-fifo-e1039/run_crn-stream-manifest.json,5834,0695c50dd590c6855feffad0dcad19d8861b86feab8ce06c00c5ef8c0ed5278b
config/production/eval-low-fifo-e1039/run_effective-config.json,2286,593b57df434ee754deaeff93ce2a96e955120118489f9aebe7f09a67ce967615
config/production/eval-low-fifo-e1040/run_crn-stream-manifest.json,5831,e3377da3d1481562675e40221fc87ba63997611f9eb4b661af26f1bc053af33e
config/production/eval-low-fifo-e1040/run_effective-config.json,2286,3ff3847cca963c4ac56a417b40c5a61f6f0e1ab9c3c6e2485de0c4c40329e526
config/production/eval-low-fifo-e1041/run_crn-stream-manifest.json,5825,c1dc1febbcb2e09abacc4bb8ccbf545e424efe66c4d0e491c7cdf5862bd719a9
config/production/eval-low-fifo-e1041/run_effective-config.json,2286,2b875b54197fcb372cdb7ea52904df75f8b8bf8b28bdf6601c46470ce02bdf30
config/production/eval-low-fifo-e1042/run_crn-stream-manifest.json,5822,df38a42ecbd88d862258c7225f7e1e67f9d4af3167745d1b0f16f6e6d8601596
config/production/eval-low-fifo-e1042/run_effective-config.json,2286,1d51ee4cb3b90edcfc00a66c6a273fea5bed3cbcfa3c225d5cee4984f90aa24a
config/production/eval-low-fifo-e1043/run_crn-stream-manifest.json,5828,721501558c2572976127fd1bbc1d88e983698fcba59bf3c80e43984be90b7405
config/production/eval-low-fifo-e1043/run_effective-config.json,2286,c890b7673b0662dea05bab306cab24df9cf5ac4eba1464310e20972acb5de21f
config/production/eval-low-fifo-e1044/run_crn-stream-manifest.json,5813,898c4d111d1246c50f917e87d5e613f1991b9816237b95a3c8c03a6fbded1135
config/production/eval-low-fifo-e1044/run_effective-config.json,2286,228dd3924a136a8be5feaacdae8f0a159a05d989367d2ec814a6f4b88cd8d678
config/production/eval-low-fifo-e1045/run_crn-stream-manifest.json,5820,f5adf106123fd0df253c9c95594b772d565ee62adc73d0a0479960246fa5abce
config/production/eval-low-fifo-e1045/run_effective-config.json,2286,69c87f540fdfd70fe66a690138ecd11eff296e3ac62fa70d9c8513faa002360d
config/production/eval-low-fifo-e1046/run_crn-stream-manifest.json,5841,cc818d0105a5f5e99e69cf0561dc3ec3c22bd1ebb12a1556f45f72a68eac39b2
config/production/eval-low-fifo-e1046/run_effective-config.json,2286,436202591043f07d168a20ebc5c6adeff50511c25e12172c6b351d269b577421
config/production/eval-low-fifo-e1047/run_crn-stream-manifest.json,5836,d7772dc9c79618c51bfede3aac719e1aadf333c7e67143968267eee1dd65ecaa
config/production/eval-low-fifo-e1047/run_effective-config.json,2286,2d945da04dc0a841276fc1618efe97a5ebc13720fc5ca865324f60b963712358
config/production/eval-low-fifo-e1048/run_crn-stream-manifest.json,5823,a16d52ad5b650886bbbeece92df2397974220293da6a2f77612efab9b841390d
config/production/eval-low-fifo-e1048/run_effective-config.json,2286,1629eec5e55e677d329fe48895d4f2d9133a1bf2ebb61ca84cbd56fe10c389cf
config/production/eval-low-fifo-e1049/run_crn-stream-manifest.json,5831,c3f62dae0e5a8368ba12c2dc46eff575f1c74f7ba55951995c092d40ae904bac
config/production/eval-low-fifo-e1049/run_effective-config.json,2286,bd3a05f6e615e412830cbd111874c6987ecc745ae019267cee0bc40abfe42f60
config/production/eval-low-fifo-e1050/run_crn-stream-manifest.json,5821,325f0c4a612b175476d3b2363ab78618390ed6e0be17c361ae831211d05e22c6
config/production/eval-low-fifo-e1050/run_effective-config.json,2286,04a3e5faf6603b167c5da3bb13c0faa30e8f6643ff4aced8fc758391a13f6797
config/production/eval-low-fifo-e1051/run_crn-stream-manifest.json,5817,8decd1af52df7e98c58c5653283fafaff6ff43b4e428e4f53224d635f2eb2d84
config/production/eval-low-fifo-e1051/run_effective-config.json,2286,d06bcd60c78523196eab9a2fb418f14b643cc98103667ffe0729d1d7d1b3c966
config/production/eval-low-fifo-e1052/run_crn-stream-manifest.json,5820,316c0dd665eefbcacef8ba9142451beee583a0de99bf29bd7979cdc4406709ca
config/production/eval-low-fifo-e1052/run_effective-config.json,2286,b1ede27b93425c4d517844a9e3086b4c8c170ee4bb12e705f430db1b514b1c2f
config/production/eval-low-fifo-e1053/run_crn-stream-manifest.json,5823,2bb5085fdd1ce4d3400d0d8ce046030b9d7642b378264385b2fc1c49fca2f056
config/production/eval-low-fifo-e1053/run_effective-config.json,2286,d1124439f5706e95787e543005c102ea8e00e046ec051b4fe16b58ea1117abd6
config/production/eval-low-fifo-e1054/run_crn-stream-manifest.json,5836,8f3bb66b22d9bd009f17a8e0d42a5be03c3632d5c7be941a878c326e536118e0
config/production/eval-low-fifo-e1054/run_effective-config.json,2286,36125b25d2f698df13faeab258589a1055b521ede05515a1fca3ead90f2c60ce
config/production/eval-low-fifo-e1055/run_crn-stream-manifest.json,5824,fa6a759d2984b639ca9f9c83213706005262e0a8275c2ff95042267587a721cc
config/production/eval-low-fifo-e1055/run_effective-config.json,2286,232649f7b5b04969ab878baffc70bc24d67e744801ff4294b5d12be28d9ad78f
config/production/eval-low-fifo-e1056/run_crn-stream-manifest.json,5827,e7f41a9c3af1e34f9e54d82845ce579886fae4c3ecbf46e11f6556884d13f506
config/production/eval-low-fifo-e1056/run_effective-config.json,2286,1c19e12f101f6e793a503f3416703721fb37f5335c604ea4264f796db1e5337d
config/production/eval-low-fifo-e1057/run_crn-stream-manifest.json,5821,9adffc80967251faf380ccee82925f6e12cb9b7dabaa1fbbe11dfc2a14384a71
config/production/eval-low-fifo-e1057/run_effective-config.json,2286,47cbd311d90b7b3b0e45a3e0e0bb5379838e58dc51714641f56e3fc04550dd3e
config/production/eval-low-fifo-e1058/run_crn-stream-manifest.json,5822,d29bccbf1f03e87726a4a68d6a651fbb8a9007f44db58cbc7d46c80354f9be5e
config/production/eval-low-fifo-e1058/run_effective-config.json,2286,5f177fd0adc96a50cb35418b75873384ebd6f02fb230a6810645db1ea046a8fa
config/production/eval-low-fifo-e1059/run_crn-stream-manifest.json,5822,8a14ae08762e32ecc56ca4f8a633c14fe8716e5431edced31d962c622fda0642
config/production/eval-low-fifo-e1059/run_effective-config.json,2286,5d30312b7a61f6a22d2e3143259bf0f2450ac4ee6ce1de61ccccb975aa0f9b6a
config/production/eval-low-fifo-e1060/run_crn-stream-manifest.json,5833,0ed881e6c59bd158ff616b6d2b3de009eb0112e01300a65c0e577ab5d348b6e3
config/production/eval-low-fifo-e1060/run_effective-config.json,2286,86f03b02078602fa514b1bad83db6cf9025789d60e253dfdbbdc3cccd862d698
config/production/eval-low-fifo-e1061/run_crn-stream-manifest.json,5826,09dca8e8e2256a36018dea66ed4c4a3973a03887785a05d9067b229457eef80d
config/production/eval-low-fifo-e1061/run_effective-config.json,2286,8ada1948356b5d8021f465a608b69ee985e716fd8c7c2319bc5e224c388beeda
config/production/eval-low-fifo-e1062/run_crn-stream-manifest.json,5819,cf1ebd32aa4a4476653c592e81f993a6edd2d23a305cced5674080b346b90548
config/production/eval-low-fifo-e1062/run_effective-config.json,2286,2ea1b350d74539af3f9a6aa5003d6ca952416a2e13867ecca71bac27b762903a
config/production/eval-low-fifo-e1063/run_crn-stream-manifest.json,5819,1bb65dacfdf64cfaf1015d0e8b7d138cc77e32a4d442b21bf8985e49eb9ebbc2
config/production/eval-low-fifo-e1063/run_effective-config.json,2286,fd4f7b49d0ea5bfff8ebc6f0b7ff006182b453c3c86ceecd3ae8f92b95c7030c
config/production/eval-low-fifo-e1064/run_crn-stream-manifest.json,5828,4b2f1e5e6271702c9e2bd24d6f46603a3e1f02c42fdc478410a3f52a8a968a1e
config/production/eval-low-fifo-e1064/run_effective-config.json,2286,15bd3b6432817a9cd728b736e2abe0e5a650e72ede19494277cbbc3476a767f7
config/production/eval-low-fifo-e1065/run_crn-stream-manifest.json,5839,abb176ce2336edf047662aa7661510e12f8ba75ab862e6b4f3d33446e528ab4a
config/production/eval-low-fifo-e1065/run_effective-config.json,2286,53cd81ecf1020350b856bd19e9fd9df2666f2d3ad5543021a032bac36a2e702f
config/production/eval-low-fifo-e1066/run_crn-stream-manifest.json,5826,2dd9cb7e783ff2f8ee05b462386045b6d91c99f48cd954f12bad826bf9ea9b6f
config/production/eval-low-fifo-e1066/run_effective-config.json,2286,23d80d72ec80bc1556119398f63504dd22ae10635290f8c4cbee65dd0f1106ca
config/production/eval-low-fifo-e1067/run_crn-stream-manifest.json,5827,8ea6ecf382ba924dd6656aae351e22bf8633de421af56b365f02cfac0f62e805
config/production/eval-low-fifo-e1067/run_effective-config.json,2286,7f348e5206cbf3b140818b52a259a2b969f747b7ddaa2ec42c3046791e72f1c4
config/production/eval-low-fifo-e1068/run_crn-stream-manifest.json,5835,5587e2fc510f4c0a05b8f2c2b5d50d2a97cf2b8661ff9698c635d0f69cf19816
config/production/eval-low-fifo-e1068/run_effective-config.json,2286,6b83a3f3c1e8d8a4ee3626534ff3542293a5289ba99e5c67a3545d5ee2d95397
config/production/eval-low-fifo-e1069/run_crn-stream-manifest.json,5818,a845cdfb91e745aa457dae62788ecfb4063b7365de46c85787d7c58c5ce358fd
config/production/eval-low-fifo-e1069/run_effective-config.json,2286,15c38f05db223eebeb66b9b2881230761b93439d7ebd0de2e8361b9eecb9775c
config/production/eval-low-fifo-e1070/run_crn-stream-manifest.json,5820,2621bb0d466af573ae553034e5324846d7831f875271855e038869bf73d782f9
config/production/eval-low-fifo-e1070/run_effective-config.json,2286,d1ff33cfab65277cb559cda0e5fe46a99c312a799a53705b824db9c309288abd
config/production/eval-low-fifo-e1071/run_crn-stream-manifest.json,5812,3c2476ed650025f34c9c8d42974219088d4e5ce7c0b85f5838c6adb84a57c1e6
config/production/eval-low-fifo-e1071/run_effective-config.json,2286,f9de0e7b74ad334d4309549d022c5204e41e2719c37ee640fe13be1b59c49aef
config/production/eval-low-fifo-e1072/run_crn-stream-manifest.json,5825,20d7f796c3000fba02e2f0af77158d52eb5605d15a57dd5265acdae47ef011f6
config/production/eval-low-fifo-e1072/run_effective-config.json,2286,9b22b5a2c1b19673fa9d071eb72bcfa5ee2dfee9b4edcb35451d8510f2c375b3
config/production/eval-low-fifo-e1073/run_crn-stream-manifest.json,5817,12a4e61230c93ad04ba9c05ffd94ea09ed819117faed1c2c6bb7d6afff203ce0
config/production/eval-low-fifo-e1073/run_effective-config.json,2286,367af6a42e191931e38d05d19172e6595e80325bc8fcd8bb32154805f6ea331e
config/production/eval-low-fifo-e1074/run_crn-stream-manifest.json,5826,d7fcbf21bcaa88756871a4fbf7c1aa3a66f118285f7c9fc8e406dbbb5322026f
config/production/eval-low-fifo-e1074/run_effective-config.json,2286,88a3dc8af26cd9b2219cd0efc4d05f16a5f8c4dbfaa3b2b22031a261c791097f
config/production/eval-low-fifo-e1075/run_crn-stream-manifest.json,5824,a165b22a1d78f680377765ba463d81b822ab28bb7b75a7274fb77a597728e06e
config/production/eval-low-fifo-e1075/run_effective-config.json,2286,edd91015ad4c2ccca3189aed89263d2499f0452696df264e4f7957573579a375
config/production/eval-low-fifo-e1076/run_crn-stream-manifest.json,5819,0b11dea01809352dd57af8cdd7ed3ee117ecacde98afc4725075ca6359432955
config/production/eval-low-fifo-e1076/run_effective-config.json,2286,ff66d888c12a425e8011961743fc871e471fc11973f57faf3526a6e2dc33514f
config/production/eval-low-fifo-e1077/run_crn-stream-manifest.json,5820,3b4af6393a92e290964d78f19d5b1167cf999fe77da0c4dce591fb00c0960d3c
config/production/eval-low-fifo-e1077/run_effective-config.json,2286,4febd66d170ffd715d777bb9f9e721ff61e0ca8c2607b4a99c91c4a4afac1799
config/production/eval-low-fifo-e1078/run_crn-stream-manifest.json,5832,cc380b5c383f78f407afdeee3c1c5cc43b3fe99cad4ee0c3addc6c5b33cb0635
config/production/eval-low-fifo-e1078/run_effective-config.json,2286,01082bc01d752719f413d66d08d5c6722728d2dfd58d792eb176a138454beed8
config/production/eval-low-fifo-e1079/run_crn-stream-manifest.json,5822,c9d455d3f9eecac6c3218dc8c053bc1b9484be827f5fba087e6ccc69e8c4b4c0
config/production/eval-low-fifo-e1079/run_effective-config.json,2286,3f39469d9c36ca1270f9ef765adca8f93322956347d00b0a18d062af04912beb
config/production/eval-low-fifo-e1080/run_crn-stream-manifest.json,5824,88f1fc30ef761ae681b1ad0042ace558e01fb2d177c25d6249ae3bc864fe9402
config/production/eval-low-fifo-e1080/run_effective-config.json,2286,93188d24984d70470dbbd0dcb6b98b1bc7c10228130ebe2f286d957070b597db
config/production/eval-low-fifo-e1081/run_crn-stream-manifest.json,5822,d8ac46bd6fd91f2f8d7bc27a898417a7d97b97bbad81ec8ee967b84cbc227fb9
config/production/eval-low-fifo-e1081/run_effective-config.json,2286,a6c6d90879020c519bdf3f232a0297371b5418e73d250851116d127b9c8be1a8
config/production/eval-low-fifo-e1082/run_crn-stream-manifest.json,5832,89e80c23a0f737dd8ecf5991c14473fd64e4ff050957afd88dcf531518d894a3
config/production/eval-low-fifo-e1082/run_effective-config.json,2286,d4f3a1dfba2cd5f5c7d304783525ea90de1e99511384a914c09248e08d327830
config/production/eval-low-fifo-e1083/run_crn-stream-manifest.json,5826,8dc8a6609ad91eda005192f74a2fb640fbeb628114f40cd0171f996df51aad0a
config/production/eval-low-fifo-e1083/run_effective-config.json,2286,8ce2a08afd2dd659b354907af3a6af8875eb911865f0e4a8e24b684b35dae99d
config/production/eval-low-fifo-e1084/run_crn-stream-manifest.json,5844,6e4237534629f62a0a7f56588677cc296c77845a393aa5d7bef8d8e0bf1beac2
config/production/eval-low-fifo-e1084/run_effective-config.json,2286,01e028c9ae73cacf4da9d447783571fa1aac64bbc6e2af0e3210e1345b7abc77
config/production/eval-low-fifo-e1085/run_crn-stream-manifest.json,5813,d2cdb75d236780d25c136fcf0881d8731e82bf68e06e6066e73ad7a817079606
config/production/eval-low-fifo-e1085/run_effective-config.json,2286,db6dfa9a877e83b296a514c5bdaa8514f39efb4fb5b392f03258373940449e57
config/production/eval-low-fifo-e1086/run_crn-stream-manifest.json,5816,3770c73146c9f79fc3aee1c355db819a9fbad6aca8bd6f9c6457223119001328
config/production/eval-low-fifo-e1086/run_effective-config.json,2286,a21d9b98d5f2cb4effe479229985e0294825f49c579d459ced592724f5035e95
config/production/eval-low-fifo-e1087/run_crn-stream-manifest.json,5829,d20860c931742529e8664adab07b32b16b16459fd9ef6152efed4f5765b1aab8
config/production/eval-low-fifo-e1087/run_effective-config.json,2286,27d3327fd6e39d6ee7d5adfec14ca5fcf66a83707525f654912c0734c515a32c
config/production/eval-low-fifo-e1088/run_crn-stream-manifest.json,5830,e0b5cb2f031bba330308fb618acf6e0ea553a2292e3444dad19660be77380c51
config/production/eval-low-fifo-e1088/run_effective-config.json,2286,15fa395e2197735290245a5e1e4e9319e72fb01cbdb53e875e51d4f6d1249db0
config/production/eval-low-policy-e1001/run_crn-stream-manifest.json,5819,06a845d51b0ae18e7a4fa7d0f9d7f1b127db308bc783b036dc1a235278c7b81d
config/production/eval-low-policy-e1001/run_effective-config.json,2312,6f784bdb2581e23ad43681602969836bfb7053a8bf87c726856aa2461a14e425
config/production/eval-low-policy-e1002/run_crn-stream-manifest.json,5816,f46e5bfa40fd099d5b0af4b5a66ed3ce171af088c0029a364ca045097df61895
config/production/eval-low-policy-e1002/run_effective-config.json,2312,0a6474559c598857a73af53970c4331f20cda2efbefa511ba2876e11b42a8f67
config/production/eval-low-policy-e1003/run_crn-stream-manifest.json,5827,e863ebd8711ff01a12e11e1c9126480593aab1ff95208c87f02cdc86fc9545db
config/production/eval-low-policy-e1003/run_effective-config.json,2312,6f2e3c73dd13519a277d547fdbdf23ac9006fcf28dcea9fe96cd67ac7c7b1ba7
config/production/eval-low-policy-e1004/run_crn-stream-manifest.json,5840,4305f640292d184d18e895bb8346b9f4f493953689703d7c003761d9a578be59
config/production/eval-low-policy-e1004/run_effective-config.json,2312,f904a9be80238139d657d18fdfbf6c3d17a8746792ed4718b15f81361307143b
config/production/eval-low-policy-e1005/run_crn-stream-manifest.json,5826,b90eb5e2303721a18110bbb8483f5686bc509627c34c139d5bd061bd0e1782d6
config/production/eval-low-policy-e1005/run_effective-config.json,2312,9601bb53042d5bf00974f0442d8ed8f1d184f94c0d56c8141dd1f94f2adf8968
config/production/eval-low-policy-e1006/run_crn-stream-manifest.json,5835,93dcb1472bececb741c90455b89815fb7ae18c1286fdb70fce6c5e67b1dfc8fb
config/production/eval-low-policy-e1006/run_effective-config.json,2312,2f8e98dce4447d80b9a35fbc53d7dcf61104ed60b68a4d0fda06be300c1e1e80
config/production/eval-low-policy-e1007/run_crn-stream-manifest.json,5829,90dc6c81f6169b569f3358cd4f24fe1a62c7cea25eacb1084d4754db7c049542
config/production/eval-low-policy-e1007/run_effective-config.json,2312,c366981c3a984942a8b4a1c99949bc565585750f14d96294ce5507825acd6c78
config/production/eval-low-policy-e1008/run_crn-stream-manifest.json,5836,bf099660fcaac0bcce478c406e3c8c875384e12f691ac58d3dcd79e78c25eacc
config/production/eval-low-policy-e1008/run_effective-config.json,2312,e724ccddceeec685181ccb2ce0928f43edb3f648dc187346fc0aa26b83cdb575
config/production/eval-low-policy-e1009/run_crn-stream-manifest.json,5816,1d53f14b8ccc035e7e1fbaee0fab619753fb410e0fdfe144d5b8eb31e1dbf82b
config/production/eval-low-policy-e1009/run_effective-config.json,2312,4ca3b83f81b044e4202f7fef9ff01508e06a21f8fcff35c013d5569f587215bb
config/production/eval-low-policy-e1010/run_crn-stream-manifest.json,5825,9badd8ce0931cc336d8f7cf47674e57abd9eaef8b7117841f1afbc011eb65670
config/production/eval-low-policy-e1010/run_effective-config.json,2312,1d5c1a343fe4947ee1d4a1524d218829630c2c20456c5d855b48dd1b8e7640c7
config/production/eval-low-policy-e1011/run_crn-stream-manifest.json,5822,39c58e7946f94ae80130d6e9fbddf459038b6cb7242c43c06b2861769ed8ffc0
config/production/eval-low-policy-e1011/run_effective-config.json,2312,d9b10e32d61992e786d182e9110de03e5d76396d50ce7d3264e5cf3dfad98e59
config/production/eval-low-policy-e1012/run_crn-stream-manifest.json,5833,692b41d809e6902e8e40c7bbbc39fc218a7caaeef40735e2464ecc2268f6b6fc
config/production/eval-low-policy-e1012/run_effective-config.json,2312,63d7c5479126af1a02a1347ac26fddc7b500cf52e4d6b6447d1487a239d2d44e
config/production/eval-low-policy-e1013/run_crn-stream-manifest.json,5833,8b6afdaff1d75587c0399aac4e75112eb9634809a8dddfb47456100c3223d889
config/production/eval-low-policy-e1013/run_effective-config.json,2312,37b58dd95bf783613c470d7c32d6b082fbd63d4d8e52d825b34cd63269c5d6ed
config/production/eval-low-policy-e1014/run_crn-stream-manifest.json,5812,c99e9397c66d6395d9ae9bab77ca35d10a3db09643f5d6b66d8f93d17c356a47
config/production/eval-low-policy-e1014/run_effective-config.json,2312,1877abefa68641c6fea1680e4b6b620b3b73de6a1b59130b008a50e1b0755b57
config/production/eval-low-policy-e1015/run_crn-stream-manifest.json,5838,6912d6a49947875445b6dcc2fea4a52338b75acf04ea45b8db59636bd7532137
config/production/eval-low-policy-e1015/run_effective-config.json,2312,e864df168b0df8e1485016fa1489ec4856ed0caf2281ec141fa5eb76733e0913
config/production/eval-low-policy-e1016/run_crn-stream-manifest.json,5828,75f9e00079340b0663e05e309514c2f07c92b88676eb22110412cbf2e7d4a98d
config/production/eval-low-policy-e1016/run_effective-config.json,2312,5a991fa378a4c66c707975ea86f1b3243b84c510d19df17808cb6d11daee388c
config/production/eval-low-policy-e1017/run_crn-stream-manifest.json,5812,5498f670f28303a7c5098f05533368325f69b06f5d77f1050275cfa2a66687aa
config/production/eval-low-policy-e1017/run_effective-config.json,2312,131d9f0c4391f3db4449b723cab4be4a6b05d2d45816c3c5ac89dd48c252dea5
config/production/eval-low-policy-e1018/run_crn-stream-manifest.json,5821,a10ce06382d0b59a5d9ba0701fd19dcba60354f9b5659a7485ff739edfe5d08b
config/production/eval-low-policy-e1018/run_effective-config.json,2312,c7181324b145f05fcfa77ba66f4793c2e641225262ad92c0e16aa9edc999635a
config/production/eval-low-policy-e1019/run_crn-stream-manifest.json,5821,aae7cdd2062897c29fdb7bb8733c87ec3b29888713affce83ed0de2ed21ab824
config/production/eval-low-policy-e1019/run_effective-config.json,2312,52494a61fcf9261d8d98113a6005c93ee5dbef2de8fc1fd576443abef70b8596
config/production/eval-low-policy-e1020/run_crn-stream-manifest.json,5828,bd3f5cfdd250d855b3dc2a9b9c68fd5b4466ae1dbbc616852be218c7add8552e
config/production/eval-low-policy-e1020/run_effective-config.json,2312,50b475be2ba5b115943890f7125a94fc17e41e96eb111b8fa75ea2e283485fd1
config/production/eval-low-policy-e1021/run_crn-stream-manifest.json,5822,ad8cc9650ac941f8a4d1a3dbd4adfece280fc5eeefeb9941504169172104d1e9
config/production/eval-low-policy-e1021/run_effective-config.json,2312,5dfb0b70b30d78814f38fc8b018aab1015f824520f03785512d556ef25e45c59
config/production/eval-low-policy-e1022/run_crn-stream-manifest.json,5826,c81e11d37d14cf6909116ec84ab646184521bf5583ea2d5de15ac0dd5252199e
config/production/eval-low-policy-e1022/run_effective-config.json,2312,5c510ade59f1fea0f2619b11e5c2029a44916c0d48206360e08e47220965fbdf
config/production/eval-low-policy-e1023/run_crn-stream-manifest.json,5826,d681d5257edcabbbd0b97b21ee50b1910df7b0e21f915aa6501c32e13f3dd3ca
config/production/eval-low-policy-e1023/run_effective-config.json,2312,e2fe41518431392a16512dab16e2466bdcd139682ad2859ab75f85eb8951af09
config/production/eval-low-policy-e1024/run_crn-stream-manifest.json,5830,3317366da5222ae6b92e3261365752e7957e59b07cb88e818310fce84a2ececc
config/production/eval-low-policy-e1024/run_effective-config.json,2312,89acddc8be8c05fec2f7228a8287ca1bb33fd76ff58f048f42ec9683b2c55ca4
config/production/eval-low-policy-e1025/run_crn-stream-manifest.json,5830,a2ce7606495e3336afc7e5feb14f417269491573fea3c8dbded3fe51a1b9d96f
config/production/eval-low-policy-e1025/run_effective-config.json,2312,6544c4cb63881ba6aad302aefb3db705cf6a7708c7a64c62415c84d7ba61f0d4
config/production/eval-low-policy-e1026/run_crn-stream-manifest.json,5830,cc3a0c3b250fc96b8c10fa3ca9858502df77ab9ce7778f90c01a4d7f06f4a5c3
config/production/eval-low-policy-e1026/run_effective-config.json,2312,cd533e36e19b30bed1915a8b92340facd59d9bfa8da66d03994a289359b3a390
config/production/eval-low-policy-e1027/run_crn-stream-manifest.json,5830,75c728415d2b0b40c784f11cfa6b28cb156ceb62274a4e7f9abe2a020b8f65b4
config/production/eval-low-policy-e1027/run_effective-config.json,2312,d937d52881099bf92d90d98a9ed3fb9be66d876b5f2f21c170f1c19be2c6e94f
config/production/eval-low-policy-e1028/run_crn-stream-manifest.json,5822,d7415a1461af9acf2638f923f06d158a4c8c98f4a70ac9869482bb83610bf80d
config/production/eval-low-policy-e1028/run_effective-config.json,2312,8c82b8182cf42e80d2ff7685e7532745bceb71c039bb190ba437038fc167f2e4
config/production/eval-low-policy-e1029/run_crn-stream-manifest.json,5820,b56673aaae6c4da01c701accbb13420eb289bb4e24510428c32e0725fe6777bf
config/production/eval-low-policy-e1029/run_effective-config.json,2312,d66b9a6e8a1aad30e80893fe7d58e306ca22408031e2f4d0836ca82cddacc03f
config/production/eval-low-policy-e1030/run_crn-stream-manifest.json,5817,8940920e01d95821f3b2b57f6b3c745d1aa9554611e9350d220aceba938eae02
config/production/eval-low-policy-e1030/run_effective-config.json,2312,5d0fac6f48c44f8a277c19cc4f15cd1adade550a870d893b1f6e48b68f42cce3
config/production/eval-low-policy-e1031/run_crn-stream-manifest.json,5823,703c611e60d808d7acee5ba14c197e456ac4ac989ef4dd1807984e5b31af4cdd
config/production/eval-low-policy-e1031/run_effective-config.json,2312,391a17b81175dea95fac058729eea5327baa1c4ff9a38475df0ee0d9b4611f5e
config/production/eval-low-policy-e1032/run_crn-stream-manifest.json,5827,84e19b83393c9fe7630fd38b5ec110d1e4fa277f1a27acfc7ab4a3dc375a8218
config/production/eval-low-policy-e1032/run_effective-config.json,2312,3c7d34aabb3244aa0c55abe12d3a670aab33e62fef0f5443e31236bd72c9e34f
config/production/eval-low-policy-e1033/run_crn-stream-manifest.json,5826,3bedef6f1e436591f8a3ac291a38ebe47f50839f59a8ab13f4ff8535b63216b2
config/production/eval-low-policy-e1033/run_effective-config.json,2312,a0cc6232bcdf4e733cf4de6dda94e5550916728a01a4347c6e197fee77ef4483
config/production/eval-low-policy-e1034/run_crn-stream-manifest.json,5823,d787272f75fdbe6d33b04bf4a465bf33fa7058b27a2269aff923d83d8aa02c6e
config/production/eval-low-policy-e1034/run_effective-config.json,2312,06d6dd319cbab83410a6593cb504997cdca088b8f3ad3691ad06d85770a2610a
config/production/eval-low-policy-e1035/run_crn-stream-manifest.json,5827,d697482302035b5c0b6143fac5193b5adc0946b26fceb6f22db37193fef24b30
config/production/eval-low-policy-e1035/run_effective-config.json,2312,65b098943c982aaf21954eae2fef4d8e5c3a98b5a10df0f92b8cb8c930481c4f
config/production/eval-low-policy-e1036/run_crn-stream-manifest.json,5826,7269e91f600b3e19563eb569f4f8d0a86ae3349c93f8ebc3577878b48116af62
config/production/eval-low-policy-e1036/run_effective-config.json,2312,693c78228f0832506d007b233da62a74bbfad9f6fd2224ee6b43f6ada510f36b
config/production/eval-low-policy-e1037/run_crn-stream-manifest.json,5815,a5b0dd5991f12f896fcbcc76c1557d3c10f9bd2d8df371724f382b1d6cbffdca
config/production/eval-low-policy-e1037/run_effective-config.json,2312,f4ce922e38cfffb6ecbc90178c5a03f4faad02ade159918b2e688863acc41100
config/production/eval-low-policy-e1038/run_crn-stream-manifest.json,5835,8398795f5130fb247dcdd1d63b47cd6a7d610155d10fbd4561b491c22948decc
config/production/eval-low-policy-e1038/run_effective-config.json,2312,ab23bb8b6f6e5352e17adc7269e16268e9d677f338f075eb411eb77171f2549a
config/production/eval-low-policy-e1039/run_crn-stream-manifest.json,5834,0695c50dd590c6855feffad0dcad19d8861b86feab8ce06c00c5ef8c0ed5278b
config/production/eval-low-policy-e1039/run_effective-config.json,2312,20ec0be136da6a4622e94544567b3431b84d754377bddd257292387b23198ede
config/production/eval-low-policy-e1040/run_crn-stream-manifest.json,5831,e3377da3d1481562675e40221fc87ba63997611f9eb4b661af26f1bc053af33e
config/production/eval-low-policy-e1040/run_effective-config.json,2312,a1f64ec3e63f847d8cd7547617dbe1352723d8f3fc72286fd5a14a72ad5609c4
config/production/eval-low-policy-e1041/run_crn-stream-manifest.json,5825,c1dc1febbcb2e09abacc4bb8ccbf545e424efe66c4d0e491c7cdf5862bd719a9
config/production/eval-low-policy-e1041/run_effective-config.json,2312,3e5aa703655e1a83811cd30d80a23e9b32c9a196ced718d11f7542329fd3d385
config/production/eval-low-policy-e1042/run_crn-stream-manifest.json,5822,df38a42ecbd88d862258c7225f7e1e67f9d4af3167745d1b0f16f6e6d8601596
config/production/eval-low-policy-e1042/run_effective-config.json,2312,2a6cc3e0f988d57448bbca07226a2cf8a59d97325fd891671c6cfb099cbfeea8
config/production/eval-low-policy-e1043/run_crn-stream-manifest.json,5828,721501558c2572976127fd1bbc1d88e983698fcba59bf3c80e43984be90b7405
config/production/eval-low-policy-e1043/run_effective-config.json,2312,d12bd95c17049234b524c8b69a9ba6992e71c973e357aefd27c4a9c505c2b93c
config/production/eval-low-policy-e1044/run_crn-stream-manifest.json,5813,898c4d111d1246c50f917e87d5e613f1991b9816237b95a3c8c03a6fbded1135
config/production/eval-low-policy-e1044/run_effective-config.json,2312,b4637805f41db111b90fb95092598019d724ba0eabc665301e401360b333f613
config/production/eval-low-policy-e1045/run_crn-stream-manifest.json,5820,f5adf106123fd0df253c9c95594b772d565ee62adc73d0a0479960246fa5abce
config/production/eval-low-policy-e1045/run_effective-config.json,2312,0608fd87b9893b58e931b0f05e4f72867a2e5a93f974cce5a63ecdaa310f4a0f
config/production/eval-low-policy-e1046/run_crn-stream-manifest.json,5841,cc818d0105a5f5e99e69cf0561dc3ec3c22bd1ebb12a1556f45f72a68eac39b2
config/production/eval-low-policy-e1046/run_effective-config.json,2312,37da3cf5fa59c955f07df56e4ca6cea4e39367f919af90c253046427e8e6fee7
config/production/eval-low-policy-e1047/run_crn-stream-manifest.json,5836,d7772dc9c79618c51bfede3aac719e1aadf333c7e67143968267eee1dd65ecaa
config/production/eval-low-policy-e1047/run_effective-config.json,2312,9807df2632eed7da0f597823d0256c7fcbd3424a871e637d881ef674c056d87b
config/production/eval-low-policy-e1048/run_crn-stream-manifest.json,5823,a16d52ad5b650886bbbeece92df2397974220293da6a2f77612efab9b841390d
config/production/eval-low-policy-e1048/run_effective-config.json,2312,035e3f58dffa5c11dc47952745cf1e296d0412b6dd205fc9e84503a27040e80e
config/production/eval-low-policy-e1049/run_crn-stream-manifest.json,5831,c3f62dae0e5a8368ba12c2dc46eff575f1c74f7ba55951995c092d40ae904bac
config/production/eval-low-policy-e1049/run_effective-config.json,2312,1ab9f0c9e841bbb0c568567f11646cacd3d3a2b2694a5a3438bd70b7fb46ed9b
config/production/eval-low-policy-e1050/run_crn-stream-manifest.json,5821,325f0c4a612b175476d3b2363ab78618390ed6e0be17c361ae831211d05e22c6
config/production/eval-low-policy-e1050/run_effective-config.json,2312,67794db5e1dc92448102c23989a14dbbc41a2717d415cb131133f18f7e23ef14
config/production/eval-low-policy-e1051/run_crn-stream-manifest.json,5817,8decd1af52df7e98c58c5653283fafaff6ff43b4e428e4f53224d635f2eb2d84
config/production/eval-low-policy-e1051/run_effective-config.json,2312,9865c525fe131e4e715c8b340fc12636ace742ed25288d570b79f9cbd55bd8bf
config/production/eval-low-policy-e1052/run_crn-stream-manifest.json,5820,316c0dd665eefbcacef8ba9142451beee583a0de99bf29bd7979cdc4406709ca
config/production/eval-low-policy-e1052/run_effective-config.json,2312,72f7fbbda5032c33e9bac862b98ef8cdfee042246d86e66a3a88e1bd6439efd7
config/production/eval-low-policy-e1053/run_crn-stream-manifest.json,5823,2bb5085fdd1ce4d3400d0d8ce046030b9d7642b378264385b2fc1c49fca2f056
config/production/eval-low-policy-e1053/run_effective-config.json,2312,afbdcbbccc3fe062ee7962f47e79ad923258026750c67ef71ce56885a9479ca9
config/production/eval-low-policy-e1054/run_crn-stream-manifest.json,5836,8f3bb66b22d9bd009f17a8e0d42a5be03c3632d5c7be941a878c326e536118e0
config/production/eval-low-policy-e1054/run_effective-config.json,2312,166544dd9b2baeab2d21d3a556615a5b5f3534312c65710b33ca2618c5482d82
config/production/eval-low-policy-e1055/run_crn-stream-manifest.json,5824,fa6a759d2984b639ca9f9c83213706005262e0a8275c2ff95042267587a721cc
config/production/eval-low-policy-e1055/run_effective-config.json,2312,47d318be507099e796c004ca636918a6d27e973d387bc17215f444af0a6d0c85
config/production/eval-low-policy-e1056/run_crn-stream-manifest.json,5827,e7f41a9c3af1e34f9e54d82845ce579886fae4c3ecbf46e11f6556884d13f506
config/production/eval-low-policy-e1056/run_effective-config.json,2312,45a812c4c082b9fe0eb2686ddf5dba2caf1377183479a7d60861ca8f586224b5
config/production/eval-low-policy-e1057/run_crn-stream-manifest.json,5821,9adffc80967251faf380ccee82925f6e12cb9b7dabaa1fbbe11dfc2a14384a71
config/production/eval-low-policy-e1057/run_effective-config.json,2312,289222a284aa8e66fce0a423e60046569ea782e061a5858d3fe49858186f3dbc
config/production/eval-low-policy-e1058/run_crn-stream-manifest.json,5822,d29bccbf1f03e87726a4a68d6a651fbb8a9007f44db58cbc7d46c80354f9be5e
config/production/eval-low-policy-e1058/run_effective-config.json,2312,e618e4f1c3532aae2b1b29de072c5b7eaf1410046071ef36b3ff2f20e1cc5c54
config/production/eval-low-policy-e1059/run_crn-stream-manifest.json,5822,8a14ae08762e32ecc56ca4f8a633c14fe8716e5431edced31d962c622fda0642
config/production/eval-low-policy-e1059/run_effective-config.json,2312,bbb6197ca276e66639366b15e4fa597129de1475ba3f997b6591f3d6d699d281
config/production/eval-low-policy-e1060/run_crn-stream-manifest.json,5833,0ed881e6c59bd158ff616b6d2b3de009eb0112e01300a65c0e577ab5d348b6e3
config/production/eval-low-policy-e1060/run_effective-config.json,2312,7f217bb5a60d7dde55f21c497e281da6e1c76790be3acf99051a6364dceae4a0
config/production/eval-low-policy-e1061/run_crn-stream-manifest.json,5826,09dca8e8e2256a36018dea66ed4c4a3973a03887785a05d9067b229457eef80d
config/production/eval-low-policy-e1061/run_effective-config.json,2312,6cdd18e125ccb44f715491b01fa7c097a881c210c5a1f62b089d65b47799d656
config/production/eval-low-policy-e1062/run_crn-stream-manifest.json,5819,cf1ebd32aa4a4476653c592e81f993a6edd2d23a305cced5674080b346b90548
config/production/eval-low-policy-e1062/run_effective-config.json,2312,7dc0fd98803fb9922539114b5483e8b4d82f7175f3e4fcc0aeffad179f46a892
config/production/eval-low-policy-e1063/run_crn-stream-manifest.json,5819,1bb65dacfdf64cfaf1015d0e8b7d138cc77e32a4d442b21bf8985e49eb9ebbc2
config/production/eval-low-policy-e1063/run_effective-config.json,2312,4ea87d736c89f03af31017528e37f144b8759fdcbdbf9923dba3617e1f8c5d7f
config/production/eval-low-policy-e1064/run_crn-stream-manifest.json,5828,4b2f1e5e6271702c9e2bd24d6f46603a3e1f02c42fdc478410a3f52a8a968a1e
config/production/eval-low-policy-e1064/run_effective-config.json,2312,e21afcc777e7af23a36cec552db84f078b0ce491d1108a2cb2374387094f7ddf
config/production/eval-low-policy-e1065/run_crn-stream-manifest.json,5839,abb176ce2336edf047662aa7661510e12f8ba75ab862e6b4f3d33446e528ab4a
config/production/eval-low-policy-e1065/run_effective-config.json,2312,7d4bd77bcaa0781f08927e12fcbf2f3167330b60c0dba0ea1511a4e7fea5a37e
config/production/eval-low-policy-e1066/run_crn-stream-manifest.json,5826,2dd9cb7e783ff2f8ee05b462386045b6d91c99f48cd954f12bad826bf9ea9b6f
config/production/eval-low-policy-e1066/run_effective-config.json,2312,8c4363d985398c3d58377a500f4d918e9726b07d0bcb9178d7127edb5206a90a
config/production/eval-low-policy-e1067/run_crn-stream-manifest.json,5827,8ea6ecf382ba924dd6656aae351e22bf8633de421af56b365f02cfac0f62e805
config/production/eval-low-policy-e1067/run_effective-config.json,2312,a63f1af06cf0bb2843b67481c10a0a94fd7485c04312efe8507364605adddacc
config/production/eval-low-policy-e1068/run_crn-stream-manifest.json,5835,5587e2fc510f4c0a05b8f2c2b5d50d2a97cf2b8661ff9698c635d0f69cf19816
config/production/eval-low-policy-e1068/run_effective-config.json,2312,5a07d5b417d8af8f2b85cb87c950324bda432fcfb6d4617a44f775eaebc92cc8
config/production/eval-low-policy-e1069/run_crn-stream-manifest.json,5818,a845cdfb91e745aa457dae62788ecfb4063b7365de46c85787d7c58c5ce358fd
config/production/eval-low-policy-e1069/run_effective-config.json,2312,4045835173afcb8ad3e86feed0d4c6ae172ae3da3f7a75066a00fa53257f14b0
config/production/eval-low-policy-e1070/run_crn-stream-manifest.json,5820,2621bb0d466af573ae553034e5324846d7831f875271855e038869bf73d782f9
config/production/eval-low-policy-e1070/run_effective-config.json,2312,de1178fa90e6ccf682114b8be0228bac322335911bba46d990bc397f3c6c6b22
config/production/eval-low-policy-e1071/run_crn-stream-manifest.json,5812,3c2476ed650025f34c9c8d42974219088d4e5ce7c0b85f5838c6adb84a57c1e6
config/production/eval-low-policy-e1071/run_effective-config.json,2312,766588892b46258896f336092497b05733612e80f8fcbae1f5dab7b8a968742f
config/production/eval-low-policy-e1072/run_crn-stream-manifest.json,5825,20d7f796c3000fba02e2f0af77158d52eb5605d15a57dd5265acdae47ef011f6
config/production/eval-low-policy-e1072/run_effective-config.json,2312,422d4af65421f6d23f6237a217755cb1b01eb07e0ee3b5c7a04199512a017224
config/production/eval-low-policy-e1073/run_crn-stream-manifest.json,5817,12a4e61230c93ad04ba9c05ffd94ea09ed819117faed1c2c6bb7d6afff203ce0
config/production/eval-low-policy-e1073/run_effective-config.json,2312,c8135ae5527f226c56b3cd41062803ec7810fe21c2372ac43650acba3d20dada
config/production/eval-low-policy-e1074/run_crn-stream-manifest.json,5826,d7fcbf21bcaa88756871a4fbf7c1aa3a66f118285f7c9fc8e406dbbb5322026f
config/production/eval-low-policy-e1074/run_effective-config.json,2312,ad698fd2a3437f5f41e574e20dbd906ce13387f9d6f785d27b88d8d5e147533f
config/production/eval-low-policy-e1075/run_crn-stream-manifest.json,5824,a165b22a1d78f680377765ba463d81b822ab28bb7b75a7274fb77a597728e06e
config/production/eval-low-policy-e1075/run_effective-config.json,2312,5c49ff6588c427dd45a4ac6e942595aff76e06914c155cd0ddf5d55b39389c68
config/production/eval-low-policy-e1076/run_crn-stream-manifest.json,5819,0b11dea01809352dd57af8cdd7ed3ee117ecacde98afc4725075ca6359432955
config/production/eval-low-policy-e1076/run_effective-config.json,2312,39dd843c3c2d4e07b33361a45f7bdf04c6154c7ce7bc7c6b8cb0afbf7e20f4ba
config/production/eval-low-policy-e1077/run_crn-stream-manifest.json,5820,3b4af6393a92e290964d78f19d5b1167cf999fe77da0c4dce591fb00c0960d3c
config/production/eval-low-policy-e1077/run_effective-config.json,2312,a0085dbae1f74d72cdeaac93486c10cc3ed2ad88f1c72c56c61b2be36744dffa
config/production/eval-low-policy-e1078/run_crn-stream-manifest.json,5832,cc380b5c383f78f407afdeee3c1c5cc43b3fe99cad4ee0c3addc6c5b33cb0635
config/production/eval-low-policy-e1078/run_effective-config.json,2312,a7e1ed55534330a9444b9859299ed9828ec264e0bac4535de4f5c6365e3f0c01
config/production/eval-low-policy-e1079/run_crn-stream-manifest.json,5822,c9d455d3f9eecac6c3218dc8c053bc1b9484be827f5fba087e6ccc69e8c4b4c0
config/production/eval-low-policy-e1079/run_effective-config.json,2312,6f778cecc221176ecd8b300cc6ed92b0a0820aa559cd1c5fe44fb2ffe89ba3b2
config/production/eval-low-policy-e1080/run_crn-stream-manifest.json,5824,88f1fc30ef761ae681b1ad0042ace558e01fb2d177c25d6249ae3bc864fe9402
config/production/eval-low-policy-e1080/run_effective-config.json,2312,eb7ac419316df22310231485aa8951ab8cd3119197514301965f6864761fc1ba
config/production/eval-low-policy-e1081/run_crn-stream-manifest.json,5822,d8ac46bd6fd91f2f8d7bc27a898417a7d97b97bbad81ec8ee967b84cbc227fb9
config/production/eval-low-policy-e1081/run_effective-config.json,2312,0e58be334a7734fd66cba9485cafe72800278c5c037b7701de7772819c98594a
config/production/eval-low-policy-e1082/run_crn-stream-manifest.json,5832,89e80c23a0f737dd8ecf5991c14473fd64e4ff050957afd88dcf531518d894a3
config/production/eval-low-policy-e1082/run_effective-config.json,2312,1422b47423c24a8dc3ce02e33b343b78c0af26bf8fa7862a4a99cace6df18d9a
config/production/eval-low-policy-e1083/run_crn-stream-manifest.json,5826,8dc8a6609ad91eda005192f74a2fb640fbeb628114f40cd0171f996df51aad0a
config/production/eval-low-policy-e1083/run_effective-config.json,2312,14635f0c630faaf18a74938991d1900d2036b98032fabb7d9d3e44b753285527
config/production/eval-low-policy-e1084/run_crn-stream-manifest.json,5844,6e4237534629f62a0a7f56588677cc296c77845a393aa5d7bef8d8e0bf1beac2
config/production/eval-low-policy-e1084/run_effective-config.json,2312,65c1b8e28c77f2789c1159bd50f30d313b0e1d567ff4ba944dd70a4438be8571
config/production/eval-low-policy-e1085/run_crn-stream-manifest.json,5813,d2cdb75d236780d25c136fcf0881d8731e82bf68e06e6066e73ad7a817079606
config/production/eval-low-policy-e1085/run_effective-config.json,2312,1afd66e72e92d881edea879c426d4d1f168f378ad36b51aa578b2b1f5bcf875a
config/production/eval-low-policy-e1086/run_crn-stream-manifest.json,5816,3770c73146c9f79fc3aee1c355db819a9fbad6aca8bd6f9c6457223119001328
config/production/eval-low-policy-e1086/run_effective-config.json,2312,90e3ed291dc2ed5436996fa0231c4102ab1fdae6986b16f8cbab610d745c4622
config/production/eval-low-policy-e1087/run_crn-stream-manifest.json,5829,d20860c931742529e8664adab07b32b16b16459fd9ef6152efed4f5765b1aab8
config/production/eval-low-policy-e1087/run_effective-config.json,2312,f42967f854768eeecb16f2b3bb80d7e65305f7eb16f7217c47fafccad51214c0
config/production/eval-low-policy-e1088/run_crn-stream-manifest.json,5830,e0b5cb2f031bba330308fb618acf6e0ea553a2292e3444dad19660be77380c51
config/production/eval-low-policy-e1088/run_effective-config.json,2312,26155ac5935476607d6716420fc86ce882cef7dd0f939163321416af36158f12
config/production/manifest_bound_argv.json,523075,6569f191af6b5a7395a784dba91063edcb639a218dafac94a2898fc926a08ada
config/production/production_crn_audit.csv,14287,b3b64f67a2cb96a5c157d8cad5b688d372b18a0222f554bfca05a2138e4da26d
config/production/production_manifest.csv,159349,36b2d298e7034835f3baf974a56e21c05472c7e63808c1ed8f0e4d7a4aa7ade6
config/supporting/robustness_crn_audit.csv,8693,a22d664373e708451494fd21890135a9e3769e2fc7cb618ecc130616b809a1f4
config/supporting/robustness_manifest.csv,47066,f9259f4e28ea42987e8da3f546b71b057cd6ba7ae209aa11f3b058e20c8f5eda
data/README.md,1691,17b397a510a81df6dea52f9d53163181f43acf31b092f1dcced881b8aaaae97c
data/canonical_results/phase7_endpoint_distribution_summary.csv,26030,9148ec9895d7dac2441cce6ba566c06a71bc93b529ebe3c5ba3f3dbb0a878a6a
data/canonical_results/phase9_endpoint_summary.csv,53802,3491ef11e03a4750bc5dee2e4712caa6f903225b05d4b6504855b95260ac0c20
data/canonical_results/phase9_load_level_summary.csv,3824,22c100c4c1215e5b807f969bbee2526565d928cc404fac785f062673a5407d2e
data/canonical_results/phase9_paired_differences.csv,524588,c10e5ef010f52031e60c597a08bd53601e4506d3393b684e79b229f5283badec
data/canonical_results/phase9_run_summary.csv,112986,51f6d52864be88aaca871539fd203b107307ed0b00fac99cdd9ea4646629e0cd
data/canonical_results/production_pair_differences.csv,59827,6287f28d4c7bf5e32137be8bbcacf5f9290c586d985d6065800ed270c64cbc18
data/canonical_results/production_results_statistics.json,459966,55a4a5f429892083dbc71e20ce3c3bce751b321d74e6b314616bf7d525a039a0
data/canonical_results/production_run_summary.csv,238416,879a4e2eb6d2e040e7264900e7ece60cef2ea126c70c854093afaee2c3629756
data/canonical_results/table_background_tradeoffs.csv,4355,926254d0438036aefa939f728e637c6209fb7f8fe56b1c28ae2e73d078dc3475
data/canonical_results/table_confirmatory_outcomes.csv,4228,6434ec87172076080f854107d2f89131f5ed5a0c0d9bea57c4055907baaabc6f
data/canonical_results/table_exploratory_fairness_diagnostics.csv,12064,0635575aade9646b6458da85a76b1a5fce17516f0b3f4568b0a77bd1fb15bea6
data/canonical_results/table_h4_outcomes.csv,2506,8e579005601e8b40feba8eec1bb3eb035fcaccd98313205651833b982531ee0e
data/canonical_results/table_mechanism_outcomes.csv,7063,82c5c120e59725bdba55e8a83c1c1c29474cb5da00bcbe61ec93ed6fadb2fb43
data/canonical_results/table_negative_null_results.csv,12494,e971b9d73a6713580a06e6dcf572dd9b52eeb1ee43ef6a3f30caad14a0bf49ca
docs/ANALYSIS_WINDOWS.md,3440,b9e1419bd4ae1da5933b0aa79286f70b8ad7e50ddb17d5742486817f059075c2
docs/FIGURE_REPRODUCTION_MAP.csv,2398,75cc879c80bdee5bc08723e63c98b8ae20ca91646127b68dda78107aec20dccc
docs/FILE_MANIFEST.md,517,71edb3c49b4bf91477edef28454f8945491189be2c87a7cba8b308dd88e606dd
docs/HELPER_INDEX.csv,6336,14eb0e6f132ea2bc1dcb811fa24eea67de4c65a161e4418449b53a91c7b6f2fb
docs/LICENSE_SCOPE.md,1436,538897ea49cded967fe70ce4c351b9bc0823b0f2cb513764c5fedbaeb7e7c91d
docs/METRIC_CONTRACT.md,5374,dfcb3409d7044299d9518f5c28c18fe6966d2ebf5a8e0951fa58cf8039534e07
docs/PUBLIC_SOURCE_PROVENANCE.csv,34421,e9e609b88357eaa9bec9c5d5d1361bda4ab94d334a96b1ccc6ee7c13fcc59e75
docs/RECOVERED_HELPER_PROVENANCE.md,780,cd4d09b733d2bb01bdf71ba0a1463359cd7d5744b356bf3374c851698e7339c3
docs/REFERENCES.bib,10683,028ec414407c72fc708c36bad9b6e5cf5656c4131fdcfbb210ad6c7701fc8e0f
docs/REPRODUCIBILITY_BOUNDARY.md,1955,4201738a4ac81eda064af459a86f41565788ea93aba741992da72a20443bd75b
docs/SOURCE_PROVENANCE.csv,341821,5c1017a59d17fa518f5720dd66b6c3099452d900dc1736420264d31ffd5816e5
docs/STUDY_DESIGN.md,1623,2e0d95f4b1d207081b36ad6909b235b82aad1a2bd137d01929f02ee7fb0cccd9
docs/STUDY_SCOPE.md,693,5d75a27fc3a65bcfd4dc29b5a2e82449acb3cd0b523d3ef403cfd70ecf6406d7
docs/TABLE_REPRODUCTION_MAP.csv,1415,ef8b4cdc24182332be9183d7223d04231e9c16ede3e7223683f2d1816f12ab8f
docs/THIRD_PARTY_REFERENCES.md,4047,13f9d4cc67bf38bd0430c6ccb78e6d61e4205e522ee4a4485604664ee884346d
environment/README.md,322,d782103bf4313fdd695b78ce5d11b016cdf521110d83b45867c24846bb545e75
environment/known_reproducibility_limits.md,588,932f1e1130cf6470ac0abd1448cd63c62d57ff65cc4f85b4c348fb555df22c55
environment/software_versions.md,1298,e934382a768629838f80cde1f8d820eecda71f1bf8637f884a22ce2c306bd8ef
manuscript_support/figure_table_mapping.csv,1370,0e02327efd4a2fe2880fbcdd240929a5646e0905d015f8e08cc4de282f3700ef
manuscript_support/figures/f1_system.pdf,13033,efdc47c1efa5e6d79794bb087ed77a9e2b4fc693702e4a294b9e089ea3568ac4
manuscript_support/figures/f2_lineage.pdf,13097,61041a9a3f1f6b1a458368fbe994fe5713b41b92ecb1e4fa873933bec22ec881
manuscript_support/figures/f3_selection.pdf,12227,c86f3ee890ad41449ce07331e9ff17251aa89aed25565fb27fd4c754c7692628
manuscript_support/figures/f4_design.pdf,13422,3c6601f71a9cffd1a768429ed01c249b6d69f8ae34aba42a033beffef91f751f
manuscript_support/figures/f5_primary.pdf,13649,c4bec4ca25b9e8a638866553866e32af953b02601aa11eedc31b6d5e8e132fd0
manuscript_support/figures/f6_mechanism.pdf,13021,784e569caa4b2497767960cb705eed1ba247cdfc9d518caf602d756073009449
manuscript_support/figures/f7_cost.pdf,12606,162137ae7710c52878307871a25a0ef6890cbf49fb1bea8b5f97483b89950d12
manuscript_support/figures/f8_load.pdf,16303,0b97ab696aef7dbc10de7119c014454b4d3ea891b09cd91e7f539d449feb9c3b
manuscript_support/numerical_binding_public.csv,22443,9240e75b019426cb0fabf2b974f7b9b53314014a16cc39c2aecf4e726f2578ae
manuscript_support/tables/background.tex,727,2cc915d49bd384c838d77ed0c01554377d247066dc3e8a82994f5227b3afe9e1
manuscript_support/tables/configuration.tex,1523,62a887f7cd22e060d96ca6e048a22558160a6d73417f5a5700720cff0b565e46
manuscript_support/tables/metrics.tex,1603,afbba4137e186c0f64b71d1ad5423b6c17278ed875ed0d42d38437d4da629fed
manuscript_support/tables/numbers.tex,4162,540c6d7c0a748b5260b73f05ace9ed5234bf8f86f0fbbb5efd840df19d92c1be
manuscript_support/tables/primary.tex,867,db3b9557c0828d78f4fdadcbaba0f72347555175e1ef78c71ef526c2b3c968fb
manuscript_support/tables/supporting.tex,768,ea73e3f6fc4a7a42d1ea2e1f835a1331df54f3f63d9770213cdfb26b8bfa7dd8
manuscript_support/tables/traffic_design.tex,709,dd31582ccb7492bdc50a84a72641c4311ac2552d04808ddcabaee1a15a057597
ns3/README.md,1755,10700cb484be114c60f9542b08de83895696591af2277d830b59a5195caae94c
ns3/UPSTREAM_LICENSE,17987,ab15fd526bd8dd18a9e77ebc139656bf4d33e97fc7238cd11bf60e2b9b8666c6
ns3/custom_source/contrib/handover-congestion/CMakeLists.txt,1421,9999a7c384c97c5567b3587c3318ed426ab4a449aa6a1d021e14382e87d6a2d1
ns3/custom_source/contrib/handover-congestion/examples/CMakeLists.txt,270,cb3460a5df35a74ede4180c2d3d38ff3b69a27fa9f791294e2d4bd51f8695f8b
ns3/custom_source/contrib/handover-congestion/examples/handover-congestion-baseline.cc,3828,ff93006e63b0d986353091e8d9c8000452f38f0fad2e8b18693247b147410006
ns3/custom_source/contrib/handover-congestion/model/application-trace-collector.cc,3308,7992236db954c4f739bce4b0d32d759b3ff60cd356aabf20e1aa7698fa015ada
ns3/custom_source/contrib/handover-congestion/model/application-trace-collector.h,1102,33a917f609c609bb1a09a62f2f849f4dfe66c8c633c3e3410ddbe1f386fbebfb
ns3/custom_source/contrib/handover-congestion/model/baseline-trace-collector.cc,5904,bc3fd67dfa8058cef10172abbd3876e2a0deda4742a8975e9d55296dc6f3d8e3
ns3/custom_source/contrib/handover-congestion/model/baseline-trace-collector.h,2529,e61de9511bd6e7ea4e6fd08a7ab5eed8842558a21cad2dc185f8d5840b4a9dda
ns3/custom_source/contrib/handover-congestion/model/detailed-handover-event-collector.cc,5352,355d116bf6399864eac13d95f047ee5ff346bb33bc319cc03eb806c569bc42c9
ns3/custom_source/contrib/handover-congestion/model/detailed-handover-event-collector.h,1844,c0b3d7dd5f398e989ab9bca3e175a309ae8d1e10dcca630a3e9fb85a3433d443
ns3/custom_source/contrib/handover-congestion/model/experiment-config.cc,9316,19e47de415d4c5219175fcdaae16fa637962659350871aeb12b78bad2ac2a233
ns3/custom_source/contrib/handover-congestion/model/experiment-config.h,3472,33ec6b4a542371acd0f2f6dc172c21640af78626329b45058039824a09b8cd3d
ns3/custom_source/contrib/handover-congestion/model/flow-metrics.cc,5612,fbb45d8ee6f8ae203d116a7a5a908414d7a5aba9c51458361d4febbb53c4c374
ns3/custom_source/contrib/handover-congestion/model/flow-metrics.h,2087,8a7911c3ee53957166ecc9a627b10a116a6a85f01a54b4b9ce92c5eba3904a88
ns3/custom_source/contrib/handover-congestion/model/lte-network-builder.cc,7250,9e9f9a0de5dac729d9e3c5610b82e064bec3f3f40d5f6c73afc6df3d53f71ae6
ns3/custom_source/contrib/handover-congestion/model/lte-network-builder.h,1548,6d40e28c633c828ad657bdacb85d98f41b07280f5ce91d4090fef70f0cc1f8ee
ns3/custom_source/contrib/handover-congestion/model/packet-lineage-trace-collector.cc,6343,bf4d46915abfc428f3de0b95887d1e9ba9f9989620a1ad531406a6afdfebc984
ns3/custom_source/contrib/handover-congestion/model/packet-lineage-trace-collector.h,2086,482095398ce6a81c986186bde15c33c5790ffbb47a782da2cd7ead6a4177de63
ns3/custom_source/contrib/handover-congestion/model/result-writer.cc,16332,188d1ce2aeaa92caeae7fbb82e57596dccee66b671f7bfc8bb94e9a39fffe49f
ns3/custom_source/contrib/handover-congestion/model/result-writer.h,1683,1ce37dfb895e7f4de8117087e846d9f85d111becefba4ec9d26937a49b2ab3f8
ns3/custom_source/contrib/handover-congestion/model/rlc-lineage-trace-collector.cc,7466,080dd1748316d2cf463c9127da946755848cfb8f42a134168ead17124fde2499
ns3/custom_source/contrib/handover-congestion/model/rlc-lineage-trace-collector.h,2123,221b0ccf6205c786490387695c397161136a2d5746f2016efa2239ced58ed1da
ns3/custom_source/contrib/handover-congestion/model/rlc-policy-decision-trace-collector.cc,6802,c0deb531b9d8aa681d8dea00bd548c3452dd965add5dc4e153a44e59c9608821
ns3/custom_source/contrib/handover-congestion/model/rlc-policy-decision-trace-collector.h,1823,6105ce171329c147f5d24f27d2b8c9691af1a1ac9853aa926f346563e1fe4f1d
ns3/custom_source/contrib/handover-congestion/model/rlc-queue-trace-collector.cc,4729,2ee6b1e2f2db22b2df775c12e4689924c29ed53582abab43a0e826885d12ac49
ns3/custom_source/contrib/handover-congestion/model/rlc-queue-trace-collector.h,1754,c05bc441886e25c8ca2871688b2e52e0596b4c79b22fa4f97856c2a8236338fa
ns3/custom_source/contrib/handover-congestion/model/scenario-builder.cc,5930,48e2521b43bc59d591f512a429caa4ac3c8138929d15c6c17f40008e72d008fb
ns3/custom_source/contrib/handover-congestion/model/scenario-builder.h,919,746ee02ee1f0a74c1a9911fc46b3738b86772c77a241b0bd646d26e301932d5d
ns3/custom_source/contrib/handover-congestion/model/traffic-installer.cc,3754,c111133471b786e2f3d6622bb186fb531d3dc890168e4fbea363ea168691278a
ns3/custom_source/contrib/handover-congestion/model/traffic-installer.h,1368,efb377d3c3e4e4a3039935e3b34dadf4fea1723d19831d5e3aafa0b11f234258
ns3/custom_source/contrib/handover-congestion/test/handover-congestion-config-test.cc,11074,0c1adcdf4d1c7a32c0e1708f37d3855b16daf7b8d069049fe897e1018c5ce9be
ns3/custom_source/contrib/handover-congestion/test/packet-lineage-test.cc,19907,ef78f7ffea23983ea6e8f98e5f3ab9e0be53c36d8e9f82cdd1e55742efcf86b8
ns3/modified_source/src/applications/model/udp-client.cc,9436,0dd1c3f8c6a7a43438a7deb565237a51704bd3d20c46d79ad162335c2b6c3570
ns3/modified_source/src/applications/model/udp-client.h,3688,f7e261631e970e0d0317211b86560e4bff5966b877b322ee02f4037a9c811afa
ns3/modified_source/src/lte/CMakeLists.txt,11556,866cba52bbdcd1f4fa78b3bb17e49a8e774f9aa7f757165953d4e2f05ce709ca
ns3/modified_source/src/lte/model/lte-rlc-sdu-lineage-tag.cc,2733,07178ee6941379ed29bcbe2d15050b048615b5929fb99c9b2c1e848c48afe748
ns3/modified_source/src/lte/model/lte-rlc-sdu-lineage-tag.h,1907,50561712dd1689cf4e46497ed8e34c54c45ab351a7c8b2a9369cc5ec9b8b5ee5
ns3/modified_source/src/lte/model/lte-rlc-um.cc,51653,953bc8bdf6fc05db43f4191013f052b8e5172290012cd3b2a601020d781cd0d1
ns3/modified_source/src/lte/model/lte-rlc-um.h,9027,68606f4a718e70e3e660227f3d48315c1319c076e40295896b421d731c0d9a04
ns3/release_notice.patch,5980,65054e906de20c800c080b009cb95158236cddd750f295e9e7234e72e9caeba8
ns3/status_priority_production.patch,26982,a25d580e8890aecb668a08ac70169e685aa47bc586486d3ea31c186edaaadad4
reproduction/README.md,680,2ccb10957eb20cb5bd2cbd9784bf1bc3d1ed4d01d18eab675c883b0e433fd80b
reproduction/expected_outputs.md,984,c7f6562a2cde8b66dcf9c3ad16c166832f7ac3c54a985ac58b2eb89385d5f5ac
reproduction/reproduce_figures.md,817,6954cd26d115d3d0dd722eb67fa66e8ed19f31c88007895ded707cf984db0e40
reproduction/reproduce_tables.md,690,bef7a24884e10a8350347461f565db63048e47c3ed53cb38400cfd6701b929af
reproduction/verify_metrics.md,805,904370b8607139b286d18f472ca1a593374f0d148d0a20b18fb3e20a2d55e6a6
reproduction/verify_package.py,2394,02e6df6b5c6de45127463d6c1b21a76ac42d0b567d1cfb96450a0336a7e930ca
