public_path,source,original_sha256,public_sha256,origin,transformation
data/canonical_results/phase7_endpoint_distribution_summary.csv,Research_Workspace/03_RESULTS_EVIDENCE/03_CANONICAL_RESULTS/csv/phase7_endpoint_distribution_summary.csv,9148ec9895d7dac2441cce6ba566c06a71bc93b529ebe3c5ba3f3dbb0a878a6a,9148ec9895d7dac2441cce6ba566c06a71bc93b529ebe3c5ba3f3dbb0a878a6a,selected workspace evidence,none
data/canonical_results/phase9_endpoint_summary.csv,Research_Workspace/03_RESULTS_EVIDENCE/03_CANONICAL_RESULTS/csv/phase9_endpoint_summary.csv,3491ef11e03a4750bc5dee2e4712caa6f903225b05d4b6504855b95260ac0c20,3491ef11e03a4750bc5dee2e4712caa6f903225b05d4b6504855b95260ac0c20,selected workspace evidence,none
data/canonical_results/phase9_load_level_summary.csv,Research_Workspace/03_RESULTS_EVIDENCE/03_CANONICAL_RESULTS/csv/phase9_load_level_summary.csv,22c100c4c1215e5b807f969bbee2526565d928cc404fac785f062673a5407d2e,22c100c4c1215e5b807f969bbee2526565d928cc404fac785f062673a5407d2e,selected workspace evidence,none
data/canonical_results/phase9_paired_differences.csv,Research_Workspace/03_RESULTS_EVIDENCE/03_CANONICAL_RESULTS/csv/phase9_paired_differences.csv,c10e5ef010f52031e60c597a08bd53601e4506d3393b684e79b229f5283badec,c10e5ef010f52031e60c597a08bd53601e4506d3393b684e79b229f5283badec,selected workspace evidence,none
data/canonical_results/phase9_run_summary.csv,Research_Workspace/03_RESULTS_EVIDENCE/03_CANONICAL_RESULTS/csv/phase9_run_summary.csv,7cabe5fc385bbb31872ed10ed932bff044cb69889bd48097c2151f0c5c036aae,51f6d52864be88aaca871539fd203b107307ed0b00fac99cdd9ea4646629e0cd,selected workspace evidence,public path routing and/or serialization only; no algorithm or numeric change
data/canonical_results/production_pair_differences.csv,Research_Workspace/03_RESULTS_EVIDENCE/03_CANONICAL_RESULTS/csv/production_pair_differences.csv,6287f28d4c7bf5e32137be8bbcacf5f9290c586d985d6065800ed270c64cbc18,6287f28d4c7bf5e32137be8bbcacf5f9290c586d985d6065800ed270c64cbc18,selected workspace evidence,none
data/canonical_results/production_results_statistics.json,Research_Workspace/03_RESULTS_EVIDENCE/03_CANONICAL_RESULTS/csv/production_results_statistics.json,55a4a5f429892083dbc71e20ce3c3bce751b321d74e6b314616bf7d525a039a0,55a4a5f429892083dbc71e20ce3c3bce751b321d74e6b314616bf7d525a039a0,selected workspace evidence,none
data/canonical_results/production_run_summary.csv,Research_Workspace/03_RESULTS_EVIDENCE/03_CANONICAL_RESULTS/csv/production_run_summary.csv,a3b2d139ec52e1222964f476580f37a8d147fa689c5faedd4358ddf6ed98c87f,879a4e2eb6d2e040e7264900e7ece60cef2ea126c70c854093afaee2c3629756,selected workspace evidence,public path routing and/or serialization only; no algorithm or numeric change
data/canonical_results/table_background_tradeoffs.csv,Research_Workspace/03_RESULTS_EVIDENCE/03_CANONICAL_RESULTS/csv/table_background_tradeoffs.csv,926254d0438036aefa939f728e637c6209fb7f8fe56b1c28ae2e73d078dc3475,926254d0438036aefa939f728e637c6209fb7f8fe56b1c28ae2e73d078dc3475,selected workspace evidence,none
data/canonical_results/table_confirmatory_outcomes.csv,Research_Workspace/03_RESULTS_EVIDENCE/03_CANONICAL_RESULTS/csv/table_confirmatory_outcomes.csv,6434ec87172076080f854107d2f89131f5ed5a0c0d9bea57c4055907baaabc6f,6434ec87172076080f854107d2f89131f5ed5a0c0d9bea57c4055907baaabc6f,selected workspace evidence,none
data/canonical_results/table_exploratory_fairness_diagnostics.csv,Research_Workspace/03_RESULTS_EVIDENCE/03_CANONICAL_RESULTS/csv/table_exploratory_fairness_diagnostics.csv,0635575aade9646b6458da85a76b1a5fce17516f0b3f4568b0a77bd1fb15bea6,0635575aade9646b6458da85a76b1a5fce17516f0b3f4568b0a77bd1fb15bea6,selected workspace evidence,none
data/canonical_results/table_h4_outcomes.csv,Research_Workspace/03_RESULTS_EVIDENCE/03_CANONICAL_RESULTS/csv/table_h4_outcomes.csv,8e579005601e8b40feba8eec1bb3eb035fcaccd98313205651833b982531ee0e,8e579005601e8b40feba8eec1bb3eb035fcaccd98313205651833b982531ee0e,selected workspace evidence,none
data/canonical_results/table_mechanism_outcomes.csv,Research_Workspace/03_RESULTS_EVIDENCE/03_CANONICAL_RESULTS/csv/table_mechanism_outcomes.csv,82c5c120e59725bdba55e8a83c1c1c29474cb5da00bcbe61ec93ed6fadb2fb43,82c5c120e59725bdba55e8a83c1c1c29474cb5da00bcbe61ec93ed6fadb2fb43,selected workspace evidence,none
data/canonical_results/table_negative_null_results.csv,Research_Workspace/03_RESULTS_EVIDENCE/03_CANONICAL_RESULTS/csv/table_negative_null_results.csv,e971b9d73a6713580a06e6dcf572dd9b52eeb1ee43ef6a3f30caad14a0bf49ca,e971b9d73a6713580a06e6dcf572dd9b52eeb1ee43ef6a3f30caad14a0bf49ca,selected workspace evidence,none
manuscript_support/figures/f1_system.pdf,FutureTransportation_Submission/01_Manuscript/submission_approved_candidate/source/figures/f1_system.pdf,efdc47c1efa5e6d79794bb087ed77a9e2b4fc693702e4a294b9e089ea3568ac4,efdc47c1efa5e6d79794bb087ed77a9e2b4fc693702e4a294b9e089ea3568ac4,selected workspace evidence,none
manuscript_support/figures/f2_lineage.pdf,FutureTransportation_Submission/01_Manuscript/submission_approved_candidate/source/figures/f2_lineage.pdf,61041a9a3f1f6b1a458368fbe994fe5713b41b92ecb1e4fa873933bec22ec881,61041a9a3f1f6b1a458368fbe994fe5713b41b92ecb1e4fa873933bec22ec881,selected workspace evidence,none
manuscript_support/figures/f3_selection.pdf,FutureTransportation_Submission/01_Manuscript/submission_approved_candidate/source/figures/f3_selection.pdf,c86f3ee890ad41449ce07331e9ff17251aa89aed25565fb27fd4c754c7692628,c86f3ee890ad41449ce07331e9ff17251aa89aed25565fb27fd4c754c7692628,selected workspace evidence,none
manuscript_support/figures/f4_design.pdf,FutureTransportation_Submission/01_Manuscript/submission_approved_candidate/source/figures/f4_design.pdf,3c6601f71a9cffd1a768429ed01c249b6d69f8ae34aba42a033beffef91f751f,3c6601f71a9cffd1a768429ed01c249b6d69f8ae34aba42a033beffef91f751f,selected workspace evidence,none
manuscript_support/figures/f5_primary.pdf,FutureTransportation_Submission/01_Manuscript/submission_approved_candidate/source/figures/f5_primary.pdf,c4bec4ca25b9e8a638866553866e32af953b02601aa11eedc31b6d5e8e132fd0,c4bec4ca25b9e8a638866553866e32af953b02601aa11eedc31b6d5e8e132fd0,selected workspace evidence,none
manuscript_support/figures/f6_mechanism.pdf,FutureTransportation_Submission/01_Manuscript/submission_approved_candidate/source/figures/f6_mechanism.pdf,784e569caa4b2497767960cb705eed1ba247cdfc9d518caf602d756073009449,784e569caa4b2497767960cb705eed1ba247cdfc9d518caf602d756073009449,selected workspace evidence,none
manuscript_support/figures/f7_cost.pdf,FutureTransportation_Submission/01_Manuscript/submission_approved_candidate/source/figures/f7_cost.pdf,162137ae7710c52878307871a25a0ef6890cbf49fb1bea8b5f97483b89950d12,162137ae7710c52878307871a25a0ef6890cbf49fb1bea8b5f97483b89950d12,selected workspace evidence,none
manuscript_support/figures/f8_load.pdf,FutureTransportation_Submission/01_Manuscript/submission_approved_candidate/source/figures/f8_load.pdf,0b97ab696aef7dbc10de7119c014454b4d3ea891b09cd91e7f539d449feb9c3b,0b97ab696aef7dbc10de7119c014454b4d3ea891b09cd91e7f539d449feb9c3b,selected workspace evidence,none
manuscript_support/tables/background.tex,FutureTransportation_Submission/01_Manuscript/submission_approved_candidate/source/tables/background.tex,2cc915d49bd384c838d77ed0c01554377d247066dc3e8a82994f5227b3afe9e1,2cc915d49bd384c838d77ed0c01554377d247066dc3e8a82994f5227b3afe9e1,selected workspace evidence,none
manuscript_support/tables/configuration.tex,FutureTransportation_Submission/01_Manuscript/submission_approved_candidate/source/tables/configuration.tex,62a887f7cd22e060d96ca6e048a22558160a6d73417f5a5700720cff0b565e46,62a887f7cd22e060d96ca6e048a22558160a6d73417f5a5700720cff0b565e46,selected workspace evidence,none
manuscript_support/tables/metrics.tex,FutureTransportation_Submission/01_Manuscript/submission_approved_candidate/source/tables/metrics.tex,afbba4137e186c0f64b71d1ad5423b6c17278ed875ed0d42d38437d4da629fed,afbba4137e186c0f64b71d1ad5423b6c17278ed875ed0d42d38437d4da629fed,selected workspace evidence,none
manuscript_support/tables/numbers.tex,FutureTransportation_Submission/01_Manuscript/submission_approved_candidate/source/tables/numbers.tex,540c6d7c0a748b5260b73f05ace9ed5234bf8f86f0fbbb5efd840df19d92c1be,540c6d7c0a748b5260b73f05ace9ed5234bf8f86f0fbbb5efd840df19d92c1be,selected workspace evidence,none
manuscript_support/tables/primary.tex,FutureTransportation_Submission/01_Manuscript/submission_approved_candidate/source/tables/primary.tex,db3b9557c0828d78f4fdadcbaba0f72347555175e1ef78c71ef526c2b3c968fb,db3b9557c0828d78f4fdadcbaba0f72347555175e1ef78c71ef526c2b3c968fb,selected workspace evidence,none
manuscript_support/tables/supporting.tex,FutureTransportation_Submission/01_Manuscript/submission_approved_candidate/source/tables/supporting.tex,ea73e3f6fc4a7a42d1ea2e1f835a1331df54f3f63d9770213cdfb26b8bfa7dd8,ea73e3f6fc4a7a42d1ea2e1f835a1331df54f3f63d9770213cdfb26b8bfa7dd8,selected workspace evidence,none
manuscript_support/tables/traffic_design.tex,FutureTransportation_Submission/01_Manuscript/submission_approved_candidate/source/sections/04_experimental_design.tex,a6920faa45d4c6db6d763095bb7584b8086bb1fd6da70aec1bf63caa269e6ed1,dd31582ccb7492bdc50a84a72641c4311ac2552d04808ddcabaee1a15a057597,table-only excerpt from frozen approved section,table-only excerpt from source section; table bytes unchanged
ns3/custom_source/contrib/handover-congestion/CMakeLists.txt,git:ec84414f367b0f525a700c30d13986667e17e1d8:contrib/handover-congestion/CMakeLists.txt,802b02a1077e05c8fb5c6f47053e875f0aa5042107da2c2aeb8230fe7e7cf6ec,9999a7c384c97c5567b3587c3318ed426ab4a449aa6a1d021e14382e87d6a2d1,Git commit exact production freeze,none; public GPL/license or dated modification comments added; logic unchanged
ns3/custom_source/contrib/handover-congestion/examples/CMakeLists.txt,git:ec84414f367b0f525a700c30d13986667e17e1d8:contrib/handover-congestion/examples/CMakeLists.txt,ec40cfb44e01293b556250858c6422bba216f079e462bb877d6e771fce7030c5,cb3460a5df35a74ede4180c2d3d38ff3b69a27fa9f791294e2d4bd51f8695f8b,Git commit exact production freeze,none; public GPL/license or dated modification comments added; logic unchanged
ns3/custom_source/contrib/handover-congestion/examples/handover-congestion-baseline.cc,git:ec84414f367b0f525a700c30d13986667e17e1d8:contrib/handover-congestion/examples/handover-congestion-baseline.cc,0069c1c1b3424f56d3936f0f9b17d85adbedd2b02bcfaf6488b26e63dccd669f,ff93006e63b0d986353091e8d9c8000452f38f0fad2e8b18693247b147410006,Git commit exact production freeze,none; public GPL/license or dated modification comments added; logic unchanged
ns3/custom_source/contrib/handover-congestion/model/application-trace-collector.cc,git:ec84414f367b0f525a700c30d13986667e17e1d8:contrib/handover-congestion/model/application-trace-collector.cc,13d65ce8f2482952edfeba2d2bbf75a18981de1d160677b47f0fedfbbd0b76b8,7992236db954c4f739bce4b0d32d759b3ff60cd356aabf20e1aa7698fa015ada,Git commit exact production freeze,none; public GPL/license or dated modification comments added; logic unchanged
ns3/custom_source/contrib/handover-congestion/model/application-trace-collector.h,git:ec84414f367b0f525a700c30d13986667e17e1d8:contrib/handover-congestion/model/application-trace-collector.h,4f0695042bb1cefd38565b3aadb6fe3dafcf30da4188a54e1964c68b9ae27c09,33a917f609c609bb1a09a62f2f849f4dfe66c8c633c3e3410ddbe1f386fbebfb,Git commit exact production freeze,none; public GPL/license or dated modification comments added; logic unchanged
ns3/custom_source/contrib/handover-congestion/model/baseline-trace-collector.cc,git:ec84414f367b0f525a700c30d13986667e17e1d8:contrib/handover-congestion/model/baseline-trace-collector.cc,7f77b2c699c1509f0ed8d865662e3d5852c2f6dfb04a8c3510af7976dd3d9f65,bc3fd67dfa8058cef10172abbd3876e2a0deda4742a8975e9d55296dc6f3d8e3,Git commit exact production freeze,none; public GPL/license or dated modification comments added; logic unchanged
ns3/custom_source/contrib/handover-congestion/model/baseline-trace-collector.h,git:ec84414f367b0f525a700c30d13986667e17e1d8:contrib/handover-congestion/model/baseline-trace-collector.h,9558198540cd5642f332d6f8874bd6457e8b18094ec35ba995fb38904a4911e5,e61de9511bd6e7ea4e6fd08a7ab5eed8842558a21cad2dc185f8d5840b4a9dda,Git commit exact production freeze,none; public GPL/license or dated modification comments added; logic unchanged
ns3/custom_source/contrib/handover-congestion/model/detailed-handover-event-collector.cc,git:ec84414f367b0f525a700c30d13986667e17e1d8:contrib/handover-congestion/model/detailed-handover-event-collector.cc,38fc9991f0976e7464a1ef06a19db956458000854b6fba5c2ac2e2f629b8a015,355d116bf6399864eac13d95f047ee5ff346bb33bc319cc03eb806c569bc42c9,Git commit exact production freeze,none; public GPL/license or dated modification comments added; logic unchanged
ns3/custom_source/contrib/handover-congestion/model/detailed-handover-event-collector.h,git:ec84414f367b0f525a700c30d13986667e17e1d8:contrib/handover-congestion/model/detailed-handover-event-collector.h,bb99c7aecebd69a36cca6c82917244031f032a11bca062efc311fb22b149f5d2,c0b3d7dd5f398e989ab9bca3e175a309ae8d1e10dcca630a3e9fb85a3433d443,Git commit exact production freeze,none; public GPL/license or dated modification comments added; logic unchanged
ns3/custom_source/contrib/handover-congestion/model/experiment-config.cc,git:ec84414f367b0f525a700c30d13986667e17e1d8:contrib/handover-congestion/model/experiment-config.cc,6b344c30ccb0625afe647f53abf7f77e803a6b41b769d8d9e85fa2c91ef12620,19e47de415d4c5219175fcdaae16fa637962659350871aeb12b78bad2ac2a233,Git commit exact production freeze,none; public GPL/license or dated modification comments added; logic unchanged
ns3/custom_source/contrib/handover-congestion/model/experiment-config.h,git:ec84414f367b0f525a700c30d13986667e17e1d8:contrib/handover-congestion/model/experiment-config.h,5b7a08372f5da11fd74af31650e2e9d8d877b9b75771ac2176e942c7080e5bab,33ec6b4a542371acd0f2f6dc172c21640af78626329b45058039824a09b8cd3d,Git commit exact production freeze,none; public GPL/license or dated modification comments added; logic unchanged
ns3/custom_source/contrib/handover-congestion/model/flow-metrics.cc,git:ec84414f367b0f525a700c30d13986667e17e1d8:contrib/handover-congestion/model/flow-metrics.cc,e4e2d68595cc9a13cb11b1c5cc2475c0e5a35d5759994a36134b4cc483fa2f10,fbb45d8ee6f8ae203d116a7a5a908414d7a5aba9c51458361d4febbb53c4c374,Git commit exact production freeze,none; public GPL/license or dated modification comments added; logic unchanged
ns3/custom_source/contrib/handover-congestion/model/flow-metrics.h,git:ec84414f367b0f525a700c30d13986667e17e1d8:contrib/handover-congestion/model/flow-metrics.h,2f2cd9c7fdb25c7ed042bca3c3a0bc24c527736034a6e3324ae8c24c62fd2e30,8a7911c3ee53957166ecc9a627b10a116a6a85f01a54b4b9ce92c5eba3904a88,Git commit exact production freeze,none; public GPL/license or dated modification comments added; logic unchanged
ns3/custom_source/contrib/handover-congestion/model/lte-network-builder.cc,git:ec84414f367b0f525a700c30d13986667e17e1d8:contrib/handover-congestion/model/lte-network-builder.cc,84305e42beb26c7f29de9d988a50039f29ce18c837671ba98eeafba555c0b49d,9e9f9a0de5dac729d9e3c5610b82e064bec3f3f40d5f6c73afc6df3d53f71ae6,Git commit exact production freeze,none; public GPL/license or dated modification comments added; logic unchanged
ns3/custom_source/contrib/handover-congestion/model/lte-network-builder.h,git:ec84414f367b0f525a700c30d13986667e17e1d8:contrib/handover-congestion/model/lte-network-builder.h,df9ab69f1c69712255d645aaafa864be568fa1c9498a9255f17d93e8d679b4a4,6d40e28c633c828ad657bdacb85d98f41b07280f5ce91d4090fef70f0cc1f8ee,Git commit exact production freeze,none; public GPL/license or dated modification comments added; logic unchanged
ns3/custom_source/contrib/handover-congestion/model/packet-lineage-trace-collector.cc,git:ec84414f367b0f525a700c30d13986667e17e1d8:contrib/handover-congestion/model/packet-lineage-trace-collector.cc,9efa54bb2c011cd4b449ea5bb01152a540077e30bbe0df433618955b111065cd,bf4d46915abfc428f3de0b95887d1e9ba9f9989620a1ad531406a6afdfebc984,Git commit exact production freeze,none; public GPL/license or dated modification comments added; logic unchanged
ns3/custom_source/contrib/handover-congestion/model/packet-lineage-trace-collector.h,git:ec84414f367b0f525a700c30d13986667e17e1d8:contrib/handover-congestion/model/packet-lineage-trace-collector.h,03105358cb42c2c7895a4d0fb3a3d27b1e16b3a39d6b1db54323c19ac6d8d4c3,482095398ce6a81c986186bde15c33c5790ffbb47a782da2cd7ead6a4177de63,Git commit exact production freeze,none; public GPL/license or dated modification comments added; logic unchanged
ns3/custom_source/contrib/handover-congestion/model/result-writer.cc,git:ec84414f367b0f525a700c30d13986667e17e1d8:contrib/handover-congestion/model/result-writer.cc,c8b48caf3be8b9624c9755f8e7001da691b176868aedfc39c224a8a4d38345ce,188d1ce2aeaa92caeae7fbb82e57596dccee66b671f7bfc8bb94e9a39fffe49f,Git commit exact production freeze,none; public GPL/license or dated modification comments added; logic unchanged
ns3/custom_source/contrib/handover-congestion/model/result-writer.h,git:ec84414f367b0f525a700c30d13986667e17e1d8:contrib/handover-congestion/model/result-writer.h,65da326837dfb8e5ebdb6b4ce0600623cc108d14d97690beb3dda999e77247e1,1ce37dfb895e7f4de8117087e846d9f85d111becefba4ec9d26937a49b2ab3f8,Git commit exact production freeze,none; public GPL/license or dated modification comments added; logic unchanged
ns3/custom_source/contrib/handover-congestion/model/rlc-lineage-trace-collector.cc,git:ec84414f367b0f525a700c30d13986667e17e1d8:contrib/handover-congestion/model/rlc-lineage-trace-collector.cc,92450dd5ac6bb6f096ffb71caea3afa07addc326aa2c76c0bb21bc01e58f77e8,080dd1748316d2cf463c9127da946755848cfb8f42a134168ead17124fde2499,Git commit exact production freeze,none; public GPL/license or dated modification comments added; logic unchanged
ns3/custom_source/contrib/handover-congestion/model/rlc-lineage-trace-collector.h,git:ec84414f367b0f525a700c30d13986667e17e1d8:contrib/handover-congestion/model/rlc-lineage-trace-collector.h,a63a31521f3e37fed63a0bf3bf064d0520a9f51a7c3abe44d63cdceab273528e,221b0ccf6205c786490387695c397161136a2d5746f2016efa2239ced58ed1da,Git commit exact production freeze,none; public GPL/license or dated modification comments added; logic unchanged
ns3/custom_source/contrib/handover-congestion/model/rlc-policy-decision-trace-collector.cc,git:ec84414f367b0f525a700c30d13986667e17e1d8:contrib/handover-congestion/model/rlc-policy-decision-trace-collector.cc,efc5e570a2982d6722c72df41a14fc3a6edf308c9f01d347da4a1ff099c2b46a,c0deb531b9d8aa681d8dea00bd548c3452dd965add5dc4e153a44e59c9608821,Git commit exact production freeze,none; public GPL/license or dated modification comments added; logic unchanged
ns3/custom_source/contrib/handover-congestion/model/rlc-policy-decision-trace-collector.h,git:ec84414f367b0f525a700c30d13986667e17e1d8:contrib/handover-congestion/model/rlc-policy-decision-trace-collector.h,d6134aa0f7d8a414aa36bf0e760c97b858806bc79a75e2cdef72ca283d0a9844,6105ce171329c147f5d24f27d2b8c9691af1a1ac9853aa926f346563e1fe4f1d,Git commit exact production freeze,none; public GPL/license or dated modification comments added; logic unchanged
ns3/custom_source/contrib/handover-congestion/model/rlc-queue-trace-collector.cc,git:ec84414f367b0f525a700c30d13986667e17e1d8:contrib/handover-congestion/model/rlc-queue-trace-collector.cc,866163d6b572a92b0f30645a734c2c30c760444d5701ca40bdc40c99836fa398,2ee6b1e2f2db22b2df775c12e4689924c29ed53582abab43a0e826885d12ac49,Git commit exact production freeze,none; public GPL/license or dated modification comments added; logic unchanged
ns3/custom_source/contrib/handover-congestion/model/rlc-queue-trace-collector.h,git:ec84414f367b0f525a700c30d13986667e17e1d8:contrib/handover-congestion/model/rlc-queue-trace-collector.h,5eaef17a0c0ad79933d640a9540a857ad50d7b3764a4059c7ece0c99e0ce89bf,c05bc441886e25c8ca2871688b2e52e0596b4c79b22fa4f97856c2a8236338fa,Git commit exact production freeze,none; public GPL/license or dated modification comments added; logic unchanged
ns3/custom_source/contrib/handover-congestion/model/scenario-builder.cc,git:ec84414f367b0f525a700c30d13986667e17e1d8:contrib/handover-congestion/model/scenario-builder.cc,44ea7fb872241a76436139e63432b8ed0fcecaf8221f37096191966c1b851c17,48e2521b43bc59d591f512a429caa4ac3c8138929d15c6c17f40008e72d008fb,Git commit exact production freeze,none; public GPL/license or dated modification comments added; logic unchanged
ns3/custom_source/contrib/handover-congestion/model/scenario-builder.h,git:ec84414f367b0f525a700c30d13986667e17e1d8:contrib/handover-congestion/model/scenario-builder.h,787bfe2db8a98f2bac9d8e1c25c1fa74a68202c68e799692ac8d6a0329b0cc1e,746ee02ee1f0a74c1a9911fc46b3738b86772c77a241b0bd646d26e301932d5d,Git commit exact production freeze,none; public GPL/license or dated modification comments added; logic unchanged
ns3/custom_source/contrib/handover-congestion/model/traffic-installer.cc,git:ec84414f367b0f525a700c30d13986667e17e1d8:contrib/handover-congestion/model/traffic-installer.cc,01f9b1d49cead8228cf5d5971c5d3eebd07c1c85516c2789cd48c7fdf3ddf5ff,c111133471b786e2f3d6622bb186fb531d3dc890168e4fbea363ea168691278a,Git commit exact production freeze,none; public GPL/license or dated modification comments added; logic unchanged
ns3/custom_source/contrib/handover-congestion/model/traffic-installer.h,git:ec84414f367b0f525a700c30d13986667e17e1d8:contrib/handover-congestion/model/traffic-installer.h,ffb8ea8267160696fbe879ae9110705a5defd1974a3e21190553622ace836a2f,efb377d3c3e4e4a3039935e3b34dadf4fea1723d19831d5e3aafa0b11f234258,Git commit exact production freeze,none; public GPL/license or dated modification comments added; logic unchanged
ns3/custom_source/contrib/handover-congestion/test/handover-congestion-config-test.cc,git:ec84414f367b0f525a700c30d13986667e17e1d8:contrib/handover-congestion/test/handover-congestion-config-test.cc,b1d4c8cc33b135895a9ad3d94a6f4e817d7b476c81cea967fdef9a0066f5c03e,0c1adcdf4d1c7a32c0e1708f37d3855b16daf7b8d069049fe897e1018c5ce9be,Git commit exact production freeze,none; public GPL/license or dated modification comments added; logic unchanged
ns3/custom_source/contrib/handover-congestion/test/packet-lineage-test.cc,git:ec84414f367b0f525a700c30d13986667e17e1d8:contrib/handover-congestion/test/packet-lineage-test.cc,9f620e38ae3e27788ede5867dbecb4c82e1049c84fc7d77f66cf42df135ebaa7,ef78f7ffea23983ea6e8f98e5f3ab9e0be53c36d8e9f82cdd1e55742efcf86b8,Git commit exact production freeze,none; public GPL/license or dated modification comments added; logic unchanged
ns3/UPSTREAM_LICENSE,git:ec84414f367b0f525a700c30d13986667e17e1d8:LICENSE,ab15fd526bd8dd18a9e77ebc139656bf4d33e97fc7238cd11bf60e2b9b8666c6,ab15fd526bd8dd18a9e77ebc139656bf4d33e97fc7238cd11bf60e2b9b8666c6,existing ns-3 license; no new selection,none
ns3/status_priority_production.patch,git:4059af204636298c061df368e241941fa3ff97bf..ec84414f367b0f525a700c30d13986667e17e1d8:src,a25d580e8890aecb668a08ac70169e685aa47bc586486d3ea31c186edaaadad4,a25d580e8890aecb668a08ac70169e685aa47bc586486d3ea31c186edaaadad4,exact Git diff; upstream-derived GPL obligations retained,none
analysis/historical/analysis/phase9/analyze_phase9.py,recovered/current/analysis/phase9/analyze_phase9.py,f30a04d1d16219f690a7a7cd40926955e88395cab2957a5556bee0db36320edb,dd2683b00ecf7eba61a027b68c0aecff797a7d492869eea1d8d07afd115b7ea5,recovered working-tree helper; exact matching commits: d932033efe968819cf5b692edd85309e29549d59,public path routing and/or serialization only; no algorithm or numeric change; public GPL/license or dated modification comments added; logic unchanged
analysis/historical/contrib/handover-congestion/analysis/compute-actual-aoi.py,recovered/current/contrib/handover-congestion/analysis/compute-actual-aoi.py,7b88ec3eeafd0727c94357885b5edd645ec3a60c091bd84e4f335bea3c4ac9bd,969f819fcb1bff3009e7d46dcd0d37fc85242395a392f7307ecd6ba0a14462f6,"recovered working-tree helper; exact matching commits: ec84414f367b0f525a700c30d13986667e17e1d8,d932033efe968819cf5b692edd85309e29549d59,832d1968258e2aa4be51a3e43c55a57047f7086b",none; public GPL/license or dated modification comments added; logic unchanged
analysis/historical/contrib/handover-congestion/analysis/phase7/phase7_extended_analysis.py,recovered/current/contrib/handover-congestion/analysis/phase7/phase7_extended_analysis.py,805ce0045150b01b192078a0414705fdc2c79d5e8ab50394fc8cd2d6d8cbb370,984926d577dad19213ca2f69cdc7442e2a8e2547620cf672841bc0249acbf3aa,"recovered working-tree helper; exact matching commits: d932033efe968819cf5b692edd85309e29549d59,832d1968258e2aa4be51a3e43c55a57047f7086b",none; public GPL/license or dated modification comments added; logic unchanged
analysis/historical/contrib/handover-congestion/analysis/phase7/phase7_postprocess_and_figures.py,recovered/current/contrib/handover-congestion/analysis/phase7/phase7_postprocess_and_figures.py,9ce1c9398188ba7ac52a8a0f0584ad340b21b6b270e39d667fdb8f2a0e1c4cea,73d075c4efba78efb0274930657b2f192ca20af35c3b06fdd67a783f43b03021,"recovered working-tree helper; exact matching commits: d932033efe968819cf5b692edd85309e29549d59,832d1968258e2aa4be51a3e43c55a57047f7086b",none; public GPL/license or dated modification comments added; logic unchanged
analysis/historical/contrib/handover-congestion/analysis/pilot_support.py,recovered/current/contrib/handover-congestion/analysis/pilot_support.py,78700277440efe0bb3986259157473ec70d5865c47e800b702c6c55f275615cf,7c8855f0c464531057688ca21e6c6e8d1eb3fbcbdf52b12e5dfd75adb0337e11,"recovered working-tree helper; exact matching commits: ec84414f367b0f525a700c30d13986667e17e1d8,d932033efe968819cf5b692edd85309e29549d59,832d1968258e2aa4be51a3e43c55a57047f7086b",none; public GPL/license or dated modification comments added; logic unchanged
analysis/historical/contrib/handover-congestion/analysis/reconstruct-congestion-state.py,recovered/current/contrib/handover-congestion/analysis/reconstruct-congestion-state.py,0030b357d402f5869c214cb41bc913a6340a98882641c3582b9e368912a40614,c007f09b08d224c61a470b268cb5f8b5e66046965dc42ffd55878387835ea4c2,"recovered working-tree helper; exact matching commits: ec84414f367b0f525a700c30d13986667e17e1d8,d932033efe968819cf5b692edd85309e29549d59,832d1968258e2aa4be51a3e43c55a57047f7086b",none; public GPL/license or dated modification comments added; logic unchanged
analysis/historical/contrib/handover-congestion/analysis/reconstruct-packets.py,recovered/current/contrib/handover-congestion/analysis/reconstruct-packets.py,4919d7a10b460f25420a340b43346ec1c63a742acf79ff954faee8962bb453df,fde601c4cb13243deac84a9f5cbdca64a0764054373536cb7794831cc8742ab1,"recovered working-tree helper; exact matching commits: ec84414f367b0f525a700c30d13986667e17e1d8,d932033efe968819cf5b692edd85309e29549d59,832d1968258e2aa4be51a3e43c55a57047f7086b",none; public GPL/license or dated modification comments added; logic unchanged
analysis/historical/contrib/handover-congestion/analysis/summarize-followup-pilot.py,recovered/current/contrib/handover-congestion/analysis/summarize-followup-pilot.py,3192093a2c7459c7a4cede02fc50d4e662073d2b47fb455ee3e5f85281084b62,08e33f6788919aab5e66bb4c69df254a6d468700d4a0fc576a805c9414504a67,"recovered working-tree helper; exact matching commits: ec84414f367b0f525a700c30d13986667e17e1d8,d932033efe968819cf5b692edd85309e29549d59,832d1968258e2aa4be51a3e43c55a57047f7086b",public path routing and/or serialization only; no algorithm or numeric change; public GPL/license or dated modification comments added; logic unchanged
analysis/historical/contrib/handover-congestion/analysis/validate-packet-lineage.py,recovered/current/contrib/handover-congestion/analysis/validate-packet-lineage.py,55fca34f81733a3dffc050316d6aa308e00249c84b1c1fb9bfa74e120c2878bf,fbd8a45cec46d338dfaec1cd99639135952157c8ffce2d05660be5743513f697,"recovered working-tree helper; exact matching commits: ec84414f367b0f525a700c30d13986667e17e1d8,d932033efe968819cf5b692edd85309e29549d59,832d1968258e2aa4be51a3e43c55a57047f7086b",none; public GPL/license or dated modification comments added; logic unchanged
analysis/historical/contrib/handover-congestion/analysis/validate-policy-decisions.py,recovered/current/contrib/handover-congestion/analysis/validate-policy-decisions.py,f77daf8283bd733d0b695f21375b041d35de5af51df4c04e106f1f58ddc58e4a,1bf6770918abbf0e5faac2825f41cd6069ab33c8d386ce548c949c9e8b0c9411,"recovered working-tree helper; exact matching commits: ec84414f367b0f525a700c30d13986667e17e1d8,d932033efe968819cf5b692edd85309e29549d59,832d1968258e2aa4be51a3e43c55a57047f7086b",none; public GPL/license or dated modification comments added; logic unchanged
analysis/statistics/summarize_followup_production.py,Retained project recovery source; original transcripts/logs not distributed,17341ac44bfb3f81144bbf7ec963597a9efd94cf00936b78a3362596b1ef48bd,fd0a6c022b0cc2801f62f457dc0a33e5eed0a0efc05e2709e956d5d4201aca98,Recovered successful project helper; not Git-tracked,public path routing and/or serialization only; no algorithm or numeric change; public GPL/license or dated modification comments added; logic unchanged
analysis/statistics/analyze_followup_production.py,Retained project recovery source; original transcripts/logs not distributed,0b4b6a97a6bb0b566d530d8e966249b115d0c2e8fba0e490e09037b8f8c3adf5,8d0a3654dd7fbf1b219248aaef07f66bf646d649711f20d9bd6832d4c00a22ef,Recovered successful project helper; not Git-tracked,public path routing and/or serialization only; no algorithm or numeric change; public GPL/license or dated modification comments added; logic unchanged
analysis/figures/render_evidence.py,FutureTransportation_Submission/01_Manuscript/tools/render_evidence.py,9edb414df013f5bb9c435fbdddc0b6f337d2f731d0686c1f3c700f57ab219178,aaf8b1a610d146f19690e17787b29239b22f272648288f85cff6b32ab61b56bb,author manuscript presentation helper,public path routing and/or serialization only; no algorithm or numeric change; public GPL/license or dated modification comments added; logic unchanged
config/production/eval-heavy-fifo-e1001/run_crn-stream-manifest.json,Research_Workspace/05_P0_RECOVERY/evidence/run_metadata/eval-heavy-fifo-e1001/run_crn-stream-manifest.json,48c282be26ea2b70fe60349bf8e357b5e78ea23f8208c4dff385161c46919e39,06a845d51b0ae18e7a4fa7d0f9d7f1b127db308bc783b036dc1a235278c7b81d,saved production runtime record; storage path removed only,public path routing and/or serialization only; no algorithm or numeric change
config/production/eval-heavy-fifo-e1001/run_effective-config.json,Research_Workspace/05_P0_RECOVERY/evidence/run_metadata/eval-heavy-fifo-e1001/run_effective-config.json,1036fb1aa798507bdb3211a40b1d9930c750e6d5ac9c67d2a9ecc165e1c116a8,575e816a6cac7c4fdc63e85e3b69764d9825d29af233f886c3b7d855c0885636,saved production runtime record; storage path removed only,outputPrefix omitted; JSON formatting only; all remaining values unchanged
config/production/eval-heavy-fifo-e1002/run_crn-stream-manifest.json,Research_Workspace/05_P0_RECOVERY/evidence/run_metadata/eval-heavy-fifo-e1002/run_crn-stream-manifest.json,18f4b3b9e11fa5a14875b8ece9bd7d842a9b6e634ff2ff66bb784fa90415aad5,f46e5bfa40fd099d5b0af4b5a66ed3ce171af088c0029a364ca045097df61895,saved production runtime record; storage path removed only,public path routing and/or serialization only; no algorithm or numeric change
config/production/eval-heavy-fifo-e1002/run_effective-config.json,Research_Workspace/05_P0_RECOVERY/evidence/run_metadata/eval-heavy-fifo-e1002/run_effective-config.json,3b5e614c2288af4637f570b82f4ab03e459f119638238ae1eb01f1af25190785,b2c2da06bf43c9d58e7c00873660aabd778031212b933e7cd0386c143ef8c265,saved production runtime record; storage path removed only,outputPrefix omitted; JSON formatting only; all remaining values unchanged
config/production/eval-heavy-fifo-e1003/run_crn-stream-manifest.json,Research_Workspace/05_P0_RECOVERY/evidence/run_metadata/eval-heavy-fifo-e1003/run_crn-stream-manifest.json,ff8ae243e81de56467d901450839a49cc1dcd2a6699dc9614c4db3c1dec6a34b,e863ebd8711ff01a12e11e1c9126480593aab1ff95208c87f02cdc86fc9545db,saved production runtime record; storage path removed only,public path routing and/or serialization only; no algorithm or numeric change
config/production/eval-heavy-fifo-e1003/run_effective-config.json,Research_Workspace/05_P0_RECOVERY/evidence/run_metadata/eval-heavy-fifo-e1003/run_effective-config.json,1218ba3e47cf8f35201a154df0140b4f45551c8b02fd621080d7b6d6b9b70f7a,d63d62390323160615d7c1ad6b71dffb6181f6a8e02e7754df4f0182e5e987dd,saved production runtime record; storage path removed only,outputPrefix omitted; JSON formatting only; all remaining values unchanged
config/production/eval-heavy-fifo-e1004/run_crn-stream-manifest.json,Research_Workspace/05_P0_RECOVERY/evidence/run_metadata/eval-heavy-fifo-e1004/run_crn-stream-manifest.json,8981404aacc1f2fff4143b0ed2d233280228d1e2e112cd413df549cb2a01f94b,4305f640292d184d18e895bb8346b9f4f493953689703d7c003761d9a578be59,saved production runtime record; storage path removed only,public path routing and/or serialization only; no algorithm or numeric change
config/production/eval-heavy-fifo-e1004/run_effective-config.json,Research_Workspace/05_P0_RECOVERY/evidence/run_metadata/eval-heavy-fifo-e1004/run_effective-config.json,0e35d58d0bf4d01883d0ea5a0317a9435ecb84680d6837d0a8e919ede82ff962,55f4606815fcdff09e5bd5714b28b564b8efe14d2121ca72cf3bfa67d28699a9,saved production runtime record; storage path removed only,outputPrefix omitted; JSON formatting only; all remaining values unchanged
config/production/eval-heavy-fifo-e1005/run_crn-stream-manifest.json,Research_Workspace/05_P0_RECOVERY/evidence/run_metadata/eval-heavy-fifo-e1005/run_crn-stream-manifest.json,89895982e3816962d15418249ed19ea87c1f2c109f69649bed176ddf8d06c7b1,b90eb5e2303721a18110bbb8483f5686bc509627c34c139d5bd061bd0e1782d6,saved production runtime record; storage path removed only,public path routing and/or serialization only; no algorithm or numeric change
config/production/eval-heavy-fifo-e1005/run_effective-config.json,Research_Workspace/05_P0_RECOVERY/evidence/run_metadata/eval-heavy-fifo-e1005/run_effective-config.json,f94edeb136ad51ef52d64eae1b76989dc1037be4af50cecdb7b80eac1fbab605,09fa9b44046c6200e73d188d4389af9e485563822c58dcabdcbfe97470332468,saved production runtime record; storage path removed only,outputPrefix omitted; JSON formatting only; all remaining values unchanged
config/production/eval-heavy-fifo-e1006/run_crn-stream-manifest.json,Research_Workspace/05_P0_RECOVERY/evidence/run_metadata/eval-heavy-fifo-e1006/run_crn-stream-manifest.json,aca53411f92a610dbf83ec1bcec59eb525c81960409160fd564096810de394de,93dcb1472bececb741c90455b89815fb7ae18c1286fdb70fce6c5e67b1dfc8fb,saved production runtime record; storage path removed only,public path routing and/or serialization only; no algorithm or numeric change
config/production/eval-heavy-fifo-e1006/run_effective-config.json,Research_Workspace/05_P0_RECOVERY/evidence/run_metadata/eval-heavy-fifo-e1006/run_effective-config.json,bdee044f530b1aeca96c67551d6fbfb1e667a4edbcd80c5a69d2c074c236d23f,ee7059300f88cd36cad590d37b6f7c97c4f1a84f3777386ded12188e4b62c11a,saved production runtime record; storage path removed only,outputPrefix omitted; JSON formatting only; all remaining values unchanged
config/production/eval-heavy-fifo-e1007/run_crn-stream-manifest.json,Research_Workspace/05_P0_RECOVERY/evidence/run_metadata/eval-heavy-fifo-e1007/run_crn-stream-manifest.json,5e26e2fc1214f3012e88b7e4462c1f2ef19ec70212b24d742514ceba80f7d189,90dc6c81f6169b569f3358cd4f24fe1a62c7cea25eacb1084d4754db7c049542,saved production runtime record; storage path removed only,public path routing and/or serialization only; no algorithm or numeric change
config/production/eval-heavy-fifo-e1007/run_effective-config.json,Research_Workspace/05_P0_RECOVERY/evidence/run_metadata/eval-heavy-fifo-e1007/run_effective-config.json,c904cfc9e712d9ef1d4083fca19ae42e429571b0cb5891f718af2cc944b72f57,5ed8b766c07a669770b9ce216c87ab5fcda6f7112bb909e2d75f3ba82b94c145,saved production runtime record; storage path removed only,outputPrefix omitted; JSON formatting only; all remaining values unchanged
config/production/eval-heavy-fifo-e1008/run_crn-stream-manifest.json,Research_Workspace/05_P0_RECOVERY/evidence/run_metadata/eval-heavy-fifo-e1008/run_crn-stream-manifest.json,ca89250e237c40ff838591612177ba29047f5b388993b8ada6a091c079fbaaa9,bf099660fcaac0bcce478c406e3c8c875384e12f691ac58d3dcd79e78c25eacc,saved production runtime record; storage path removed only,public path routing and/or serialization only; no algorithm or numeric change
config/production/eval-heavy-fifo-e1008/run_effective-config.json,Research_Workspace/05_P0_RECOVERY/evidence/run_metadata/eval-heavy-fifo-e1008/run_effective-config.json,14f8e72ffbcd04246bd237b2cbf432c93d9fbe674e40c99ec3e8e81098c1fb52,bad6f2d4e7cbd21c4967b56171e2d7bf0387c345680d316b4827672023e00926,saved production runtime record; storage path removed only,outputPrefix omitted; JSON formatting only; all remaining values unchanged
config/production/eval-heavy-fifo-e1009/run_crn-stream-manifest.json,Research_Workspace/05_P0_RECOVERY/evidence/run_metadata/eval-heavy-fifo-e1009/run_crn-stream-manifest.json,a46cb0e1e70ea43e142940ad3d7565e861aa021c13502cdd548adde05ce3e40b,1d53f14b8ccc035e7e1fbaee0fab619753fb410e0fdfe144d5b8eb31e1dbf82b,saved production runtime record; storage path removed only,public path routing and/or serialization only; no algorithm or numeric change
config/production/eval-heavy-fifo-e1009/run_effective-config.json,Research_Workspace/05_P0_RECOVERY/evidence/run_metadata/eval-heavy-fifo-e1009/run_effective-config.json,0c80611d28efd5658e26e757909f5d4fbc4ac115682b339d30a15e9e49305cfa,6060f62943d48268c282cd89a1a9317a09242a0c560aa73e9885ac8e2fdfbdd2,saved production runtime record; storage path removed only,outputPrefix omitted; JSON formatting only; all remaining values unchanged
config/production/eval-heavy-fifo-e1010/run_crn-stream-manifest.json,Research_Workspace/05_P0_RECOVERY/evidence/run_metadata/eval-heavy-fifo-e1010/run_crn-stream-manifest.json,4543a0ba65c75da260d4c247a4bb5c726150f42a302f6fb9d74e660200339d2e,9badd8ce0931cc336d8f7cf47674e57abd9eaef8b7117841f1afbc011eb65670,saved production runtime record; storage path removed only,public path routing and/or serialization only; no algorithm or numeric change
config/production/eval-heavy-fifo-e1010/run_effective-config.json,Research_Workspace/05_P0_RECOVERY/evidence/run_metadata/eval-heavy-fifo-e1010/run_effective-config.json,9001afc5c0dadd0d5a49e40535006835833c8edad8253f25fc97c6ab0ddc33bd,b0e333e8e957d5e21c01325a89c399a6b8b928ed515a7f4fc3f87140d3b06399,saved production runtime record; storage path removed only,outputPrefix omitted; JSON formatting only; all remaining values unchanged
config/production/eval-heavy-fifo-e1011/run_crn-stream-manifest.json,Research_Workspace/05_P0_RECOVERY/evidence/run_metadata/eval-heavy-fifo-e1011/run_crn-stream-manifest.json,15d320a24a7530528c0c9b88f60fb07697eee432c80ba8d8c8d6c45bd349a43b,39c58e7946f94ae80130d6e9fbddf459038b6cb7242c43c06b2861769ed8ffc0,saved production runtime record; storage path removed only,public path routing and/or serialization only; no algorithm or numeric change
config/production/eval-heavy-fifo-e1011/run_effective-config.json,Research_Workspace/05_P0_RECOVERY/evidence/run_metadata/eval-heavy-fifo-e1011/run_effective-config.json,cf82976128c20d55c269c13e9561c46fd4207f26919875aa6bd4cccb854a55fd,0712f7155b6ff7ea308bd0e96c776d190f2f7224be2808ff90234910e60f2fab,saved production runtime record; storage path removed only,outputPrefix omitted; JSON formatting only; all remaining values unchanged
config/production/eval-heavy-fifo-e1012/run_crn-stream-manifest.json,Research_Workspace/05_P0_RECOVERY/evidence/run_metadata/eval-heavy-fifo-e1012/run_crn-stream-manifest.json,3e895bb82c218091cbe8f2cdbcc66415394ffaf48d16f55ec941014bb55cdbe4,692b41d809e6902e8e40c7bbbc39fc218a7caaeef40735e2464ecc2268f6b6fc,saved production runtime record; storage path removed only,public path routing and/or serialization only; no algorithm or numeric change
config/production/eval-heavy-fifo-e1012/run_effective-config.json,Research_Workspace/05_P0_RECOVERY/evidence/run_metadata/eval-heavy-fifo-e1012/run_effective-config.json,a2a62a25959bd1e323724e0f9f1b3d05baa1cd519a52651729f18282afc9eaa4,a567cbdc25fc21e7d3a7db66f638e3b7803379edd251c0c06417864e298bb749,saved production runtime record; storage path removed only,outputPrefix omitted; JSON formatting only; all remaining values unchanged
config/production/eval-heavy-fifo-e1013/run_crn-stream-manifest.json,Research_Workspace/05_P0_RECOVERY/evidence/run_metadata/eval-heavy-fifo-e1013/run_crn-stream-manifest.json,4f18801535e40cf1531fc4c4ff15d27a66277743a345548b81af3fa64c0a8048,8b6afdaff1d75587c0399aac4e75112eb9634809a8dddfb47456100c3223d889,saved production runtime record; storage path removed only,public path routing and/or serialization only; no algorithm or numeric change
config/production/eval-heavy-fifo-e1013/run_effective-config.json,Research_Workspace/05_P0_RECOVERY/evidence/run_metadata/eval-heavy-fifo-e1013/run_effective-config.json,8291733015ea32a8e0736f3efc78b0c37d15470aef9a944b152e22ac8e72615e,8b625d3214b2de4a4a1a799ed7417c11c7320cf43a56048b9ac09b4f6390f396,saved production runtime record; storage path removed only,outputPrefix omitted; JSON formatting only; all remaining values unchanged
config/production/eval-heavy-fifo-e1014/run_crn-stream-manifest.json,Research_Workspace/05_P0_RECOVERY/evidence/run_metadata/eval-heavy-fifo-e1014/run_crn-stream-manifest.json,7c89c28fa50a03a24478b21a5b1459720c00a03958f3e86d411887973a386b6c,c99e9397c66d6395d9ae9bab77ca35d10a3db09643f5d6b66d8f93d17c356a47,saved production runtime record; storage path removed only,public path routing and/or serialization only; no algorithm or numeric change
config/production/eval-heavy-fifo-e1014/run_effective-config.json,Research_Workspace/05_P0_RECOVERY/evidence/run_metadata/eval-heavy-fifo-e1014/run_effective-config.json,5f0b156b70708e4451ac7ff16ab06cad12519b5a13aebb2cd44a33f67ac07179,1406179902fe1b7f38ddf25735c523bc31fde4990a507420df1764169bc0c3b4,saved production runtime record; storage path removed only,outputPrefix omitted; JSON formatting only; all remaining values unchanged
config/production/eval-heavy-fifo-e1015/run_crn-stream-manifest.json,Research_Workspace/05_P0_RECOVERY/evidence/run_metadata/eval-heavy-fifo-e1015/run_crn-stream-manifest.json,3d8712fc2a9c0d38b0e283d4b7694755d3e66e89e4acadbca160d37bc3fd4d7c,6912d6a49947875445b6dcc2fea4a52338b75acf04ea45b8db59636bd7532137,saved production runtime record; storage path removed only,public path routing and/or serialization only; no algorithm or numeric change
config/production/eval-heavy-fifo-e1015/run_effective-config.json,Research_Workspace/05_P0_RECOVERY/evidence/run_metadata/eval-heavy-fifo-e1015/run_effective-config.json,a8cf7fbdc1177c148f79b6209d123151ac34214e555081f65bb8e24521b26284,e85dfa80825f57917283a6bd841767632b645afbdcf2cf8ffc4bfbb0d092b957,saved production runtime record; storage path removed only,outputPrefix omitted; JSON formatting only; all remaining values unchanged
config/production/eval-heavy-fifo-e1016/run_crn-stream-manifest.json,Research_Workspace/05_P0_RECOVERY/evidence/run_metadata/eval-heavy-fifo-e1016/run_crn-stream-manifest.json,ca4441592fa48d615d8d6ba0cf65a79b29b4eba3394d82012251653529963b86,75f9e00079340b0663e05e309514c2f07c92b88676eb22110412cbf2e7d4a98d,saved production runtime record; storage path removed only,public path routing and/or serialization only; no algorithm or numeric change
config/production/eval-heavy-fifo-e1016/run_effective-config.json,Research_Workspace/05_P0_RECOVERY/evidence/run_metadata/eval-heavy-fifo-e1016/run_effective-config.json,4b4742deda977fda9cf6f38a5b46ddfc624484999fa6d753eb1253fd944e104e,2a0559e2f348dac8f4b63924c766cb687bac568659d11a7fd531c606e169d462,saved production runtime record; storage path removed only,outputPrefix omitted; JSON formatting only; all remaining values unchanged
config/production/eval-heavy-fifo-e1017/run_crn-stream-manifest.json,Research_Workspace/05_P0_RECOVERY/evidence/run_metadata/eval-heavy-fifo-e1017/run_crn-stream-manifest.json,bb4fb606e8ad0444a045f2e480b535acab8904913f94c5cec4946014f40c661c,5498f670f28303a7c5098f05533368325f69b06f5d77f1050275cfa2a66687aa,saved production runtime record; storage path removed only,public path routing and/or serialization only; no algorithm or numeric change
config/production/eval-heavy-fifo-e1017/run_effective-config.json,Research_Workspace/05_P0_RECOVERY/evidence/run_metadata/eval-heavy-fifo-e1017/run_effective-config.json,ed9d1938e98afe2f6782f8d77c58eb2e7cb744ad21e9df83d836ef8b3ff88e01,94c49bf2102b494fee190422b99ddee34fc98ba75ca8db3384c501d376cab3de,saved production runtime record; storage path removed only,outputPrefix omitted; JSON formatting only; all remaining values unchanged
config/production/eval-heavy-fifo-e1018/run_crn-stream-manifest.json,Research_Workspace/05_P0_RECOVERY/evidence/run_metadata/eval-heavy-fifo-e1018/run_crn-stream-manifest.json,1c4461cff48377f2f40121e71216a56146e08432eabff91860949add398edcd5,a10ce06382d0b59a5d9ba0701fd19dcba60354f9b5659a7485ff739edfe5d08b,saved production runtime record; storage path removed only,public path routing and/or serialization only; no algorithm or numeric change
config/production/eval-heavy-fifo-e1018/run_effective-config.json,Research_Workspace/05_P0_RECOVERY/evidence/run_metadata/eval-heavy-fifo-e1018/run_effective-config.json,d1dfc0eca45ff8901a9527746bb82a520c0f8618192613c057856880a15469a9,fcf1b9bba0767addea16e750d5759d0daf3328d22d29cc718f58c4a9401b67e1,saved production runtime record; storage path removed only,outputPrefix omitted; JSON formatting only; all remaining values unchanged
config/production/eval-heavy-fifo-e1019/run_crn-stream-manifest.json,Research_Workspace/05_P0_RECOVERY/evidence/run_metadata/eval-heavy-fifo-e1019/run_crn-stream-manifest.json,b412bec4921d8719c44cf8fd85f1a44b37d29facec7d708d7b367a02ba959977,aae7cdd2062897c29fdb7bb8733c87ec3b29888713affce83ed0de2ed21ab824,saved production runtime record; storage path removed only,public path routing and/or serialization only; no algorithm or numeric change
config/production/eval-heavy-fifo-e1019/run_effective-config.json,Research_Workspace/05_P0_RECOVERY/evidence/run_metadata/eval-heavy-fifo-e1019/run_effective-config.json,de3fba430c36440346c90930fae30fc8a34fbf778ad11c0b5a54a51ff737ccd4,2226645cd164cc4f6ec93d9d6373b803304b58427fdfb3edc325f83e3ce75773,saved production runtime record; storage path removed only,outputPrefix omitted; JSON formatting only; all remaining values unchanged
config/production/eval-heavy-fifo-e1020/run_crn-stream-manifest.json,Research_Workspace/05_P0_RECOVERY/evidence/run_metadata/eval-heavy-fifo-e1020/run_crn-stream-manifest.json,c970659d13825b556f9ba136ca61e4950d9e9be532acc7e5b765d6abb32783dc,bd3f5cfdd250d855b3dc2a9b9c68fd5b4466ae1dbbc616852be218c7add8552e,saved production runtime record; storage path removed only,public path routing and/or serialization only; no algorithm or numeric change
config/production/eval-heavy-fifo-e1020/run_effective-config.json,Research_Workspace/05_P0_RECOVERY/evidence/run_metadata/eval-heavy-fifo-e1020/run_effective-config.json,56852e54444fc063bb0ecf340bbabf59b5f084669762a327e40304d816327125,5ff020e136fe985f2f0b036398987902991c6e948ec32789c3cf80f40d3d8be2,saved production runtime record; storage path removed only,outputPrefix omitted; JSON formatting only; all remaining values unchanged
config/production/eval-heavy-fifo-e1021/run_crn-stream-manifest.json,Research_Workspace/05_P0_RECOVERY/evidence/run_metadata/eval-heavy-fifo-e1021/run_crn-stream-manifest.json,5122fc6ef5a09089d71c1a1d796c3cc9cf3a6070158868a168b8ee4812d13a83,ad8cc9650ac941f8a4d1a3dbd4adfece280fc5eeefeb9941504169172104d1e9,saved production runtime record; storage path removed only,public path routing and/or serialization only; no algorithm or numeric change
config/production/eval-heavy-fifo-e1021/run_effective-config.json,Research_Workspace/05_P0_RECOVERY/evidence/run_metadata/eval-heavy-fifo-e1021/run_effective-config.json,4cd04cfd139d48b068221095b8ae23ae08d9f23e064d1f7a773372db113784f2,e0cfac3766fb75380e4d9d0fc2f4c23a54608693412e7b311fdd50aac8281cf8,saved production runtime record; storage path removed only,outputPrefix omitted; JSON formatting only; all remaining values unchanged
config/production/eval-heavy-fifo-e1022/run_crn-stream-manifest.json,Research_Workspace/05_P0_RECOVERY/evidence/run_metadata/eval-heavy-fifo-e1022/run_crn-stream-manifest.json,47f784b8a2d39c942c2efe0dab0e056468f68475aff7100dece2ae844375bffe,c81e11d37d14cf6909116ec84ab646184521bf5583ea2d5de15ac0dd5252199e,saved production runtime record; storage path removed only,public path routing and/or serialization only; no algorithm or numeric change
config/production/eval-heavy-fifo-e1022/run_effective-config.json,Research_Workspace/05_P0_RECOVERY/evidence/run_metadata/eval-heavy-fifo-e1022/run_effective-config.json,6b05dbd761fb8a0c1e95e3a7c70a8402b0bf781256f2f36d6fc9c62fa0365839,e9e1a7a7d647533b906bdd22286f30b08c9d27d3fcd8d6611c24ee192515f8a6,saved production runtime record; storage path removed only,outputPrefix omitted; JSON formatting only; all remaining values unchanged
config/production/eval-heavy-fifo-e1023/run_crn-stream-manifest.json,Research_Workspace/05_P0_RECOVERY/evidence/run_metadata/eval-heavy-fifo-e1023/run_crn-stream-manifest.json,27700b5082fc7972b4d87a040615e2e0b2019901a3f78ffa0176805e5d7e5edb,d681d5257edcabbbd0b97b21ee50b1910df7b0e21f915aa6501c32e13f3dd3ca,saved production runtime record; storage path removed only,public path routing and/or serialization only; no algorithm or numeric change
config/production/eval-heavy-fifo-e1023/run_effective-config.json,Research_Workspace/05_P0_RECOVERY/evidence/run_metadata/eval-heavy-fifo-e1023/run_effective-config.json,5b004d60993b6e9b192a812f2d93e1facc1bb64e81ab3b2db107729f669ea949,de61f0ef039759076d4a4ced19a2795d07d5676981e997f665fef40a66ebe9d6,saved production runtime record; storage path removed only,outputPrefix omitted; JSON formatting only; all remaining values unchanged
config/production/eval-heavy-fifo-e1024/run_crn-stream-manifest.json,Research_Workspace/05_P0_RECOVERY/evidence/run_metadata/eval-heavy-fifo-e1024/run_crn-stream-manifest.json,171834f018e91436794814e93a1f62a547d0d8689fed5de7be9796c73a86d95e,3317366da5222ae6b92e3261365752e7957e59b07cb88e818310fce84a2ececc,saved production runtime record; storage path removed only,public path routing and/or serialization only; no algorithm or numeric change
config/production/eval-heavy-fifo-e1024/run_effective-config.json,Research_Workspace/05_P0_RECOVERY/evidence/run_metadata/eval-heavy-fifo-e1024/run_effective-config.json,bb63b6880b6c28d51492f154ecd20e47e40d13c690454b285f9227bb2698b269,d46e1578782ff25d3dfcc78d80681d9941b44fb864e068bd20856038bd0e2c0c,saved production runtime record; storage path removed only,outputPrefix omitted; JSON formatting only; all remaining values unchanged
config/production/eval-heavy-fifo-e1025/run_crn-stream-manifest.json,Research_Workspace/05_P0_RECOVERY/evidence/run_metadata/eval-heavy-fifo-e1025/run_crn-stream-manifest.json,4e3a8305156bbfc4d77a2b28f216a05cd6bdf801a1456c37b18bb33ac1372421,a2ce7606495e3336afc7e5feb14f417269491573fea3c8dbded3fe51a1b9d96f,saved production runtime record; storage path removed only,public path routing and/or serialization only; no algorithm or numeric change
config/production/eval-heavy-fifo-e1025/run_effective-config.json,Research_Workspace/05_P0_RECOVERY/evidence/run_metadata/eval-heavy-fifo-e1025/run_effective-config.json,0f07a616384ef9526a35a17ed40e76f6d90af601c6a822162021e74027a8dbc0,06924b99cdd63b52ae0317f04dad6769d718f692a7e140a93f5bc37f719ff51a,saved production runtime record; storage path removed only,outputPrefix omitted; JSON formatting only; all remaining values unchanged
config/production/eval-heavy-fifo-e1026/run_crn-stream-manifest.json,Research_Workspace/05_P0_RECOVERY/evidence/run_metadata/eval-heavy-fifo-e1026/run_crn-stream-manifest.json,ebad4fb1d33e10b20a1f29e35b4431a38c93ecd6322312968f6a7c2069a9237c,cc3a0c3b250fc96b8c10fa3ca9858502df77ab9ce7778f90c01a4d7f06f4a5c3,saved production runtime record; storage path removed only,public path routing and/or serialization only; no algorithm or numeric change
config/production/eval-heavy-fifo-e1026/run_effective-config.json,Research_Workspace/05_P0_RECOVERY/evidence/run_metadata/eval-heavy-fifo-e1026/run_effective-config.json,60ed9a2896c54e094e465a5b0e9f4146ca48d7ed20751ea04b534169581c568d,f52682a75aecaedf397ed5a7a06cb1a17e9ff2e8733418cd7680397ab1799d10,saved production runtime record; storage path removed only,outputPrefix omitted; JSON formatting only; all remaining values unchanged
config/production/eval-heavy-fifo-e1027/run_crn-stream-manifest.json,Research_Workspace/05_P0_RECOVERY/evidence/run_metadata/eval-heavy-fifo-e1027/run_crn-stream-manifest.json,7e59748cf7932b18093fbdb7b98577212c7a920f33084ac5e79c362dda32d8a4,75c728415d2b0b40c784f11cfa6b28cb156ceb62274a4e7f9abe2a020b8f65b4,saved production runtime record; storage path removed only,public path routing and/or serialization only; no algorithm or numeric change
config/production/eval-heavy-fifo-e1027/run_effective-config.json,Research_Workspace/05_P0_RECOVERY/evidence/run_metadata/eval-heavy-fifo-e1027/run_effective-config.json,afa800d1a35c163fbe6d3edbcbbc1b46e10be03e43e9b611b6c0dddf89f437d6,db46301be444ba711abda1a196e65fd80039eaf104eea59bd8a5dd89f350d9b1,saved production runtime record; storage path removed only,outputPrefix omitted; JSON formatting only; all remaining values unchanged
config/production/eval-heavy-fifo-e1028/run_crn-stream-manifest.json,Research_Workspace/05_P0_RECOVERY/evidence/run_metadata/eval-heavy-fifo-e1028/run_crn-stream-manifest.json,6d86c8720bc2f557e8c9adbcc61e30808576a9a26c7a25a0029f4e87bcb03ecb,d7415a1461af9acf2638f923f06d158a4c8c98f4a70ac9869482bb83610bf80d,saved production runtime record; storage path removed only,public path routing and/or serialization only; no algorithm or numeric change
config/production/eval-heavy-fifo-e1028/run_effective-config.json,Research_Workspace/05_P0_RECOVERY/evidence/run_metadata/eval-heavy-fifo-e1028/run_effective-config.json,615211585173a9a21521684d241245aa5ebe3676758188342ea448a4e28d8059,592407a95df66560e60a62980702a503e88b51f6ed9b4c26e149748d0eb3d2de,saved production runtime record; storage path removed only,outputPrefix omitted; JSON formatting only; all remaining values unchanged
config/production/eval-heavy-fifo-e1029/run_crn-stream-manifest.json,Research_Workspace/05_P0_RECOVERY/evidence/run_metadata/eval-heavy-fifo-e1029/run_crn-stream-manifest.json,8f0218a18432b6dd46cbdf3be133bbc5dced48952610fa52dccbcb36cad4b67f,b56673aaae6c4da01c701accbb13420eb289bb4e24510428c32e0725fe6777bf,saved production runtime record; storage path removed only,public path routing and/or serialization only; no algorithm or numeric change
config/production/eval-heavy-fifo-e1029/run_effective-config.json,Research_Workspace/05_P0_RECOVERY/evidence/run_metadata/eval-heavy-fifo-e1029/run_effective-config.json,92c02536e24bbff25ebd0c587c86e2340272dc2d6bf4a30438823c92d79880f8,4b08708adcd02107f31d4509138f805598408c3d99e2547d59b16c9f615fd1d7,saved production runtime record; storage path removed only,outputPrefix omitted; JSON formatting only; all remaining values unchanged
config/production/eval-heavy-fifo-e1030/run_crn-stream-manifest.json,Research_Workspace/05_P0_RECOVERY/evidence/run_metadata/eval-heavy-fifo-e1030/run_crn-stream-manifest.json,56bd1953e3c943d9bebf3b8ea152191bf8efeb4041f17cc69974a2d47c5ae03f,8940920e01d95821f3b2b57f6b3c745d1aa9554611e9350d220aceba938eae02,saved production runtime record; storage path removed only,public path routing and/or serialization only; no algorithm or numeric change
config/production/eval-heavy-fifo-e1030/run_effective-config.json,Research_Workspace/05_P0_RECOVERY/evidence/run_metadata/eval-heavy-fifo-e1030/run_effective-config.json,09b72749064eeb2f354126c8821b87dfc61f7c4a2a6b6408736efedece2de0ee,310fd77126ce776786fa6cac02e90b2c76bfc4944f968b850c53a15a4c0447cb,saved production runtime record; storage path removed only,outputPrefix omitted; JSON formatting only; all remaining values unchanged
config/production/eval-heavy-fifo-e1031/run_crn-stream-manifest.json,Research_Workspace/05_P0_RECOVERY/evidence/run_metadata/eval-heavy-fifo-e1031/run_crn-stream-manifest.json,d047f380f70a826297db8112f9938bb15d0d9af9a98b597e3fa9a9fea224af8c,703c611e60d808d7acee5ba14c197e456ac4ac989ef4dd1807984e5b31af4cdd,saved production runtime record; storage path removed only,public path routing and/or serialization only; no algorithm or numeric change
config/production/eval-heavy-fifo-e1031/run_effective-config.json,Research_Workspace/05_P0_RECOVERY/evidence/run_metadata/eval-heavy-fifo-e1031/run_effective-config.json,17a54db3e455f5a6cb4020ad7fd977b2d5bb79914249bbfdc1cda27f89e23032,bdc0229ee92c670613869f4ca4afc3e554e58a822edd9f231d99a8bfed27a372,saved production runtime record; storage path removed only,outputPrefix omitted; JSON formatting only; all remaining values unchanged
config/production/eval-heavy-fifo-e1032/run_crn-stream-manifest.json,Research_Workspace/05_P0_RECOVERY/evidence/run_metadata/eval-heavy-fifo-e1032/run_crn-stream-manifest.json,c96b7db753dcf2819f37b61361251715153aec36c7f0bc4ba33e48114d79853b,84e19b83393c9fe7630fd38b5ec110d1e4fa277f1a27acfc7ab4a3dc375a8218,saved production runtime record; storage path removed only,public path routing and/or serialization only; no algorithm or numeric change
config/production/eval-heavy-fifo-e1032/run_effective-config.json,Research_Workspace/05_P0_RECOVERY/evidence/run_metadata/eval-heavy-fifo-e1032/run_effective-config.json,c0b278c03f43982eec13e972afd27709222ef60a0c422feeeb6d2761b74f500d,7466e5337d5c7de9fc3cb36f1d18762ea4642cd93c9168b2867cd5fffa6598e5,saved production runtime record; storage path removed only,outputPrefix omitted; JSON formatting only; all remaining values unchanged
config/production/eval-heavy-fifo-e1033/run_crn-stream-manifest.json,Research_Workspace/05_P0_RECOVERY/evidence/run_metadata/eval-heavy-fifo-e1033/run_crn-stream-manifest.json,d19caaf7a9c7b4575490a3145eb226729d208df7c838a3a5fcf544eac61b440e,3bedef6f1e436591f8a3ac291a38ebe47f50839f59a8ab13f4ff8535b63216b2,saved production runtime record; storage path removed only,public path routing and/or serialization only; no algorithm or numeric change
config/production/eval-heavy-fifo-e1033/run_effective-config.json,Research_Workspace/05_P0_RECOVERY/evidence/run_metadata/eval-heavy-fifo-e1033/run_effective-config.json,1974aa630d4d67e256687a011e8c795c4e7ab177eb6f2880f13e9d12c35711e5,7553685e9114734de449088b856520e1ba0722b51593c02b84c8357c85df8b47,saved production runtime record; storage path removed only,outputPrefix omitted; JSON formatting only; all remaining values unchanged
config/production/eval-heavy-fifo-e1034/run_crn-stream-manifest.json,Research_Workspace/05_P0_RECOVERY/evidence/run_metadata/eval-heavy-fifo-e1034/run_crn-stream-manifest.json,2eb345b4d8d882646cb82cd037dea4bac05cc770a34e0cfd1ba50d269c391cf3,d787272f75fdbe6d33b04bf4a465bf33fa7058b27a2269aff923d83d8aa02c6e,saved production runtime record; storage path removed only,public path routing and/or serialization only; no algorithm or numeric change
config/production/eval-heavy-fifo-e1034/run_effective-config.json,Research_Workspace/05_P0_RECOVERY/evidence/run_metadata/eval-heavy-fifo-e1034/run_effective-config.json,681c5c71d24006121ab093e34fbc215db0ae43a78425cc270ee725734967c398,c70c381d13b9a484f6b444ec6e8e10eb863c5902fd62a37d574690ba17d96041,saved production runtime record; storage path removed only,outputPrefix omitted; JSON formatting only; all remaining values unchanged
config/production/eval-heavy-fifo-e1035/run_crn-stream-manifest.json,Research_Workspace/05_P0_RECOVERY/evidence/run_metadata/eval-heavy-fifo-e1035/run_crn-stream-manifest.json,aaf4c5e5f06e1e34b8c8d7a9028d3dd6107ad0129451ee4077e2021431b62836,d697482302035b5c0b6143fac5193b5adc0946b26fceb6f22db37193fef24b30,saved production runtime record; storage path removed only,public path routing and/or serialization only; no algorithm or numeric change
config/production/eval-heavy-fifo-e1035/run_effective-config.json,Research_Workspace/05_P0_RECOVERY/evidence/run_metadata/eval-heavy-fifo-e1035/run_effective-config.json,d13626c1574a9565aaefff481b0f2d198b7570cca37f5fbd355353570e877d32,ea351bb6755d9b336c99cb7f3cc4dc01d5dff556726c47f930e3d8a5a2dd1a5a,saved production runtime record; storage path removed only,outputPrefix omitted; JSON formatting only; all remaining values unchanged
config/production/eval-heavy-fifo-e1036/run_crn-stream-manifest.json,Research_Workspace/05_P0_RECOVERY/evidence/run_metadata/eval-heavy-fifo-e1036/run_crn-stream-manifest.json,7958b104048c19ed44b274e89d1cb0ed9dd6b05de586eef02209b3efd35ce325,7269e91f600b3e19563eb569f4f8d0a86ae3349c93f8ebc3577878b48116af62,saved production runtime record; storage path removed only,public path routing and/or serialization only; no algorithm or numeric change
config/production/eval-heavy-fifo-e1036/run_effective-config.json,Research_Workspace/05_P0_RECOVERY/evidence/run_metadata/eval-heavy-fifo-e1036/run_effective-config.json,295bff6c4caa1a0a186a5696b2e62737ca685e7376abd61c7221f2d143854783,6fb83fed62980a2068c162bd97eb5e5c8a7543636b131c6074eb877c010aba0f,saved production runtime record; storage path removed only,outputPrefix omitted; JSON formatting only; all remaining values unchanged
config/production/eval-heavy-fifo-e1037/run_crn-stream-manifest.json,Research_Workspace/05_P0_RECOVERY/evidence/run_metadata/eval-heavy-fifo-e1037/run_crn-stream-manifest.json,5e6121b838bb0351aff945ebf582bef0d974b14541900352fa03f3132e79c51e,a5b0dd5991f12f896fcbcc76c1557d3c10f9bd2d8df371724f382b1d6cbffdca,saved production runtime record; storage path removed only,public path routing and/or serialization only; no algorithm or numeric change
config/production/eval-heavy-fifo-e1037/run_effective-config.json,Research_Workspace/05_P0_RECOVERY/evidence/run_metadata/eval-heavy-fifo-e1037/run_effective-config.json,73bda21a64b6238a232d60bbb49e40ad2cf8ceafc46dd77ca7b1c8d8a9516f35,3a4b00a06c7de3a44f250a4b47dcacaf0ce68c60e3c9494a102ec75caf223ec7,saved production runtime record; storage path removed only,outputPrefix omitted; JSON formatting only; all remaining values unchanged
config/production/eval-heavy-fifo-e1038/run_crn-stream-manifest.json,Research_Workspace/05_P0_RECOVERY/evidence/run_metadata/eval-heavy-fifo-e1038/run_crn-stream-manifest.json,a3ee1d9afabab70856248e825ad81db85d86420426a35e45f958d94a70833f84,8398795f5130fb247dcdd1d63b47cd6a7d610155d10fbd4561b491c22948decc,saved production runtime record; storage path removed only,public path routing and/or serialization only; no algorithm or numeric change
config/production/eval-heavy-fifo-e1038/run_effective-config.json,Research_Workspace/05_P0_RECOVERY/evidence/run_metadata/eval-heavy-fifo-e1038/run_effective-config.json,2344ca8480cce9447183872b14acc5ae0933e5c3bc251e91bd7f0caa5c4f18da,1777abb2da17f26497f9ee488bae6e7ae994ed707ec358ff1426e61b205b6f00,saved production runtime record; storage path removed only,outputPrefix omitted; JSON formatting only; all remaining values unchanged
config/production/eval-heavy-fifo-e1039/run_crn-stream-manifest.json,Research_Workspace/05_P0_RECOVERY/evidence/run_metadata/eval-heavy-fifo-e1039/run_crn-stream-manifest.json,2ab9fb2034aef72816adaea11612ba72c9f76b6cd5b7c7a459668e22809c1b52,0695c50dd590c6855feffad0dcad19d8861b86feab8ce06c00c5ef8c0ed5278b,saved production runtime record; storage path removed only,public path routing and/or serialization only; no algorithm or numeric change
config/production/eval-heavy-fifo-e1039/run_effective-config.json,Research_Workspace/05_P0_RECOVERY/evidence/run_metadata/eval-heavy-fifo-e1039/run_effective-config.json,ea6012add72985c7ed0b044899f5c065cc6b0ee4389ff15356ed69dc7a45c3ed,43cb79e7d324b23cc5bfadfd2b42fa43562d66cf9f1288372fcff2b1ce51504b,saved production runtime record; storage path removed only,outputPrefix omitted; JSON formatting only; all remaining values unchanged
config/production/eval-heavy-fifo-e1040/run_crn-stream-manifest.json,Research_Workspace/05_P0_RECOVERY/evidence/run_metadata/eval-heavy-fifo-e1040/run_crn-stream-manifest.json,c1ccb6e67318669eb3140ce8b9fdcf937993620b701d2b2b1ea4b68aac638c79,e3377da3d1481562675e40221fc87ba63997611f9eb4b661af26f1bc053af33e,saved production runtime record; storage path removed only,public path routing and/or serialization only; no algorithm or numeric change
config/production/eval-heavy-fifo-e1040/run_effective-config.json,Research_Workspace/05_P0_RECOVERY/evidence/run_metadata/eval-heavy-fifo-e1040/run_effective-config.json,158c328a758fcc47005eebc97b8e033e949274b250741747dcd51e22b61c150d,f9c33b8454c7bd90a4788d7aa50f11ac7b79b98c998946d9149697894a924402,saved production runtime record; storage path removed only,outputPrefix omitted; JSON formatting only; all remaining values unchanged
config/production/eval-heavy-fifo-e1041/run_crn-stream-manifest.json,Research_Workspace/05_P0_RECOVERY/evidence/run_metadata/eval-heavy-fifo-e1041/run_crn-stream-manifest.json,f89ff085947b5dc9efa6eb3727c672d8819dec151ce7d3ba50bb069e7350bf47,c1dc1febbcb2e09abacc4bb8ccbf545e424efe66c4d0e491c7cdf5862bd719a9,saved production runtime record; storage path removed only,public path routing and/or serialization only; no algorithm or numeric change
config/production/eval-heavy-fifo-e1041/run_effective-config.json,Research_Workspace/05_P0_RECOVERY/evidence/run_metadata/eval-heavy-fifo-e1041/run_effective-config.json,68c2888566c79e2786e1cfd75afa962f2e3f100a4ed753cb877f7025e928e6b6,8a19d74fa821d33c8af67d8c2659ad1f5d4ed1c1b010550c41cf730e853ae8a0,saved production runtime record; storage path removed only,outputPrefix omitted; JSON formatting only; all remaining values unchanged
config/production/eval-heavy-fifo-e1042/run_crn-stream-manifest.json,Research_Workspace/05_P0_RECOVERY/evidence/run_metadata/eval-heavy-fifo-e1042/run_crn-stream-manifest.json,684ca325e1db1fd6af919a326ed8984acdd1ac888aadebf77d0e730b3d77becc,df38a42ecbd88d862258c7225f7e1e67f9d4af3167745d1b0f16f6e6d8601596,saved production runtime record; storage path removed only,public path routing and/or serialization only; no algorithm or numeric change
config/production/eval-heavy-fifo-e1042/run_effective-config.json,Research_Workspace/05_P0_RECOVERY/evidence/run_metadata/eval-heavy-fifo-e1042/run_effective-config.json,6cc8cfa0ac60e6f2ddab9c3990cbcfc8adba4b5ba900e35774682765552f15ed,ac40a5b9b445065a601cd2c8dda4b5595750146edaaf2f581b189e698b190332,saved production runtime record; storage path removed only,outputPrefix omitted; JSON formatting only; all remaining values unchanged
config/production/eval-heavy-fifo-e1043/run_crn-stream-manifest.json,Research_Workspace/05_P0_RECOVERY/evidence/run_metadata/eval-heavy-fifo-e1043/run_crn-stream-manifest.json,b0a0b1739b16963fd5dbe4250252b958a0554e0e0bdd324f1128218d2599e0a9,721501558c2572976127fd1bbc1d88e983698fcba59bf3c80e43984be90b7405,saved production runtime record; storage path removed only,public path routing and/or serialization only; no algorithm or numeric change
config/production/eval-heavy-fifo-e1043/run_effective-config.json,Research_Workspace/05_P0_RECOVERY/evidence/run_metadata/eval-heavy-fifo-e1043/run_effective-config.json,9059b1e11b2a7d0cb75b9f9124b979492ba572a0abe362c7d8d0be6564d247c8,f3c8deaf4db825086f4932ec7a099f16a1ff8f1f632ee6f4f561414c5f1c0be2,saved production runtime record; storage path removed only,outputPrefix omitted; JSON formatting only; all remaining values unchanged
config/production/eval-heavy-fifo-e1044/run_crn-stream-manifest.json,Research_Workspace/05_P0_RECOVERY/evidence/run_metadata/eval-heavy-fifo-e1044/run_crn-stream-manifest.json,08bb5af06ea13ca9fc31b7842df76dfc3798a5946a83c303b0bafd72a3cdce5e,898c4d111d1246c50f917e87d5e613f1991b9816237b95a3c8c03a6fbded1135,saved production runtime record; storage path removed only,public path routing and/or serialization only; no algorithm or numeric change
config/production/eval-heavy-fifo-e1044/run_effective-config.json,Research_Workspace/05_P0_RECOVERY/evidence/run_metadata/eval-heavy-fifo-e1044/run_effective-config.json,b5ff8dc02131f3db0f4497d109b1cc3aa30db5f0d4fe94b2fd0515be3ccb9796,4eb1403f17c19d9007c4459aaabaec5e62111765b8a994b95b1fbc00c191834b,saved production runtime record; storage path removed only,outputPrefix omitted; JSON formatting only; all remaining values unchanged
config/production/eval-heavy-fifo-e1045/run_crn-stream-manifest.json,Research_Workspace/05_P0_RECOVERY/evidence/run_metadata/eval-heavy-fifo-e1045/run_crn-stream-manifest.json,7889056557dc2074ebcaa7f9b35083e3c927b775d19cae5af046e09ce4bb6294,f5adf106123fd0df253c9c95594b772d565ee62adc73d0a0479960246fa5abce,saved production runtime record; storage path removed only,public path routing and/or serialization only; no algorithm or numeric change
config/production/eval-heavy-fifo-e1045/run_effective-config.json,Research_Workspace/05_P0_RECOVERY/evidence/run_metadata/eval-heavy-fifo-e1045/run_effective-config.json,0e09e647f27d568f9d97a5ab65d759e29936f4b104df7d76a082ed1b603d03a2,e85fae1d5d5efda1259121571d9c367c172a332d8edbba53b78004111c4aea08,saved production runtime record; storage path removed only,outputPrefix omitted; JSON formatting only; all remaining values unchanged
config/production/eval-heavy-fifo-e1046/run_crn-stream-manifest.json,Research_Workspace/05_P0_RECOVERY/evidence/run_metadata/eval-heavy-fifo-e1046/run_crn-stream-manifest.json,c960929b7f7309162b4db1136946cf3bc48efa4bd7229fe906b69c57ae4ee1ca,cc818d0105a5f5e99e69cf0561dc3ec3c22bd1ebb12a1556f45f72a68eac39b2,saved production runtime record; storage path removed only,public path routing and/or serialization only; no algorithm or numeric change
config/production/eval-heavy-fifo-e1046/run_effective-config.json,Research_Workspace/05_P0_RECOVERY/evidence/run_metadata/eval-heavy-fifo-e1046/run_effective-config.json,8007792ca9cde8326263a08b1c9a4e224a1fb3a8b4bcefa8acd300eae9e3ff66,3e063778db09f8540ecb99931c4fa0fa4656eb21b107d1e733e1ddae241b769a,saved production runtime record; storage path removed only,outputPrefix omitted; JSON formatting only; all remaining values unchanged
config/production/eval-heavy-fifo-e1047/run_crn-stream-manifest.json,Research_Workspace/05_P0_RECOVERY/evidence/run_metadata/eval-heavy-fifo-e1047/run_crn-stream-manifest.json,721e38ef5282b5783c8ac2c344072b2745fe3b5f897c2f528084c27b5e3bf8bd,d7772dc9c79618c51bfede3aac719e1aadf333c7e67143968267eee1dd65ecaa,saved production runtime record; storage path removed only,public path routing and/or serialization only; no algorithm or numeric change
config/production/eval-heavy-fifo-e1047/run_effective-config.json,Research_Workspace/05_P0_RECOVERY/evidence/run_metadata/eval-heavy-fifo-e1047/run_effective-config.json,e1823061abb9e4d4422ffa2ed469f023480d2310cc2fedbd02a06cce20107134,b6fb973a27779bb689bc6897f8b5688010caa1a27df514bc2644e07e7d19677f,saved production runtime record; storage path removed only,outputPrefix omitted; JSON formatting only; all remaining values unchanged
config/production/eval-heavy-fifo-e1048/run_crn-stream-manifest.json,Research_Workspace/05_P0_RECOVERY/evidence/run_metadata/eval-heavy-fifo-e1048/run_crn-stream-manifest.json,d988035266b7b25f546f3e1a75d0600d1deeb1c7b01ed99ebe216851ac314a16,a16d52ad5b650886bbbeece92df2397974220293da6a2f77612efab9b841390d,saved production runtime record; storage path removed only,public path routing and/or serialization only; no algorithm or numeric change
config/production/eval-heavy-fifo-e1048/run_effective-config.json,Research_Workspace/05_P0_RECOVERY/evidence/run_metadata/eval-heavy-fifo-e1048/run_effective-config.json,9804e5b2dd00ad6d1be437992c902a63e797ecdf202ab6b54c8b1f5641452e26,25b3911c9b5d2092b9b877a7ec4b06c5a136f19cd6b497599115c235bed5230c,saved production runtime record; storage path removed only,outputPrefix omitted; JSON formatting only; all remaining values unchanged
config/production/eval-heavy-fifo-e1049/run_crn-stream-manifest.json,Research_Workspace/05_P0_RECOVERY/evidence/run_metadata/eval-heavy-fifo-e1049/run_crn-stream-manifest.json,b6972a194f821d9c8c2703a7cb4becd30ee5046bde95eeaf28eaa77167479e26,c3f62dae0e5a8368ba12c2dc46eff575f1c74f7ba55951995c092d40ae904bac,saved production runtime record; storage path removed only,public path routing and/or serialization only; no algorithm or numeric change
config/production/eval-heavy-fifo-e1049/run_effective-config.json,Research_Workspace/05_P0_RECOVERY/evidence/run_metadata/eval-heavy-fifo-e1049/run_effective-config.json,b4c7ebfa798372e5c420cd9cb4fac0e70d5e1c7ac763bdbe02fc0fc07b25a74d,b2ddfb5a53007b8b278611abdd6ad03bf86cddc9d75a5fb1f465cdbb9df27d5b,saved production runtime record; storage path removed only,outputPrefix omitted; JSON formatting only; all remaining values unchanged
config/production/eval-heavy-fifo-e1050/run_crn-stream-manifest.json,Research_Workspace/05_P0_RECOVERY/evidence/run_metadata/eval-heavy-fifo-e1050/run_crn-stream-manifest.json,43f46debb28e9ece4288d130e64c2a1c682de13710cf370cd63d19623519bee9,325f0c4a612b175476d3b2363ab78618390ed6e0be17c361ae831211d05e22c6,saved production runtime record; storage path removed only,public path routing and/or serialization only; no algorithm or numeric change
config/production/eval-heavy-fifo-e1050/run_effective-config.json,Research_Workspace/05_P0_RECOVERY/evidence/run_metadata/eval-heavy-fifo-e1050/run_effective-config.json,73c5c727febc59667b0aa1c9586637db0058f0375d9b1495e7f2ec8904c112de,e7a4893888516d288ed2bf4118e55d3d566adf7ded62035e902455387ada0f5d,saved production runtime record; storage path removed only,outputPrefix omitted; JSON formatting only; all remaining values unchanged
config/production/eval-heavy-fifo-e1051/run_crn-stream-manifest.json,Research_Workspace/05_P0_RECOVERY/evidence/run_metadata/eval-heavy-fifo-e1051/run_crn-stream-manifest.json,6be1c0574cb7af7d0428efc1f76c064a92c578f5b9f8c3934eea182a294ed07f,8decd1af52df7e98c58c5653283fafaff6ff43b4e428e4f53224d635f2eb2d84,saved production runtime record; storage path removed only,public path routing and/or serialization only; no algorithm or numeric change
config/production/eval-heavy-fifo-e1051/run_effective-config.json,Research_Workspace/05_P0_RECOVERY/evidence/run_metadata/eval-heavy-fifo-e1051/run_effective-config.json,dd155a6cae8b4bd0cbd0ae90ea360fc071178109b3c81cbef28dbd192f607458,b211ac9317978ff130492c496c29afee5d89ccf6a404f57be520c48c079f648e,saved production runtime record; storage path removed only,outputPrefix omitted; JSON formatting only; all remaining values unchanged
config/production/eval-heavy-fifo-e1052/run_crn-stream-manifest.json,Research_Workspace/05_P0_RECOVERY/evidence/run_metadata/eval-heavy-fifo-e1052/run_crn-stream-manifest.json,4b259df8d1eede2b50322aa834f731f17f8706f5f1f5d16cb71aa28e25de6491,316c0dd665eefbcacef8ba9142451beee583a0de99bf29bd7979cdc4406709ca,saved production runtime record; storage path removed only,public path routing and/or serialization only; no algorithm or numeric change
config/production/eval-heavy-fifo-e1052/run_effective-config.json,Research_Workspace/05_P0_RECOVERY/evidence/run_metadata/eval-heavy-fifo-e1052/run_effective-config.json,99a544846b2f33d437fa46e7d45d9603930fba06e43c07b97309343203a25d4a,1387d57a7461809e63a1d62d090b6601d1f6740362ecc6ebb5f39544305f50e2,saved production runtime record; storage path removed only,outputPrefix omitted; JSON formatting only; all remaining values unchanged
config/production/eval-heavy-fifo-e1053/run_crn-stream-manifest.json,Research_Workspace/05_P0_RECOVERY/evidence/run_metadata/eval-heavy-fifo-e1053/run_crn-stream-manifest.json,14002df94d07355c4323b4e602760af9c5904feb53b16b7aa6f68d374e1110ff,2bb5085fdd1ce4d3400d0d8ce046030b9d7642b378264385b2fc1c49fca2f056,saved production runtime record; storage path removed only,public path routing and/or serialization only; no algorithm or numeric change
config/production/eval-heavy-fifo-e1053/run_effective-config.json,Research_Workspace/05_P0_RECOVERY/evidence/run_metadata/eval-heavy-fifo-e1053/run_effective-config.json,cb899ec65d61ff89ff724ac56294a41c60e1cd4a3e9b1b9b4151f2a8eb117933,08522d9b70c5b64ceb53c25fb05a014f34ba58f522ab07d19889e5828f505914,saved production runtime record; storage path removed only,outputPrefix omitted; JSON formatting only; all remaining values unchanged
config/production/eval-heavy-fifo-e1054/run_crn-stream-manifest.json,Research_Workspace/05_P0_RECOVERY/evidence/run_metadata/eval-heavy-fifo-e1054/run_crn-stream-manifest.json,2dd2e57fcbba189856fac3cb0f43203d4176546ef46ef1cbf6af304117eebdf8,8f3bb66b22d9bd009f17a8e0d42a5be03c3632d5c7be941a878c326e536118e0,saved production runtime record; storage path removed only,public path routing and/or serialization only; no algorithm or numeric change
config/production/eval-heavy-fifo-e1054/run_effective-config.json,Research_Workspace/05_P0_RECOVERY/evidence/run_metadata/eval-heavy-fifo-e1054/run_effective-config.json,8d7ecd5df419274f2127d8c0203bf5a8d84f7d4dc6d2be28a0629eceee19ac1e,e0fc2c956d1e247b870d2d7386f0087d9823cbaf7ff8714bf02f4f18ca490382,saved production runtime record; storage path removed only,outputPrefix omitted; JSON formatting only; all remaining values unchanged
config/production/eval-heavy-fifo-e1055/run_crn-stream-manifest.json,Research_Workspace/05_P0_RECOVERY/evidence/run_metadata/eval-heavy-fifo-e1055/run_crn-stream-manifest.json,beef42aaa857d190b45036324e05772020969080251af5f49e3ad4e98dfa641f,fa6a759d2984b639ca9f9c83213706005262e0a8275c2ff95042267587a721cc,saved production runtime record; storage path removed only,public path routing and/or serialization only; no algorithm or numeric change
config/production/eval-heavy-fifo-e1055/run_effective-config.json,Research_Workspace/05_P0_RECOVERY/evidence/run_metadata/eval-heavy-fifo-e1055/run_effective-config.json,dc3bf7fe32c98cac5f0f0d9f6d3158805565d7536e9a68831680476c9cea3dd9,dbc8a391faf7de6123d076d8bfb6c69950961111d6b7b58497b89c7ea96fb826,saved production runtime record; storage path removed only,outputPrefix omitted; JSON formatting only; all remaining values unchanged
config/production/eval-heavy-fifo-e1056/run_crn-stream-manifest.json,Research_Workspace/05_P0_RECOVERY/evidence/run_metadata/eval-heavy-fifo-e1056/run_crn-stream-manifest.json,1b0ddc76b9f06f31153993bfa1e045113f822a9467250cd185890223397b1933,e7f41a9c3af1e34f9e54d82845ce579886fae4c3ecbf46e11f6556884d13f506,saved production runtime record; storage path removed only,public path routing and/or serialization only; no algorithm or numeric change
config/production/eval-heavy-fifo-e1056/run_effective-config.json,Research_Workspace/05_P0_RECOVERY/evidence/run_metadata/eval-heavy-fifo-e1056/run_effective-config.json,3c1f6d7161021cd62d0e3ac18602d8099e7483db1647224cad213ff2e4a2a737,b03da64b38cc88391270627fe8653af1f0d8abc1af488d447dbfe1337f62b617,saved production runtime record; storage path removed only,outputPrefix omitted; JSON formatting only; all remaining values unchanged
config/production/eval-heavy-fifo-e1057/run_crn-stream-manifest.json,Research_Workspace/05_P0_RECOVERY/evidence/run_metadata/eval-heavy-fifo-e1057/run_crn-stream-manifest.json,b8ade117c52789645f4d98ead579d861d8532e18883f8c3db63005b65dc93ffd,9adffc80967251faf380ccee82925f6e12cb9b7dabaa1fbbe11dfc2a14384a71,saved production runtime record; storage path removed only,public path routing and/or serialization only; no algorithm or numeric change
config/production/eval-heavy-fifo-e1057/run_effective-config.json,Research_Workspace/05_P0_RECOVERY/evidence/run_metadata/eval-heavy-fifo-e1057/run_effective-config.json,5089d540c73885de3cc1eef6af8aa013708ba76da3161f40810d953fc0dd3f95,de23790cebf497dda85c6a48dd1a22647048ca4d5a885b7a454bd3e1571b4bcf,saved production runtime record; storage path removed only,outputPrefix omitted; JSON formatting only; all remaining values unchanged
config/production/eval-heavy-fifo-e1058/run_crn-stream-manifest.json,Research_Workspace/05_P0_RECOVERY/evidence/run_metadata/eval-heavy-fifo-e1058/run_crn-stream-manifest.json,9be28de538a8c5d0b9a791df2a5ca171681f46f211e3d82e237a494753b4592d,d29bccbf1f03e87726a4a68d6a651fbb8a9007f44db58cbc7d46c80354f9be5e,saved production runtime record; storage path removed only,public path routing and/or serialization only; no algorithm or numeric change
config/production/eval-heavy-fifo-e1058/run_effective-config.json,Research_Workspace/05_P0_RECOVERY/evidence/run_metadata/eval-heavy-fifo-e1058/run_effective-config.json,8bf3d0b5978e123baca4eb72f876a88f74484b03dde9df77b3e6d74f8341649c,66034f43ecf566aa96509df8295b7aa0ee4639bb0f632e5546627d999b02bfc6,saved production runtime record; storage path removed only,outputPrefix omitted; JSON formatting only; all remaining values unchanged
config/production/eval-heavy-fifo-e1059/run_crn-stream-manifest.json,Research_Workspace/05_P0_RECOVERY/evidence/run_metadata/eval-heavy-fifo-e1059/run_crn-stream-manifest.json,ebdfc37e7bfc1d9cd437fe187f2253dad7421b3cb72fc5088954af7a254beba3,8a14ae08762e32ecc56ca4f8a633c14fe8716e5431edced31d962c622fda0642,saved production runtime record; storage path removed only,public path routing and/or serialization only; no algorithm or numeric change
config/production/eval-heavy-fifo-e1059/run_effective-config.json,Research_Workspace/05_P0_RECOVERY/evidence/run_metadata/eval-heavy-fifo-e1059/run_effective-config.json,bbb8180cf8cf1d47079457f8bcdd84e1341b1673940cb7638ef972f74650fbcb,49372bfefbd7abf6c4efdc3da270205ca7557317a559ab5bd10f8a498d385a95,saved production runtime record; storage path removed only,outputPrefix omitted; JSON formatting only; all remaining values unchanged
config/production/eval-heavy-fifo-e1060/run_crn-stream-manifest.json,Research_Workspace/05_P0_RECOVERY/evidence/run_metadata/eval-heavy-fifo-e1060/run_crn-stream-manifest.json,ded9db1a06bacf0fe02190508957bc5ed6e03c2dbd63ead45cff1765cc78e8f0,0ed881e6c59bd158ff616b6d2b3de009eb0112e01300a65c0e577ab5d348b6e3,saved production runtime record; storage path removed only,public path routing and/or serialization only; no algorithm or numeric change
config/production/eval-heavy-fifo-e1060/run_effective-config.json,Research_Workspace/05_P0_RECOVERY/evidence/run_metadata/eval-heavy-fifo-e1060/run_effective-config.json,6194411f7924a679311a4fa219c158713ef9dda5b68dbf49c54392f9b724e587,6256fa2d45753ec467c25a73ca98dc11cf3439a613d8cb3aabbeafcc197cf068,saved production runtime record; storage path removed only,outputPrefix omitted; JSON formatting only; all remaining values unchanged
config/production/eval-heavy-fifo-e1061/run_crn-stream-manifest.json,Research_Workspace/05_P0_RECOVERY/evidence/run_metadata/eval-heavy-fifo-e1061/run_crn-stream-manifest.json,e60c0ebb8fdde91f2c3f80540124626fc1ea3cd7a33885ea67ee99b1a43a2754,09dca8e8e2256a36018dea66ed4c4a3973a03887785a05d9067b229457eef80d,saved production runtime record; storage path removed only,public path routing and/or serialization only; no algorithm or numeric change
config/production/eval-heavy-fifo-e1061/run_effective-config.json,Research_Workspace/05_P0_RECOVERY/evidence/run_metadata/eval-heavy-fifo-e1061/run_effective-config.json,5ccab6ded9efade60fa67688a3291d9baedac69d1d1184bedafcce307a359ae6,f34fac442d577112246b72ad69dc32ec523ce6b604a74eca8dcf3c42c92a4368,saved production runtime record; storage path removed only,outputPrefix omitted; JSON formatting only; all remaining values unchanged
config/production/eval-heavy-fifo-e1062/run_crn-stream-manifest.json,Research_Workspace/05_P0_RECOVERY/evidence/run_metadata/eval-heavy-fifo-e1062/run_crn-stream-manifest.json,c8d21c6307817560a3f63ead894ef43508282680c4362542760f210294c888dd,cf1ebd32aa4a4476653c592e81f993a6edd2d23a305cced5674080b346b90548,saved production runtime record; storage path removed only,public path routing and/or serialization only; no algorithm or numeric change
config/production/eval-heavy-fifo-e1062/run_effective-config.json,Research_Workspace/05_P0_RECOVERY/evidence/run_metadata/eval-heavy-fifo-e1062/run_effective-config.json,6d24eb237045f91543537b218be47efe2d7e9813eb23d902c726551163c097bb,fb3f7487d924c0b728c2d22e6bfd6c619767664eb7e3addd8332d30ce4c9693c,saved production runtime record; storage path removed only,outputPrefix omitted; JSON formatting only; all remaining values unchanged
config/production/eval-heavy-fifo-e1063/run_crn-stream-manifest.json,Research_Workspace/05_P0_RECOVERY/evidence/run_metadata/eval-heavy-fifo-e1063/run_crn-stream-manifest.json,e34bb8d75fe12ad0e01fcbdd529f00f2837238f6d04ef47d0796abab706d35b9,1bb65dacfdf64cfaf1015d0e8b7d138cc77e32a4d442b21bf8985e49eb9ebbc2,saved production runtime record; storage path removed only,public path routing and/or serialization only; no algorithm or numeric change
config/production/eval-heavy-fifo-e1063/run_effective-config.json,Research_Workspace/05_P0_RECOVERY/evidence/run_metadata/eval-heavy-fifo-e1063/run_effective-config.json,5cc36284cdd4c7ba34cb8bcaf38354ac569227847ac63168c9425a2d025d258c,31b8e1d4f872cfbe25e30751b36ace6aa754ce13c5b2a707e47cb8a0605015b2,saved production runtime record; storage path removed only,outputPrefix omitted; JSON formatting only; all remaining values unchanged
config/production/eval-heavy-fifo-e1064/run_crn-stream-manifest.json,Research_Workspace/05_P0_RECOVERY/evidence/run_metadata/eval-heavy-fifo-e1064/run_crn-stream-manifest.json,137c9962a46e584f5e4ba77ecb98f2413d6bf510c01a2a12c07cd97b63a69174,4b2f1e5e6271702c9e2bd24d6f46603a3e1f02c42fdc478410a3f52a8a968a1e,saved production runtime record; storage path removed only,public path routing and/or serialization only; no algorithm or numeric change
config/production/eval-heavy-fifo-e1064/run_effective-config.json,Research_Workspace/05_P0_RECOVERY/evidence/run_metadata/eval-heavy-fifo-e1064/run_effective-config.json,9ccafc4442c4a22e0d237ff2ea07488214edb910e8efed95ca98087ab6f8fb9b,d380a06822aacda83e949dcdb8b04c2dd73bc1b8a126a66bdbfa10304accfe44,saved production runtime record; storage path removed only,outputPrefix omitted; JSON formatting only; all remaining values unchanged
config/production/eval-heavy-fifo-e1065/run_crn-stream-manifest.json,Research_Workspace/05_P0_RECOVERY/evidence/run_metadata/eval-heavy-fifo-e1065/run_crn-stream-manifest.json,4a651099a3f64b9afe7c6ddea135817f7116ecb24db8fbbfb85a20ef3bc6f907,abb176ce2336edf047662aa7661510e12f8ba75ab862e6b4f3d33446e528ab4a,saved production runtime record; storage path removed only,public path routing and/or serialization only; no algorithm or numeric change
config/production/eval-heavy-fifo-e1065/run_effective-config.json,Research_Workspace/05_P0_RECOVERY/evidence/run_metadata/eval-heavy-fifo-e1065/run_effective-config.json,2e720cad9a3661816065efe5056b7bb72a45fa045c4b9d2207d122a84bf4af1d,83ff3711cd7bd462014bffea36057d574e59d4f0082354c00f7bdfb4abd57a47,saved production runtime record; storage path removed only,outputPrefix omitted; JSON formatting only; all remaining values unchanged
config/production/eval-heavy-fifo-e1066/run_crn-stream-manifest.json,Research_Workspace/05_P0_RECOVERY/evidence/run_metadata/eval-heavy-fifo-e1066/run_crn-stream-manifest.json,c11dae7a3de01165b620efee2638f9c8f8b90639237780696f67ac2da73021b8,2dd9cb7e783ff2f8ee05b462386045b6d91c99f48cd954f12bad826bf9ea9b6f,saved production runtime record; storage path removed only,public path routing and/or serialization only; no algorithm or numeric change
config/production/eval-heavy-fifo-e1066/run_effective-config.json,Research_Workspace/05_P0_RECOVERY/evidence/run_metadata/eval-heavy-fifo-e1066/run_effective-config.json,b5ea78bd872073e125fed5e8f97c26cca18e8f767215e3979501b34b60e44992,bfa22ed9827a003e50ff4c213a06b6a8c6edbf44662d59e309a54344100cdbf7,saved production runtime record; storage path removed only,outputPrefix omitted; JSON formatting only; all remaining values unchanged
config/production/eval-heavy-fifo-e1067/run_crn-stream-manifest.json,Research_Workspace/05_P0_RECOVERY/evidence/run_metadata/eval-heavy-fifo-e1067/run_crn-stream-manifest.json,93bb3ce7a1da0374b089df98f6c173a6e7be01ce6c9bc556bceaaa2c6cfc81e4,8ea6ecf382ba924dd6656aae351e22bf8633de421af56b365f02cfac0f62e805,saved production runtime record; storage path removed only,public path routing and/or serialization only; no algorithm or numeric change
config/production/eval-heavy-fifo-e1067/run_effective-config.json,Research_Workspace/05_P0_RECOVERY/evidence/run_metadata/eval-heavy-fifo-e1067/run_effective-config.json,f3436cb44dc43ddce51dac36b971b035ffbf3b3419901871d8537dfbf6460ac0,8a7743061593a3c607c3eb406949240f396b59f1a76a6f246e0d730a848e2a24,saved production runtime record; storage path removed only,outputPrefix omitted; JSON formatting only; all remaining values unchanged
config/production/eval-heavy-fifo-e1068/run_crn-stream-manifest.json,Research_Workspace/05_P0_RECOVERY/evidence/run_metadata/eval-heavy-fifo-e1068/run_crn-stream-manifest.json,5c117f34b385a28c0f942334e8a6a4a1e1d566604662e57c188ee3ef14f0512b,5587e2fc510f4c0a05b8f2c2b5d50d2a97cf2b8661ff9698c635d0f69cf19816,saved production runtime record; storage path removed only,public path routing and/or serialization only; no algorithm or numeric change
config/production/eval-heavy-fifo-e1068/run_effective-config.json,Research_Workspace/05_P0_RECOVERY/evidence/run_metadata/eval-heavy-fifo-e1068/run_effective-config.json,4343cb7c8f1ab0548adc9893164bbeed7cc6dddc9c9502ec2145e7156af36f32,e881c320c9f53270f9a58a5dc1eef772146e2d81ef3f74b5918705821846ad56,saved production runtime record; storage path removed only,outputPrefix omitted; JSON formatting only; all remaining values unchanged
config/production/eval-heavy-fifo-e1069/run_crn-stream-manifest.json,Research_Workspace/05_P0_RECOVERY/evidence/run_metadata/eval-heavy-fifo-e1069/run_crn-stream-manifest.json,d9a9bb3ca92c9b7c4e0b2774861506bb48b0028f80dc6449e93115082c70ee8e,a845cdfb91e745aa457dae62788ecfb4063b7365de46c85787d7c58c5ce358fd,saved production runtime record; storage path removed only,public path routing and/or serialization only; no algorithm or numeric change
config/production/eval-heavy-fifo-e1069/run_effective-config.json,Research_Workspace/05_P0_RECOVERY/evidence/run_metadata/eval-heavy-fifo-e1069/run_effective-config.json,096ed75a5131d10a5765ce21ba9350886560764208938fcb1dd7e1163e8d3d13,311d69b883bb546c1a39de6bf54656a67d016dbc449d2426f6d48c573f7826b7,saved production runtime record; storage path removed only,outputPrefix omitted; JSON formatting only; all remaining values unchanged
config/production/eval-heavy-fifo-e1070/run_crn-stream-manifest.json,Research_Workspace/05_P0_RECOVERY/evidence/run_metadata/eval-heavy-fifo-e1070/run_crn-stream-manifest.json,10c9677419ed88a9d1cc8700f80dbae179cf1254b98d9de5ec84f49d5d6ec753,2621bb0d466af573ae553034e5324846d7831f875271855e038869bf73d782f9,saved production runtime record; storage path removed only,public path routing and/or serialization only; no algorithm or numeric change
config/production/eval-heavy-fifo-e1070/run_effective-config.json,Research_Workspace/05_P0_RECOVERY/evidence/run_metadata/eval-heavy-fifo-e1070/run_effective-config.json,08d731ab0088ce458cf39463e151ecc6f854bbc6965bbbe3ea9e94a3dfc82f6a,ef266e9aaf93f5b80602c40bb84a6d40569699dec794436d1165111c93f54725,saved production runtime record; storage path removed only,outputPrefix omitted; JSON formatting only; all remaining values unchanged
config/production/eval-heavy-fifo-e1071/run_crn-stream-manifest.json,Research_Workspace/05_P0_RECOVERY/evidence/run_metadata/eval-heavy-fifo-e1071/run_crn-stream-manifest.json,128782b6f1e4a1346c0caabbad2508e7c6fdb03dd74897521803d5f42363cc70,3c2476ed650025f34c9c8d42974219088d4e5ce7c0b85f5838c6adb84a57c1e6,saved production runtime record; storage path removed only,public path routing and/or serialization only; no algorithm or numeric change
config/production/eval-heavy-fifo-e1071/run_effective-config.json,Research_Workspace/05_P0_RECOVERY/evidence/run_metadata/eval-heavy-fifo-e1071/run_effective-config.json,b1b7752ccaf892fe9036439a136c255adc3d45325ef29f1b1e6255d787cd6b64,53996d7ddc3ef429766760281ed8450a1af0f0915dc0427285629dcd0058fa77,saved production runtime record; storage path removed only,outputPrefix omitted; JSON formatting only; all remaining values unchanged
config/production/eval-heavy-fifo-e1072/run_crn-stream-manifest.json,Research_Workspace/05_P0_RECOVERY/evidence/run_metadata/eval-heavy-fifo-e1072/run_crn-stream-manifest.json,6bdd0116906ce400b4ae71322b8ad232eae5c196d61128cb414c82271279f0e0,20d7f796c3000fba02e2f0af77158d52eb5605d15a57dd5265acdae47ef011f6,saved production runtime record; storage path removed only,public path routing and/or serialization only; no algorithm or numeric change
config/production/eval-heavy-fifo-e1072/run_effective-config.json,Research_Workspace/05_P0_RECOVERY/evidence/run_metadata/eval-heavy-fifo-e1072/run_effective-config.json,50159c512cb09529706770469fcf49a15b5cb012777facd11e2934b91ebc6966,b1c13dc2962a629fdb9f44f0529120c13bad8806299dd8c262176219de9affcb,saved production runtime record; storage path removed only,outputPrefix omitted; JSON formatting only; all remaining values unchanged
config/production/eval-heavy-fifo-e1073/run_crn-stream-manifest.json,Research_Workspace/05_P0_RECOVERY/evidence/run_metadata/eval-heavy-fifo-e1073/run_crn-stream-manifest.json,727ed29c915fe6bbe08b65e7850962414ab6f558acc1c8efeed4077f18df574b,12a4e61230c93ad04ba9c05ffd94ea09ed819117faed1c2c6bb7d6afff203ce0,saved production runtime record; storage path removed only,public path routing and/or serialization only; no algorithm or numeric change
config/production/eval-heavy-fifo-e1073/run_effective-config.json,Research_Workspace/05_P0_RECOVERY/evidence/run_metadata/eval-heavy-fifo-e1073/run_effective-config.json,9ad0ee5f07b21d4add591f397d980d2e2de8118ed794052b1d12f208e160a065,4eea143aa8a913f002ec47f567afa87ff3b94e2b7e4783f2dca05dea876b9653,saved production runtime record; storage path removed only,outputPrefix omitted; JSON formatting only; all remaining values unchanged
config/production/eval-heavy-fifo-e1074/run_crn-stream-manifest.json,Research_Workspace/05_P0_RECOVERY/evidence/run_metadata/eval-heavy-fifo-e1074/run_crn-stream-manifest.json,4e3955bd45a3d146033d50df346b8aa14846179377cb57cc18c796d6513898b6,d7fcbf21bcaa88756871a4fbf7c1aa3a66f118285f7c9fc8e406dbbb5322026f,saved production runtime record; storage path removed only,public path routing and/or serialization only; no algorithm or numeric change
config/production/eval-heavy-fifo-e1074/run_effective-config.json,Research_Workspace/05_P0_RECOVERY/evidence/run_metadata/eval-heavy-fifo-e1074/run_effective-config.json,35c76530f0b5e81e188e4d12d197cd528969ab3c152d2e0c408ec1360c5462d6,e1538d1c9a3c7f3dda7b97ecd9d9b332a89129d8fab9d0b9ba3d889e2cd1d29b,saved production runtime record; storage path removed only,outputPrefix omitted; JSON formatting only; all remaining values unchanged
config/production/eval-heavy-fifo-e1075/run_crn-stream-manifest.json,Research_Workspace/05_P0_RECOVERY/evidence/run_metadata/eval-heavy-fifo-e1075/run_crn-stream-manifest.json,e42af2cc6d10dbb3e0ede6aca6a1399fa148b15fc054a8c9c54bdb49203b2860,a165b22a1d78f680377765ba463d81b822ab28bb7b75a7274fb77a597728e06e,saved production runtime record; storage path removed only,public path routing and/or serialization only; no algorithm or numeric change
config/production/eval-heavy-fifo-e1075/run_effective-config.json,Research_Workspace/05_P0_RECOVERY/evidence/run_metadata/eval-heavy-fifo-e1075/run_effective-config.json,c7567e9b36656b77ea160740185dc22bfa83dce5a288165d522b09d22b5dfebb,f6382497593963323420f0993b617b39c4e7c48a9f3fe4ea1af8d50db49846e6,saved production runtime record; storage path removed only,outputPrefix omitted; JSON formatting only; all remaining values unchanged
config/production/eval-heavy-fifo-e1076/run_crn-stream-manifest.json,Research_Workspace/05_P0_RECOVERY/evidence/run_metadata/eval-heavy-fifo-e1076/run_crn-stream-manifest.json,99081c9f7be88a81066dcc0d9c0b3bc2bd9b27388797e5af4201dcfb548b4085,0b11dea01809352dd57af8cdd7ed3ee117ecacde98afc4725075ca6359432955,saved production runtime record; storage path removed only,public path routing and/or serialization only; no algorithm or numeric change
config/production/eval-heavy-fifo-e1076/run_effective-config.json,Research_Workspace/05_P0_RECOVERY/evidence/run_metadata/eval-heavy-fifo-e1076/run_effective-config.json,e70f62ce7d69b3328c234ae53c64f9597d7b0f789fbcb89a099f1e415309157c,8dcaa9ecafb497cd52b51e59eaabb07fa3746f413f3b567ef3ec8c0aa13caf7e,saved production runtime record; storage path removed only,outputPrefix omitted; JSON formatting only; all remaining values unchanged
config/production/eval-heavy-fifo-e1077/run_crn-stream-manifest.json,Research_Workspace/05_P0_RECOVERY/evidence/run_metadata/eval-heavy-fifo-e1077/run_crn-stream-manifest.json,208f2fda231fb5422c1485f5c01f0c02fa0a3b17eac0e1c359e987e93312e1ce,3b4af6393a92e290964d78f19d5b1167cf999fe77da0c4dce591fb00c0960d3c,saved production runtime record; storage path removed only,public path routing and/or serialization only; no algorithm or numeric change
config/production/eval-heavy-fifo-e1077/run_effective-config.json,Research_Workspace/05_P0_RECOVERY/evidence/run_metadata/eval-heavy-fifo-e1077/run_effective-config.json,3d0b77a435bfed0a20e6058b01ff5dc97c4f16c08ae1c2259fc5d9f4c222a76d,5dc35a3a39e2858e7ef8734ed89fb9963bae2fac8e27f52be129df91da83befc,saved production runtime record; storage path removed only,outputPrefix omitted; JSON formatting only; all remaining values unchanged
config/production/eval-heavy-fifo-e1078/run_crn-stream-manifest.json,Research_Workspace/05_P0_RECOVERY/evidence/run_metadata/eval-heavy-fifo-e1078/run_crn-stream-manifest.json,a124bc6b29ca488c94c755edba3c465410bcd41b2deec8fce8b849e9b7aed8ff,cc380b5c383f78f407afdeee3c1c5cc43b3fe99cad4ee0c3addc6c5b33cb0635,saved production runtime record; storage path removed only,public path routing and/or serialization only; no algorithm or numeric change
config/production/eval-heavy-fifo-e1078/run_effective-config.json,Research_Workspace/05_P0_RECOVERY/evidence/run_metadata/eval-heavy-fifo-e1078/run_effective-config.json,19767599f78a74f78f533564f917820a4843adffeb147402c1b3312f0ab1a5f9,81ded3186374edab056a9caab39b83cddf8935bf0ab666d97d476d4de5719d1c,saved production runtime record; storage path removed only,outputPrefix omitted; JSON formatting only; all remaining values unchanged
config/production/eval-heavy-fifo-e1079/run_crn-stream-manifest.json,Research_Workspace/05_P0_RECOVERY/evidence/run_metadata/eval-heavy-fifo-e1079/run_crn-stream-manifest.json,d05aa15be1236f098f6c8b4bc7a1358ae15776c0017faa40a0b6ef95d7068f3e,c9d455d3f9eecac6c3218dc8c053bc1b9484be827f5fba087e6ccc69e8c4b4c0,saved production runtime record; storage path removed only,public path routing and/or serialization only; no algorithm or numeric change
config/production/eval-heavy-fifo-e1079/run_effective-config.json,Research_Workspace/05_P0_RECOVERY/evidence/run_metadata/eval-heavy-fifo-e1079/run_effective-config.json,0509e571cd2e1c039b1d439195920cd2f436c807b18524b4c092229c1ae88b35,f9ffac1f2a40631324f47ce4c907858ce9692031d3a602834951e15080c7ef14,saved production runtime record; storage path removed only,outputPrefix omitted; JSON formatting only; all remaining values unchanged
config/production/eval-heavy-fifo-e1080/run_crn-stream-manifest.json,Research_Workspace/05_P0_RECOVERY/evidence/run_metadata/eval-heavy-fifo-e1080/run_crn-stream-manifest.json,4cb4a432673cf424eaa0fc3efa08892bb8856f5128daa8090fdd27d09271ebed,88f1fc30ef761ae681b1ad0042ace558e01fb2d177c25d6249ae3bc864fe9402,saved production runtime record; storage path removed only,public path routing and/or serialization only; no algorithm or numeric change
config/production/eval-heavy-fifo-e1080/run_effective-config.json,Research_Workspace/05_P0_RECOVERY/evidence/run_metadata/eval-heavy-fifo-e1080/run_effective-config.json,42b72602f1dbbd21980bae7f700ee676e67b6bd53d1a66f66e59e33dcd5e494e,6c158f2f6878efc5b02483b1141fc93008c7e5423516b59499563b1ae2be00f2,saved production runtime record; storage path removed only,outputPrefix omitted; JSON formatting only; all remaining values unchanged
config/production/eval-heavy-fifo-e1081/run_crn-stream-manifest.json,Research_Workspace/05_P0_RECOVERY/evidence/run_metadata/eval-heavy-fifo-e1081/run_crn-stream-manifest.json,6a1fe93d3a24957190cbb2a3461fc0cc228803143603e6edfaedff6d79504a4b,d8ac46bd6fd91f2f8d7bc27a898417a7d97b97bbad81ec8ee967b84cbc227fb9,saved production runtime record; storage path removed only,public path routing and/or serialization only; no algorithm or numeric change
config/production/eval-heavy-fifo-e1081/run_effective-config.json,Research_Workspace/05_P0_RECOVERY/evidence/run_metadata/eval-heavy-fifo-e1081/run_effective-config.json,c90bb0646b5aa181cbdb594b0b5f2dc1700d14fe03bdd97992201e2606a88c23,03f3697391059f53349a2647e90fc5c5107f3ec9815d3a673cafcef348494986,saved production runtime record; storage path removed only,outputPrefix omitted; JSON formatting only; all remaining values unchanged
config/production/eval-heavy-fifo-e1082/run_crn-stream-manifest.json,Research_Workspace/05_P0_RECOVERY/evidence/run_metadata/eval-heavy-fifo-e1082/run_crn-stream-manifest.json,403e69090d1cbaaba5c0983263d72c7a7c87f25eda1b66f8e5a5198a3a7975a9,89e80c23a0f737dd8ecf5991c14473fd64e4ff050957afd88dcf531518d894a3,saved production runtime record; storage path removed only,public path routing and/or serialization only; no algorithm or numeric change
config/production/eval-heavy-fifo-e1082/run_effective-config.json,Research_Workspace/05_P0_RECOVERY/evidence/run_metadata/eval-heavy-fifo-e1082/run_effective-config.json,07b9ecde083d8a9b6dd558e1fea9c00a3a77d6d72c653b759273f8cd60a574df,1d310e21abca5fc8d65ec65c0557250fcfe03a8d192e7f407c7ef5ada7aae4a6,saved production runtime record; storage path removed only,outputPrefix omitted; JSON formatting only; all remaining values unchanged
config/production/eval-heavy-fifo-e1083/run_crn-stream-manifest.json,Research_Workspace/05_P0_RECOVERY/evidence/run_metadata/eval-heavy-fifo-e1083/run_crn-stream-manifest.json,7ea1ddb0e104570ef6122dd2535b8887ff0a7f1199555866ac483630fbbec98a,8dc8a6609ad91eda005192f74a2fb640fbeb628114f40cd0171f996df51aad0a,saved production runtime record; storage path removed only,public path routing and/or serialization only; no algorithm or numeric change
config/production/eval-heavy-fifo-e1083/run_effective-config.json,Research_Workspace/05_P0_RECOVERY/evidence/run_metadata/eval-heavy-fifo-e1083/run_effective-config.json,696f9abc4bfa50f0adb9098f6dcf155ccd609fdfb4756849619ff2384d1d08d4,154f895eb70e7d3b18bfa496c141b889432aaa040b54324469d1ab700c918d55,saved production runtime record; storage path removed only,outputPrefix omitted; JSON formatting only; all remaining values unchanged
config/production/eval-heavy-fifo-e1084/run_crn-stream-manifest.json,Research_Workspace/05_P0_RECOVERY/evidence/run_metadata/eval-heavy-fifo-e1084/run_crn-stream-manifest.json,e7c1b65ce78dbf43f0c83e4a5e984ba695bd3b8ca26a75f8b33edce6e1ebdf0f,6e4237534629f62a0a7f56588677cc296c77845a393aa5d7bef8d8e0bf1beac2,saved production runtime record; storage path removed only,public path routing and/or serialization only; no algorithm or numeric change
config/production/eval-heavy-fifo-e1084/run_effective-config.json,Research_Workspace/05_P0_RECOVERY/evidence/run_metadata/eval-heavy-fifo-e1084/run_effective-config.json,953d039ca9d6565eaec185f734e953142e3dadc1f231d487756a4fe059b5bbc1,32ce4377ab74fbd83e216ec0ebf5e5de3c8e6137f268dd81931584992a4ffeb2,saved production runtime record; storage path removed only,outputPrefix omitted; JSON formatting only; all remaining values unchanged
config/production/eval-heavy-fifo-e1085/run_crn-stream-manifest.json,Research_Workspace/05_P0_RECOVERY/evidence/run_metadata/eval-heavy-fifo-e1085/run_crn-stream-manifest.json,d8220e1ed4177328b2ab7e359278ce9a6f3b7dc880b139bdeff230f66960c6e1,d2cdb75d236780d25c136fcf0881d8731e82bf68e06e6066e73ad7a817079606,saved production runtime record; storage path removed only,public path routing and/or serialization only; no algorithm or numeric change
config/production/eval-heavy-fifo-e1085/run_effective-config.json,Research_Workspace/05_P0_RECOVERY/evidence/run_metadata/eval-heavy-fifo-e1085/run_effective-config.json,3659f09f3390a3c385bdf64049ec97a672d304fbfa62159e747ff032e727851e,b7f0a6a45056d4c1ceb2e3276a9ba7568e2f171ccc14abc20de00b77c70083d8,saved production runtime record; storage path removed only,outputPrefix omitted; JSON formatting only; all remaining values unchanged
config/production/eval-heavy-fifo-e1086/run_crn-stream-manifest.json,Research_Workspace/05_P0_RECOVERY/evidence/run_metadata/eval-heavy-fifo-e1086/run_crn-stream-manifest.json,789f954baa6030fca0d7211854adff9fb54e9d4fa0a347ca8d8aefae4c406539,3770c73146c9f79fc3aee1c355db819a9fbad6aca8bd6f9c6457223119001328,saved production runtime record; storage path removed only,public path routing and/or serialization only; no algorithm or numeric change
config/production/eval-heavy-fifo-e1086/run_effective-config.json,Research_Workspace/05_P0_RECOVERY/evidence/run_metadata/eval-heavy-fifo-e1086/run_effective-config.json,36f6087f0863ee6e1dfb5d269e07f3e31c715a153e3fb1d8e139768f10f87068,b7bb00127b3ce98e50ea127f59dc63f5598b229bc230b58e0410be1d47f956b6,saved production runtime record; storage path removed only,outputPrefix omitted; JSON formatting only; all remaining values unchanged
config/production/eval-heavy-fifo-e1087/run_crn-stream-manifest.json,Research_Workspace/05_P0_RECOVERY/evidence/run_metadata/eval-heavy-fifo-e1087/run_crn-stream-manifest.json,a6e2ae332fcee6d983ce654c37201575e963b8d8eb787e5c5186f33792e271dc,d20860c931742529e8664adab07b32b16b16459fd9ef6152efed4f5765b1aab8,saved production runtime record; storage path removed only,public path routing and/or serialization only; no algorithm or numeric change
config/production/eval-heavy-fifo-e1087/run_effective-config.json,Research_Workspace/05_P0_RECOVERY/evidence/run_metadata/eval-heavy-fifo-e1087/run_effective-config.json,a717ed9d2e8316c6fee24282ace979e527b54df86d1c72f57eb48c874210b2a1,17d07d5eb3e28166af5979a72cc06146e94ce14dbcacbf6d6daf94bd2f0b253e,saved production runtime record; storage path removed only,outputPrefix omitted; JSON formatting only; all remaining values unchanged
config/production/eval-heavy-fifo-e1088/run_crn-stream-manifest.json,Research_Workspace/05_P0_RECOVERY/evidence/run_metadata/eval-heavy-fifo-e1088/run_crn-stream-manifest.json,3b7ce73bbe42e2ecbb87fb056cec4f825dc288e70d4082b1e5699bf1b500b8a2,e0b5cb2f031bba330308fb618acf6e0ea553a2292e3444dad19660be77380c51,saved production runtime record; storage path removed only,public path routing and/or serialization only; no algorithm or numeric change
config/production/eval-heavy-fifo-e1088/run_effective-config.json,Research_Workspace/05_P0_RECOVERY/evidence/run_metadata/eval-heavy-fifo-e1088/run_effective-config.json,3021cfc7f2f1d4a8c9049bc43ec03a18075daf8c2167b4c563a173e3aa080ddd,3ab8f72053b3ed705810e0a52b1133dad8fc0de967787231757489f061ba1786,saved production runtime record; storage path removed only,outputPrefix omitted; JSON formatting only; all remaining values unchanged
config/production/eval-heavy-policy-e1001/run_crn-stream-manifest.json,Research_Workspace/05_P0_RECOVERY/evidence/run_metadata/eval-heavy-policy-e1001/run_crn-stream-manifest.json,48c282be26ea2b70fe60349bf8e357b5e78ea23f8208c4dff385161c46919e39,06a845d51b0ae18e7a4fa7d0f9d7f1b127db308bc783b036dc1a235278c7b81d,saved production runtime record; storage path removed only,public path routing and/or serialization only; no algorithm or numeric change
config/production/eval-heavy-policy-e1001/run_effective-config.json,Research_Workspace/05_P0_RECOVERY/evidence/run_metadata/eval-heavy-policy-e1001/run_effective-config.json,5956c2b9c9296477fcf679ee6b8febd0d300c929cfdc75d7627dc8bd736e8b01,715d712984817e1d8ae257da56c51cfaa77e722b94bc8508ff2de2564a7d1f0f,saved production runtime record; storage path removed only,outputPrefix omitted; JSON formatting only; all remaining values unchanged
config/production/eval-heavy-policy-e1002/run_crn-stream-manifest.json,Research_Workspace/05_P0_RECOVERY/evidence/run_metadata/eval-heavy-policy-e1002/run_crn-stream-manifest.json,18f4b3b9e11fa5a14875b8ece9bd7d842a9b6e634ff2ff66bb784fa90415aad5,f46e5bfa40fd099d5b0af4b5a66ed3ce171af088c0029a364ca045097df61895,saved production runtime record; storage path removed only,public path routing and/or serialization only; no algorithm or numeric change
config/production/eval-heavy-policy-e1002/run_effective-config.json,Research_Workspace/05_P0_RECOVERY/evidence/run_metadata/eval-heavy-policy-e1002/run_effective-config.json,a2af3b8c068feba89c7cd18747fe184920f0daf241b3f41c936eb209b1c8b4c8,195c3a3f4b11c5db9afcb6c0d01103526a5e2baecb5e93a98f7c4527d79e5293,saved production runtime record; storage path removed only,outputPrefix omitted; JSON formatting only; all remaining values unchanged
config/production/eval-heavy-policy-e1003/run_crn-stream-manifest.json,Research_Workspace/05_P0_RECOVERY/evidence/run_metadata/eval-heavy-policy-e1003/run_crn-stream-manifest.json,ff8ae243e81de56467d901450839a49cc1dcd2a6699dc9614c4db3c1dec6a34b,e863ebd8711ff01a12e11e1c9126480593aab1ff95208c87f02cdc86fc9545db,saved production runtime record; storage path removed only,public path routing and/or serialization only; no algorithm or numeric change
config/production/eval-heavy-policy-e1003/run_effective-config.json,Research_Workspace/05_P0_RECOVERY/evidence/run_metadata/eval-heavy-policy-e1003/run_effective-config.json,1eb65919eb0171f00f396c5cbc327eaaaeaf87a2848c1f8f4f8d00d564ed19f7,c97bff03bd56c82fa935e11493836e67ac7099373183d2fdfb262eca872b1259,saved production runtime record; storage path removed only,outputPrefix omitted; JSON formatting only; all remaining values unchanged
config/production/eval-heavy-policy-e1004/run_crn-stream-manifest.json,Research_Workspace/05_P0_RECOVERY/evidence/run_metadata/eval-heavy-policy-e1004/run_crn-stream-manifest.json,8981404aacc1f2fff4143b0ed2d233280228d1e2e112cd413df549cb2a01f94b,4305f640292d184d18e895bb8346b9f4f493953689703d7c003761d9a578be59,saved production runtime record; storage path removed only,public path routing and/or serialization only; no algorithm or numeric change
config/production/eval-heavy-policy-e1004/run_effective-config.json,Research_Workspace/05_P0_RECOVERY/evidence/run_metadata/eval-heavy-policy-e1004/run_effective-config.json,7bdc446e15f55b4e49c0b60d7168a5e7ac923f58268bbd3bd839bce59f143220,ba9c51e098252d9650ffec6de924ddfefeb772470396c3263b2014918101b588,saved production runtime record; storage path removed only,outputPrefix omitted; JSON formatting only; all remaining values unchanged
config/production/eval-heavy-policy-e1005/run_crn-stream-manifest.json,Research_Workspace/05_P0_RECOVERY/evidence/run_metadata/eval-heavy-policy-e1005/run_crn-stream-manifest.json,89895982e3816962d15418249ed19ea87c1f2c109f69649bed176ddf8d06c7b1,b90eb5e2303721a18110bbb8483f5686bc509627c34c139d5bd061bd0e1782d6,saved production runtime record; storage path removed only,public path routing and/or serialization only; no algorithm or numeric change
config/production/eval-heavy-policy-e1005/run_effective-config.json,Research_Workspace/05_P0_RECOVERY/evidence/run_metadata/eval-heavy-policy-e1005/run_effective-config.json,1788e833546252d6856f81d471a56f2f88d2ef7306e16d5a5c2f9b32f4b95395,e1fbce761d1d4ebfe7a3b9b4033828c62cb6145b71ea245afacb22427d299095,saved production runtime record; storage path removed only,outputPrefix omitted; JSON formatting only; all remaining values unchanged
config/production/eval-heavy-policy-e1006/run_crn-stream-manifest.json,Research_Workspace/05_P0_RECOVERY/evidence/run_metadata/eval-heavy-policy-e1006/run_crn-stream-manifest.json,aca53411f92a610dbf83ec1bcec59eb525c81960409160fd564096810de394de,93dcb1472bececb741c90455b89815fb7ae18c1286fdb70fce6c5e67b1dfc8fb,saved production runtime record; storage path removed only,public path routing and/or serialization only; no algorithm or numeric change
config/production/eval-heavy-policy-e1006/run_effective-config.json,Research_Workspace/05_P0_RECOVERY/evidence/run_metadata/eval-heavy-policy-e1006/run_effective-config.json,9dbfb3af2b9e6f120ac831bcf197ad8e23a3ceb730d9b0c3f95077ba5afb95e9,6c3f588496cd2cc29828e63c8edabe189d973de1a43a8c6ac6924947d1442695,saved production runtime record; storage path removed only,outputPrefix omitted; JSON formatting only; all remaining values unchanged
config/production/eval-heavy-policy-e1007/run_crn-stream-manifest.json,Research_Workspace/05_P0_RECOVERY/evidence/run_metadata/eval-heavy-policy-e1007/run_crn-stream-manifest.json,5e26e2fc1214f3012e88b7e4462c1f2ef19ec70212b24d742514ceba80f7d189,90dc6c81f6169b569f3358cd4f24fe1a62c7cea25eacb1084d4754db7c049542,saved production runtime record; storage path removed only,public path routing and/or serialization only; no algorithm or numeric change
config/production/eval-heavy-policy-e1007/run_effective-config.json,Research_Workspace/05_P0_RECOVERY/evidence/run_metadata/eval-heavy-policy-e1007/run_effective-config.json,735b87f5164df7f6d101dad2f3e7d2a6e663c9e358f911c24e34d861f80294be,d688f5774ce24693e46ca75fedd6540d647734c4ab61bafd06d91ec12183f0d0,saved production runtime record; storage path removed only,outputPrefix omitted; JSON formatting only; all remaining values unchanged
config/production/eval-heavy-policy-e1008/run_crn-stream-manifest.json,Research_Workspace/05_P0_RECOVERY/evidence/run_metadata/eval-heavy-policy-e1008/run_crn-stream-manifest.json,ca89250e237c40ff838591612177ba29047f5b388993b8ada6a091c079fbaaa9,bf099660fcaac0bcce478c406e3c8c875384e12f691ac58d3dcd79e78c25eacc,saved production runtime record; storage path removed only,public path routing and/or serialization only; no algorithm or numeric change
config/production/eval-heavy-policy-e1008/run_effective-config.json,Research_Workspace/05_P0_RECOVERY/evidence/run_metadata/eval-heavy-policy-e1008/run_effective-config.json,e3800f665861882b5859c4947792ddd87632f41825b454c765942cede8d3895a,812e8a7fbd4eee374a71d96bdd6c5bab676d34ce5009a30bc61329043e850a6c,saved production runtime record; storage path removed only,outputPrefix omitted; JSON formatting only; all remaining values unchanged
config/production/eval-heavy-policy-e1009/run_crn-stream-manifest.json,Research_Workspace/05_P0_RECOVERY/evidence/run_metadata/eval-heavy-policy-e1009/run_crn-stream-manifest.json,a46cb0e1e70ea43e142940ad3d7565e861aa021c13502cdd548adde05ce3e40b,1d53f14b8ccc035e7e1fbaee0fab619753fb410e0fdfe144d5b8eb31e1dbf82b,saved production runtime record; storage path removed only,public path routing and/or serialization only; no algorithm or numeric change
config/production/eval-heavy-policy-e1009/run_effective-config.json,Research_Workspace/05_P0_RECOVERY/evidence/run_metadata/eval-heavy-policy-e1009/run_effective-config.json,02db79fcb8647bef6a4ea99f056f1b78a302dca299e7947286563485fa5ed1e6,3a0f0485841fdb98749e7540344d9300238306420d5e972d8b134e0d311c7d26,saved production runtime record; storage path removed only,outputPrefix omitted; JSON formatting only; all remaining values unchanged
config/production/eval-heavy-policy-e1010/run_crn-stream-manifest.json,Research_Workspace/05_P0_RECOVERY/evidence/run_metadata/eval-heavy-policy-e1010/run_crn-stream-manifest.json,4543a0ba65c75da260d4c247a4bb5c726150f42a302f6fb9d74e660200339d2e,9badd8ce0931cc336d8f7cf47674e57abd9eaef8b7117841f1afbc011eb65670,saved production runtime record; storage path removed only,public path routing and/or serialization only; no algorithm or numeric change
config/production/eval-heavy-policy-e1010/run_effective-config.json,Research_Workspace/05_P0_RECOVERY/evidence/run_metadata/eval-heavy-policy-e1010/run_effective-config.json,69a5bf47becc70207225a14108cc71caa92fa5d68467f624bf019c9250cb823c,df6973d550b6bd676811b77ef77c8f1781add2353d205d53d52b1ea9f0234956,saved production runtime record; storage path removed only,outputPrefix omitted; JSON formatting only; all remaining values unchanged
config/production/eval-heavy-policy-e1011/run_crn-stream-manifest.json,Research_Workspace/05_P0_RECOVERY/evidence/run_metadata/eval-heavy-policy-e1011/run_crn-stream-manifest.json,15d320a24a7530528c0c9b88f60fb07697eee432c80ba8d8c8d6c45bd349a43b,39c58e7946f94ae80130d6e9fbddf459038b6cb7242c43c06b2861769ed8ffc0,saved production runtime record; storage path removed only,public path routing and/or serialization only; no algorithm or numeric change
config/production/eval-heavy-policy-e1011/run_effective-config.json,Research_Workspace/05_P0_RECOVERY/evidence/run_metadata/eval-heavy-policy-e1011/run_effective-config.json,ca4219bbfdc0bcd16b79cd23128cccb72febc9ad52a89162a5d6f2a6d7d831ac,8864c7f593c0facb07e80a54af1a14e351e0a29107003b72e3a7058156064168,saved production runtime record; storage path removed only,outputPrefix omitted; JSON formatting only; all remaining values unchanged
config/production/eval-heavy-policy-e1012/run_crn-stream-manifest.json,Research_Workspace/05_P0_RECOVERY/evidence/run_metadata/eval-heavy-policy-e1012/run_crn-stream-manifest.json,3e895bb82c218091cbe8f2cdbcc66415394ffaf48d16f55ec941014bb55cdbe4,692b41d809e6902e8e40c7bbbc39fc218a7caaeef40735e2464ecc2268f6b6fc,saved production runtime record; storage path removed only,public path routing and/or serialization only; no algorithm or numeric change
config/production/eval-heavy-policy-e1012/run_effective-config.json,Research_Workspace/05_P0_RECOVERY/evidence/run_metadata/eval-heavy-policy-e1012/run_effective-config.json,a4e580e256ef73c726e24bc5ffaaeee733e02ef131d87ddfd5335c3a6721dca8,2df52076a29d3505ecfc7f233c500c36ae472af0c5f1a2d43820722e05577a2f,saved production runtime record; storage path removed only,outputPrefix omitted; JSON formatting only; all remaining values unchanged
config/production/eval-heavy-policy-e1013/run_crn-stream-manifest.json,Research_Workspace/05_P0_RECOVERY/evidence/run_metadata/eval-heavy-policy-e1013/run_crn-stream-manifest.json,4f18801535e40cf1531fc4c4ff15d27a66277743a345548b81af3fa64c0a8048,8b6afdaff1d75587c0399aac4e75112eb9634809a8dddfb47456100c3223d889,saved production runtime record; storage path removed only,public path routing and/or serialization only; no algorithm or numeric change
config/production/eval-heavy-policy-e1013/run_effective-config.json,Research_Workspace/05_P0_RECOVERY/evidence/run_metadata/eval-heavy-policy-e1013/run_effective-config.json,d5a1a3c8eca045121b3e28b020066d2df63543ce3367178787d3f772e887a73e,9a3da79cc58999dedb7e2967c8c29bec816b301ed3ebc8c84ddd2050cc7ad175,saved production runtime record; storage path removed only,outputPrefix omitted; JSON formatting only; all remaining values unchanged
config/production/eval-heavy-policy-e1014/run_crn-stream-manifest.json,Research_Workspace/05_P0_RECOVERY/evidence/run_metadata/eval-heavy-policy-e1014/run_crn-stream-manifest.json,7c89c28fa50a03a24478b21a5b1459720c00a03958f3e86d411887973a386b6c,c99e9397c66d6395d9ae9bab77ca35d10a3db09643f5d6b66d8f93d17c356a47,saved production runtime record; storage path removed only,public path routing and/or serialization only; no algorithm or numeric change
config/production/eval-heavy-policy-e1014/run_effective-config.json,Research_Workspace/05_P0_RECOVERY/evidence/run_metadata/eval-heavy-policy-e1014/run_effective-config.json,a73ec55bb76929d4d306c242d4f5d4ef7b7c778204746d7b219869190b5b2c67,5feeb6e3d7a6099749d5e5e033e4a6461ab1710479be472a6dc5afe0aabbb24a,saved production runtime record; storage path removed only,outputPrefix omitted; JSON formatting only; all remaining values unchanged
config/production/eval-heavy-policy-e1015/run_crn-stream-manifest.json,Research_Workspace/05_P0_RECOVERY/evidence/run_metadata/eval-heavy-policy-e1015/run_crn-stream-manifest.json,3d8712fc2a9c0d38b0e283d4b7694755d3e66e89e4acadbca160d37bc3fd4d7c,6912d6a49947875445b6dcc2fea4a52338b75acf04ea45b8db59636bd7532137,saved production runtime record; storage path removed only,public path routing and/or serialization only; no algorithm or numeric change
config/production/eval-heavy-policy-e1015/run_effective-config.json,Research_Workspace/05_P0_RECOVERY/evidence/run_metadata/eval-heavy-policy-e1015/run_effective-config.json,2e0b7b7f2422c2b8179065e58ea48ac9db6a1fae8ba2660768423303f77e72f2,b1dabd65b76eac2d89e21dfca83fef1a816b5ad1af5f241efe91a93517285723,saved production runtime record; storage path removed only,outputPrefix omitted; JSON formatting only; all remaining values unchanged
config/production/eval-heavy-policy-e1016/run_crn-stream-manifest.json,Research_Workspace/05_P0_RECOVERY/evidence/run_metadata/eval-heavy-policy-e1016/run_crn-stream-manifest.json,ca4441592fa48d615d8d6ba0cf65a79b29b4eba3394d82012251653529963b86,75f9e00079340b0663e05e309514c2f07c92b88676eb22110412cbf2e7d4a98d,saved production runtime record; storage path removed only,public path routing and/or serialization only; no algorithm or numeric change
config/production/eval-heavy-policy-e1016/run_effective-config.json,Research_Workspace/05_P0_RECOVERY/evidence/run_metadata/eval-heavy-policy-e1016/run_effective-config.json,3a1923a15e31a29574ea30886242806fda58bece3007b41b1e69b283619ad32c,4098f1918da1068422d01f42d59e1b47ca6d5860240c35d720591ab9dd488aa5,saved production runtime record; storage path removed only,outputPrefix omitted; JSON formatting only; all remaining values unchanged
config/production/eval-heavy-policy-e1017/run_crn-stream-manifest.json,Research_Workspace/05_P0_RECOVERY/evidence/run_metadata/eval-heavy-policy-e1017/run_crn-stream-manifest.json,bb4fb606e8ad0444a045f2e480b535acab8904913f94c5cec4946014f40c661c,5498f670f28303a7c5098f05533368325f69b06f5d77f1050275cfa2a66687aa,saved production runtime record; storage path removed only,public path routing and/or serialization only; no algorithm or numeric change
config/production/eval-heavy-policy-e1017/run_effective-config.json,Research_Workspace/05_P0_RECOVERY/evidence/run_metadata/eval-heavy-policy-e1017/run_effective-config.json,51fd8a2c6a178b331af149480a6c368c4024ffa0b9cd992c0643fad17cc92057,5ac49fb910f98ebb4f22210ae3d431591fe3d50770ae42f6fab7cdde96819ac5,saved production runtime record; storage path removed only,outputPrefix omitted; JSON formatting only; all remaining values unchanged
config/production/eval-heavy-policy-e1018/run_crn-stream-manifest.json,Research_Workspace/05_P0_RECOVERY/evidence/run_metadata/eval-heavy-policy-e1018/run_crn-stream-manifest.json,1c4461cff48377f2f40121e71216a56146e08432eabff91860949add398edcd5,a10ce06382d0b59a5d9ba0701fd19dcba60354f9b5659a7485ff739edfe5d08b,saved production runtime record; storage path removed only,public path routing and/or serialization only; no algorithm or numeric change
config/production/eval-heavy-policy-e1018/run_effective-config.json,Research_Workspace/05_P0_RECOVERY/evidence/run_metadata/eval-heavy-policy-e1018/run_effective-config.json,3184676eb285d6c5d39a5c455b1b6f18cb96a1fbb604a6d301b8ec0433257132,559984c0cc0e5f1c70ddec632245a627d95374fe5cb39ae44528767f2c40e3f7,saved production runtime record; storage path removed only,outputPrefix omitted; JSON formatting only; all remaining values unchanged
config/production/eval-heavy-policy-e1019/run_crn-stream-manifest.json,Research_Workspace/05_P0_RECOVERY/evidence/run_metadata/eval-heavy-policy-e1019/run_crn-stream-manifest.json,b412bec4921d8719c44cf8fd85f1a44b37d29facec7d708d7b367a02ba959977,aae7cdd2062897c29fdb7bb8733c87ec3b29888713affce83ed0de2ed21ab824,saved production runtime record; storage path removed only,public path routing and/or serialization only; no algorithm or numeric change
config/production/eval-heavy-policy-e1019/run_effective-config.json,Research_Workspace/05_P0_RECOVERY/evidence/run_metadata/eval-heavy-policy-e1019/run_effective-config.json,f46abe129945386470336d98b8b854470a601eb336a0733eac22738df47156de,96ba87f38855f49a64562d39c2a76d98b2be70074d3fe32ef2f4d9e8add05392,saved production runtime record; storage path removed only,outputPrefix omitted; JSON formatting only; all remaining values unchanged
config/production/eval-heavy-policy-e1020/run_crn-stream-manifest.json,Research_Workspace/05_P0_RECOVERY/evidence/run_metadata/eval-heavy-policy-e1020/run_crn-stream-manifest.json,c970659d13825b556f9ba136ca61e4950d9e9be532acc7e5b765d6abb32783dc,bd3f5cfdd250d855b3dc2a9b9c68fd5b4466ae1dbbc616852be218c7add8552e,saved production runtime record; storage path removed only,public path routing and/or serialization only; no algorithm or numeric change
config/production/eval-heavy-policy-e1020/run_effective-config.json,Research_Workspace/05_P0_RECOVERY/evidence/run_metadata/eval-heavy-policy-e1020/run_effective-config.json,a39fa052e6220172ee30370e3e16517d23bfb8b0f90bd210556784f3d47ea7a7,2d7eebd7aec1f0866fd6404559a2eaef2aa33927bb49a7085385075d9dcf2e25,saved production runtime record; storage path removed only,outputPrefix omitted; JSON formatting only; all remaining values unchanged
config/production/eval-heavy-policy-e1021/run_crn-stream-manifest.json,Research_Workspace/05_P0_RECOVERY/evidence/run_metadata/eval-heavy-policy-e1021/run_crn-stream-manifest.json,5122fc6ef5a09089d71c1a1d796c3cc9cf3a6070158868a168b8ee4812d13a83,ad8cc9650ac941f8a4d1a3dbd4adfece280fc5eeefeb9941504169172104d1e9,saved production runtime record; storage path removed only,public path routing and/or serialization only; no algorithm or numeric change
config/production/eval-heavy-policy-e1021/run_effective-config.json,Research_Workspace/05_P0_RECOVERY/evidence/run_metadata/eval-heavy-policy-e1021/run_effective-config.json,629604db3b1304071c7823d5ea0c42bf778535c85755c778b4a0a68c299c0d44,17afad164ea0c378ea09273dffd5b7eaf4248542aa20002a32bf302db08ca31c,saved production runtime record; storage path removed only,outputPrefix omitted; JSON formatting only; all remaining values unchanged
config/production/eval-heavy-policy-e1022/run_crn-stream-manifest.json,Research_Workspace/05_P0_RECOVERY/evidence/run_metadata/eval-heavy-policy-e1022/run_crn-stream-manifest.json,47f784b8a2d39c942c2efe0dab0e056468f68475aff7100dece2ae844375bffe,c81e11d37d14cf6909116ec84ab646184521bf5583ea2d5de15ac0dd5252199e,saved production runtime record; storage path removed only,public path routing and/or serialization only; no algorithm or numeric change
config/production/eval-heavy-policy-e1022/run_effective-config.json,Research_Workspace/05_P0_RECOVERY/evidence/run_metadata/eval-heavy-policy-e1022/run_effective-config.json,779e18eb0a853b2e382e8d65e2a37543cb587dbe0b2ec715a7ced01e58ea43ca,a37084792093b05c7b28d16d58167611336de0644804bcd3e54c71cf04015eb3,saved production runtime record; storage path removed only,outputPrefix omitted; JSON formatting only; all remaining values unchanged
config/production/eval-heavy-policy-e1023/run_crn-stream-manifest.json,Research_Workspace/05_P0_RECOVERY/evidence/run_metadata/eval-heavy-policy-e1023/run_crn-stream-manifest.json,27700b5082fc7972b4d87a040615e2e0b2019901a3f78ffa0176805e5d7e5edb,d681d5257edcabbbd0b97b21ee50b1910df7b0e21f915aa6501c32e13f3dd3ca,saved production runtime record; storage path removed only,public path routing and/or serialization only; no algorithm or numeric change
config/production/eval-heavy-policy-e1023/run_effective-config.json,Research_Workspace/05_P0_RECOVERY/evidence/run_metadata/eval-heavy-policy-e1023/run_effective-config.json,1d75f3aa664100e74223da3f87364e8d8492c533dfb8e0d7368c0073be4f7613,75cfb714de0c8735e6d16b89a4056df37d6673e45f9dae556468cc49acd6e2ad,saved production runtime record; storage path removed only,outputPrefix omitted; JSON formatting only; all remaining values unchanged
config/production/eval-heavy-policy-e1024/run_crn-stream-manifest.json,Research_Workspace/05_P0_RECOVERY/evidence/run_metadata/eval-heavy-policy-e1024/run_crn-stream-manifest.json,171834f018e91436794814e93a1f62a547d0d8689fed5de7be9796c73a86d95e,3317366da5222ae6b92e3261365752e7957e59b07cb88e818310fce84a2ececc,saved production runtime record; storage path removed only,public path routing and/or serialization only; no algorithm or numeric change
config/production/eval-heavy-policy-e1024/run_effective-config.json,Research_Workspace/05_P0_RECOVERY/evidence/run_metadata/eval-heavy-policy-e1024/run_effective-config.json,22f870f4d9a9faf7ad554801b54f6aac8a5d89290133f8aec7deba728b33515b,2f7c051c5c29ec2f43b5524b38124c9f88a6fea6626e720281705d5b4d19017c,saved production runtime record; storage path removed only,outputPrefix omitted; JSON formatting only; all remaining values unchanged
config/production/eval-heavy-policy-e1025/run_crn-stream-manifest.json,Research_Workspace/05_P0_RECOVERY/evidence/run_metadata/eval-heavy-policy-e1025/run_crn-stream-manifest.json,4e3a8305156bbfc4d77a2b28f216a05cd6bdf801a1456c37b18bb33ac1372421,a2ce7606495e3336afc7e5feb14f417269491573fea3c8dbded3fe51a1b9d96f,saved production runtime record; storage path removed only,public path routing and/or serialization only; no algorithm or numeric change
config/production/eval-heavy-policy-e1025/run_effective-config.json,Research_Workspace/05_P0_RECOVERY/evidence/run_metadata/eval-heavy-policy-e1025/run_effective-config.json,b27797d73d0c26365934c0cbb2e81b3a2a77be681a1e5424c8a9c5ff81d4012a,98fe44e9248a39ba5b8ea7a91ce516c2063313f189ab9c8d7d20591cee4772c6,saved production runtime record; storage path removed only,outputPrefix omitted; JSON formatting only; all remaining values unchanged
config/production/eval-heavy-policy-e1026/run_crn-stream-manifest.json,Research_Workspace/05_P0_RECOVERY/evidence/run_metadata/eval-heavy-policy-e1026/run_crn-stream-manifest.json,ebad4fb1d33e10b20a1f29e35b4431a38c93ecd6322312968f6a7c2069a9237c,cc3a0c3b250fc96b8c10fa3ca9858502df77ab9ce7778f90c01a4d7f06f4a5c3,saved production runtime record; storage path removed only,public path routing and/or serialization only; no algorithm or numeric change
config/production/eval-heavy-policy-e1026/run_effective-config.json,Research_Workspace/05_P0_RECOVERY/evidence/run_metadata/eval-heavy-policy-e1026/run_effective-config.json,a5bbeaf997a9aea788f531b1bd1a28c8c24370880de3eee70c5ebd8efd4fba16,1952262333a760f1119f1b3abfb0ee6bb6c0edb0a4cfa5e2fde521dbb8e05750,saved production runtime record; storage path removed only,outputPrefix omitted; JSON formatting only; all remaining values unchanged
config/production/eval-heavy-policy-e1027/run_crn-stream-manifest.json,Research_Workspace/05_P0_RECOVERY/evidence/run_metadata/eval-heavy-policy-e1027/run_crn-stream-manifest.json,7e59748cf7932b18093fbdb7b98577212c7a920f33084ac5e79c362dda32d8a4,75c728415d2b0b40c784f11cfa6b28cb156ceb62274a4e7f9abe2a020b8f65b4,saved production runtime record; storage path removed only,public path routing and/or serialization only; no algorithm or numeric change
config/production/eval-heavy-policy-e1027/run_effective-config.json,Research_Workspace/05_P0_RECOVERY/evidence/run_metadata/eval-heavy-policy-e1027/run_effective-config.json,d7ffce933b40be56ef0464ea429abd93944e11425030d9416d14fc29d84c94f2,0a1407f814bf4f68fc681ff21f0ba1a1183e264562759a64ea06e01046dad3b0,saved production runtime record; storage path removed only,outputPrefix omitted; JSON formatting only; all remaining values unchanged
config/production/eval-heavy-policy-e1028/run_crn-stream-manifest.json,Research_Workspace/05_P0_RECOVERY/evidence/run_metadata/eval-heavy-policy-e1028/run_crn-stream-manifest.json,6d86c8720bc2f557e8c9adbcc61e30808576a9a26c7a25a0029f4e87bcb03ecb,d7415a1461af9acf2638f923f06d158a4c8c98f4a70ac9869482bb83610bf80d,saved production runtime record; storage path removed only,public path routing and/or serialization only; no algorithm or numeric change
config/production/eval-heavy-policy-e1028/run_effective-config.json,Research_Workspace/05_P0_RECOVERY/evidence/run_metadata/eval-heavy-policy-e1028/run_effective-config.json,c5f38d513b6d1c48c4c3b694ec1f9e63ac8cad5e65882b750e32a4d1102be339,636446b26f4a910565fdef22c0e0c98b132b14820bdd4dc316cc0d0c4b7efafc,saved production runtime record; storage path removed only,outputPrefix omitted; JSON formatting only; all remaining values unchanged
config/production/eval-heavy-policy-e1029/run_crn-stream-manifest.json,Research_Workspace/05_P0_RECOVERY/evidence/run_metadata/eval-heavy-policy-e1029/run_crn-stream-manifest.json,8f0218a18432b6dd46cbdf3be133bbc5dced48952610fa52dccbcb36cad4b67f,b56673aaae6c4da01c701accbb13420eb289bb4e24510428c32e0725fe6777bf,saved production runtime record; storage path removed only,public path routing and/or serialization only; no algorithm or numeric change
config/production/eval-heavy-policy-e1029/run_effective-config.json,Research_Workspace/05_P0_RECOVERY/evidence/run_metadata/eval-heavy-policy-e1029/run_effective-config.json,6c34b635ab7ab94f8b2684877e2c276ea02333aadd2219aceb3fc7accbfaf231,371eacd0b106179e924b3b0ddc796fbb4242de10be12f8a9907fd69a09cd4501,saved production runtime record; storage path removed only,outputPrefix omitted; JSON formatting only; all remaining values unchanged
config/production/eval-heavy-policy-e1030/run_crn-stream-manifest.json,Research_Workspace/05_P0_RECOVERY/evidence/run_metadata/eval-heavy-policy-e1030/run_crn-stream-manifest.json,56bd1953e3c943d9bebf3b8ea152191bf8efeb4041f17cc69974a2d47c5ae03f,8940920e01d95821f3b2b57f6b3c745d1aa9554611e9350d220aceba938eae02,saved production runtime record; storage path removed only,public path routing and/or serialization only; no algorithm or numeric change
config/production/eval-heavy-policy-e1030/run_effective-config.json,Research_Workspace/05_P0_RECOVERY/evidence/run_metadata/eval-heavy-policy-e1030/run_effective-config.json,e0efdcd8fe99fe0ed642a56cdf45d8d60e6e3f0b5e604dacbb665a988e0e3674,4a78dcb3bddd6f657a7e639fb6d4b9590929d38cf1ee9739e0925f48481998d5,saved production runtime record; storage path removed only,outputPrefix omitted; JSON formatting only; all remaining values unchanged
config/production/eval-heavy-policy-e1031/run_crn-stream-manifest.json,Research_Workspace/05_P0_RECOVERY/evidence/run_metadata/eval-heavy-policy-e1031/run_crn-stream-manifest.json,d047f380f70a826297db8112f9938bb15d0d9af9a98b597e3fa9a9fea224af8c,703c611e60d808d7acee5ba14c197e456ac4ac989ef4dd1807984e5b31af4cdd,saved production runtime record; storage path removed only,public path routing and/or serialization only; no algorithm or numeric change
config/production/eval-heavy-policy-e1031/run_effective-config.json,Research_Workspace/05_P0_RECOVERY/evidence/run_metadata/eval-heavy-policy-e1031/run_effective-config.json,ca35abf7fe3bd5f1e14dc2bbe49aaa252726cbbe725a76d4397858a559d5d57b,22f8e54a5b70bb36bd318ca6afd5c1be2c5558799b70b3b2e8ab22c631b1de39,saved production runtime record; storage path removed only,outputPrefix omitted; JSON formatting only; all remaining values unchanged
config/production/eval-heavy-policy-e1032/run_crn-stream-manifest.json,Research_Workspace/05_P0_RECOVERY/evidence/run_metadata/eval-heavy-policy-e1032/run_crn-stream-manifest.json,c96b7db753dcf2819f37b61361251715153aec36c7f0bc4ba33e48114d79853b,84e19b83393c9fe7630fd38b5ec110d1e4fa277f1a27acfc7ab4a3dc375a8218,saved production runtime record; storage path removed only,public path routing and/or serialization only; no algorithm or numeric change
config/production/eval-heavy-policy-e1032/run_effective-config.json,Research_Workspace/05_P0_RECOVERY/evidence/run_metadata/eval-heavy-policy-e1032/run_effective-config.json,4b84e4b8b0213531884bea5f84b56ffe423cf387a33cfeecfe6114d15aab39be,a2d6964f806e7fd2146a0e93aba02e49aa4da4450e5aee87736aa00cbd163d4e,saved production runtime record; storage path removed only,outputPrefix omitted; JSON formatting only; all remaining values unchanged
config/production/eval-heavy-policy-e1033/run_crn-stream-manifest.json,Research_Workspace/05_P0_RECOVERY/evidence/run_metadata/eval-heavy-policy-e1033/run_crn-stream-manifest.json,d19caaf7a9c7b4575490a3145eb226729d208df7c838a3a5fcf544eac61b440e,3bedef6f1e436591f8a3ac291a38ebe47f50839f59a8ab13f4ff8535b63216b2,saved production runtime record; storage path removed only,public path routing and/or serialization only; no algorithm or numeric change
config/production/eval-heavy-policy-e1033/run_effective-config.json,Research_Workspace/05_P0_RECOVERY/evidence/run_metadata/eval-heavy-policy-e1033/run_effective-config.json,7342b287089b41e7b05880879b407ebf263b8332721e7195daf279ae39a448ba,88f9f2a299d7a2f2ff7a1b7bf2f0c9539fd555987eb88c1b11d1e4c415f90235,saved production runtime record; storage path removed only,outputPrefix omitted; JSON formatting only; all remaining values unchanged
config/production/eval-heavy-policy-e1034/run_crn-stream-manifest.json,Research_Workspace/05_P0_RECOVERY/evidence/run_metadata/eval-heavy-policy-e1034/run_crn-stream-manifest.json,2eb345b4d8d882646cb82cd037dea4bac05cc770a34e0cfd1ba50d269c391cf3,d787272f75fdbe6d33b04bf4a465bf33fa7058b27a2269aff923d83d8aa02c6e,saved production runtime record; storage path removed only,public path routing and/or serialization only; no algorithm or numeric change
config/production/eval-heavy-policy-e1034/run_effective-config.json,Research_Workspace/05_P0_RECOVERY/evidence/run_metadata/eval-heavy-policy-e1034/run_effective-config.json,45d13d3d448c8fcd248ab3d417e5be01bc83361b60a898ad3f98e20b1d7c92e4,315db854a20007133297790945991686cf29abf447afa2cdfc930b42c5e518af,saved production runtime record; storage path removed only,outputPrefix omitted; JSON formatting only; all remaining values unchanged
config/production/eval-heavy-policy-e1035/run_crn-stream-manifest.json,Research_Workspace/05_P0_RECOVERY/evidence/run_metadata/eval-heavy-policy-e1035/run_crn-stream-manifest.json,aaf4c5e5f06e1e34b8c8d7a9028d3dd6107ad0129451ee4077e2021431b62836,d697482302035b5c0b6143fac5193b5adc0946b26fceb6f22db37193fef24b30,saved production runtime record; storage path removed only,public path routing and/or serialization only; no algorithm or numeric change
config/production/eval-heavy-policy-e1035/run_effective-config.json,Research_Workspace/05_P0_RECOVERY/evidence/run_metadata/eval-heavy-policy-e1035/run_effective-config.json,1f76221a9e37da2563987d40e0255caca3952b4de05652c763716d15c28993fa,ed0f58065415045c86f086d3cbd9a34127d50990dd32f7d8d88c27ac3a41082f,saved production runtime record; storage path removed only,outputPrefix omitted; JSON formatting only; all remaining values unchanged
config/production/eval-heavy-policy-e1036/run_crn-stream-manifest.json,Research_Workspace/05_P0_RECOVERY/evidence/run_metadata/eval-heavy-policy-e1036/run_crn-stream-manifest.json,7958b104048c19ed44b274e89d1cb0ed9dd6b05de586eef02209b3efd35ce325,7269e91f600b3e19563eb569f4f8d0a86ae3349c93f8ebc3577878b48116af62,saved production runtime record; storage path removed only,public path routing and/or serialization only; no algorithm or numeric change
config/production/eval-heavy-policy-e1036/run_effective-config.json,Research_Workspace/05_P0_RECOVERY/evidence/run_metadata/eval-heavy-policy-e1036/run_effective-config.json,b50e5226e8511eed90499c1cfa49250ae3334b10fc93c7b58b17869e32607671,ec6a67286473c70b0ce652074e2910472b788d7169098b964ca4262f506b79f5,saved production runtime record; storage path removed only,outputPrefix omitted; JSON formatting only; all remaining values unchanged
config/production/eval-heavy-policy-e1037/run_crn-stream-manifest.json,Research_Workspace/05_P0_RECOVERY/evidence/run_metadata/eval-heavy-policy-e1037/run_crn-stream-manifest.json,5e6121b838bb0351aff945ebf582bef0d974b14541900352fa03f3132e79c51e,a5b0dd5991f12f896fcbcc76c1557d3c10f9bd2d8df371724f382b1d6cbffdca,saved production runtime record; storage path removed only,public path routing and/or serialization only; no algorithm or numeric change
config/production/eval-heavy-policy-e1037/run_effective-config.json,Research_Workspace/05_P0_RECOVERY/evidence/run_metadata/eval-heavy-policy-e1037/run_effective-config.json,f9ef3b1550b63ff2612d0d9fea338cecbefc5653904eacd880cee678698bad8b,f7aed14c93a35ac7eaa015e5328063e7f131fdc96e1b4375d4288a030768ec1c,saved production runtime record; storage path removed only,outputPrefix omitted; JSON formatting only; all remaining values unchanged
config/production/eval-heavy-policy-e1038/run_crn-stream-manifest.json,Research_Workspace/05_P0_RECOVERY/evidence/run_metadata/eval-heavy-policy-e1038/run_crn-stream-manifest.json,a3ee1d9afabab70856248e825ad81db85d86420426a35e45f958d94a70833f84,8398795f5130fb247dcdd1d63b47cd6a7d610155d10fbd4561b491c22948decc,saved production runtime record; storage path removed only,public path routing and/or serialization only; no algorithm or numeric change
config/production/eval-heavy-policy-e1038/run_effective-config.json,Research_Workspace/05_P0_RECOVERY/evidence/run_metadata/eval-heavy-policy-e1038/run_effective-config.json,92cb0cdd9e7d8b01afdcf6a84c4a52bbf67582cd630d1e9cb9e503a8bf94cf62,31c949be31a891e5f306d8a0b4e5f6f7712581a6be506d9f4b348aecd99cde96,saved production runtime record; storage path removed only,outputPrefix omitted; JSON formatting only; all remaining values unchanged
config/production/eval-heavy-policy-e1039/run_crn-stream-manifest.json,Research_Workspace/05_P0_RECOVERY/evidence/run_metadata/eval-heavy-policy-e1039/run_crn-stream-manifest.json,2ab9fb2034aef72816adaea11612ba72c9f76b6cd5b7c7a459668e22809c1b52,0695c50dd590c6855feffad0dcad19d8861b86feab8ce06c00c5ef8c0ed5278b,saved production runtime record; storage path removed only,public path routing and/or serialization only; no algorithm or numeric change
config/production/eval-heavy-policy-e1039/run_effective-config.json,Research_Workspace/05_P0_RECOVERY/evidence/run_metadata/eval-heavy-policy-e1039/run_effective-config.json,3a77f0ebb6190ca80394750bbb67e3d6c39aed1d27b8e24fd7f6f3c9b9a8738b,3d3d82355aabf66f59d0b6736ce4470d942920ea1ea3ec3b58f23a4d7bd85e08,saved production runtime record; storage path removed only,outputPrefix omitted; JSON formatting only; all remaining values unchanged
config/production/eval-heavy-policy-e1040/run_crn-stream-manifest.json,Research_Workspace/05_P0_RECOVERY/evidence/run_metadata/eval-heavy-policy-e1040/run_crn-stream-manifest.json,c1ccb6e67318669eb3140ce8b9fdcf937993620b701d2b2b1ea4b68aac638c79,e3377da3d1481562675e40221fc87ba63997611f9eb4b661af26f1bc053af33e,saved production runtime record; storage path removed only,public path routing and/or serialization only; no algorithm or numeric change
config/production/eval-heavy-policy-e1040/run_effective-config.json,Research_Workspace/05_P0_RECOVERY/evidence/run_metadata/eval-heavy-policy-e1040/run_effective-config.json,cbcdd5285976c23f17ff5d5b2c51cdf878451cc2c772e5fa4a56e97c67f427ee,bf4a249ff11551f52680fac818bfe131d0d75830b5ac001520b2e983e3599e44,saved production runtime record; storage path removed only,outputPrefix omitted; JSON formatting only; all remaining values unchanged
config/production/eval-heavy-policy-e1041/run_crn-stream-manifest.json,Research_Workspace/05_P0_RECOVERY/evidence/run_metadata/eval-heavy-policy-e1041/run_crn-stream-manifest.json,f89ff085947b5dc9efa6eb3727c672d8819dec151ce7d3ba50bb069e7350bf47,c1dc1febbcb2e09abacc4bb8ccbf545e424efe66c4d0e491c7cdf5862bd719a9,saved production runtime record; storage path removed only,public path routing and/or serialization only; no algorithm or numeric change
config/production/eval-heavy-policy-e1041/run_effective-config.json,Research_Workspace/05_P0_RECOVERY/evidence/run_metadata/eval-heavy-policy-e1041/run_effective-config.json,e4cd1523fe67c0c1bb5dcda5aa647621a2baf38761e049add63e43b311915573,636e68357b98c6f89ff9cb038847d412d02493a750a6a7fbe30c3447442dd39f,saved production runtime record; storage path removed only,outputPrefix omitted; JSON formatting only; all remaining values unchanged
config/production/eval-heavy-policy-e1042/run_crn-stream-manifest.json,Research_Workspace/05_P0_RECOVERY/evidence/run_metadata/eval-heavy-policy-e1042/run_crn-stream-manifest.json,684ca325e1db1fd6af919a326ed8984acdd1ac888aadebf77d0e730b3d77becc,df38a42ecbd88d862258c7225f7e1e67f9d4af3167745d1b0f16f6e6d8601596,saved production runtime record; storage path removed only,public path routing and/or serialization only; no algorithm or numeric change
config/production/eval-heavy-policy-e1042/run_effective-config.json,Research_Workspace/05_P0_RECOVERY/evidence/run_metadata/eval-heavy-policy-e1042/run_effective-config.json,9bd32b9ca3d4047349173f582b794c90ddea9d10e3163022c41ce47c75e506d2,a0e25a6e38180cb752f0853881d7a703b678a32e17cfe9df519375b822a1d018,saved production runtime record; storage path removed only,outputPrefix omitted; JSON formatting only; all remaining values unchanged
config/production/eval-heavy-policy-e1043/run_crn-stream-manifest.json,Research_Workspace/05_P0_RECOVERY/evidence/run_metadata/eval-heavy-policy-e1043/run_crn-stream-manifest.json,b0a0b1739b16963fd5dbe4250252b958a0554e0e0bdd324f1128218d2599e0a9,721501558c2572976127fd1bbc1d88e983698fcba59bf3c80e43984be90b7405,saved production runtime record; storage path removed only,public path routing and/or serialization only; no algorithm or numeric change
config/production/eval-heavy-policy-e1043/run_effective-config.json,Research_Workspace/05_P0_RECOVERY/evidence/run_metadata/eval-heavy-policy-e1043/run_effective-config.json,d3297ec7c4d850a11328f69d02d9922b07eac3dbba660e9be67f0032cbcd0b91,34451ba4446dc68c206006dfad97042c2bf36aabca5190856649066d7d48da8b,saved production runtime record; storage path removed only,outputPrefix omitted; JSON formatting only; all remaining values unchanged
config/production/eval-heavy-policy-e1044/run_crn-stream-manifest.json,Research_Workspace/05_P0_RECOVERY/evidence/run_metadata/eval-heavy-policy-e1044/run_crn-stream-manifest.json,08bb5af06ea13ca9fc31b7842df76dfc3798a5946a83c303b0bafd72a3cdce5e,898c4d111d1246c50f917e87d5e613f1991b9816237b95a3c8c03a6fbded1135,saved production runtime record; storage path removed only,public path routing and/or serialization only; no algorithm or numeric change
config/production/eval-heavy-policy-e1044/run_effective-config.json,Research_Workspace/05_P0_RECOVERY/evidence/run_metadata/eval-heavy-policy-e1044/run_effective-config.json,d34f001cf5d7446aef04652802be8a84b24e562b14563e54ac7db3f9917c524a,1b0f69c12caf2b2a13a4cb558cb386e060744cfc7aa0add32a828ea7f024807a,saved production runtime record; storage path removed only,outputPrefix omitted; JSON formatting only; all remaining values unchanged
config/production/eval-heavy-policy-e1045/run_crn-stream-manifest.json,Research_Workspace/05_P0_RECOVERY/evidence/run_metadata/eval-heavy-policy-e1045/run_crn-stream-manifest.json,7889056557dc2074ebcaa7f9b35083e3c927b775d19cae5af046e09ce4bb6294,f5adf106123fd0df253c9c95594b772d565ee62adc73d0a0479960246fa5abce,saved production runtime record; storage path removed only,public path routing and/or serialization only; no algorithm or numeric change
config/production/eval-heavy-policy-e1045/run_effective-config.json,Research_Workspace/05_P0_RECOVERY/evidence/run_metadata/eval-heavy-policy-e1045/run_effective-config.json,85183e746af6fe280a10569a01ce6c9c8d31cfc6a4a776edc7442f67da6c4c0f,f4ea77f6fc825829ff7395a771fe9eea4080386168781bad16da9283e82722d7,saved production runtime record; storage path removed only,outputPrefix omitted; JSON formatting only; all remaining values unchanged
config/production/eval-heavy-policy-e1046/run_crn-stream-manifest.json,Research_Workspace/05_P0_RECOVERY/evidence/run_metadata/eval-heavy-policy-e1046/run_crn-stream-manifest.json,c960929b7f7309162b4db1136946cf3bc48efa4bd7229fe906b69c57ae4ee1ca,cc818d0105a5f5e99e69cf0561dc3ec3c22bd1ebb12a1556f45f72a68eac39b2,saved production runtime record; storage path removed only,public path routing and/or serialization only; no algorithm or numeric change
config/production/eval-heavy-policy-e1046/run_effective-config.json,Research_Workspace/05_P0_RECOVERY/evidence/run_metadata/eval-heavy-policy-e1046/run_effective-config.json,c3034af989bbb625ab51528114166812910e380cccdad4d52331353993750fb1,c08818d55b37d18a92682cc6501a1e5c2f743da299a6b6a718cbcd211f875363,saved production runtime record; storage path removed only,outputPrefix omitted; JSON formatting only; all remaining values unchanged
config/production/eval-heavy-policy-e1047/run_crn-stream-manifest.json,Research_Workspace/05_P0_RECOVERY/evidence/run_metadata/eval-heavy-policy-e1047/run_crn-stream-manifest.json,721e38ef5282b5783c8ac2c344072b2745fe3b5f897c2f528084c27b5e3bf8bd,d7772dc9c79618c51bfede3aac719e1aadf333c7e67143968267eee1dd65ecaa,saved production runtime record; storage path removed only,public path routing and/or serialization only; no algorithm or numeric change
config/production/eval-heavy-policy-e1047/run_effective-config.json,Research_Workspace/05_P0_RECOVERY/evidence/run_metadata/eval-heavy-policy-e1047/run_effective-config.json,97405cfce2003818ee90fe8c64e441651cba6591d48de2b2d744e9421ff6ce9c,bf02cf0a9f1e4f8ea9277937802705f732ebc91bf3b2327c15012a4cb8050d1e,saved production runtime record; storage path removed only,outputPrefix omitted; JSON formatting only; all remaining values unchanged
config/production/eval-heavy-policy-e1048/run_crn-stream-manifest.json,Research_Workspace/05_P0_RECOVERY/evidence/run_metadata/eval-heavy-policy-e1048/run_crn-stream-manifest.json,d988035266b7b25f546f3e1a75d0600d1deeb1c7b01ed99ebe216851ac314a16,a16d52ad5b650886bbbeece92df2397974220293da6a2f77612efab9b841390d,saved production runtime record; storage path removed only,public path routing and/or serialization only; no algorithm or numeric change
config/production/eval-heavy-policy-e1048/run_effective-config.json,Research_Workspace/05_P0_RECOVERY/evidence/run_metadata/eval-heavy-policy-e1048/run_effective-config.json,bad3a8e78212d690224f77848c88de4c3f9d55f3eae00188ea1beefbd13af14d,f02467f08da63f4f5870f1f77d6b7bbb7d8550261298e588579566651e2f65c8,saved production runtime record; storage path removed only,outputPrefix omitted; JSON formatting only; all remaining values unchanged
config/production/eval-heavy-policy-e1049/run_crn-stream-manifest.json,Research_Workspace/05_P0_RECOVERY/evidence/run_metadata/eval-heavy-policy-e1049/run_crn-stream-manifest.json,b6972a194f821d9c8c2703a7cb4becd30ee5046bde95eeaf28eaa77167479e26,c3f62dae0e5a8368ba12c2dc46eff575f1c74f7ba55951995c092d40ae904bac,saved production runtime record; storage path removed only,public path routing and/or serialization only; no algorithm or numeric change
config/production/eval-heavy-policy-e1049/run_effective-config.json,Research_Workspace/05_P0_RECOVERY/evidence/run_metadata/eval-heavy-policy-e1049/run_effective-config.json,f8e7d9a94643b1d771548c1567bf2d9ec8f0734994e62e01b1e8640dd7ad2d60,efb9542e21e55aa669f8ddee5bed8b0d20dd6add31af460e2e94b184afb4d997,saved production runtime record; storage path removed only,outputPrefix omitted; JSON formatting only; all remaining values unchanged
config/production/eval-heavy-policy-e1050/run_crn-stream-manifest.json,Research_Workspace/05_P0_RECOVERY/evidence/run_metadata/eval-heavy-policy-e1050/run_crn-stream-manifest.json,43f46debb28e9ece4288d130e64c2a1c682de13710cf370cd63d19623519bee9,325f0c4a612b175476d3b2363ab78618390ed6e0be17c361ae831211d05e22c6,saved production runtime record; storage path removed only,public path routing and/or serialization only; no algorithm or numeric change
config/production/eval-heavy-policy-e1050/run_effective-config.json,Research_Workspace/05_P0_RECOVERY/evidence/run_metadata/eval-heavy-policy-e1050/run_effective-config.json,55302ed3d2ae4b3418c89431743151072681ee54202728e026df705188f7b5d0,1d2ec04896fa1d33e205c54858f6349265ad6db2daef0a3acd374349465d40b8,saved production runtime record; storage path removed only,outputPrefix omitted; JSON formatting only; all remaining values unchanged
config/production/eval-heavy-policy-e1051/run_crn-stream-manifest.json,Research_Workspace/05_P0_RECOVERY/evidence/run_metadata/eval-heavy-policy-e1051/run_crn-stream-manifest.json,6be1c0574cb7af7d0428efc1f76c064a92c578f5b9f8c3934eea182a294ed07f,8decd1af52df7e98c58c5653283fafaff6ff43b4e428e4f53224d635f2eb2d84,saved production runtime record; storage path removed only,public path routing and/or serialization only; no algorithm or numeric change
config/production/eval-heavy-policy-e1051/run_effective-config.json,Research_Workspace/05_P0_RECOVERY/evidence/run_metadata/eval-heavy-policy-e1051/run_effective-config.json,3d78813ea2e9090f18344a96f4c5991a23d596d89b95e3bdb29e342e1a912296,9d2a2b9feddd23eb18758cd0abbef804676b6a709d7a6c16d9fdb906cfa29f09,saved production runtime record; storage path removed only,outputPrefix omitted; JSON formatting only; all remaining values unchanged
config/production/eval-heavy-policy-e1052/run_crn-stream-manifest.json,Research_Workspace/05_P0_RECOVERY/evidence/run_metadata/eval-heavy-policy-e1052/run_crn-stream-manifest.json,4b259df8d1eede2b50322aa834f731f17f8706f5f1f5d16cb71aa28e25de6491,316c0dd665eefbcacef8ba9142451beee583a0de99bf29bd7979cdc4406709ca,saved production runtime record; storage path removed only,public path routing and/or serialization only; no algorithm or numeric change
config/production/eval-heavy-policy-e1052/run_effective-config.json,Research_Workspace/05_P0_RECOVERY/evidence/run_metadata/eval-heavy-policy-e1052/run_effective-config.json,980a15cdd036065a26e0354a5df5af4d94a962021de58da425f602136521a29c,b4ba46c34d2a7d80f09c6063437ede9d74bd4d41e81ac4e5ddf971a545008f5a,saved production runtime record; storage path removed only,outputPrefix omitted; JSON formatting only; all remaining values unchanged
config/production/eval-heavy-policy-e1053/run_crn-stream-manifest.json,Research_Workspace/05_P0_RECOVERY/evidence/run_metadata/eval-heavy-policy-e1053/run_crn-stream-manifest.json,14002df94d07355c4323b4e602760af9c5904feb53b16b7aa6f68d374e1110ff,2bb5085fdd1ce4d3400d0d8ce046030b9d7642b378264385b2fc1c49fca2f056,saved production runtime record; storage path removed only,public path routing and/or serialization only; no algorithm or numeric change
config/production/eval-heavy-policy-e1053/run_effective-config.json,Research_Workspace/05_P0_RECOVERY/evidence/run_metadata/eval-heavy-policy-e1053/run_effective-config.json,ef6e96fc6af67725b86eaae8c896315f8acd4a299b7d3e4cc3eeee7300524dc1,042f89bf5632e2a6293d48c755e6f1f210e6cba4a3209573c814801ed8f8a648,saved production runtime record; storage path removed only,outputPrefix omitted; JSON formatting only; all remaining values unchanged
config/production/eval-heavy-policy-e1054/run_crn-stream-manifest.json,Research_Workspace/05_P0_RECOVERY/evidence/run_metadata/eval-heavy-policy-e1054/run_crn-stream-manifest.json,2dd2e57fcbba189856fac3cb0f43203d4176546ef46ef1cbf6af304117eebdf8,8f3bb66b22d9bd009f17a8e0d42a5be03c3632d5c7be941a878c326e536118e0,saved production runtime record; storage path removed only,public path routing and/or serialization only; no algorithm or numeric change
config/production/eval-heavy-policy-e1054/run_effective-config.json,Research_Workspace/05_P0_RECOVERY/evidence/run_metadata/eval-heavy-policy-e1054/run_effective-config.json,d3ac957187e6ea15c585740d8226c07f0ada220992ae2293306ea4a63a7acc7b,fc79f7db233dc2b0b15986d048f784b947f00396f66778167face6857d25bce8,saved production runtime record; storage path removed only,outputPrefix omitted; JSON formatting only; all remaining values unchanged
config/production/eval-heavy-policy-e1055/run_crn-stream-manifest.json,Research_Workspace/05_P0_RECOVERY/evidence/run_metadata/eval-heavy-policy-e1055/run_crn-stream-manifest.json,beef42aaa857d190b45036324e05772020969080251af5f49e3ad4e98dfa641f,fa6a759d2984b639ca9f9c83213706005262e0a8275c2ff95042267587a721cc,saved production runtime record; storage path removed only,public path routing and/or serialization only; no algorithm or numeric change
config/production/eval-heavy-policy-e1055/run_effective-config.json,Research_Workspace/05_P0_RECOVERY/evidence/run_metadata/eval-heavy-policy-e1055/run_effective-config.json,3189d499930af8eec8af74b2a7fa0f9ecbc0699361a6d94a21871fc825df2be5,974755a9a8b4308d73aa0e23bc74709e05b6c25afb001b672ff8beb1c18b5826,saved production runtime record; storage path removed only,outputPrefix omitted; JSON formatting only; all remaining values unchanged
config/production/eval-heavy-policy-e1056/run_crn-stream-manifest.json,Research_Workspace/05_P0_RECOVERY/evidence/run_metadata/eval-heavy-policy-e1056/run_crn-stream-manifest.json,1b0ddc76b9f06f31153993bfa1e045113f822a9467250cd185890223397b1933,e7f41a9c3af1e34f9e54d82845ce579886fae4c3ecbf46e11f6556884d13f506,saved production runtime record; storage path removed only,public path routing and/or serialization only; no algorithm or numeric change
config/production/eval-heavy-policy-e1056/run_effective-config.json,Research_Workspace/05_P0_RECOVERY/evidence/run_metadata/eval-heavy-policy-e1056/run_effective-config.json,94900e3a2dc39db88ab3729dc4b53e55a7aa31caf3652d98ccf194bee8ebcd29,1224795d675f491c6342416243de835562e55981ec4a55c46c1b9ce103adfa88,saved production runtime record; storage path removed only,outputPrefix omitted; JSON formatting only; all remaining values unchanged
config/production/eval-heavy-policy-e1057/run_crn-stream-manifest.json,Research_Workspace/05_P0_RECOVERY/evidence/run_metadata/eval-heavy-policy-e1057/run_crn-stream-manifest.json,b8ade117c52789645f4d98ead579d861d8532e18883f8c3db63005b65dc93ffd,9adffc80967251faf380ccee82925f6e12cb9b7dabaa1fbbe11dfc2a14384a71,saved production runtime record; storage path removed only,public path routing and/or serialization only; no algorithm or numeric change
config/production/eval-heavy-policy-e1057/run_effective-config.json,Research_Workspace/05_P0_RECOVERY/evidence/run_metadata/eval-heavy-policy-e1057/run_effective-config.json,e2b4c57b0f535958e598831bfe34597da79fa9fc8b2052ae73b046d2073c83ea,4643c5621e11c33a07a4d388abc418792458c77aabca94af5ae5f887856b67c9,saved production runtime record; storage path removed only,outputPrefix omitted; JSON formatting only; all remaining values unchanged
config/production/eval-heavy-policy-e1058/run_crn-stream-manifest.json,Research_Workspace/05_P0_RECOVERY/evidence/run_metadata/eval-heavy-policy-e1058/run_crn-stream-manifest.json,9be28de538a8c5d0b9a791df2a5ca171681f46f211e3d82e237a494753b4592d,d29bccbf1f03e87726a4a68d6a651fbb8a9007f44db58cbc7d46c80354f9be5e,saved production runtime record; storage path removed only,public path routing and/or serialization only; no algorithm or numeric change
config/production/eval-heavy-policy-e1058/run_effective-config.json,Research_Workspace/05_P0_RECOVERY/evidence/run_metadata/eval-heavy-policy-e1058/run_effective-config.json,083a9fd9330c4f4c0f0cd9aeb52ec3f2caf16c3a435ef157d3d7399cca508675,e0365b3ac8c77db2076d560f1c1c41ac492967969cf588a661ba7cedeba1a747,saved production runtime record; storage path removed only,outputPrefix omitted; JSON formatting only; all remaining values unchanged
config/production/eval-heavy-policy-e1059/run_crn-stream-manifest.json,Research_Workspace/05_P0_RECOVERY/evidence/run_metadata/eval-heavy-policy-e1059/run_crn-stream-manifest.json,ebdfc37e7bfc1d9cd437fe187f2253dad7421b3cb72fc5088954af7a254beba3,8a14ae08762e32ecc56ca4f8a633c14fe8716e5431edced31d962c622fda0642,saved production runtime record; storage path removed only,public path routing and/or serialization only; no algorithm or numeric change
config/production/eval-heavy-policy-e1059/run_effective-config.json,Research_Workspace/05_P0_RECOVERY/evidence/run_metadata/eval-heavy-policy-e1059/run_effective-config.json,e64bb6d2019529cd6b005242602481cf48189630c70607991e46df116610439b,596b75a9242c1a2ecacbcd5f611b488d1cdd370f48d748884d096834c5385763,saved production runtime record; storage path removed only,outputPrefix omitted; JSON formatting only; all remaining values unchanged
config/production/eval-heavy-policy-e1060/run_crn-stream-manifest.json,Research_Workspace/05_P0_RECOVERY/evidence/run_metadata/eval-heavy-policy-e1060/run_crn-stream-manifest.json,ded9db1a06bacf0fe02190508957bc5ed6e03c2dbd63ead45cff1765cc78e8f0,0ed881e6c59bd158ff616b6d2b3de009eb0112e01300a65c0e577ab5d348b6e3,saved production runtime record; storage path removed only,public path routing and/or serialization only; no algorithm or numeric change
config/production/eval-heavy-policy-e1060/run_effective-config.json,Research_Workspace/05_P0_RECOVERY/evidence/run_metadata/eval-heavy-policy-e1060/run_effective-config.json,056943f1206f12d1800677e6c92f0ef39d24d948e95d48e79828d86f38b56f5f,b9c6377d03e2157ab3a3658424427bf172a3663e468967d5b743aa4fb0c9c24c,saved production runtime record; storage path removed only,outputPrefix omitted; JSON formatting only; all remaining values unchanged
config/production/eval-heavy-policy-e1061/run_crn-stream-manifest.json,Research_Workspace/05_P0_RECOVERY/evidence/run_metadata/eval-heavy-policy-e1061/run_crn-stream-manifest.json,e60c0ebb8fdde91f2c3f80540124626fc1ea3cd7a33885ea67ee99b1a43a2754,09dca8e8e2256a36018dea66ed4c4a3973a03887785a05d9067b229457eef80d,saved production runtime record; storage path removed only,public path routing and/or serialization only; no algorithm or numeric change
config/production/eval-heavy-policy-e1061/run_effective-config.json,Research_Workspace/05_P0_RECOVERY/evidence/run_metadata/eval-heavy-policy-e1061/run_effective-config.json,aee7fbe7e865f1709a077f637cc4f29cd957d09cc507bd724e3ee5006115eb34,71bffe37bd78a535b9b5bd906a08805637157cbdbfc5db228bdff6417d75b3e8,saved production runtime record; storage path removed only,outputPrefix omitted; JSON formatting only; all remaining values unchanged
config/production/eval-heavy-policy-e1062/run_crn-stream-manifest.json,Research_Workspace/05_P0_RECOVERY/evidence/run_metadata/eval-heavy-policy-e1062/run_crn-stream-manifest.json,c8d21c6307817560a3f63ead894ef43508282680c4362542760f210294c888dd,cf1ebd32aa4a4476653c592e81f993a6edd2d23a305cced5674080b346b90548,saved production runtime record; storage path removed only,public path routing and/or serialization only; no algorithm or numeric change
config/production/eval-heavy-policy-e1062/run_effective-config.json,Research_Workspace/05_P0_RECOVERY/evidence/run_metadata/eval-heavy-policy-e1062/run_effective-config.json,81f5a165a09a5189aad3468fd3ca2ab146b77caaca0da9c23bfd262cb609fa67,de2b1030f49c307650c66d103a148d7636046a852fdc2ffb43cc5953f7d0bab4,saved production runtime record; storage path removed only,outputPrefix omitted; JSON formatting only; all remaining values unchanged
config/production/eval-heavy-policy-e1063/run_crn-stream-manifest.json,Research_Workspace/05_P0_RECOVERY/evidence/run_metadata/eval-heavy-policy-e1063/run_crn-stream-manifest.json,e34bb8d75fe12ad0e01fcbdd529f00f2837238f6d04ef47d0796abab706d35b9,1bb65dacfdf64cfaf1015d0e8b7d138cc77e32a4d442b21bf8985e49eb9ebbc2,saved production runtime record; storage path removed only,public path routing and/or serialization only; no algorithm or numeric change
config/production/eval-heavy-policy-e1063/run_effective-config.json,Research_Workspace/05_P0_RECOVERY/evidence/run_metadata/eval-heavy-policy-e1063/run_effective-config.json,8b56ba1ddb8374e618f3087acdf4473ef655940e5cacff0ba14e6541e2e44ec2,a8e57dfe62e7cf4fb36a9fbb00bd5259283332a7437abea1e947fbc017c48a04,saved production runtime record; storage path removed only,outputPrefix omitted; JSON formatting only; all remaining values unchanged
config/production/eval-heavy-policy-e1064/run_crn-stream-manifest.json,Research_Workspace/05_P0_RECOVERY/evidence/run_metadata/eval-heavy-policy-e1064/run_crn-stream-manifest.json,137c9962a46e584f5e4ba77ecb98f2413d6bf510c01a2a12c07cd97b63a69174,4b2f1e5e6271702c9e2bd24d6f46603a3e1f02c42fdc478410a3f52a8a968a1e,saved production runtime record; storage path removed only,public path routing and/or serialization only; no algorithm or numeric change
config/production/eval-heavy-policy-e1064/run_effective-config.json,Research_Workspace/05_P0_RECOVERY/evidence/run_metadata/eval-heavy-policy-e1064/run_effective-config.json,eccc60b0a7f9cd3d9ef404dec80965fc237ce6e2119357c0488cdbc76c2f5996,3378f955747fe154d007d847d42e347fe2a61406ebe39d62bcf601a7fd3eab22,saved production runtime record; storage path removed only,outputPrefix omitted; JSON formatting only; all remaining values unchanged
config/production/eval-heavy-policy-e1065/run_crn-stream-manifest.json,Research_Workspace/05_P0_RECOVERY/evidence/run_metadata/eval-heavy-policy-e1065/run_crn-stream-manifest.json,4a651099a3f64b9afe7c6ddea135817f7116ecb24db8fbbfb85a20ef3bc6f907,abb176ce2336edf047662aa7661510e12f8ba75ab862e6b4f3d33446e528ab4a,saved production runtime record; storage path removed only,public path routing and/or serialization only; no algorithm or numeric change
config/production/eval-heavy-policy-e1065/run_effective-config.json,Research_Workspace/05_P0_RECOVERY/evidence/run_metadata/eval-heavy-policy-e1065/run_effective-config.json,958af5a20284b2539f152cf8c0d8fd7a1040eaa00ae69af23a900f9dd02f3715,dcf2a12f0c072cb06f008fdeae72361d3b8059769a9119003dc0685fdc52db1d,saved production runtime record; storage path removed only,outputPrefix omitted; JSON formatting only; all remaining values unchanged
config/production/eval-heavy-policy-e1066/run_crn-stream-manifest.json,Research_Workspace/05_P0_RECOVERY/evidence/run_metadata/eval-heavy-policy-e1066/run_crn-stream-manifest.json,c11dae7a3de01165b620efee2638f9c8f8b90639237780696f67ac2da73021b8,2dd9cb7e783ff2f8ee05b462386045b6d91c99f48cd954f12bad826bf9ea9b6f,saved production runtime record; storage path removed only,public path routing and/or serialization only; no algorithm or numeric change
config/production/eval-heavy-policy-e1066/run_effective-config.json,Research_Workspace/05_P0_RECOVERY/evidence/run_metadata/eval-heavy-policy-e1066/run_effective-config.json,2a64346d2567d9aeaaaef088de7620a53ac28438aec312bab4861ca5c22793b8,e5c3c38549bf9b75033107d6f2516778898012ba5acbeacbbf21701d66c92077,saved production runtime record; storage path removed only,outputPrefix omitted; JSON formatting only; all remaining values unchanged
config/production/eval-heavy-policy-e1067/run_crn-stream-manifest.json,Research_Workspace/05_P0_RECOVERY/evidence/run_metadata/eval-heavy-policy-e1067/run_crn-stream-manifest.json,93bb3ce7a1da0374b089df98f6c173a6e7be01ce6c9bc556bceaaa2c6cfc81e4,8ea6ecf382ba924dd6656aae351e22bf8633de421af56b365f02cfac0f62e805,saved production runtime record; storage path removed only,public path routing and/or serialization only; no algorithm or numeric change
config/production/eval-heavy-policy-e1067/run_effective-config.json,Research_Workspace/05_P0_RECOVERY/evidence/run_metadata/eval-heavy-policy-e1067/run_effective-config.json,ce6d618df8b14f6df21b4607ed8a21d6230875fcba1990054d440d173cee9aeb,b6e6c6da71c3de91616520d2c624a58195e70a34964245442130faa2082a8982,saved production runtime record; storage path removed only,outputPrefix omitted; JSON formatting only; all remaining values unchanged
config/production/eval-heavy-policy-e1068/run_crn-stream-manifest.json,Research_Workspace/05_P0_RECOVERY/evidence/run_metadata/eval-heavy-policy-e1068/run_crn-stream-manifest.json,5c117f34b385a28c0f942334e8a6a4a1e1d566604662e57c188ee3ef14f0512b,5587e2fc510f4c0a05b8f2c2b5d50d2a97cf2b8661ff9698c635d0f69cf19816,saved production runtime record; storage path removed only,public path routing and/or serialization only; no algorithm or numeric change
config/production/eval-heavy-policy-e1068/run_effective-config.json,Research_Workspace/05_P0_RECOVERY/evidence/run_metadata/eval-heavy-policy-e1068/run_effective-config.json,8eeeaa414a1a4dbc93152ad219d9dd55aec587d2dd45fd78854229b6c10d9ef3,3005d5d190092cd8d888382e6286e5084f8281b4a20fb2063df8623b1c0d0385,saved production runtime record; storage path removed only,outputPrefix omitted; JSON formatting only; all remaining values unchanged
config/production/eval-heavy-policy-e1069/run_crn-stream-manifest.json,Research_Workspace/05_P0_RECOVERY/evidence/run_metadata/eval-heavy-policy-e1069/run_crn-stream-manifest.json,d9a9bb3ca92c9b7c4e0b2774861506bb48b0028f80dc6449e93115082c70ee8e,a845cdfb91e745aa457dae62788ecfb4063b7365de46c85787d7c58c5ce358fd,saved production runtime record; storage path removed only,public path routing and/or serialization only; no algorithm or numeric change
config/production/eval-heavy-policy-e1069/run_effective-config.json,Research_Workspace/05_P0_RECOVERY/evidence/run_metadata/eval-heavy-policy-e1069/run_effective-config.json,f4f2e98321cf45fa18768685102c1f08b1a6ee909842d391657418b818ca121b,b9aab2914d0dcb30cc867d67c446dbdb689e13b8ec8bf9158b753c5f8b5eff34,saved production runtime record; storage path removed only,outputPrefix omitted; JSON formatting only; all remaining values unchanged
config/production/eval-heavy-policy-e1070/run_crn-stream-manifest.json,Research_Workspace/05_P0_RECOVERY/evidence/run_metadata/eval-heavy-policy-e1070/run_crn-stream-manifest.json,10c9677419ed88a9d1cc8700f80dbae179cf1254b98d9de5ec84f49d5d6ec753,2621bb0d466af573ae553034e5324846d7831f875271855e038869bf73d782f9,saved production runtime record; storage path removed only,public path routing and/or serialization only; no algorithm or numeric change
config/production/eval-heavy-policy-e1070/run_effective-config.json,Research_Workspace/05_P0_RECOVERY/evidence/run_metadata/eval-heavy-policy-e1070/run_effective-config.json,9f2ac7d80b2c3f9d95de8a05c8bb9156ba2f5d49023298391e3c6f0370f64b79,5455b19302d0320de494b12cd2cfc3c543ee53ba0c063814a6afbecd31551925,saved production runtime record; storage path removed only,outputPrefix omitted; JSON formatting only; all remaining values unchanged
config/production/eval-heavy-policy-e1071/run_crn-stream-manifest.json,Research_Workspace/05_P0_RECOVERY/evidence/run_metadata/eval-heavy-policy-e1071/run_crn-stream-manifest.json,128782b6f1e4a1346c0caabbad2508e7c6fdb03dd74897521803d5f42363cc70,3c2476ed650025f34c9c8d42974219088d4e5ce7c0b85f5838c6adb84a57c1e6,saved production runtime record; storage path removed only,public path routing and/or serialization only; no algorithm or numeric change
config/production/eval-heavy-policy-e1071/run_effective-config.json,Research_Workspace/05_P0_RECOVERY/evidence/run_metadata/eval-heavy-policy-e1071/run_effective-config.json,21e76c2529ed2937d15d02c4170c1338a8595f5110847f0882fdd45db8aaa789,bc979e4a16c97db91cec3d17a21e5eaa1d9165860a83a2be3def6b8538b9bd22,saved production runtime record; storage path removed only,outputPrefix omitted; JSON formatting only; all remaining values unchanged
config/production/eval-heavy-policy-e1072/run_crn-stream-manifest.json,Research_Workspace/05_P0_RECOVERY/evidence/run_metadata/eval-heavy-policy-e1072/run_crn-stream-manifest.json,6bdd0116906ce400b4ae71322b8ad232eae5c196d61128cb414c82271279f0e0,20d7f796c3000fba02e2f0af77158d52eb5605d15a57dd5265acdae47ef011f6,saved production runtime record; storage path removed only,public path routing and/or serialization only; no algorithm or numeric change
config/production/eval-heavy-policy-e1072/run_effective-config.json,Research_Workspace/05_P0_RECOVERY/evidence/run_metadata/eval-heavy-policy-e1072/run_effective-config.json,cb43bc76bd3407a161c307f02633f59890c44a9e934e90e63c791f1109181f99,a9a34823290e16468e3c7d507a5c07b64fefcc6f5ba6302a39ae7f3f3d412122,saved production runtime record; storage path removed only,outputPrefix omitted; JSON formatting only; all remaining values unchanged
config/production/eval-heavy-policy-e1073/run_crn-stream-manifest.json,Research_Workspace/05_P0_RECOVERY/evidence/run_metadata/eval-heavy-policy-e1073/run_crn-stream-manifest.json,727ed29c915fe6bbe08b65e7850962414ab6f558acc1c8efeed4077f18df574b,12a4e61230c93ad04ba9c05ffd94ea09ed819117faed1c2c6bb7d6afff203ce0,saved production runtime record; storage path removed only,public path routing and/or serialization only; no algorithm or numeric change
config/production/eval-heavy-policy-e1073/run_effective-config.json,Research_Workspace/05_P0_RECOVERY/evidence/run_metadata/eval-heavy-policy-e1073/run_effective-config.json,86224319db89b6259b8b6987220e2ca32c9737ba106ce67d270e0503f036182c,b7ab1454f44bb0a2e75e34392bd85fe417e2fc54a554dbc04dcfa2952ff10920,saved production runtime record; storage path removed only,outputPrefix omitted; JSON formatting only; all remaining values unchanged
config/production/eval-heavy-policy-e1074/run_crn-stream-manifest.json,Research_Workspace/05_P0_RECOVERY/evidence/run_metadata/eval-heavy-policy-e1074/run_crn-stream-manifest.json,4e3955bd45a3d146033d50df346b8aa14846179377cb57cc18c796d6513898b6,d7fcbf21bcaa88756871a4fbf7c1aa3a66f118285f7c9fc8e406dbbb5322026f,saved production runtime record; storage path removed only,public path routing and/or serialization only; no algorithm or numeric change
config/production/eval-heavy-policy-e1074/run_effective-config.json,Research_Workspace/05_P0_RECOVERY/evidence/run_metadata/eval-heavy-policy-e1074/run_effective-config.json,deef8ddc42b4b7db87e10326f0e469f057014a630d7bc4fdc55d5ef7c7774528,48f08e83638432bed16173e4594566f076937cf2c39493d1f9de2023e68a1e31,saved production runtime record; storage path removed only,outputPrefix omitted; JSON formatting only; all remaining values unchanged
config/production/eval-heavy-policy-e1075/run_crn-stream-manifest.json,Research_Workspace/05_P0_RECOVERY/evidence/run_metadata/eval-heavy-policy-e1075/run_crn-stream-manifest.json,e42af2cc6d10dbb3e0ede6aca6a1399fa148b15fc054a8c9c54bdb49203b2860,a165b22a1d78f680377765ba463d81b822ab28bb7b75a7274fb77a597728e06e,saved production runtime record; storage path removed only,public path routing and/or serialization only; no algorithm or numeric change
config/production/eval-heavy-policy-e1075/run_effective-config.json,Research_Workspace/05_P0_RECOVERY/evidence/run_metadata/eval-heavy-policy-e1075/run_effective-config.json,aa630cf328c474ab886b6fb09963ed459a2d0632ee9b896bb5254ef595e0b2a9,bd93917b2dcb5716e5a45934803b4c35ba8aa340508802fed38b8c5df032da21,saved production runtime record; storage path removed only,outputPrefix omitted; JSON formatting only; all remaining values unchanged
config/production/eval-heavy-policy-e1076/run_crn-stream-manifest.json,Research_Workspace/05_P0_RECOVERY/evidence/run_metadata/eval-heavy-policy-e1076/run_crn-stream-manifest.json,99081c9f7be88a81066dcc0d9c0b3bc2bd9b27388797e5af4201dcfb548b4085,0b11dea01809352dd57af8cdd7ed3ee117ecacde98afc4725075ca6359432955,saved production runtime record; storage path removed only,public path routing and/or serialization only; no algorithm or numeric change
config/production/eval-heavy-policy-e1076/run_effective-config.json,Research_Workspace/05_P0_RECOVERY/evidence/run_metadata/eval-heavy-policy-e1076/run_effective-config.json,652cb206d29d9722a0daeb907640cc631f5d0b90767b2664584d823cf0e4a39e,79c14a069829d76b6e92b397103bb7046679a0e67c3b9cf9ca8041e6029c9797,saved production runtime record; storage path removed only,outputPrefix omitted; JSON formatting only; all remaining values unchanged
config/production/eval-heavy-policy-e1077/run_crn-stream-manifest.json,Research_Workspace/05_P0_RECOVERY/evidence/run_metadata/eval-heavy-policy-e1077/run_crn-stream-manifest.json,208f2fda231fb5422c1485f5c01f0c02fa0a3b17eac0e1c359e987e93312e1ce,3b4af6393a92e290964d78f19d5b1167cf999fe77da0c4dce591fb00c0960d3c,saved production runtime record; storage path removed only,public path routing and/or serialization only; no algorithm or numeric change
config/production/eval-heavy-policy-e1077/run_effective-config.json,Research_Workspace/05_P0_RECOVERY/evidence/run_metadata/eval-heavy-policy-e1077/run_effective-config.json,a279e2b2f998551cb22de79695dfb7d25fecf357625ae404b28b37cb8e128fb3,b4a30836bfce219d561c49f8d89d94a0e2b36c800dc4426c0140d2cf906a5542,saved production runtime record; storage path removed only,outputPrefix omitted; JSON formatting only; all remaining values unchanged
config/production/eval-heavy-policy-e1078/run_crn-stream-manifest.json,Research_Workspace/05_P0_RECOVERY/evidence/run_metadata/eval-heavy-policy-e1078/run_crn-stream-manifest.json,a124bc6b29ca488c94c755edba3c465410bcd41b2deec8fce8b849e9b7aed8ff,cc380b5c383f78f407afdeee3c1c5cc43b3fe99cad4ee0c3addc6c5b33cb0635,saved production runtime record; storage path removed only,public path routing and/or serialization only; no algorithm or numeric change
config/production/eval-heavy-policy-e1078/run_effective-config.json,Research_Workspace/05_P0_RECOVERY/evidence/run_metadata/eval-heavy-policy-e1078/run_effective-config.json,fc1aa963b5c48255f2ca5ba90909e91936eace5892101123fd16091a4d8a5ee2,26e41fe6fb9072d03d09a62cffc7bc9bf2b33e3506a9324b6cbf3e9aa0ff9474,saved production runtime record; storage path removed only,outputPrefix omitted; JSON formatting only; all remaining values unchanged
config/production/eval-heavy-policy-e1079/run_crn-stream-manifest.json,Research_Workspace/05_P0_RECOVERY/evidence/run_metadata/eval-heavy-policy-e1079/run_crn-stream-manifest.json,d05aa15be1236f098f6c8b4bc7a1358ae15776c0017faa40a0b6ef95d7068f3e,c9d455d3f9eecac6c3218dc8c053bc1b9484be827f5fba087e6ccc69e8c4b4c0,saved production runtime record; storage path removed only,public path routing and/or serialization only; no algorithm or numeric change
config/production/eval-heavy-policy-e1079/run_effective-config.json,Research_Workspace/05_P0_RECOVERY/evidence/run_metadata/eval-heavy-policy-e1079/run_effective-config.json,5e9b95e515785ff59e116b6bb21805e6d8c59b1ee93d320266800363ed717f17,3b66d8be14bd80bf5c8fff2eaeadbb4a536deb71808a3d554e12ab043074cdef,saved production runtime record; storage path removed only,outputPrefix omitted; JSON formatting only; all remaining values unchanged
config/production/eval-heavy-policy-e1080/run_crn-stream-manifest.json,Research_Workspace/05_P0_RECOVERY/evidence/run_metadata/eval-heavy-policy-e1080/run_crn-stream-manifest.json,4cb4a432673cf424eaa0fc3efa08892bb8856f5128daa8090fdd27d09271ebed,88f1fc30ef761ae681b1ad0042ace558e01fb2d177c25d6249ae3bc864fe9402,saved production runtime record; storage path removed only,public path routing and/or serialization only; no algorithm or numeric change
config/production/eval-heavy-policy-e1080/run_effective-config.json,Research_Workspace/05_P0_RECOVERY/evidence/run_metadata/eval-heavy-policy-e1080/run_effective-config.json,7f782dc085e525ac9a9680871d452b43765f715e0d8ee206df3a87824cb1a293,9db8854c01244ec22aff0b7b9d4131c1463d8b717839c58f2d4c6fd005093192,saved production runtime record; storage path removed only,outputPrefix omitted; JSON formatting only; all remaining values unchanged
config/production/eval-heavy-policy-e1081/run_crn-stream-manifest.json,Research_Workspace/05_P0_RECOVERY/evidence/run_metadata/eval-heavy-policy-e1081/run_crn-stream-manifest.json,6a1fe93d3a24957190cbb2a3461fc0cc228803143603e6edfaedff6d79504a4b,d8ac46bd6fd91f2f8d7bc27a898417a7d97b97bbad81ec8ee967b84cbc227fb9,saved production runtime record; storage path removed only,public path routing and/or serialization only; no algorithm or numeric change
config/production/eval-heavy-policy-e1081/run_effective-config.json,Research_Workspace/05_P0_RECOVERY/evidence/run_metadata/eval-heavy-policy-e1081/run_effective-config.json,cefb5a99bbad661587e1ca56f7cdb12843a6e8bbc2a8a9f613b93d5cf40f669d,c3db665a850be67d3e1c02ab7ab9bd2fbbca4d8606dd948dc762ec7945736feb,saved production runtime record; storage path removed only,outputPrefix omitted; JSON formatting only; all remaining values unchanged
config/production/eval-heavy-policy-e1082/run_crn-stream-manifest.json,Research_Workspace/05_P0_RECOVERY/evidence/run_metadata/eval-heavy-policy-e1082/run_crn-stream-manifest.json,403e69090d1cbaaba5c0983263d72c7a7c87f25eda1b66f8e5a5198a3a7975a9,89e80c23a0f737dd8ecf5991c14473fd64e4ff050957afd88dcf531518d894a3,saved production runtime record; storage path removed only,public path routing and/or serialization only; no algorithm or numeric change
config/production/eval-heavy-policy-e1082/run_effective-config.json,Research_Workspace/05_P0_RECOVERY/evidence/run_metadata/eval-heavy-policy-e1082/run_effective-config.json,1ad666a2778a5488107f3a05f78f91170c5a5f4e649ce1742f06e3c77dbf3606,e25d3c0c538c6664c5817d7b584627c1cd0b91d0287dd2c901da80e92de46d51,saved production runtime record; storage path removed only,outputPrefix omitted; JSON formatting only; all remaining values unchanged
config/production/eval-heavy-policy-e1083/run_crn-stream-manifest.json,Research_Workspace/05_P0_RECOVERY/evidence/run_metadata/eval-heavy-policy-e1083/run_crn-stream-manifest.json,7ea1ddb0e104570ef6122dd2535b8887ff0a7f1199555866ac483630fbbec98a,8dc8a6609ad91eda005192f74a2fb640fbeb628114f40cd0171f996df51aad0a,saved production runtime record; storage path removed only,public path routing and/or serialization only; no algorithm or numeric change
config/production/eval-heavy-policy-e1083/run_effective-config.json,Research_Workspace/05_P0_RECOVERY/evidence/run_metadata/eval-heavy-policy-e1083/run_effective-config.json,5e07f50668496f08490230449ea1cc7d25ce19779b88e4a9c41bd90f6a6838d4,385eee1b742d6e12b93d3841c4e4967aca0b928ae436d9d7c6f1f2de44c44c9c,saved production runtime record; storage path removed only,outputPrefix omitted; JSON formatting only; all remaining values unchanged
config/production/eval-heavy-policy-e1084/run_crn-stream-manifest.json,Research_Workspace/05_P0_RECOVERY/evidence/run_metadata/eval-heavy-policy-e1084/run_crn-stream-manifest.json,e7c1b65ce78dbf43f0c83e4a5e984ba695bd3b8ca26a75f8b33edce6e1ebdf0f,6e4237534629f62a0a7f56588677cc296c77845a393aa5d7bef8d8e0bf1beac2,saved production runtime record; storage path removed only,public path routing and/or serialization only; no algorithm or numeric change
config/production/eval-heavy-policy-e1084/run_effective-config.json,Research_Workspace/05_P0_RECOVERY/evidence/run_metadata/eval-heavy-policy-e1084/run_effective-config.json,0f33f5324130347eb956eb36690ce8c48c0951b1422f2a32ca7dcd733fb4d299,bd1d7fffd2fe5181a6b007866f647d7156e4fa137febef69c3bc0f3071cf1db9,saved production runtime record; storage path removed only,outputPrefix omitted; JSON formatting only; all remaining values unchanged
config/production/eval-heavy-policy-e1085/run_crn-stream-manifest.json,Research_Workspace/05_P0_RECOVERY/evidence/run_metadata/eval-heavy-policy-e1085/run_crn-stream-manifest.json,d8220e1ed4177328b2ab7e359278ce9a6f3b7dc880b139bdeff230f66960c6e1,d2cdb75d236780d25c136fcf0881d8731e82bf68e06e6066e73ad7a817079606,saved production runtime record; storage path removed only,public path routing and/or serialization only; no algorithm or numeric change
config/production/eval-heavy-policy-e1085/run_effective-config.json,Research_Workspace/05_P0_RECOVERY/evidence/run_metadata/eval-heavy-policy-e1085/run_effective-config.json,0ceb25b31daa22c15bf92a596e4e0add28cdac6f86ddd9acff5071bfe53ab915,471ff2f804e21de04f2b01faf1185276138da9c2d03df8ab9f44cf846d71dcd0,saved production runtime record; storage path removed only,outputPrefix omitted; JSON formatting only; all remaining values unchanged
config/production/eval-heavy-policy-e1086/run_crn-stream-manifest.json,Research_Workspace/05_P0_RECOVERY/evidence/run_metadata/eval-heavy-policy-e1086/run_crn-stream-manifest.json,789f954baa6030fca0d7211854adff9fb54e9d4fa0a347ca8d8aefae4c406539,3770c73146c9f79fc3aee1c355db819a9fbad6aca8bd6f9c6457223119001328,saved production runtime record; storage path removed only,public path routing and/or serialization only; no algorithm or numeric change
config/production/eval-heavy-policy-e1086/run_effective-config.json,Research_Workspace/05_P0_RECOVERY/evidence/run_metadata/eval-heavy-policy-e1086/run_effective-config.json,55573fe3e097b30ee0b7415db4d4f705adbfe7816221aefc582049e125501d3c,a737c8a730c96394b2d5fb21c13357353b44fd50a256081b1e8bf49650a0c79d,saved production runtime record; storage path removed only,outputPrefix omitted; JSON formatting only; all remaining values unchanged
config/production/eval-heavy-policy-e1087/run_crn-stream-manifest.json,Research_Workspace/05_P0_RECOVERY/evidence/run_metadata/eval-heavy-policy-e1087/run_crn-stream-manifest.json,a6e2ae332fcee6d983ce654c37201575e963b8d8eb787e5c5186f33792e271dc,d20860c931742529e8664adab07b32b16b16459fd9ef6152efed4f5765b1aab8,saved production runtime record; storage path removed only,public path routing and/or serialization only; no algorithm or numeric change
config/production/eval-heavy-policy-e1087/run_effective-config.json,Research_Workspace/05_P0_RECOVERY/evidence/run_metadata/eval-heavy-policy-e1087/run_effective-config.json,5935171312fa2e7efd478eac45e9fd24004ea1f476c52aa23be4da0da92c74f0,d492c5f6a4170df8b170224a109b443842e983e4c71ab1ad3e3ac0dd72b33bd0,saved production runtime record; storage path removed only,outputPrefix omitted; JSON formatting only; all remaining values unchanged
config/production/eval-heavy-policy-e1088/run_crn-stream-manifest.json,Research_Workspace/05_P0_RECOVERY/evidence/run_metadata/eval-heavy-policy-e1088/run_crn-stream-manifest.json,3b7ce73bbe42e2ecbb87fb056cec4f825dc288e70d4082b1e5699bf1b500b8a2,e0b5cb2f031bba330308fb618acf6e0ea553a2292e3444dad19660be77380c51,saved production runtime record; storage path removed only,public path routing and/or serialization only; no algorithm or numeric change
config/production/eval-heavy-policy-e1088/run_effective-config.json,Research_Workspace/05_P0_RECOVERY/evidence/run_metadata/eval-heavy-policy-e1088/run_effective-config.json,f006883b76239c7cdfb8a8977328030890a7e4760d36c8decedb85c2291fa38f,99940cfb103d6198e9aa925c29831fcc8b6b55d00352af3b43b8851013904b45,saved production runtime record; storage path removed only,outputPrefix omitted; JSON formatting only; all remaining values unchanged
config/production/eval-low-fifo-e1001/run_crn-stream-manifest.json,Research_Workspace/05_P0_RECOVERY/evidence/run_metadata/eval-low-fifo-e1001/run_crn-stream-manifest.json,48c282be26ea2b70fe60349bf8e357b5e78ea23f8208c4dff385161c46919e39,06a845d51b0ae18e7a4fa7d0f9d7f1b127db308bc783b036dc1a235278c7b81d,saved production runtime record; storage path removed only,public path routing and/or serialization only; no algorithm or numeric change
config/production/eval-low-fifo-e1001/run_effective-config.json,Research_Workspace/05_P0_RECOVERY/evidence/run_metadata/eval-low-fifo-e1001/run_effective-config.json,72d8743f4f7748b8ed9e891eafbdee82010ff1b3bc66928e49a198df7c054eb9,b13feab0b15338705dc20fe8d85bf5940f792abc616004ef8ba661ddf30d0fb7,saved production runtime record; storage path removed only,outputPrefix omitted; JSON formatting only; all remaining values unchanged
config/production/eval-low-fifo-e1002/run_crn-stream-manifest.json,Research_Workspace/05_P0_RECOVERY/evidence/run_metadata/eval-low-fifo-e1002/run_crn-stream-manifest.json,18f4b3b9e11fa5a14875b8ece9bd7d842a9b6e634ff2ff66bb784fa90415aad5,f46e5bfa40fd099d5b0af4b5a66ed3ce171af088c0029a364ca045097df61895,saved production runtime record; storage path removed only,public path routing and/or serialization only; no algorithm or numeric change
config/production/eval-low-fifo-e1002/run_effective-config.json,Research_Workspace/05_P0_RECOVERY/evidence/run_metadata/eval-low-fifo-e1002/run_effective-config.json,c82ac388347fcd54a193941822cba732d243f09bed84891b0c6e08653e59cb94,d1126d46cfdbe044163a4a62b67e59da90bb15d0358eb5bbe486efbd4afbd6e2,saved production runtime record; storage path removed only,outputPrefix omitted; JSON formatting only; all remaining values unchanged
config/production/eval-low-fifo-e1003/run_crn-stream-manifest.json,Research_Workspace/05_P0_RECOVERY/evidence/run_metadata/eval-low-fifo-e1003/run_crn-stream-manifest.json,ff8ae243e81de56467d901450839a49cc1dcd2a6699dc9614c4db3c1dec6a34b,e863ebd8711ff01a12e11e1c9126480593aab1ff95208c87f02cdc86fc9545db,saved production runtime record; storage path removed only,public path routing and/or serialization only; no algorithm or numeric change
config/production/eval-low-fifo-e1003/run_effective-config.json,Research_Workspace/05_P0_RECOVERY/evidence/run_metadata/eval-low-fifo-e1003/run_effective-config.json,92ff8680cd89a34834edc068c4fd324fb5aa1b2aa269c62a20b91cc3ee39bc4c,ff9788ee06bb7a3089a60cc5c28a90a32e11a999d1dc28613fe1341267250b6f,saved production runtime record; storage path removed only,outputPrefix omitted; JSON formatting only; all remaining values unchanged
config/production/eval-low-fifo-e1004/run_crn-stream-manifest.json,Research_Workspace/05_P0_RECOVERY/evidence/run_metadata/eval-low-fifo-e1004/run_crn-stream-manifest.json,8981404aacc1f2fff4143b0ed2d233280228d1e2e112cd413df549cb2a01f94b,4305f640292d184d18e895bb8346b9f4f493953689703d7c003761d9a578be59,saved production runtime record; storage path removed only,public path routing and/or serialization only; no algorithm or numeric change
config/production/eval-low-fifo-e1004/run_effective-config.json,Research_Workspace/05_P0_RECOVERY/evidence/run_metadata/eval-low-fifo-e1004/run_effective-config.json,6d401dcf4818ae63be2fdd8dd4b362f26483a2e317d3fa4b2867d49ab282d120,7c7c36346e8fae99467ecb3410a44d63dc1406be126f16f6f41e7b7fe6ef0c05,saved production runtime record; storage path removed only,outputPrefix omitted; JSON formatting only; all remaining values unchanged
config/production/eval-low-fifo-e1005/run_crn-stream-manifest.json,Research_Workspace/05_P0_RECOVERY/evidence/run_metadata/eval-low-fifo-e1005/run_crn-stream-manifest.json,89895982e3816962d15418249ed19ea87c1f2c109f69649bed176ddf8d06c7b1,b90eb5e2303721a18110bbb8483f5686bc509627c34c139d5bd061bd0e1782d6,saved production runtime record; storage path removed only,public path routing and/or serialization only; no algorithm or numeric change
config/production/eval-low-fifo-e1005/run_effective-config.json,Research_Workspace/05_P0_RECOVERY/evidence/run_metadata/eval-low-fifo-e1005/run_effective-config.json,6e173f5cf6f5561dd0b1aeb85cc4fb1498664c87e98dc7854e1d10aee0079bf2,a2a2b4c7cd65d313c2ff6cdea17bbcc98c893dcb0c57bfe19bc671d0afe654fb,saved production runtime record; storage path removed only,outputPrefix omitted; JSON formatting only; all remaining values unchanged
config/production/eval-low-fifo-e1006/run_crn-stream-manifest.json,Research_Workspace/05_P0_RECOVERY/evidence/run_metadata/eval-low-fifo-e1006/run_crn-stream-manifest.json,aca53411f92a610dbf83ec1bcec59eb525c81960409160fd564096810de394de,93dcb1472bececb741c90455b89815fb7ae18c1286fdb70fce6c5e67b1dfc8fb,saved production runtime record; storage path removed only,public path routing and/or serialization only; no algorithm or numeric change
config/production/eval-low-fifo-e1006/run_effective-config.json,Research_Workspace/05_P0_RECOVERY/evidence/run_metadata/eval-low-fifo-e1006/run_effective-config.json,3e1582bb0257780dce9b2cd50695b252f30d576efcd702a13bccb63074038541,7bcff20d8505db2ce8ebee436b336f232358524d5e8fa491bad450d4469365c6,saved production runtime record; storage path removed only,outputPrefix omitted; JSON formatting only; all remaining values unchanged
config/production/eval-low-fifo-e1007/run_crn-stream-manifest.json,Research_Workspace/05_P0_RECOVERY/evidence/run_metadata/eval-low-fifo-e1007/run_crn-stream-manifest.json,5e26e2fc1214f3012e88b7e4462c1f2ef19ec70212b24d742514ceba80f7d189,90dc6c81f6169b569f3358cd4f24fe1a62c7cea25eacb1084d4754db7c049542,saved production runtime record; storage path removed only,public path routing and/or serialization only; no algorithm or numeric change
config/production/eval-low-fifo-e1007/run_effective-config.json,Research_Workspace/05_P0_RECOVERY/evidence/run_metadata/eval-low-fifo-e1007/run_effective-config.json,2a2301f7ec7bcd7938221cfbe25659f3989a3ff1da8e2b679234396dbc67cd03,282fa762930d52e98a07e1607954f3d2da247b89e6f74280f83940464d46c21c,saved production runtime record; storage path removed only,outputPrefix omitted; JSON formatting only; all remaining values unchanged
config/production/eval-low-fifo-e1008/run_crn-stream-manifest.json,Research_Workspace/05_P0_RECOVERY/evidence/run_metadata/eval-low-fifo-e1008/run_crn-stream-manifest.json,ca89250e237c40ff838591612177ba29047f5b388993b8ada6a091c079fbaaa9,bf099660fcaac0bcce478c406e3c8c875384e12f691ac58d3dcd79e78c25eacc,saved production runtime record; storage path removed only,public path routing and/or serialization only; no algorithm or numeric change
config/production/eval-low-fifo-e1008/run_effective-config.json,Research_Workspace/05_P0_RECOVERY/evidence/run_metadata/eval-low-fifo-e1008/run_effective-config.json,df62a1ebe26b9477b253cf576ad3f4927133634c4a6e3991555899b4ec037f94,e7002fee83aee1ed145bcf9d6566ad5ddb694ce4f2e9b273f61380345b0097a4,saved production runtime record; storage path removed only,outputPrefix omitted; JSON formatting only; all remaining values unchanged
config/production/eval-low-fifo-e1009/run_crn-stream-manifest.json,Research_Workspace/05_P0_RECOVERY/evidence/run_metadata/eval-low-fifo-e1009/run_crn-stream-manifest.json,a46cb0e1e70ea43e142940ad3d7565e861aa021c13502cdd548adde05ce3e40b,1d53f14b8ccc035e7e1fbaee0fab619753fb410e0fdfe144d5b8eb31e1dbf82b,saved production runtime record; storage path removed only,public path routing and/or serialization only; no algorithm or numeric change
config/production/eval-low-fifo-e1009/run_effective-config.json,Research_Workspace/05_P0_RECOVERY/evidence/run_metadata/eval-low-fifo-e1009/run_effective-config.json,1e2b0c2589486050862b5543cf65cd4a993c1a3e8fa43986a5b5254cb357c5ec,9b989c83ea2b83741eff0eb8eded71fa5a6b7c2fb946403c1985e0c5bb389836,saved production runtime record; storage path removed only,outputPrefix omitted; JSON formatting only; all remaining values unchanged
config/production/eval-low-fifo-e1010/run_crn-stream-manifest.json,Research_Workspace/05_P0_RECOVERY/evidence/run_metadata/eval-low-fifo-e1010/run_crn-stream-manifest.json,4543a0ba65c75da260d4c247a4bb5c726150f42a302f6fb9d74e660200339d2e,9badd8ce0931cc336d8f7cf47674e57abd9eaef8b7117841f1afbc011eb65670,saved production runtime record; storage path removed only,public path routing and/or serialization only; no algorithm or numeric change
config/production/eval-low-fifo-e1010/run_effective-config.json,Research_Workspace/05_P0_RECOVERY/evidence/run_metadata/eval-low-fifo-e1010/run_effective-config.json,da484f5a00d8bfb97977beb0e1ae02729d598f37a5c1783730fb5692a5825e06,60062ee38661bde1fea98d4fa944bc8a6d051812435dbf54a182deb3a8647cff,saved production runtime record; storage path removed only,outputPrefix omitted; JSON formatting only; all remaining values unchanged
config/production/eval-low-fifo-e1011/run_crn-stream-manifest.json,Research_Workspace/05_P0_RECOVERY/evidence/run_metadata/eval-low-fifo-e1011/run_crn-stream-manifest.json,15d320a24a7530528c0c9b88f60fb07697eee432c80ba8d8c8d6c45bd349a43b,39c58e7946f94ae80130d6e9fbddf459038b6cb7242c43c06b2861769ed8ffc0,saved production runtime record; storage path removed only,public path routing and/or serialization only; no algorithm or numeric change
config/production/eval-low-fifo-e1011/run_effective-config.json,Research_Workspace/05_P0_RECOVERY/evidence/run_metadata/eval-low-fifo-e1011/run_effective-config.json,f21f49dd93635d142e28d3b75cd53287b64eb4067e6f253d285374dbdde0d550,ca5244fee22aadcfffa45c3554df8f7700b9005e17ec38b6ad633fa4b185da5a,saved production runtime record; storage path removed only,outputPrefix omitted; JSON formatting only; all remaining values unchanged
config/production/eval-low-fifo-e1012/run_crn-stream-manifest.json,Research_Workspace/05_P0_RECOVERY/evidence/run_metadata/eval-low-fifo-e1012/run_crn-stream-manifest.json,3e895bb82c218091cbe8f2cdbcc66415394ffaf48d16f55ec941014bb55cdbe4,692b41d809e6902e8e40c7bbbc39fc218a7caaeef40735e2464ecc2268f6b6fc,saved production runtime record; storage path removed only,public path routing and/or serialization only; no algorithm or numeric change
config/production/eval-low-fifo-e1012/run_effective-config.json,Research_Workspace/05_P0_RECOVERY/evidence/run_metadata/eval-low-fifo-e1012/run_effective-config.json,7ba2aa252ffd6a16babaa0ef6af82a9eee63e3d77051db561fe201d823c71748,d2b8c7553ec1e95acc7440a3da5e1583da4e6ee415fa1661cc22f2f937bc7a11,saved production runtime record; storage path removed only,outputPrefix omitted; JSON formatting only; all remaining values unchanged
config/production/eval-low-fifo-e1013/run_crn-stream-manifest.json,Research_Workspace/05_P0_RECOVERY/evidence/run_metadata/eval-low-fifo-e1013/run_crn-stream-manifest.json,4f18801535e40cf1531fc4c4ff15d27a66277743a345548b81af3fa64c0a8048,8b6afdaff1d75587c0399aac4e75112eb9634809a8dddfb47456100c3223d889,saved production runtime record; storage path removed only,public path routing and/or serialization only; no algorithm or numeric change
config/production/eval-low-fifo-e1013/run_effective-config.json,Research_Workspace/05_P0_RECOVERY/evidence/run_metadata/eval-low-fifo-e1013/run_effective-config.json,66b57088f433cf59bafb20e5fed431479fc2c6bd7cd44d1be25ef6fc5354a81c,f589240cdd10bd959ab9bc1430e57f71d7faca7837a7bd45b5ecdd25ef24403c,saved production runtime record; storage path removed only,outputPrefix omitted; JSON formatting only; all remaining values unchanged
config/production/eval-low-fifo-e1014/run_crn-stream-manifest.json,Research_Workspace/05_P0_RECOVERY/evidence/run_metadata/eval-low-fifo-e1014/run_crn-stream-manifest.json,7c89c28fa50a03a24478b21a5b1459720c00a03958f3e86d411887973a386b6c,c99e9397c66d6395d9ae9bab77ca35d10a3db09643f5d6b66d8f93d17c356a47,saved production runtime record; storage path removed only,public path routing and/or serialization only; no algorithm or numeric change
config/production/eval-low-fifo-e1014/run_effective-config.json,Research_Workspace/05_P0_RECOVERY/evidence/run_metadata/eval-low-fifo-e1014/run_effective-config.json,35be002336d61e1949b08d742d9f00d9d6503cda88f3006ddb0d76eebbd82505,54d988c8b56f7c28556cd08db14aa5f89ffcec7602c90574b7d7fb3a5c6deab7,saved production runtime record; storage path removed only,outputPrefix omitted; JSON formatting only; all remaining values unchanged
config/production/eval-low-fifo-e1015/run_crn-stream-manifest.json,Research_Workspace/05_P0_RECOVERY/evidence/run_metadata/eval-low-fifo-e1015/run_crn-stream-manifest.json,3d8712fc2a9c0d38b0e283d4b7694755d3e66e89e4acadbca160d37bc3fd4d7c,6912d6a49947875445b6dcc2fea4a52338b75acf04ea45b8db59636bd7532137,saved production runtime record; storage path removed only,public path routing and/or serialization only; no algorithm or numeric change
config/production/eval-low-fifo-e1015/run_effective-config.json,Research_Workspace/05_P0_RECOVERY/evidence/run_metadata/eval-low-fifo-e1015/run_effective-config.json,43f63688e8b282436af4c643eae2334793180902311c6c78bdf0ffd8e75a760e,2fa16edb096a7ef424e0ea8c78fb637ea7871492de908c7a6b5f2fce9c78dd2c,saved production runtime record; storage path removed only,outputPrefix omitted; JSON formatting only; all remaining values unchanged
config/production/eval-low-fifo-e1016/run_crn-stream-manifest.json,Research_Workspace/05_P0_RECOVERY/evidence/run_metadata/eval-low-fifo-e1016/run_crn-stream-manifest.json,ca4441592fa48d615d8d6ba0cf65a79b29b4eba3394d82012251653529963b86,75f9e00079340b0663e05e309514c2f07c92b88676eb22110412cbf2e7d4a98d,saved production runtime record; storage path removed only,public path routing and/or serialization only; no algorithm or numeric change
config/production/eval-low-fifo-e1016/run_effective-config.json,Research_Workspace/05_P0_RECOVERY/evidence/run_metadata/eval-low-fifo-e1016/run_effective-config.json,a762a5562b603703b744a6fe0fd3056b6947d8e6ff789346659ad7384e79fbba,cdef77d3c68c82369cde4582eb8e69661457ffc2165234e128cad349785c37c4,saved production runtime record; storage path removed only,outputPrefix omitted; JSON formatting only; all remaining values unchanged
config/production/eval-low-fifo-e1017/run_crn-stream-manifest.json,Research_Workspace/05_P0_RECOVERY/evidence/run_metadata/eval-low-fifo-e1017/run_crn-stream-manifest.json,bb4fb606e8ad0444a045f2e480b535acab8904913f94c5cec4946014f40c661c,5498f670f28303a7c5098f05533368325f69b06f5d77f1050275cfa2a66687aa,saved production runtime record; storage path removed only,public path routing and/or serialization only; no algorithm or numeric change
config/production/eval-low-fifo-e1017/run_effective-config.json,Research_Workspace/05_P0_RECOVERY/evidence/run_metadata/eval-low-fifo-e1017/run_effective-config.json,7cc48ea12b94679ff5d89058680a4bdad026d7aac178b5496c613fb262e8af0a,893553034cd1d0c0dbce5c1a6761e0b71842ae7a45fdcb2c54821fd4f6fd0318,saved production runtime record; storage path removed only,outputPrefix omitted; JSON formatting only; all remaining values unchanged
config/production/eval-low-fifo-e1018/run_crn-stream-manifest.json,Research_Workspace/05_P0_RECOVERY/evidence/run_metadata/eval-low-fifo-e1018/run_crn-stream-manifest.json,1c4461cff48377f2f40121e71216a56146e08432eabff91860949add398edcd5,a10ce06382d0b59a5d9ba0701fd19dcba60354f9b5659a7485ff739edfe5d08b,saved production runtime record; storage path removed only,public path routing and/or serialization only; no algorithm or numeric change
config/production/eval-low-fifo-e1018/run_effective-config.json,Research_Workspace/05_P0_RECOVERY/evidence/run_metadata/eval-low-fifo-e1018/run_effective-config.json,0bfe0d5768b2e399807dbbf1a52b0cff740086ea1c2d2b0cfe29b446954d0a30,2d7fba43220f4ded16efcb8eede257faac4e0f52c734ef3cafc2497a459e7e00,saved production runtime record; storage path removed only,outputPrefix omitted; JSON formatting only; all remaining values unchanged
config/production/eval-low-fifo-e1019/run_crn-stream-manifest.json,Research_Workspace/05_P0_RECOVERY/evidence/run_metadata/eval-low-fifo-e1019/run_crn-stream-manifest.json,b412bec4921d8719c44cf8fd85f1a44b37d29facec7d708d7b367a02ba959977,aae7cdd2062897c29fdb7bb8733c87ec3b29888713affce83ed0de2ed21ab824,saved production runtime record; storage path removed only,public path routing and/or serialization only; no algorithm or numeric change
config/production/eval-low-fifo-e1019/run_effective-config.json,Research_Workspace/05_P0_RECOVERY/evidence/run_metadata/eval-low-fifo-e1019/run_effective-config.json,722ce0be2e0511cdfe4578ee177a398f5425720e5a74bd70d367b7200fec3aa6,6268111513003f835902c2fc4abb70fcd65f03b0422c867b321c081b925e58c7,saved production runtime record; storage path removed only,outputPrefix omitted; JSON formatting only; all remaining values unchanged
config/production/eval-low-fifo-e1020/run_crn-stream-manifest.json,Research_Workspace/05_P0_RECOVERY/evidence/run_metadata/eval-low-fifo-e1020/run_crn-stream-manifest.json,c970659d13825b556f9ba136ca61e4950d9e9be532acc7e5b765d6abb32783dc,bd3f5cfdd250d855b3dc2a9b9c68fd5b4466ae1dbbc616852be218c7add8552e,saved production runtime record; storage path removed only,public path routing and/or serialization only; no algorithm or numeric change
config/production/eval-low-fifo-e1020/run_effective-config.json,Research_Workspace/05_P0_RECOVERY/evidence/run_metadata/eval-low-fifo-e1020/run_effective-config.json,25cbf09fec37384121a5ecfc916255acb55d820a2a4248f338828de7e98c15d4,6d10c36dc6d12594bf7fe276198632f9ce415117f6a1d10241fd71bfa7414bc9,saved production runtime record; storage path removed only,outputPrefix omitted; JSON formatting only; all remaining values unchanged
config/production/eval-low-fifo-e1021/run_crn-stream-manifest.json,Research_Workspace/05_P0_RECOVERY/evidence/run_metadata/eval-low-fifo-e1021/run_crn-stream-manifest.json,5122fc6ef5a09089d71c1a1d796c3cc9cf3a6070158868a168b8ee4812d13a83,ad8cc9650ac941f8a4d1a3dbd4adfece280fc5eeefeb9941504169172104d1e9,saved production runtime record; storage path removed only,public path routing and/or serialization only; no algorithm or numeric change
config/production/eval-low-fifo-e1021/run_effective-config.json,Research_Workspace/05_P0_RECOVERY/evidence/run_metadata/eval-low-fifo-e1021/run_effective-config.json,a6cf337f43d9ad4747c6a55090060c2f2788b399706c66ce1e4fa4fc62a79380,df5fb62d3a8aa499798e86ffa6b73407cc10e2f3387f997135aa9ad054afa8cb,saved production runtime record; storage path removed only,outputPrefix omitted; JSON formatting only; all remaining values unchanged
config/production/eval-low-fifo-e1022/run_crn-stream-manifest.json,Research_Workspace/05_P0_RECOVERY/evidence/run_metadata/eval-low-fifo-e1022/run_crn-stream-manifest.json,47f784b8a2d39c942c2efe0dab0e056468f68475aff7100dece2ae844375bffe,c81e11d37d14cf6909116ec84ab646184521bf5583ea2d5de15ac0dd5252199e,saved production runtime record; storage path removed only,public path routing and/or serialization only; no algorithm or numeric change
config/production/eval-low-fifo-e1022/run_effective-config.json,Research_Workspace/05_P0_RECOVERY/evidence/run_metadata/eval-low-fifo-e1022/run_effective-config.json,933a59b56e4cc1c8afed557fe48fac1e924f166512040678cbfcec742cc33015,3ad7d6e663b6d85f3155b4efa37bf0b13881f522c35a50b9774ee9f021d03f26,saved production runtime record; storage path removed only,outputPrefix omitted; JSON formatting only; all remaining values unchanged
config/production/eval-low-fifo-e1023/run_crn-stream-manifest.json,Research_Workspace/05_P0_RECOVERY/evidence/run_metadata/eval-low-fifo-e1023/run_crn-stream-manifest.json,27700b5082fc7972b4d87a040615e2e0b2019901a3f78ffa0176805e5d7e5edb,d681d5257edcabbbd0b97b21ee50b1910df7b0e21f915aa6501c32e13f3dd3ca,saved production runtime record; storage path removed only,public path routing and/or serialization only; no algorithm or numeric change
config/production/eval-low-fifo-e1023/run_effective-config.json,Research_Workspace/05_P0_RECOVERY/evidence/run_metadata/eval-low-fifo-e1023/run_effective-config.json,3a26652fafecc8f5e858b408af9a998e65f0372f02fe07e0cb08dd509f48f075,c1653b10042fd10c025a5315791cf0ae333b404b6e11f95931e9cd816616ffab,saved production runtime record; storage path removed only,outputPrefix omitted; JSON formatting only; all remaining values unchanged
config/production/eval-low-fifo-e1024/run_crn-stream-manifest.json,Research_Workspace/05_P0_RECOVERY/evidence/run_metadata/eval-low-fifo-e1024/run_crn-stream-manifest.json,171834f018e91436794814e93a1f62a547d0d8689fed5de7be9796c73a86d95e,3317366da5222ae6b92e3261365752e7957e59b07cb88e818310fce84a2ececc,saved production runtime record; storage path removed only,public path routing and/or serialization only; no algorithm or numeric change
config/production/eval-low-fifo-e1024/run_effective-config.json,Research_Workspace/05_P0_RECOVERY/evidence/run_metadata/eval-low-fifo-e1024/run_effective-config.json,ce04ce8ac57bab0db6e332df7be098b8b5945e02d42f1a5b0b4c3e5f7c0b12f6,8a7bc3bb01b931571e09d0220fff2b841c2cffb1929adf61d08763dc4af2e787,saved production runtime record; storage path removed only,outputPrefix omitted; JSON formatting only; all remaining values unchanged
config/production/eval-low-fifo-e1025/run_crn-stream-manifest.json,Research_Workspace/05_P0_RECOVERY/evidence/run_metadata/eval-low-fifo-e1025/run_crn-stream-manifest.json,4e3a8305156bbfc4d77a2b28f216a05cd6bdf801a1456c37b18bb33ac1372421,a2ce7606495e3336afc7e5feb14f417269491573fea3c8dbded3fe51a1b9d96f,saved production runtime record; storage path removed only,public path routing and/or serialization only; no algorithm or numeric change
config/production/eval-low-fifo-e1025/run_effective-config.json,Research_Workspace/05_P0_RECOVERY/evidence/run_metadata/eval-low-fifo-e1025/run_effective-config.json,648e16262298fc1740e915e5d1d202cf48704644f0af9c44cbc9800a6c53f023,b7ce2c17dc1eecaf193efb700ac6ddecfa5b07e3ee4ca7917f76215375b2781f,saved production runtime record; storage path removed only,outputPrefix omitted; JSON formatting only; all remaining values unchanged
config/production/eval-low-fifo-e1026/run_crn-stream-manifest.json,Research_Workspace/05_P0_RECOVERY/evidence/run_metadata/eval-low-fifo-e1026/run_crn-stream-manifest.json,ebad4fb1d33e10b20a1f29e35b4431a38c93ecd6322312968f6a7c2069a9237c,cc3a0c3b250fc96b8c10fa3ca9858502df77ab9ce7778f90c01a4d7f06f4a5c3,saved production runtime record; storage path removed only,public path routing and/or serialization only; no algorithm or numeric change
config/production/eval-low-fifo-e1026/run_effective-config.json,Research_Workspace/05_P0_RECOVERY/evidence/run_metadata/eval-low-fifo-e1026/run_effective-config.json,4f1fe01a0cc339a79d04a5d085e210fbef2ecafe4cebf4df031c945106c3f140,bd8e571d22af89f3be9949533f69abed22d519db34ce80a17cb4768e4c863a57,saved production runtime record; storage path removed only,outputPrefix omitted; JSON formatting only; all remaining values unchanged
config/production/eval-low-fifo-e1027/run_crn-stream-manifest.json,Research_Workspace/05_P0_RECOVERY/evidence/run_metadata/eval-low-fifo-e1027/run_crn-stream-manifest.json,7e59748cf7932b18093fbdb7b98577212c7a920f33084ac5e79c362dda32d8a4,75c728415d2b0b40c784f11cfa6b28cb156ceb62274a4e7f9abe2a020b8f65b4,saved production runtime record; storage path removed only,public path routing and/or serialization only; no algorithm or numeric change
config/production/eval-low-fifo-e1027/run_effective-config.json,Research_Workspace/05_P0_RECOVERY/evidence/run_metadata/eval-low-fifo-e1027/run_effective-config.json,16c13d75d58c66f5119a265416efcbca6933359bfa55a2ce8ab7a89aa118c5a9,8eb4fd763e6f780b500847fefe1e7c7e7782fd2955118d312c89426e04c8e937,saved production runtime record; storage path removed only,outputPrefix omitted; JSON formatting only; all remaining values unchanged
config/production/eval-low-fifo-e1028/run_crn-stream-manifest.json,Research_Workspace/05_P0_RECOVERY/evidence/run_metadata/eval-low-fifo-e1028/run_crn-stream-manifest.json,6d86c8720bc2f557e8c9adbcc61e30808576a9a26c7a25a0029f4e87bcb03ecb,d7415a1461af9acf2638f923f06d158a4c8c98f4a70ac9869482bb83610bf80d,saved production runtime record; storage path removed only,public path routing and/or serialization only; no algorithm or numeric change
config/production/eval-low-fifo-e1028/run_effective-config.json,Research_Workspace/05_P0_RECOVERY/evidence/run_metadata/eval-low-fifo-e1028/run_effective-config.json,6eb93ddf9179846d75166491ca736a08925d0dea06602d4f5f55596a9405c599,e2ed72d1381a7eae77dff322f15173569be6ecb308b0380b02759a5f068e0d58,saved production runtime record; storage path removed only,outputPrefix omitted; JSON formatting only; all remaining values unchanged
config/production/eval-low-fifo-e1029/run_crn-stream-manifest.json,Research_Workspace/05_P0_RECOVERY/evidence/run_metadata/eval-low-fifo-e1029/run_crn-stream-manifest.json,8f0218a18432b6dd46cbdf3be133bbc5dced48952610fa52dccbcb36cad4b67f,b56673aaae6c4da01c701accbb13420eb289bb4e24510428c32e0725fe6777bf,saved production runtime record; storage path removed only,public path routing and/or serialization only; no algorithm or numeric change
config/production/eval-low-fifo-e1029/run_effective-config.json,Research_Workspace/05_P0_RECOVERY/evidence/run_metadata/eval-low-fifo-e1029/run_effective-config.json,8c172d245f6998c3c961d3b9a919e382b47733293ccd4e2de0f596d33f763b36,a73c4a752a71c7f6833c21429b06be49aba567f1f7521fce8478dbab8c6c20b6,saved production runtime record; storage path removed only,outputPrefix omitted; JSON formatting only; all remaining values unchanged
config/production/eval-low-fifo-e1030/run_crn-stream-manifest.json,Research_Workspace/05_P0_RECOVERY/evidence/run_metadata/eval-low-fifo-e1030/run_crn-stream-manifest.json,56bd1953e3c943d9bebf3b8ea152191bf8efeb4041f17cc69974a2d47c5ae03f,8940920e01d95821f3b2b57f6b3c745d1aa9554611e9350d220aceba938eae02,saved production runtime record; storage path removed only,public path routing and/or serialization only; no algorithm or numeric change
config/production/eval-low-fifo-e1030/run_effective-config.json,Research_Workspace/05_P0_RECOVERY/evidence/run_metadata/eval-low-fifo-e1030/run_effective-config.json,778bf998ea9df89db20c4ee2501d1df3d2a4a2e1f96a4d7308c1e9f9e0ca3ca2,0df664a7b78a79c02244938756213e18d782a567c72f61030426ecb9a02ba0d1,saved production runtime record; storage path removed only,outputPrefix omitted; JSON formatting only; all remaining values unchanged
config/production/eval-low-fifo-e1031/run_crn-stream-manifest.json,Research_Workspace/05_P0_RECOVERY/evidence/run_metadata/eval-low-fifo-e1031/run_crn-stream-manifest.json,d047f380f70a826297db8112f9938bb15d0d9af9a98b597e3fa9a9fea224af8c,703c611e60d808d7acee5ba14c197e456ac4ac989ef4dd1807984e5b31af4cdd,saved production runtime record; storage path removed only,public path routing and/or serialization only; no algorithm or numeric change
config/production/eval-low-fifo-e1031/run_effective-config.json,Research_Workspace/05_P0_RECOVERY/evidence/run_metadata/eval-low-fifo-e1031/run_effective-config.json,1e5e1877d7d8c2c83422a001add26de9fd3df67aafba4a0e4585a18ef9f5d288,bc2c5d1820cb7c2db40868b5bda0f70be051ae13374fc464404fc66484ec88c8,saved production runtime record; storage path removed only,outputPrefix omitted; JSON formatting only; all remaining values unchanged
config/production/eval-low-fifo-e1032/run_crn-stream-manifest.json,Research_Workspace/05_P0_RECOVERY/evidence/run_metadata/eval-low-fifo-e1032/run_crn-stream-manifest.json,c96b7db753dcf2819f37b61361251715153aec36c7f0bc4ba33e48114d79853b,84e19b83393c9fe7630fd38b5ec110d1e4fa277f1a27acfc7ab4a3dc375a8218,saved production runtime record; storage path removed only,public path routing and/or serialization only; no algorithm or numeric change
config/production/eval-low-fifo-e1032/run_effective-config.json,Research_Workspace/05_P0_RECOVERY/evidence/run_metadata/eval-low-fifo-e1032/run_effective-config.json,4f49a7346af6ea278bfeb94b0f2f5b4647488d5bb4b462b6d59e66542af0fb13,a83161dcac828e1af0da2e6abf1c3e24cf2fdc12a3207585ca6115b2121c0bde,saved production runtime record; storage path removed only,outputPrefix omitted; JSON formatting only; all remaining values unchanged
config/production/eval-low-fifo-e1033/run_crn-stream-manifest.json,Research_Workspace/05_P0_RECOVERY/evidence/run_metadata/eval-low-fifo-e1033/run_crn-stream-manifest.json,d19caaf7a9c7b4575490a3145eb226729d208df7c838a3a5fcf544eac61b440e,3bedef6f1e436591f8a3ac291a38ebe47f50839f59a8ab13f4ff8535b63216b2,saved production runtime record; storage path removed only,public path routing and/or serialization only; no algorithm or numeric change
config/production/eval-low-fifo-e1033/run_effective-config.json,Research_Workspace/05_P0_RECOVERY/evidence/run_metadata/eval-low-fifo-e1033/run_effective-config.json,ffa07390349ca42f2dd9ae4e3abee0208d147cb91df9e4970c920e334d08c1b9,9ce985cfd3837735cd153d31636b9b9c8d7dcc15b72592dffd3761d2554ad01c,saved production runtime record; storage path removed only,outputPrefix omitted; JSON formatting only; all remaining values unchanged
config/production/eval-low-fifo-e1034/run_crn-stream-manifest.json,Research_Workspace/05_P0_RECOVERY/evidence/run_metadata/eval-low-fifo-e1034/run_crn-stream-manifest.json,2eb345b4d8d882646cb82cd037dea4bac05cc770a34e0cfd1ba50d269c391cf3,d787272f75fdbe6d33b04bf4a465bf33fa7058b27a2269aff923d83d8aa02c6e,saved production runtime record; storage path removed only,public path routing and/or serialization only; no algorithm or numeric change
config/production/eval-low-fifo-e1034/run_effective-config.json,Research_Workspace/05_P0_RECOVERY/evidence/run_metadata/eval-low-fifo-e1034/run_effective-config.json,73c26d15ac4aaee8d3f0caca45fc025094fefcb24d04d0001965fc318d84eff4,ef07a7a212af1937539b6cf1350bd018e9c3d5b0d18c5a720f5c9b502b56ed49,saved production runtime record; storage path removed only,outputPrefix omitted; JSON formatting only; all remaining values unchanged
config/production/eval-low-fifo-e1035/run_crn-stream-manifest.json,Research_Workspace/05_P0_RECOVERY/evidence/run_metadata/eval-low-fifo-e1035/run_crn-stream-manifest.json,aaf4c5e5f06e1e34b8c8d7a9028d3dd6107ad0129451ee4077e2021431b62836,d697482302035b5c0b6143fac5193b5adc0946b26fceb6f22db37193fef24b30,saved production runtime record; storage path removed only,public path routing and/or serialization only; no algorithm or numeric change
config/production/eval-low-fifo-e1035/run_effective-config.json,Research_Workspace/05_P0_RECOVERY/evidence/run_metadata/eval-low-fifo-e1035/run_effective-config.json,f3786670e6fb97dc3188c21a375531a5cf0e7c9f551087eda92d6df16493b1cb,b57a23113df549231c19947257066322e92de671030d73267d670134ea19492a,saved production runtime record; storage path removed only,outputPrefix omitted; JSON formatting only; all remaining values unchanged
config/production/eval-low-fifo-e1036/run_crn-stream-manifest.json,Research_Workspace/05_P0_RECOVERY/evidence/run_metadata/eval-low-fifo-e1036/run_crn-stream-manifest.json,7958b104048c19ed44b274e89d1cb0ed9dd6b05de586eef02209b3efd35ce325,7269e91f600b3e19563eb569f4f8d0a86ae3349c93f8ebc3577878b48116af62,saved production runtime record; storage path removed only,public path routing and/or serialization only; no algorithm or numeric change
config/production/eval-low-fifo-e1036/run_effective-config.json,Research_Workspace/05_P0_RECOVERY/evidence/run_metadata/eval-low-fifo-e1036/run_effective-config.json,f2f54544c3cd0d2bae8aaf9dd623b5edc0baf84ca070f4ca3eef86df93ca5556,ad217fd12fc6b8f44aa18fd52e9d0323ce118644532fb959ebdc954791b2ff57,saved production runtime record; storage path removed only,outputPrefix omitted; JSON formatting only; all remaining values unchanged
config/production/eval-low-fifo-e1037/run_crn-stream-manifest.json,Research_Workspace/05_P0_RECOVERY/evidence/run_metadata/eval-low-fifo-e1037/run_crn-stream-manifest.json,5e6121b838bb0351aff945ebf582bef0d974b14541900352fa03f3132e79c51e,a5b0dd5991f12f896fcbcc76c1557d3c10f9bd2d8df371724f382b1d6cbffdca,saved production runtime record; storage path removed only,public path routing and/or serialization only; no algorithm or numeric change
config/production/eval-low-fifo-e1037/run_effective-config.json,Research_Workspace/05_P0_RECOVERY/evidence/run_metadata/eval-low-fifo-e1037/run_effective-config.json,68ec2bb62f5c39ee95ab03f0e7ddfdc100c0f8dd628b21e0be4d9488ee8d52e0,00fbb74bb0e76c0e3cb0ac11a41031c77d7a8967f8376fef98bbafcb60437260,saved production runtime record; storage path removed only,outputPrefix omitted; JSON formatting only; all remaining values unchanged
config/production/eval-low-fifo-e1038/run_crn-stream-manifest.json,Research_Workspace/05_P0_RECOVERY/evidence/run_metadata/eval-low-fifo-e1038/run_crn-stream-manifest.json,a3ee1d9afabab70856248e825ad81db85d86420426a35e45f958d94a70833f84,8398795f5130fb247dcdd1d63b47cd6a7d610155d10fbd4561b491c22948decc,saved production runtime record; storage path removed only,public path routing and/or serialization only; no algorithm or numeric change
config/production/eval-low-fifo-e1038/run_effective-config.json,Research_Workspace/05_P0_RECOVERY/evidence/run_metadata/eval-low-fifo-e1038/run_effective-config.json,813a476d89a7b0702ff84e4973df09c3775ee2aff1cf80c12d5a8f1c628378ac,d3f2f1b6cf81e9e5e467caf02b608f81792017c8bc12c37560b33ecbb93ad3e6,saved production runtime record; storage path removed only,outputPrefix omitted; JSON formatting only; all remaining values unchanged
config/production/eval-low-fifo-e1039/run_crn-stream-manifest.json,Research_Workspace/05_P0_RECOVERY/evidence/run_metadata/eval-low-fifo-e1039/run_crn-stream-manifest.json,2ab9fb2034aef72816adaea11612ba72c9f76b6cd5b7c7a459668e22809c1b52,0695c50dd590c6855feffad0dcad19d8861b86feab8ce06c00c5ef8c0ed5278b,saved production runtime record; storage path removed only,public path routing and/or serialization only; no algorithm or numeric change
config/production/eval-low-fifo-e1039/run_effective-config.json,Research_Workspace/05_P0_RECOVERY/evidence/run_metadata/eval-low-fifo-e1039/run_effective-config.json,844bb80fb88fc1c737bf802631699791c1463a06fdd67ffe9785aed634b2359c,593b57df434ee754deaeff93ce2a96e955120118489f9aebe7f09a67ce967615,saved production runtime record; storage path removed only,outputPrefix omitted; JSON formatting only; all remaining values unchanged
config/production/eval-low-fifo-e1040/run_crn-stream-manifest.json,Research_Workspace/05_P0_RECOVERY/evidence/run_metadata/eval-low-fifo-e1040/run_crn-stream-manifest.json,c1ccb6e67318669eb3140ce8b9fdcf937993620b701d2b2b1ea4b68aac638c79,e3377da3d1481562675e40221fc87ba63997611f9eb4b661af26f1bc053af33e,saved production runtime record; storage path removed only,public path routing and/or serialization only; no algorithm or numeric change
config/production/eval-low-fifo-e1040/run_effective-config.json,Research_Workspace/05_P0_RECOVERY/evidence/run_metadata/eval-low-fifo-e1040/run_effective-config.json,3607d2fb65de379af78248d1fd1ba30ee071f835f859f6e94eb848fe8641afa0,3ff3847cca963c4ac56a417b40c5a61f6f0e1ab9c3c6e2485de0c4c40329e526,saved production runtime record; storage path removed only,outputPrefix omitted; JSON formatting only; all remaining values unchanged
config/production/eval-low-fifo-e1041/run_crn-stream-manifest.json,Research_Workspace/05_P0_RECOVERY/evidence/run_metadata/eval-low-fifo-e1041/run_crn-stream-manifest.json,f89ff085947b5dc9efa6eb3727c672d8819dec151ce7d3ba50bb069e7350bf47,c1dc1febbcb2e09abacc4bb8ccbf545e424efe66c4d0e491c7cdf5862bd719a9,saved production runtime record; storage path removed only,public path routing and/or serialization only; no algorithm or numeric change
config/production/eval-low-fifo-e1041/run_effective-config.json,Research_Workspace/05_P0_RECOVERY/evidence/run_metadata/eval-low-fifo-e1041/run_effective-config.json,0175ae37477faaa092378d25ad933981952f830ae4a21d74e067d00be0d35477,2b875b54197fcb372cdb7ea52904df75f8b8bf8b28bdf6601c46470ce02bdf30,saved production runtime record; storage path removed only,outputPrefix omitted; JSON formatting only; all remaining values unchanged
config/production/eval-low-fifo-e1042/run_crn-stream-manifest.json,Research_Workspace/05_P0_RECOVERY/evidence/run_metadata/eval-low-fifo-e1042/run_crn-stream-manifest.json,684ca325e1db1fd6af919a326ed8984acdd1ac888aadebf77d0e730b3d77becc,df38a42ecbd88d862258c7225f7e1e67f9d4af3167745d1b0f16f6e6d8601596,saved production runtime record; storage path removed only,public path routing and/or serialization only; no algorithm or numeric change
config/production/eval-low-fifo-e1042/run_effective-config.json,Research_Workspace/05_P0_RECOVERY/evidence/run_metadata/eval-low-fifo-e1042/run_effective-config.json,d787db7b85f3564dbc31ce2f854d55efdc72978f12667fd8a94271eb1b01c4ac,1d51ee4cb3b90edcfc00a66c6a273fea5bed3cbcfa3c225d5cee4984f90aa24a,saved production runtime record; storage path removed only,outputPrefix omitted; JSON formatting only; all remaining values unchanged
config/production/eval-low-fifo-e1043/run_crn-stream-manifest.json,Research_Workspace/05_P0_RECOVERY/evidence/run_metadata/eval-low-fifo-e1043/run_crn-stream-manifest.json,b0a0b1739b16963fd5dbe4250252b958a0554e0e0bdd324f1128218d2599e0a9,721501558c2572976127fd1bbc1d88e983698fcba59bf3c80e43984be90b7405,saved production runtime record; storage path removed only,public path routing and/or serialization only; no algorithm or numeric change
config/production/eval-low-fifo-e1043/run_effective-config.json,Research_Workspace/05_P0_RECOVERY/evidence/run_metadata/eval-low-fifo-e1043/run_effective-config.json,84b9ced5f8519cd4897c5dd393acad90954f254bf7d152873161f119fb711f53,c890b7673b0662dea05bab306cab24df9cf5ac4eba1464310e20972acb5de21f,saved production runtime record; storage path removed only,outputPrefix omitted; JSON formatting only; all remaining values unchanged
config/production/eval-low-fifo-e1044/run_crn-stream-manifest.json,Research_Workspace/05_P0_RECOVERY/evidence/run_metadata/eval-low-fifo-e1044/run_crn-stream-manifest.json,08bb5af06ea13ca9fc31b7842df76dfc3798a5946a83c303b0bafd72a3cdce5e,898c4d111d1246c50f917e87d5e613f1991b9816237b95a3c8c03a6fbded1135,saved production runtime record; storage path removed only,public path routing and/or serialization only; no algorithm or numeric change
config/production/eval-low-fifo-e1044/run_effective-config.json,Research_Workspace/05_P0_RECOVERY/evidence/run_metadata/eval-low-fifo-e1044/run_effective-config.json,fb31b18817ceeaa396d8dd5de9d6eed232f5d07569340b189455d0b01cc61e77,228dd3924a136a8be5feaacdae8f0a159a05d989367d2ec814a6f4b88cd8d678,saved production runtime record; storage path removed only,outputPrefix omitted; JSON formatting only; all remaining values unchanged
config/production/eval-low-fifo-e1045/run_crn-stream-manifest.json,Research_Workspace/05_P0_RECOVERY/evidence/run_metadata/eval-low-fifo-e1045/run_crn-stream-manifest.json,7889056557dc2074ebcaa7f9b35083e3c927b775d19cae5af046e09ce4bb6294,f5adf106123fd0df253c9c95594b772d565ee62adc73d0a0479960246fa5abce,saved production runtime record; storage path removed only,public path routing and/or serialization only; no algorithm or numeric change
config/production/eval-low-fifo-e1045/run_effective-config.json,Research_Workspace/05_P0_RECOVERY/evidence/run_metadata/eval-low-fifo-e1045/run_effective-config.json,d8b82b0b055ee9a9c793a6cbf9ffa8c6ea91ccbe7c2e8bb6ed14765e9dc48bf7,69c87f540fdfd70fe66a690138ecd11eff296e3ac62fa70d9c8513faa002360d,saved production runtime record; storage path removed only,outputPrefix omitted; JSON formatting only; all remaining values unchanged
config/production/eval-low-fifo-e1046/run_crn-stream-manifest.json,Research_Workspace/05_P0_RECOVERY/evidence/run_metadata/eval-low-fifo-e1046/run_crn-stream-manifest.json,c960929b7f7309162b4db1136946cf3bc48efa4bd7229fe906b69c57ae4ee1ca,cc818d0105a5f5e99e69cf0561dc3ec3c22bd1ebb12a1556f45f72a68eac39b2,saved production runtime record; storage path removed only,public path routing and/or serialization only; no algorithm or numeric change
config/production/eval-low-fifo-e1046/run_effective-config.json,Research_Workspace/05_P0_RECOVERY/evidence/run_metadata/eval-low-fifo-e1046/run_effective-config.json,ac4ddcc1808a4ba1f51ba9b2acb8c2f9562c9bc86c3d21f5817a2944c98215e8,436202591043f07d168a20ebc5c6adeff50511c25e12172c6b351d269b577421,saved production runtime record; storage path removed only,outputPrefix omitted; JSON formatting only; all remaining values unchanged
config/production/eval-low-fifo-e1047/run_crn-stream-manifest.json,Research_Workspace/05_P0_RECOVERY/evidence/run_metadata/eval-low-fifo-e1047/run_crn-stream-manifest.json,721e38ef5282b5783c8ac2c344072b2745fe3b5f897c2f528084c27b5e3bf8bd,d7772dc9c79618c51bfede3aac719e1aadf333c7e67143968267eee1dd65ecaa,saved production runtime record; storage path removed only,public path routing and/or serialization only; no algorithm or numeric change
config/production/eval-low-fifo-e1047/run_effective-config.json,Research_Workspace/05_P0_RECOVERY/evidence/run_metadata/eval-low-fifo-e1047/run_effective-config.json,5b55b26d94f0fdc2b537203b765561b99f9e8736b627a2efc85ac185562cebc5,2d945da04dc0a841276fc1618efe97a5ebc13720fc5ca865324f60b963712358,saved production runtime record; storage path removed only,outputPrefix omitted; JSON formatting only; all remaining values unchanged
config/production/eval-low-fifo-e1048/run_crn-stream-manifest.json,Research_Workspace/05_P0_RECOVERY/evidence/run_metadata/eval-low-fifo-e1048/run_crn-stream-manifest.json,d988035266b7b25f546f3e1a75d0600d1deeb1c7b01ed99ebe216851ac314a16,a16d52ad5b650886bbbeece92df2397974220293da6a2f77612efab9b841390d,saved production runtime record; storage path removed only,public path routing and/or serialization only; no algorithm or numeric change
config/production/eval-low-fifo-e1048/run_effective-config.json,Research_Workspace/05_P0_RECOVERY/evidence/run_metadata/eval-low-fifo-e1048/run_effective-config.json,681baac76780762763f9d02f8679503e79207544c59d85cce0d78ea7f56a34b9,1629eec5e55e677d329fe48895d4f2d9133a1bf2ebb61ca84cbd56fe10c389cf,saved production runtime record; storage path removed only,outputPrefix omitted; JSON formatting only; all remaining values unchanged
config/production/eval-low-fifo-e1049/run_crn-stream-manifest.json,Research_Workspace/05_P0_RECOVERY/evidence/run_metadata/eval-low-fifo-e1049/run_crn-stream-manifest.json,b6972a194f821d9c8c2703a7cb4becd30ee5046bde95eeaf28eaa77167479e26,c3f62dae0e5a8368ba12c2dc46eff575f1c74f7ba55951995c092d40ae904bac,saved production runtime record; storage path removed only,public path routing and/or serialization only; no algorithm or numeric change
config/production/eval-low-fifo-e1049/run_effective-config.json,Research_Workspace/05_P0_RECOVERY/evidence/run_metadata/eval-low-fifo-e1049/run_effective-config.json,f898d76a73e80d88596831b02cad1be670f39ddf0dbfee1c8e419d33a6d09b94,bd3a05f6e615e412830cbd111874c6987ecc745ae019267cee0bc40abfe42f60,saved production runtime record; storage path removed only,outputPrefix omitted; JSON formatting only; all remaining values unchanged
config/production/eval-low-fifo-e1050/run_crn-stream-manifest.json,Research_Workspace/05_P0_RECOVERY/evidence/run_metadata/eval-low-fifo-e1050/run_crn-stream-manifest.json,43f46debb28e9ece4288d130e64c2a1c682de13710cf370cd63d19623519bee9,325f0c4a612b175476d3b2363ab78618390ed6e0be17c361ae831211d05e22c6,saved production runtime record; storage path removed only,public path routing and/or serialization only; no algorithm or numeric change
config/production/eval-low-fifo-e1050/run_effective-config.json,Research_Workspace/05_P0_RECOVERY/evidence/run_metadata/eval-low-fifo-e1050/run_effective-config.json,11cf01224cd005a8441c579082094c7defd7c003f0421d8b7b33a39ae4d00f87,04a3e5faf6603b167c5da3bb13c0faa30e8f6643ff4aced8fc758391a13f6797,saved production runtime record; storage path removed only,outputPrefix omitted; JSON formatting only; all remaining values unchanged
config/production/eval-low-fifo-e1051/run_crn-stream-manifest.json,Research_Workspace/05_P0_RECOVERY/evidence/run_metadata/eval-low-fifo-e1051/run_crn-stream-manifest.json,6be1c0574cb7af7d0428efc1f76c064a92c578f5b9f8c3934eea182a294ed07f,8decd1af52df7e98c58c5653283fafaff6ff43b4e428e4f53224d635f2eb2d84,saved production runtime record; storage path removed only,public path routing and/or serialization only; no algorithm or numeric change
config/production/eval-low-fifo-e1051/run_effective-config.json,Research_Workspace/05_P0_RECOVERY/evidence/run_metadata/eval-low-fifo-e1051/run_effective-config.json,f600098e64b11b655ca1d2e889e8cadddfa5a6ad95f03c6df61a859251d7872f,d06bcd60c78523196eab9a2fb418f14b643cc98103667ffe0729d1d7d1b3c966,saved production runtime record; storage path removed only,outputPrefix omitted; JSON formatting only; all remaining values unchanged
config/production/eval-low-fifo-e1052/run_crn-stream-manifest.json,Research_Workspace/05_P0_RECOVERY/evidence/run_metadata/eval-low-fifo-e1052/run_crn-stream-manifest.json,4b259df8d1eede2b50322aa834f731f17f8706f5f1f5d16cb71aa28e25de6491,316c0dd665eefbcacef8ba9142451beee583a0de99bf29bd7979cdc4406709ca,saved production runtime record; storage path removed only,public path routing and/or serialization only; no algorithm or numeric change
config/production/eval-low-fifo-e1052/run_effective-config.json,Research_Workspace/05_P0_RECOVERY/evidence/run_metadata/eval-low-fifo-e1052/run_effective-config.json,c292384b2da89c88a133e0206ff6cf6770db2678dce3397453e6734fe1c71752,b1ede27b93425c4d517844a9e3086b4c8c170ee4bb12e705f430db1b514b1c2f,saved production runtime record; storage path removed only,outputPrefix omitted; JSON formatting only; all remaining values unchanged
config/production/eval-low-fifo-e1053/run_crn-stream-manifest.json,Research_Workspace/05_P0_RECOVERY/evidence/run_metadata/eval-low-fifo-e1053/run_crn-stream-manifest.json,14002df94d07355c4323b4e602760af9c5904feb53b16b7aa6f68d374e1110ff,2bb5085fdd1ce4d3400d0d8ce046030b9d7642b378264385b2fc1c49fca2f056,saved production runtime record; storage path removed only,public path routing and/or serialization only; no algorithm or numeric change
config/production/eval-low-fifo-e1053/run_effective-config.json,Research_Workspace/05_P0_RECOVERY/evidence/run_metadata/eval-low-fifo-e1053/run_effective-config.json,b1ced4fcc5c68c1181c71f529bd99e1567340ca65acb6eb52c3ffdae55164f9f,d1124439f5706e95787e543005c102ea8e00e046ec051b4fe16b58ea1117abd6,saved production runtime record; storage path removed only,outputPrefix omitted; JSON formatting only; all remaining values unchanged
config/production/eval-low-fifo-e1054/run_crn-stream-manifest.json,Research_Workspace/05_P0_RECOVERY/evidence/run_metadata/eval-low-fifo-e1054/run_crn-stream-manifest.json,2dd2e57fcbba189856fac3cb0f43203d4176546ef46ef1cbf6af304117eebdf8,8f3bb66b22d9bd009f17a8e0d42a5be03c3632d5c7be941a878c326e536118e0,saved production runtime record; storage path removed only,public path routing and/or serialization only; no algorithm or numeric change
config/production/eval-low-fifo-e1054/run_effective-config.json,Research_Workspace/05_P0_RECOVERY/evidence/run_metadata/eval-low-fifo-e1054/run_effective-config.json,9f620339cab974015718c5637b4dc3e4a5af81eaef4066d90df92d050e671fde,36125b25d2f698df13faeab258589a1055b521ede05515a1fca3ead90f2c60ce,saved production runtime record; storage path removed only,outputPrefix omitted; JSON formatting only; all remaining values unchanged
config/production/eval-low-fifo-e1055/run_crn-stream-manifest.json,Research_Workspace/05_P0_RECOVERY/evidence/run_metadata/eval-low-fifo-e1055/run_crn-stream-manifest.json,beef42aaa857d190b45036324e05772020969080251af5f49e3ad4e98dfa641f,fa6a759d2984b639ca9f9c83213706005262e0a8275c2ff95042267587a721cc,saved production runtime record; storage path removed only,public path routing and/or serialization only; no algorithm or numeric change
config/production/eval-low-fifo-e1055/run_effective-config.json,Research_Workspace/05_P0_RECOVERY/evidence/run_metadata/eval-low-fifo-e1055/run_effective-config.json,faa5374e4e31877f009ac820c76570201ee528e211298690203ed25cbd0201c0,232649f7b5b04969ab878baffc70bc24d67e744801ff4294b5d12be28d9ad78f,saved production runtime record; storage path removed only,outputPrefix omitted; JSON formatting only; all remaining values unchanged
config/production/eval-low-fifo-e1056/run_crn-stream-manifest.json,Research_Workspace/05_P0_RECOVERY/evidence/run_metadata/eval-low-fifo-e1056/run_crn-stream-manifest.json,1b0ddc76b9f06f31153993bfa1e045113f822a9467250cd185890223397b1933,e7f41a9c3af1e34f9e54d82845ce579886fae4c3ecbf46e11f6556884d13f506,saved production runtime record; storage path removed only,public path routing and/or serialization only; no algorithm or numeric change
config/production/eval-low-fifo-e1056/run_effective-config.json,Research_Workspace/05_P0_RECOVERY/evidence/run_metadata/eval-low-fifo-e1056/run_effective-config.json,8fff771b6e50056eeb95c7a0ced161674a4fc5dbc93b9c02a84ac6c6c71177f6,1c19e12f101f6e793a503f3416703721fb37f5335c604ea4264f796db1e5337d,saved production runtime record; storage path removed only,outputPrefix omitted; JSON formatting only; all remaining values unchanged
config/production/eval-low-fifo-e1057/run_crn-stream-manifest.json,Research_Workspace/05_P0_RECOVERY/evidence/run_metadata/eval-low-fifo-e1057/run_crn-stream-manifest.json,b8ade117c52789645f4d98ead579d861d8532e18883f8c3db63005b65dc93ffd,9adffc80967251faf380ccee82925f6e12cb9b7dabaa1fbbe11dfc2a14384a71,saved production runtime record; storage path removed only,public path routing and/or serialization only; no algorithm or numeric change
config/production/eval-low-fifo-e1057/run_effective-config.json,Research_Workspace/05_P0_RECOVERY/evidence/run_metadata/eval-low-fifo-e1057/run_effective-config.json,f8e9f69f5c1615a7fbfa8f5b834ff985b2be128d959358319171e73cae97e586,47cbd311d90b7b3b0e45a3e0e0bb5379838e58dc51714641f56e3fc04550dd3e,saved production runtime record; storage path removed only,outputPrefix omitted; JSON formatting only; all remaining values unchanged
config/production/eval-low-fifo-e1058/run_crn-stream-manifest.json,Research_Workspace/05_P0_RECOVERY/evidence/run_metadata/eval-low-fifo-e1058/run_crn-stream-manifest.json,9be28de538a8c5d0b9a791df2a5ca171681f46f211e3d82e237a494753b4592d,d29bccbf1f03e87726a4a68d6a651fbb8a9007f44db58cbc7d46c80354f9be5e,saved production runtime record; storage path removed only,public path routing and/or serialization only; no algorithm or numeric change
config/production/eval-low-fifo-e1058/run_effective-config.json,Research_Workspace/05_P0_RECOVERY/evidence/run_metadata/eval-low-fifo-e1058/run_effective-config.json,0b07507b369f30865162df48a8230ec911d4f7eb09f83d4dd91bfd057584c2fd,5f177fd0adc96a50cb35418b75873384ebd6f02fb230a6810645db1ea046a8fa,saved production runtime record; storage path removed only,outputPrefix omitted; JSON formatting only; all remaining values unchanged
config/production/eval-low-fifo-e1059/run_crn-stream-manifest.json,Research_Workspace/05_P0_RECOVERY/evidence/run_metadata/eval-low-fifo-e1059/run_crn-stream-manifest.json,ebdfc37e7bfc1d9cd437fe187f2253dad7421b3cb72fc5088954af7a254beba3,8a14ae08762e32ecc56ca4f8a633c14fe8716e5431edced31d962c622fda0642,saved production runtime record; storage path removed only,public path routing and/or serialization only; no algorithm or numeric change
config/production/eval-low-fifo-e1059/run_effective-config.json,Research_Workspace/05_P0_RECOVERY/evidence/run_metadata/eval-low-fifo-e1059/run_effective-config.json,7523217385e6eda17b4db1ec0885f2a743f7728e3db933a875cfaf14ef53ab79,5d30312b7a61f6a22d2e3143259bf0f2450ac4ee6ce1de61ccccb975aa0f9b6a,saved production runtime record; storage path removed only,outputPrefix omitted; JSON formatting only; all remaining values unchanged
config/production/eval-low-fifo-e1060/run_crn-stream-manifest.json,Research_Workspace/05_P0_RECOVERY/evidence/run_metadata/eval-low-fifo-e1060/run_crn-stream-manifest.json,ded9db1a06bacf0fe02190508957bc5ed6e03c2dbd63ead45cff1765cc78e8f0,0ed881e6c59bd158ff616b6d2b3de009eb0112e01300a65c0e577ab5d348b6e3,saved production runtime record; storage path removed only,public path routing and/or serialization only; no algorithm or numeric change
config/production/eval-low-fifo-e1060/run_effective-config.json,Research_Workspace/05_P0_RECOVERY/evidence/run_metadata/eval-low-fifo-e1060/run_effective-config.json,6b47cfbd667aae4362cc7f95e504079a2f79cfd11ac317a586da7851b4436573,86f03b02078602fa514b1bad83db6cf9025789d60e253dfdbbdc3cccd862d698,saved production runtime record; storage path removed only,outputPrefix omitted; JSON formatting only; all remaining values unchanged
config/production/eval-low-fifo-e1061/run_crn-stream-manifest.json,Research_Workspace/05_P0_RECOVERY/evidence/run_metadata/eval-low-fifo-e1061/run_crn-stream-manifest.json,e60c0ebb8fdde91f2c3f80540124626fc1ea3cd7a33885ea67ee99b1a43a2754,09dca8e8e2256a36018dea66ed4c4a3973a03887785a05d9067b229457eef80d,saved production runtime record; storage path removed only,public path routing and/or serialization only; no algorithm or numeric change
config/production/eval-low-fifo-e1061/run_effective-config.json,Research_Workspace/05_P0_RECOVERY/evidence/run_metadata/eval-low-fifo-e1061/run_effective-config.json,e2822da380d990c7baadc1f6d636881a862a9fb303c322b6a51eb7f8fc380954,8ada1948356b5d8021f465a608b69ee985e716fd8c7c2319bc5e224c388beeda,saved production runtime record; storage path removed only,outputPrefix omitted; JSON formatting only; all remaining values unchanged
config/production/eval-low-fifo-e1062/run_crn-stream-manifest.json,Research_Workspace/05_P0_RECOVERY/evidence/run_metadata/eval-low-fifo-e1062/run_crn-stream-manifest.json,c8d21c6307817560a3f63ead894ef43508282680c4362542760f210294c888dd,cf1ebd32aa4a4476653c592e81f993a6edd2d23a305cced5674080b346b90548,saved production runtime record; storage path removed only,public path routing and/or serialization only; no algorithm or numeric change
config/production/eval-low-fifo-e1062/run_effective-config.json,Research_Workspace/05_P0_RECOVERY/evidence/run_metadata/eval-low-fifo-e1062/run_effective-config.json,6c2a9efe568a2ef2b35fbed50a2ad943be7115e7b57aa82a0549f69d7114f5e4,2ea1b350d74539af3f9a6aa5003d6ca952416a2e13867ecca71bac27b762903a,saved production runtime record; storage path removed only,outputPrefix omitted; JSON formatting only; all remaining values unchanged
config/production/eval-low-fifo-e1063/run_crn-stream-manifest.json,Research_Workspace/05_P0_RECOVERY/evidence/run_metadata/eval-low-fifo-e1063/run_crn-stream-manifest.json,e34bb8d75fe12ad0e01fcbdd529f00f2837238f6d04ef47d0796abab706d35b9,1bb65dacfdf64cfaf1015d0e8b7d138cc77e32a4d442b21bf8985e49eb9ebbc2,saved production runtime record; storage path removed only,public path routing and/or serialization only; no algorithm or numeric change
config/production/eval-low-fifo-e1063/run_effective-config.json,Research_Workspace/05_P0_RECOVERY/evidence/run_metadata/eval-low-fifo-e1063/run_effective-config.json,76e9ceeac2e92aa67e703e057abff8bc94a11198eb76f2fc4f5b378b3090f59d,fd4f7b49d0ea5bfff8ebc6f0b7ff006182b453c3c86ceecd3ae8f92b95c7030c,saved production runtime record; storage path removed only,outputPrefix omitted; JSON formatting only; all remaining values unchanged
config/production/eval-low-fifo-e1064/run_crn-stream-manifest.json,Research_Workspace/05_P0_RECOVERY/evidence/run_metadata/eval-low-fifo-e1064/run_crn-stream-manifest.json,137c9962a46e584f5e4ba77ecb98f2413d6bf510c01a2a12c07cd97b63a69174,4b2f1e5e6271702c9e2bd24d6f46603a3e1f02c42fdc478410a3f52a8a968a1e,saved production runtime record; storage path removed only,public path routing and/or serialization only; no algorithm or numeric change
config/production/eval-low-fifo-e1064/run_effective-config.json,Research_Workspace/05_P0_RECOVERY/evidence/run_metadata/eval-low-fifo-e1064/run_effective-config.json,f78b32e7a6ea828edea16bddf1bd0d641e654d33b49bb744c058425dbc07b5ad,15bd3b6432817a9cd728b736e2abe0e5a650e72ede19494277cbbc3476a767f7,saved production runtime record; storage path removed only,outputPrefix omitted; JSON formatting only; all remaining values unchanged
config/production/eval-low-fifo-e1065/run_crn-stream-manifest.json,Research_Workspace/05_P0_RECOVERY/evidence/run_metadata/eval-low-fifo-e1065/run_crn-stream-manifest.json,4a651099a3f64b9afe7c6ddea135817f7116ecb24db8fbbfb85a20ef3bc6f907,abb176ce2336edf047662aa7661510e12f8ba75ab862e6b4f3d33446e528ab4a,saved production runtime record; storage path removed only,public path routing and/or serialization only; no algorithm or numeric change
config/production/eval-low-fifo-e1065/run_effective-config.json,Research_Workspace/05_P0_RECOVERY/evidence/run_metadata/eval-low-fifo-e1065/run_effective-config.json,6b77cf4a98c54c87204885e87d2edb476dbd207fcf55a2de0d41fd8ace950523,53cd81ecf1020350b856bd19e9fd9df2666f2d3ad5543021a032bac36a2e702f,saved production runtime record; storage path removed only,outputPrefix omitted; JSON formatting only; all remaining values unchanged
config/production/eval-low-fifo-e1066/run_crn-stream-manifest.json,Research_Workspace/05_P0_RECOVERY/evidence/run_metadata/eval-low-fifo-e1066/run_crn-stream-manifest.json,c11dae7a3de01165b620efee2638f9c8f8b90639237780696f67ac2da73021b8,2dd9cb7e783ff2f8ee05b462386045b6d91c99f48cd954f12bad826bf9ea9b6f,saved production runtime record; storage path removed only,public path routing and/or serialization only; no algorithm or numeric change
config/production/eval-low-fifo-e1066/run_effective-config.json,Research_Workspace/05_P0_RECOVERY/evidence/run_metadata/eval-low-fifo-e1066/run_effective-config.json,1c7bb122643cc7425495338d2ee3daed5f80f0fab126a5160ebb392b7986fb63,23d80d72ec80bc1556119398f63504dd22ae10635290f8c4cbee65dd0f1106ca,saved production runtime record; storage path removed only,outputPrefix omitted; JSON formatting only; all remaining values unchanged
config/production/eval-low-fifo-e1067/run_crn-stream-manifest.json,Research_Workspace/05_P0_RECOVERY/evidence/run_metadata/eval-low-fifo-e1067/run_crn-stream-manifest.json,93bb3ce7a1da0374b089df98f6c173a6e7be01ce6c9bc556bceaaa2c6cfc81e4,8ea6ecf382ba924dd6656aae351e22bf8633de421af56b365f02cfac0f62e805,saved production runtime record; storage path removed only,public path routing and/or serialization only; no algorithm or numeric change
config/production/eval-low-fifo-e1067/run_effective-config.json,Research_Workspace/05_P0_RECOVERY/evidence/run_metadata/eval-low-fifo-e1067/run_effective-config.json,ee400d9b85d94f64f7e5c31eb87277b506e3d28819e90d25ca5d8796283762e2,7f348e5206cbf3b140818b52a259a2b969f747b7ddaa2ec42c3046791e72f1c4,saved production runtime record; storage path removed only,outputPrefix omitted; JSON formatting only; all remaining values unchanged
config/production/eval-low-fifo-e1068/run_crn-stream-manifest.json,Research_Workspace/05_P0_RECOVERY/evidence/run_metadata/eval-low-fifo-e1068/run_crn-stream-manifest.json,5c117f34b385a28c0f942334e8a6a4a1e1d566604662e57c188ee3ef14f0512b,5587e2fc510f4c0a05b8f2c2b5d50d2a97cf2b8661ff9698c635d0f69cf19816,saved production runtime record; storage path removed only,public path routing and/or serialization only; no algorithm or numeric change
config/production/eval-low-fifo-e1068/run_effective-config.json,Research_Workspace/05_P0_RECOVERY/evidence/run_metadata/eval-low-fifo-e1068/run_effective-config.json,10d2f3d8c0d232cb94c2255b2f81dd3c71b2cf038f296ece8e3ff2ef1f5dfa26,6b83a3f3c1e8d8a4ee3626534ff3542293a5289ba99e5c67a3545d5ee2d95397,saved production runtime record; storage path removed only,outputPrefix omitted; JSON formatting only; all remaining values unchanged
config/production/eval-low-fifo-e1069/run_crn-stream-manifest.json,Research_Workspace/05_P0_RECOVERY/evidence/run_metadata/eval-low-fifo-e1069/run_crn-stream-manifest.json,d9a9bb3ca92c9b7c4e0b2774861506bb48b0028f80dc6449e93115082c70ee8e,a845cdfb91e745aa457dae62788ecfb4063b7365de46c85787d7c58c5ce358fd,saved production runtime record; storage path removed only,public path routing and/or serialization only; no algorithm or numeric change
config/production/eval-low-fifo-e1069/run_effective-config.json,Research_Workspace/05_P0_RECOVERY/evidence/run_metadata/eval-low-fifo-e1069/run_effective-config.json,a17691ae52cd864c539f015b13d89e12e1622b8f7b79b917bd0159ea140dba35,15c38f05db223eebeb66b9b2881230761b93439d7ebd0de2e8361b9eecb9775c,saved production runtime record; storage path removed only,outputPrefix omitted; JSON formatting only; all remaining values unchanged
config/production/eval-low-fifo-e1070/run_crn-stream-manifest.json,Research_Workspace/05_P0_RECOVERY/evidence/run_metadata/eval-low-fifo-e1070/run_crn-stream-manifest.json,10c9677419ed88a9d1cc8700f80dbae179cf1254b98d9de5ec84f49d5d6ec753,2621bb0d466af573ae553034e5324846d7831f875271855e038869bf73d782f9,saved production runtime record; storage path removed only,public path routing and/or serialization only; no algorithm or numeric change
config/production/eval-low-fifo-e1070/run_effective-config.json,Research_Workspace/05_P0_RECOVERY/evidence/run_metadata/eval-low-fifo-e1070/run_effective-config.json,36d29453fd757fbd58e3c43dcdbb531aded4ca7980743d593fd8815ed1291167,d1ff33cfab65277cb559cda0e5fe46a99c312a799a53705b824db9c309288abd,saved production runtime record; storage path removed only,outputPrefix omitted; JSON formatting only; all remaining values unchanged
config/production/eval-low-fifo-e1071/run_crn-stream-manifest.json,Research_Workspace/05_P0_RECOVERY/evidence/run_metadata/eval-low-fifo-e1071/run_crn-stream-manifest.json,128782b6f1e4a1346c0caabbad2508e7c6fdb03dd74897521803d5f42363cc70,3c2476ed650025f34c9c8d42974219088d4e5ce7c0b85f5838c6adb84a57c1e6,saved production runtime record; storage path removed only,public path routing and/or serialization only; no algorithm or numeric change
config/production/eval-low-fifo-e1071/run_effective-config.json,Research_Workspace/05_P0_RECOVERY/evidence/run_metadata/eval-low-fifo-e1071/run_effective-config.json,11b9ba1ed34ecb9da781ad261695282d513af434f5193ae3a8deb310a4887139,f9de0e7b74ad334d4309549d022c5204e41e2719c37ee640fe13be1b59c49aef,saved production runtime record; storage path removed only,outputPrefix omitted; JSON formatting only; all remaining values unchanged
config/production/eval-low-fifo-e1072/run_crn-stream-manifest.json,Research_Workspace/05_P0_RECOVERY/evidence/run_metadata/eval-low-fifo-e1072/run_crn-stream-manifest.json,6bdd0116906ce400b4ae71322b8ad232eae5c196d61128cb414c82271279f0e0,20d7f796c3000fba02e2f0af77158d52eb5605d15a57dd5265acdae47ef011f6,saved production runtime record; storage path removed only,public path routing and/or serialization only; no algorithm or numeric change
config/production/eval-low-fifo-e1072/run_effective-config.json,Research_Workspace/05_P0_RECOVERY/evidence/run_metadata/eval-low-fifo-e1072/run_effective-config.json,b238858a0cd6e7a02a5939637b92d355ae990d1a417ff5c32a8c43267d61851d,9b22b5a2c1b19673fa9d071eb72bcfa5ee2dfee9b4edcb35451d8510f2c375b3,saved production runtime record; storage path removed only,outputPrefix omitted; JSON formatting only; all remaining values unchanged
config/production/eval-low-fifo-e1073/run_crn-stream-manifest.json,Research_Workspace/05_P0_RECOVERY/evidence/run_metadata/eval-low-fifo-e1073/run_crn-stream-manifest.json,727ed29c915fe6bbe08b65e7850962414ab6f558acc1c8efeed4077f18df574b,12a4e61230c93ad04ba9c05ffd94ea09ed819117faed1c2c6bb7d6afff203ce0,saved production runtime record; storage path removed only,public path routing and/or serialization only; no algorithm or numeric change
config/production/eval-low-fifo-e1073/run_effective-config.json,Research_Workspace/05_P0_RECOVERY/evidence/run_metadata/eval-low-fifo-e1073/run_effective-config.json,d172fd2a5634cbc69ec1945e3b677669f7c1639e97987e5e0dbb1912a246b635,367af6a42e191931e38d05d19172e6595e80325bc8fcd8bb32154805f6ea331e,saved production runtime record; storage path removed only,outputPrefix omitted; JSON formatting only; all remaining values unchanged
config/production/eval-low-fifo-e1074/run_crn-stream-manifest.json,Research_Workspace/05_P0_RECOVERY/evidence/run_metadata/eval-low-fifo-e1074/run_crn-stream-manifest.json,4e3955bd45a3d146033d50df346b8aa14846179377cb57cc18c796d6513898b6,d7fcbf21bcaa88756871a4fbf7c1aa3a66f118285f7c9fc8e406dbbb5322026f,saved production runtime record; storage path removed only,public path routing and/or serialization only; no algorithm or numeric change
config/production/eval-low-fifo-e1074/run_effective-config.json,Research_Workspace/05_P0_RECOVERY/evidence/run_metadata/eval-low-fifo-e1074/run_effective-config.json,e5519aea1ef4788fe8ffa160d642cf1ca254b5a91c873d4ac0ae41e5dd258342,88a3dc8af26cd9b2219cd0efc4d05f16a5f8c4dbfaa3b2b22031a261c791097f,saved production runtime record; storage path removed only,outputPrefix omitted; JSON formatting only; all remaining values unchanged
config/production/eval-low-fifo-e1075/run_crn-stream-manifest.json,Research_Workspace/05_P0_RECOVERY/evidence/run_metadata/eval-low-fifo-e1075/run_crn-stream-manifest.json,e42af2cc6d10dbb3e0ede6aca6a1399fa148b15fc054a8c9c54bdb49203b2860,a165b22a1d78f680377765ba463d81b822ab28bb7b75a7274fb77a597728e06e,saved production runtime record; storage path removed only,public path routing and/or serialization only; no algorithm or numeric change
config/production/eval-low-fifo-e1075/run_effective-config.json,Research_Workspace/05_P0_RECOVERY/evidence/run_metadata/eval-low-fifo-e1075/run_effective-config.json,9e8839b1c8c36452604d06dab102228696c66e51a4e1c7e5659a8be94877205e,edd91015ad4c2ccca3189aed89263d2499f0452696df264e4f7957573579a375,saved production runtime record; storage path removed only,outputPrefix omitted; JSON formatting only; all remaining values unchanged
config/production/eval-low-fifo-e1076/run_crn-stream-manifest.json,Research_Workspace/05_P0_RECOVERY/evidence/run_metadata/eval-low-fifo-e1076/run_crn-stream-manifest.json,99081c9f7be88a81066dcc0d9c0b3bc2bd9b27388797e5af4201dcfb548b4085,0b11dea01809352dd57af8cdd7ed3ee117ecacde98afc4725075ca6359432955,saved production runtime record; storage path removed only,public path routing and/or serialization only; no algorithm or numeric change
config/production/eval-low-fifo-e1076/run_effective-config.json,Research_Workspace/05_P0_RECOVERY/evidence/run_metadata/eval-low-fifo-e1076/run_effective-config.json,7656ed7377a804ded57af0319b069fceccdc668935c30ee4e41aca0f33fec296,ff66d888c12a425e8011961743fc871e471fc11973f57faf3526a6e2dc33514f,saved production runtime record; storage path removed only,outputPrefix omitted; JSON formatting only; all remaining values unchanged
config/production/eval-low-fifo-e1077/run_crn-stream-manifest.json,Research_Workspace/05_P0_RECOVERY/evidence/run_metadata/eval-low-fifo-e1077/run_crn-stream-manifest.json,208f2fda231fb5422c1485f5c01f0c02fa0a3b17eac0e1c359e987e93312e1ce,3b4af6393a92e290964d78f19d5b1167cf999fe77da0c4dce591fb00c0960d3c,saved production runtime record; storage path removed only,public path routing and/or serialization only; no algorithm or numeric change
config/production/eval-low-fifo-e1077/run_effective-config.json,Research_Workspace/05_P0_RECOVERY/evidence/run_metadata/eval-low-fifo-e1077/run_effective-config.json,3e97462a0cb444c0ad5411a361fabf7dae294d534bc8376967e43cc56db595ac,4febd66d170ffd715d777bb9f9e721ff61e0ca8c2607b4a99c91c4a4afac1799,saved production runtime record; storage path removed only,outputPrefix omitted; JSON formatting only; all remaining values unchanged
config/production/eval-low-fifo-e1078/run_crn-stream-manifest.json,Research_Workspace/05_P0_RECOVERY/evidence/run_metadata/eval-low-fifo-e1078/run_crn-stream-manifest.json,a124bc6b29ca488c94c755edba3c465410bcd41b2deec8fce8b849e9b7aed8ff,cc380b5c383f78f407afdeee3c1c5cc43b3fe99cad4ee0c3addc6c5b33cb0635,saved production runtime record; storage path removed only,public path routing and/or serialization only; no algorithm or numeric change
config/production/eval-low-fifo-e1078/run_effective-config.json,Research_Workspace/05_P0_RECOVERY/evidence/run_metadata/eval-low-fifo-e1078/run_effective-config.json,020a191af624058e1e69b797c18d5c94d921b7eeff3e5e8975191e0da71440e2,01082bc01d752719f413d66d08d5c6722728d2dfd58d792eb176a138454beed8,saved production runtime record; storage path removed only,outputPrefix omitted; JSON formatting only; all remaining values unchanged
config/production/eval-low-fifo-e1079/run_crn-stream-manifest.json,Research_Workspace/05_P0_RECOVERY/evidence/run_metadata/eval-low-fifo-e1079/run_crn-stream-manifest.json,d05aa15be1236f098f6c8b4bc7a1358ae15776c0017faa40a0b6ef95d7068f3e,c9d455d3f9eecac6c3218dc8c053bc1b9484be827f5fba087e6ccc69e8c4b4c0,saved production runtime record; storage path removed only,public path routing and/or serialization only; no algorithm or numeric change
config/production/eval-low-fifo-e1079/run_effective-config.json,Research_Workspace/05_P0_RECOVERY/evidence/run_metadata/eval-low-fifo-e1079/run_effective-config.json,6d21b5ccb8c0c74445278384ef1f09ff79d1809917133b805a02915436735443,3f39469d9c36ca1270f9ef765adca8f93322956347d00b0a18d062af04912beb,saved production runtime record; storage path removed only,outputPrefix omitted; JSON formatting only; all remaining values unchanged
config/production/eval-low-fifo-e1080/run_crn-stream-manifest.json,Research_Workspace/05_P0_RECOVERY/evidence/run_metadata/eval-low-fifo-e1080/run_crn-stream-manifest.json,4cb4a432673cf424eaa0fc3efa08892bb8856f5128daa8090fdd27d09271ebed,88f1fc30ef761ae681b1ad0042ace558e01fb2d177c25d6249ae3bc864fe9402,saved production runtime record; storage path removed only,public path routing and/or serialization only; no algorithm or numeric change
config/production/eval-low-fifo-e1080/run_effective-config.json,Research_Workspace/05_P0_RECOVERY/evidence/run_metadata/eval-low-fifo-e1080/run_effective-config.json,ee67f8dec714401bfc84c21c01dc19b5578e8098be71f7f2d3dda627186c00f7,93188d24984d70470dbbd0dcb6b98b1bc7c10228130ebe2f286d957070b597db,saved production runtime record; storage path removed only,outputPrefix omitted; JSON formatting only; all remaining values unchanged
config/production/eval-low-fifo-e1081/run_crn-stream-manifest.json,Research_Workspace/05_P0_RECOVERY/evidence/run_metadata/eval-low-fifo-e1081/run_crn-stream-manifest.json,6a1fe93d3a24957190cbb2a3461fc0cc228803143603e6edfaedff6d79504a4b,d8ac46bd6fd91f2f8d7bc27a898417a7d97b97bbad81ec8ee967b84cbc227fb9,saved production runtime record; storage path removed only,public path routing and/or serialization only; no algorithm or numeric change
config/production/eval-low-fifo-e1081/run_effective-config.json,Research_Workspace/05_P0_RECOVERY/evidence/run_metadata/eval-low-fifo-e1081/run_effective-config.json,e6ef3b3d9b8366bdedae381f537cacb9c4a693be71d37b9e00112a6e65764e46,a6c6d90879020c519bdf3f232a0297371b5418e73d250851116d127b9c8be1a8,saved production runtime record; storage path removed only,outputPrefix omitted; JSON formatting only; all remaining values unchanged
config/production/eval-low-fifo-e1082/run_crn-stream-manifest.json,Research_Workspace/05_P0_RECOVERY/evidence/run_metadata/eval-low-fifo-e1082/run_crn-stream-manifest.json,403e69090d1cbaaba5c0983263d72c7a7c87f25eda1b66f8e5a5198a3a7975a9,89e80c23a0f737dd8ecf5991c14473fd64e4ff050957afd88dcf531518d894a3,saved production runtime record; storage path removed only,public path routing and/or serialization only; no algorithm or numeric change
config/production/eval-low-fifo-e1082/run_effective-config.json,Research_Workspace/05_P0_RECOVERY/evidence/run_metadata/eval-low-fifo-e1082/run_effective-config.json,b64ae9ba84af30865fd18c5eaa0fbddec5ca339c088cadb9850b739f78d40c7a,d4f3a1dfba2cd5f5c7d304783525ea90de1e99511384a914c09248e08d327830,saved production runtime record; storage path removed only,outputPrefix omitted; JSON formatting only; all remaining values unchanged
config/production/eval-low-fifo-e1083/run_crn-stream-manifest.json,Research_Workspace/05_P0_RECOVERY/evidence/run_metadata/eval-low-fifo-e1083/run_crn-stream-manifest.json,7ea1ddb0e104570ef6122dd2535b8887ff0a7f1199555866ac483630fbbec98a,8dc8a6609ad91eda005192f74a2fb640fbeb628114f40cd0171f996df51aad0a,saved production runtime record; storage path removed only,public path routing and/or serialization only; no algorithm or numeric change
config/production/eval-low-fifo-e1083/run_effective-config.json,Research_Workspace/05_P0_RECOVERY/evidence/run_metadata/eval-low-fifo-e1083/run_effective-config.json,e9d7737d19b557502b56cfa4834004c1260174c5af406ec7549cddd51ffe15b6,8ce2a08afd2dd659b354907af3a6af8875eb911865f0e4a8e24b684b35dae99d,saved production runtime record; storage path removed only,outputPrefix omitted; JSON formatting only; all remaining values unchanged
config/production/eval-low-fifo-e1084/run_crn-stream-manifest.json,Research_Workspace/05_P0_RECOVERY/evidence/run_metadata/eval-low-fifo-e1084/run_crn-stream-manifest.json,e7c1b65ce78dbf43f0c83e4a5e984ba695bd3b8ca26a75f8b33edce6e1ebdf0f,6e4237534629f62a0a7f56588677cc296c77845a393aa5d7bef8d8e0bf1beac2,saved production runtime record; storage path removed only,public path routing and/or serialization only; no algorithm or numeric change
config/production/eval-low-fifo-e1084/run_effective-config.json,Research_Workspace/05_P0_RECOVERY/evidence/run_metadata/eval-low-fifo-e1084/run_effective-config.json,a8b5c755b72fbbdbf13d2e90c1c4ccee074051828e7d49b9f0b05b57639510e1,01e028c9ae73cacf4da9d447783571fa1aac64bbc6e2af0e3210e1345b7abc77,saved production runtime record; storage path removed only,outputPrefix omitted; JSON formatting only; all remaining values unchanged
config/production/eval-low-fifo-e1085/run_crn-stream-manifest.json,Research_Workspace/05_P0_RECOVERY/evidence/run_metadata/eval-low-fifo-e1085/run_crn-stream-manifest.json,d8220e1ed4177328b2ab7e359278ce9a6f3b7dc880b139bdeff230f66960c6e1,d2cdb75d236780d25c136fcf0881d8731e82bf68e06e6066e73ad7a817079606,saved production runtime record; storage path removed only,public path routing and/or serialization only; no algorithm or numeric change
config/production/eval-low-fifo-e1085/run_effective-config.json,Research_Workspace/05_P0_RECOVERY/evidence/run_metadata/eval-low-fifo-e1085/run_effective-config.json,dea2dc73d8ea55d64a9715b3653be9e4664e38f5943108786a2254ab628b5ebc,db6dfa9a877e83b296a514c5bdaa8514f39efb4fb5b392f03258373940449e57,saved production runtime record; storage path removed only,outputPrefix omitted; JSON formatting only; all remaining values unchanged
config/production/eval-low-fifo-e1086/run_crn-stream-manifest.json,Research_Workspace/05_P0_RECOVERY/evidence/run_metadata/eval-low-fifo-e1086/run_crn-stream-manifest.json,789f954baa6030fca0d7211854adff9fb54e9d4fa0a347ca8d8aefae4c406539,3770c73146c9f79fc3aee1c355db819a9fbad6aca8bd6f9c6457223119001328,saved production runtime record; storage path removed only,public path routing and/or serialization only; no algorithm or numeric change
config/production/eval-low-fifo-e1086/run_effective-config.json,Research_Workspace/05_P0_RECOVERY/evidence/run_metadata/eval-low-fifo-e1086/run_effective-config.json,b68ddfa29c7e216b54fdacbe60a66fed0ab9b3779eead1743e944f41d83612c5,a21d9b98d5f2cb4effe479229985e0294825f49c579d459ced592724f5035e95,saved production runtime record; storage path removed only,outputPrefix omitted; JSON formatting only; all remaining values unchanged
config/production/eval-low-fifo-e1087/run_crn-stream-manifest.json,Research_Workspace/05_P0_RECOVERY/evidence/run_metadata/eval-low-fifo-e1087/run_crn-stream-manifest.json,a6e2ae332fcee6d983ce654c37201575e963b8d8eb787e5c5186f33792e271dc,d20860c931742529e8664adab07b32b16b16459fd9ef6152efed4f5765b1aab8,saved production runtime record; storage path removed only,public path routing and/or serialization only; no algorithm or numeric change
config/production/eval-low-fifo-e1087/run_effective-config.json,Research_Workspace/05_P0_RECOVERY/evidence/run_metadata/eval-low-fifo-e1087/run_effective-config.json,22a9e8beeca8de5784fdba96aaaf32068a36e5bfad5e963995ca0d4b4008c897,27d3327fd6e39d6ee7d5adfec14ca5fcf66a83707525f654912c0734c515a32c,saved production runtime record; storage path removed only,outputPrefix omitted; JSON formatting only; all remaining values unchanged
config/production/eval-low-fifo-e1088/run_crn-stream-manifest.json,Research_Workspace/05_P0_RECOVERY/evidence/run_metadata/eval-low-fifo-e1088/run_crn-stream-manifest.json,3b7ce73bbe42e2ecbb87fb056cec4f825dc288e70d4082b1e5699bf1b500b8a2,e0b5cb2f031bba330308fb618acf6e0ea553a2292e3444dad19660be77380c51,saved production runtime record; storage path removed only,public path routing and/or serialization only; no algorithm or numeric change
config/production/eval-low-fifo-e1088/run_effective-config.json,Research_Workspace/05_P0_RECOVERY/evidence/run_metadata/eval-low-fifo-e1088/run_effective-config.json,7fbafbba72f649323df31090d7d0e592e3bac742b6b938e9f9f59ef525b4fcc2,15fa395e2197735290245a5e1e4e9319e72fb01cbdb53e875e51d4f6d1249db0,saved production runtime record; storage path removed only,outputPrefix omitted; JSON formatting only; all remaining values unchanged
config/production/eval-low-policy-e1001/run_crn-stream-manifest.json,Research_Workspace/05_P0_RECOVERY/evidence/run_metadata/eval-low-policy-e1001/run_crn-stream-manifest.json,48c282be26ea2b70fe60349bf8e357b5e78ea23f8208c4dff385161c46919e39,06a845d51b0ae18e7a4fa7d0f9d7f1b127db308bc783b036dc1a235278c7b81d,saved production runtime record; storage path removed only,public path routing and/or serialization only; no algorithm or numeric change
config/production/eval-low-policy-e1001/run_effective-config.json,Research_Workspace/05_P0_RECOVERY/evidence/run_metadata/eval-low-policy-e1001/run_effective-config.json,d28946560f0b0439d9fd215dced03177a970c2c9c6e12aebfdbcf66ec112a889,6f784bdb2581e23ad43681602969836bfb7053a8bf87c726856aa2461a14e425,saved production runtime record; storage path removed only,outputPrefix omitted; JSON formatting only; all remaining values unchanged
config/production/eval-low-policy-e1002/run_crn-stream-manifest.json,Research_Workspace/05_P0_RECOVERY/evidence/run_metadata/eval-low-policy-e1002/run_crn-stream-manifest.json,18f4b3b9e11fa5a14875b8ece9bd7d842a9b6e634ff2ff66bb784fa90415aad5,f46e5bfa40fd099d5b0af4b5a66ed3ce171af088c0029a364ca045097df61895,saved production runtime record; storage path removed only,public path routing and/or serialization only; no algorithm or numeric change
config/production/eval-low-policy-e1002/run_effective-config.json,Research_Workspace/05_P0_RECOVERY/evidence/run_metadata/eval-low-policy-e1002/run_effective-config.json,42045138ab2c014ea5b0ade620763812d4ab3b52cab72bf3e96035a6c709cb7d,0a6474559c598857a73af53970c4331f20cda2efbefa511ba2876e11b42a8f67,saved production runtime record; storage path removed only,outputPrefix omitted; JSON formatting only; all remaining values unchanged
config/production/eval-low-policy-e1003/run_crn-stream-manifest.json,Research_Workspace/05_P0_RECOVERY/evidence/run_metadata/eval-low-policy-e1003/run_crn-stream-manifest.json,ff8ae243e81de56467d901450839a49cc1dcd2a6699dc9614c4db3c1dec6a34b,e863ebd8711ff01a12e11e1c9126480593aab1ff95208c87f02cdc86fc9545db,saved production runtime record; storage path removed only,public path routing and/or serialization only; no algorithm or numeric change
config/production/eval-low-policy-e1003/run_effective-config.json,Research_Workspace/05_P0_RECOVERY/evidence/run_metadata/eval-low-policy-e1003/run_effective-config.json,2710c5699aeac369746d717166c4bc343f3f7d4578a0f1b7c8ffc53e394a0dec,6f2e3c73dd13519a277d547fdbdf23ac9006fcf28dcea9fe96cd67ac7c7b1ba7,saved production runtime record; storage path removed only,outputPrefix omitted; JSON formatting only; all remaining values unchanged
config/production/eval-low-policy-e1004/run_crn-stream-manifest.json,Research_Workspace/05_P0_RECOVERY/evidence/run_metadata/eval-low-policy-e1004/run_crn-stream-manifest.json,8981404aacc1f2fff4143b0ed2d233280228d1e2e112cd413df549cb2a01f94b,4305f640292d184d18e895bb8346b9f4f493953689703d7c003761d9a578be59,saved production runtime record; storage path removed only,public path routing and/or serialization only; no algorithm or numeric change
config/production/eval-low-policy-e1004/run_effective-config.json,Research_Workspace/05_P0_RECOVERY/evidence/run_metadata/eval-low-policy-e1004/run_effective-config.json,c17c59de2e2e7f952ef617d363f0955135fc0daf589f883244d6036aca949625,f904a9be80238139d657d18fdfbf6c3d17a8746792ed4718b15f81361307143b,saved production runtime record; storage path removed only,outputPrefix omitted; JSON formatting only; all remaining values unchanged
config/production/eval-low-policy-e1005/run_crn-stream-manifest.json,Research_Workspace/05_P0_RECOVERY/evidence/run_metadata/eval-low-policy-e1005/run_crn-stream-manifest.json,89895982e3816962d15418249ed19ea87c1f2c109f69649bed176ddf8d06c7b1,b90eb5e2303721a18110bbb8483f5686bc509627c34c139d5bd061bd0e1782d6,saved production runtime record; storage path removed only,public path routing and/or serialization only; no algorithm or numeric change
config/production/eval-low-policy-e1005/run_effective-config.json,Research_Workspace/05_P0_RECOVERY/evidence/run_metadata/eval-low-policy-e1005/run_effective-config.json,7bfca43a900873ff95155b094eda8f2ce0652cb7d78a5978f3953f8c17a7e197,9601bb53042d5bf00974f0442d8ed8f1d184f94c0d56c8141dd1f94f2adf8968,saved production runtime record; storage path removed only,outputPrefix omitted; JSON formatting only; all remaining values unchanged
config/production/eval-low-policy-e1006/run_crn-stream-manifest.json,Research_Workspace/05_P0_RECOVERY/evidence/run_metadata/eval-low-policy-e1006/run_crn-stream-manifest.json,aca53411f92a610dbf83ec1bcec59eb525c81960409160fd564096810de394de,93dcb1472bececb741c90455b89815fb7ae18c1286fdb70fce6c5e67b1dfc8fb,saved production runtime record; storage path removed only,public path routing and/or serialization only; no algorithm or numeric change
config/production/eval-low-policy-e1006/run_effective-config.json,Research_Workspace/05_P0_RECOVERY/evidence/run_metadata/eval-low-policy-e1006/run_effective-config.json,de5c8905714d2b313e24dce40ba808a17120b2b8474cb8c164a06b2625a5a7f8,2f8e98dce4447d80b9a35fbc53d7dcf61104ed60b68a4d0fda06be300c1e1e80,saved production runtime record; storage path removed only,outputPrefix omitted; JSON formatting only; all remaining values unchanged
config/production/eval-low-policy-e1007/run_crn-stream-manifest.json,Research_Workspace/05_P0_RECOVERY/evidence/run_metadata/eval-low-policy-e1007/run_crn-stream-manifest.json,5e26e2fc1214f3012e88b7e4462c1f2ef19ec70212b24d742514ceba80f7d189,90dc6c81f6169b569f3358cd4f24fe1a62c7cea25eacb1084d4754db7c049542,saved production runtime record; storage path removed only,public path routing and/or serialization only; no algorithm or numeric change
config/production/eval-low-policy-e1007/run_effective-config.json,Research_Workspace/05_P0_RECOVERY/evidence/run_metadata/eval-low-policy-e1007/run_effective-config.json,6a898ec2b7a20612d86a089f58c2530ee023efe63a9e711392af275c7a07e60b,c366981c3a984942a8b4a1c99949bc565585750f14d96294ce5507825acd6c78,saved production runtime record; storage path removed only,outputPrefix omitted; JSON formatting only; all remaining values unchanged
config/production/eval-low-policy-e1008/run_crn-stream-manifest.json,Research_Workspace/05_P0_RECOVERY/evidence/run_metadata/eval-low-policy-e1008/run_crn-stream-manifest.json,ca89250e237c40ff838591612177ba29047f5b388993b8ada6a091c079fbaaa9,bf099660fcaac0bcce478c406e3c8c875384e12f691ac58d3dcd79e78c25eacc,saved production runtime record; storage path removed only,public path routing and/or serialization only; no algorithm or numeric change
config/production/eval-low-policy-e1008/run_effective-config.json,Research_Workspace/05_P0_RECOVERY/evidence/run_metadata/eval-low-policy-e1008/run_effective-config.json,5285ed32a0c02969c928e9defce3b96d25b4798ca416f7c1b4c02abc5f6ae34d,e724ccddceeec685181ccb2ce0928f43edb3f648dc187346fc0aa26b83cdb575,saved production runtime record; storage path removed only,outputPrefix omitted; JSON formatting only; all remaining values unchanged
config/production/eval-low-policy-e1009/run_crn-stream-manifest.json,Research_Workspace/05_P0_RECOVERY/evidence/run_metadata/eval-low-policy-e1009/run_crn-stream-manifest.json,a46cb0e1e70ea43e142940ad3d7565e861aa021c13502cdd548adde05ce3e40b,1d53f14b8ccc035e7e1fbaee0fab619753fb410e0fdfe144d5b8eb31e1dbf82b,saved production runtime record; storage path removed only,public path routing and/or serialization only; no algorithm or numeric change
config/production/eval-low-policy-e1009/run_effective-config.json,Research_Workspace/05_P0_RECOVERY/evidence/run_metadata/eval-low-policy-e1009/run_effective-config.json,077f93f4a0acb50fa831a00b375cde3f02ff3b59daca8e6a862c5b555c8439ae,4ca3b83f81b044e4202f7fef9ff01508e06a21f8fcff35c013d5569f587215bb,saved production runtime record; storage path removed only,outputPrefix omitted; JSON formatting only; all remaining values unchanged
config/production/eval-low-policy-e1010/run_crn-stream-manifest.json,Research_Workspace/05_P0_RECOVERY/evidence/run_metadata/eval-low-policy-e1010/run_crn-stream-manifest.json,4543a0ba65c75da260d4c247a4bb5c726150f42a302f6fb9d74e660200339d2e,9badd8ce0931cc336d8f7cf47674e57abd9eaef8b7117841f1afbc011eb65670,saved production runtime record; storage path removed only,public path routing and/or serialization only; no algorithm or numeric change
config/production/eval-low-policy-e1010/run_effective-config.json,Research_Workspace/05_P0_RECOVERY/evidence/run_metadata/eval-low-policy-e1010/run_effective-config.json,5178b195b6fdab760dc14d7e2b13b5a91ee1be75ee2708cc8dd3dc1acbb756ba,1d5c1a343fe4947ee1d4a1524d218829630c2c20456c5d855b48dd1b8e7640c7,saved production runtime record; storage path removed only,outputPrefix omitted; JSON formatting only; all remaining values unchanged
config/production/eval-low-policy-e1011/run_crn-stream-manifest.json,Research_Workspace/05_P0_RECOVERY/evidence/run_metadata/eval-low-policy-e1011/run_crn-stream-manifest.json,15d320a24a7530528c0c9b88f60fb07697eee432c80ba8d8c8d6c45bd349a43b,39c58e7946f94ae80130d6e9fbddf459038b6cb7242c43c06b2861769ed8ffc0,saved production runtime record; storage path removed only,public path routing and/or serialization only; no algorithm or numeric change
config/production/eval-low-policy-e1011/run_effective-config.json,Research_Workspace/05_P0_RECOVERY/evidence/run_metadata/eval-low-policy-e1011/run_effective-config.json,941b19759e36f87ea2c1687fbbe90e1b50463cbb5eb115202d87417367c66d57,d9b10e32d61992e786d182e9110de03e5d76396d50ce7d3264e5cf3dfad98e59,saved production runtime record; storage path removed only,outputPrefix omitted; JSON formatting only; all remaining values unchanged
config/production/eval-low-policy-e1012/run_crn-stream-manifest.json,Research_Workspace/05_P0_RECOVERY/evidence/run_metadata/eval-low-policy-e1012/run_crn-stream-manifest.json,3e895bb82c218091cbe8f2cdbcc66415394ffaf48d16f55ec941014bb55cdbe4,692b41d809e6902e8e40c7bbbc39fc218a7caaeef40735e2464ecc2268f6b6fc,saved production runtime record; storage path removed only,public path routing and/or serialization only; no algorithm or numeric change
config/production/eval-low-policy-e1012/run_effective-config.json,Research_Workspace/05_P0_RECOVERY/evidence/run_metadata/eval-low-policy-e1012/run_effective-config.json,4d6a7beb49c66211a21de06d2f8938010995523a9052bbf53450d5c35c333b5c,63d7c5479126af1a02a1347ac26fddc7b500cf52e4d6b6447d1487a239d2d44e,saved production runtime record; storage path removed only,outputPrefix omitted; JSON formatting only; all remaining values unchanged
config/production/eval-low-policy-e1013/run_crn-stream-manifest.json,Research_Workspace/05_P0_RECOVERY/evidence/run_metadata/eval-low-policy-e1013/run_crn-stream-manifest.json,4f18801535e40cf1531fc4c4ff15d27a66277743a345548b81af3fa64c0a8048,8b6afdaff1d75587c0399aac4e75112eb9634809a8dddfb47456100c3223d889,saved production runtime record; storage path removed only,public path routing and/or serialization only; no algorithm or numeric change
config/production/eval-low-policy-e1013/run_effective-config.json,Research_Workspace/05_P0_RECOVERY/evidence/run_metadata/eval-low-policy-e1013/run_effective-config.json,9132301df3504dabef0af9df62527e072d91c46c8d1726124c7e5acf8025f1a8,37b58dd95bf783613c470d7c32d6b082fbd63d4d8e52d825b34cd63269c5d6ed,saved production runtime record; storage path removed only,outputPrefix omitted; JSON formatting only; all remaining values unchanged
config/production/eval-low-policy-e1014/run_crn-stream-manifest.json,Research_Workspace/05_P0_RECOVERY/evidence/run_metadata/eval-low-policy-e1014/run_crn-stream-manifest.json,7c89c28fa50a03a24478b21a5b1459720c00a03958f3e86d411887973a386b6c,c99e9397c66d6395d9ae9bab77ca35d10a3db09643f5d6b66d8f93d17c356a47,saved production runtime record; storage path removed only,public path routing and/or serialization only; no algorithm or numeric change
config/production/eval-low-policy-e1014/run_effective-config.json,Research_Workspace/05_P0_RECOVERY/evidence/run_metadata/eval-low-policy-e1014/run_effective-config.json,d4dabaad3aa7269a9361229aaf6fc8cf5e1f940705370618b6628743899b8ca9,1877abefa68641c6fea1680e4b6b620b3b73de6a1b59130b008a50e1b0755b57,saved production runtime record; storage path removed only,outputPrefix omitted; JSON formatting only; all remaining values unchanged
config/production/eval-low-policy-e1015/run_crn-stream-manifest.json,Research_Workspace/05_P0_RECOVERY/evidence/run_metadata/eval-low-policy-e1015/run_crn-stream-manifest.json,3d8712fc2a9c0d38b0e283d4b7694755d3e66e89e4acadbca160d37bc3fd4d7c,6912d6a49947875445b6dcc2fea4a52338b75acf04ea45b8db59636bd7532137,saved production runtime record; storage path removed only,public path routing and/or serialization only; no algorithm or numeric change
config/production/eval-low-policy-e1015/run_effective-config.json,Research_Workspace/05_P0_RECOVERY/evidence/run_metadata/eval-low-policy-e1015/run_effective-config.json,6a9de5227abcbb0f0471a76ca95be6ddf8f226db07a9274c934ac6f51f88b166,e864df168b0df8e1485016fa1489ec4856ed0caf2281ec141fa5eb76733e0913,saved production runtime record; storage path removed only,outputPrefix omitted; JSON formatting only; all remaining values unchanged
config/production/eval-low-policy-e1016/run_crn-stream-manifest.json,Research_Workspace/05_P0_RECOVERY/evidence/run_metadata/eval-low-policy-e1016/run_crn-stream-manifest.json,ca4441592fa48d615d8d6ba0cf65a79b29b4eba3394d82012251653529963b86,75f9e00079340b0663e05e309514c2f07c92b88676eb22110412cbf2e7d4a98d,saved production runtime record; storage path removed only,public path routing and/or serialization only; no algorithm or numeric change
config/production/eval-low-policy-e1016/run_effective-config.json,Research_Workspace/05_P0_RECOVERY/evidence/run_metadata/eval-low-policy-e1016/run_effective-config.json,032290b71414f074e824835b4495cff46b1c647f5b6d7e01bb73d55c1da2f4f3,5a991fa378a4c66c707975ea86f1b3243b84c510d19df17808cb6d11daee388c,saved production runtime record; storage path removed only,outputPrefix omitted; JSON formatting only; all remaining values unchanged
config/production/eval-low-policy-e1017/run_crn-stream-manifest.json,Research_Workspace/05_P0_RECOVERY/evidence/run_metadata/eval-low-policy-e1017/run_crn-stream-manifest.json,bb4fb606e8ad0444a045f2e480b535acab8904913f94c5cec4946014f40c661c,5498f670f28303a7c5098f05533368325f69b06f5d77f1050275cfa2a66687aa,saved production runtime record; storage path removed only,public path routing and/or serialization only; no algorithm or numeric change
config/production/eval-low-policy-e1017/run_effective-config.json,Research_Workspace/05_P0_RECOVERY/evidence/run_metadata/eval-low-policy-e1017/run_effective-config.json,3a126128f0d3896a980f8c7f1f5e54a94742a9632156c959453d74a1382b6a38,131d9f0c4391f3db4449b723cab4be4a6b05d2d45816c3c5ac89dd48c252dea5,saved production runtime record; storage path removed only,outputPrefix omitted; JSON formatting only; all remaining values unchanged
config/production/eval-low-policy-e1018/run_crn-stream-manifest.json,Research_Workspace/05_P0_RECOVERY/evidence/run_metadata/eval-low-policy-e1018/run_crn-stream-manifest.json,1c4461cff48377f2f40121e71216a56146e08432eabff91860949add398edcd5,a10ce06382d0b59a5d9ba0701fd19dcba60354f9b5659a7485ff739edfe5d08b,saved production runtime record; storage path removed only,public path routing and/or serialization only; no algorithm or numeric change
config/production/eval-low-policy-e1018/run_effective-config.json,Research_Workspace/05_P0_RECOVERY/evidence/run_metadata/eval-low-policy-e1018/run_effective-config.json,34d0564e5f5c60a973c6c45bfdef7902285d00c2633a0e762a4560c47d7d2520,c7181324b145f05fcfa77ba66f4793c2e641225262ad92c0e16aa9edc999635a,saved production runtime record; storage path removed only,outputPrefix omitted; JSON formatting only; all remaining values unchanged
config/production/eval-low-policy-e1019/run_crn-stream-manifest.json,Research_Workspace/05_P0_RECOVERY/evidence/run_metadata/eval-low-policy-e1019/run_crn-stream-manifest.json,b412bec4921d8719c44cf8fd85f1a44b37d29facec7d708d7b367a02ba959977,aae7cdd2062897c29fdb7bb8733c87ec3b29888713affce83ed0de2ed21ab824,saved production runtime record; storage path removed only,public path routing and/or serialization only; no algorithm or numeric change
config/production/eval-low-policy-e1019/run_effective-config.json,Research_Workspace/05_P0_RECOVERY/evidence/run_metadata/eval-low-policy-e1019/run_effective-config.json,7e82352319bfcbdd5dd3b955ecfa1ae970c93b701513b272aa97e1af2d80ef8b,52494a61fcf9261d8d98113a6005c93ee5dbef2de8fc1fd576443abef70b8596,saved production runtime record; storage path removed only,outputPrefix omitted; JSON formatting only; all remaining values unchanged
config/production/eval-low-policy-e1020/run_crn-stream-manifest.json,Research_Workspace/05_P0_RECOVERY/evidence/run_metadata/eval-low-policy-e1020/run_crn-stream-manifest.json,c970659d13825b556f9ba136ca61e4950d9e9be532acc7e5b765d6abb32783dc,bd3f5cfdd250d855b3dc2a9b9c68fd5b4466ae1dbbc616852be218c7add8552e,saved production runtime record; storage path removed only,public path routing and/or serialization only; no algorithm or numeric change
config/production/eval-low-policy-e1020/run_effective-config.json,Research_Workspace/05_P0_RECOVERY/evidence/run_metadata/eval-low-policy-e1020/run_effective-config.json,1f12daa98cf5c005a7c42bdc8e96965eed8508b2041570d0a4c25a16f5315634,50b475be2ba5b115943890f7125a94fc17e41e96eb111b8fa75ea2e283485fd1,saved production runtime record; storage path removed only,outputPrefix omitted; JSON formatting only; all remaining values unchanged
config/production/eval-low-policy-e1021/run_crn-stream-manifest.json,Research_Workspace/05_P0_RECOVERY/evidence/run_metadata/eval-low-policy-e1021/run_crn-stream-manifest.json,5122fc6ef5a09089d71c1a1d796c3cc9cf3a6070158868a168b8ee4812d13a83,ad8cc9650ac941f8a4d1a3dbd4adfece280fc5eeefeb9941504169172104d1e9,saved production runtime record; storage path removed only,public path routing and/or serialization only; no algorithm or numeric change
config/production/eval-low-policy-e1021/run_effective-config.json,Research_Workspace/05_P0_RECOVERY/evidence/run_metadata/eval-low-policy-e1021/run_effective-config.json,0789c2d9377f5f20246e37ad06b186fb7c64cccbd2073af691c232e1cc1dbb77,5dfb0b70b30d78814f38fc8b018aab1015f824520f03785512d556ef25e45c59,saved production runtime record; storage path removed only,outputPrefix omitted; JSON formatting only; all remaining values unchanged
config/production/eval-low-policy-e1022/run_crn-stream-manifest.json,Research_Workspace/05_P0_RECOVERY/evidence/run_metadata/eval-low-policy-e1022/run_crn-stream-manifest.json,47f784b8a2d39c942c2efe0dab0e056468f68475aff7100dece2ae844375bffe,c81e11d37d14cf6909116ec84ab646184521bf5583ea2d5de15ac0dd5252199e,saved production runtime record; storage path removed only,public path routing and/or serialization only; no algorithm or numeric change
config/production/eval-low-policy-e1022/run_effective-config.json,Research_Workspace/05_P0_RECOVERY/evidence/run_metadata/eval-low-policy-e1022/run_effective-config.json,7b951b9e938cc5cd0585f5e73e3eafb54d503a3f9de064cf149b56528c1ee4b3,5c510ade59f1fea0f2619b11e5c2029a44916c0d48206360e08e47220965fbdf,saved production runtime record; storage path removed only,outputPrefix omitted; JSON formatting only; all remaining values unchanged
config/production/eval-low-policy-e1023/run_crn-stream-manifest.json,Research_Workspace/05_P0_RECOVERY/evidence/run_metadata/eval-low-policy-e1023/run_crn-stream-manifest.json,27700b5082fc7972b4d87a040615e2e0b2019901a3f78ffa0176805e5d7e5edb,d681d5257edcabbbd0b97b21ee50b1910df7b0e21f915aa6501c32e13f3dd3ca,saved production runtime record; storage path removed only,public path routing and/or serialization only; no algorithm or numeric change
config/production/eval-low-policy-e1023/run_effective-config.json,Research_Workspace/05_P0_RECOVERY/evidence/run_metadata/eval-low-policy-e1023/run_effective-config.json,87d67af687ccc718c872997a5a04a1c0bd22a4e2d09f20e1e0adf214f121587e,e2fe41518431392a16512dab16e2466bdcd139682ad2859ab75f85eb8951af09,saved production runtime record; storage path removed only,outputPrefix omitted; JSON formatting only; all remaining values unchanged
config/production/eval-low-policy-e1024/run_crn-stream-manifest.json,Research_Workspace/05_P0_RECOVERY/evidence/run_metadata/eval-low-policy-e1024/run_crn-stream-manifest.json,171834f018e91436794814e93a1f62a547d0d8689fed5de7be9796c73a86d95e,3317366da5222ae6b92e3261365752e7957e59b07cb88e818310fce84a2ececc,saved production runtime record; storage path removed only,public path routing and/or serialization only; no algorithm or numeric change
config/production/eval-low-policy-e1024/run_effective-config.json,Research_Workspace/05_P0_RECOVERY/evidence/run_metadata/eval-low-policy-e1024/run_effective-config.json,3462ed68a55a1129b9f6fd1917a45710f23635d8d9e2f73c4f33a8c781efe3a9,89acddc8be8c05fec2f7228a8287ca1bb33fd76ff58f048f42ec9683b2c55ca4,saved production runtime record; storage path removed only,outputPrefix omitted; JSON formatting only; all remaining values unchanged
config/production/eval-low-policy-e1025/run_crn-stream-manifest.json,Research_Workspace/05_P0_RECOVERY/evidence/run_metadata/eval-low-policy-e1025/run_crn-stream-manifest.json,4e3a8305156bbfc4d77a2b28f216a05cd6bdf801a1456c37b18bb33ac1372421,a2ce7606495e3336afc7e5feb14f417269491573fea3c8dbded3fe51a1b9d96f,saved production runtime record; storage path removed only,public path routing and/or serialization only; no algorithm or numeric change
config/production/eval-low-policy-e1025/run_effective-config.json,Research_Workspace/05_P0_RECOVERY/evidence/run_metadata/eval-low-policy-e1025/run_effective-config.json,7e663a918140522d45a1efda7b29e6d3571a5658e69339f082e193b297612923,6544c4cb63881ba6aad302aefb3db705cf6a7708c7a64c62415c84d7ba61f0d4,saved production runtime record; storage path removed only,outputPrefix omitted; JSON formatting only; all remaining values unchanged
config/production/eval-low-policy-e1026/run_crn-stream-manifest.json,Research_Workspace/05_P0_RECOVERY/evidence/run_metadata/eval-low-policy-e1026/run_crn-stream-manifest.json,ebad4fb1d33e10b20a1f29e35b4431a38c93ecd6322312968f6a7c2069a9237c,cc3a0c3b250fc96b8c10fa3ca9858502df77ab9ce7778f90c01a4d7f06f4a5c3,saved production runtime record; storage path removed only,public path routing and/or serialization only; no algorithm or numeric change
config/production/eval-low-policy-e1026/run_effective-config.json,Research_Workspace/05_P0_RECOVERY/evidence/run_metadata/eval-low-policy-e1026/run_effective-config.json,a738d3a16dfa0a25e51da5ca17ce55de3a719de1260ab3fe40ce12daef885528,cd533e36e19b30bed1915a8b92340facd59d9bfa8da66d03994a289359b3a390,saved production runtime record; storage path removed only,outputPrefix omitted; JSON formatting only; all remaining values unchanged
config/production/eval-low-policy-e1027/run_crn-stream-manifest.json,Research_Workspace/05_P0_RECOVERY/evidence/run_metadata/eval-low-policy-e1027/run_crn-stream-manifest.json,7e59748cf7932b18093fbdb7b98577212c7a920f33084ac5e79c362dda32d8a4,75c728415d2b0b40c784f11cfa6b28cb156ceb62274a4e7f9abe2a020b8f65b4,saved production runtime record; storage path removed only,public path routing and/or serialization only; no algorithm or numeric change
config/production/eval-low-policy-e1027/run_effective-config.json,Research_Workspace/05_P0_RECOVERY/evidence/run_metadata/eval-low-policy-e1027/run_effective-config.json,d1fd28da05c937006a2a938b94a8fbb69e7f82a01b511ae649c86455919ad32f,d937d52881099bf92d90d98a9ed3fb9be66d876b5f2f21c170f1c19be2c6e94f,saved production runtime record; storage path removed only,outputPrefix omitted; JSON formatting only; all remaining values unchanged
config/production/eval-low-policy-e1028/run_crn-stream-manifest.json,Research_Workspace/05_P0_RECOVERY/evidence/run_metadata/eval-low-policy-e1028/run_crn-stream-manifest.json,6d86c8720bc2f557e8c9adbcc61e30808576a9a26c7a25a0029f4e87bcb03ecb,d7415a1461af9acf2638f923f06d158a4c8c98f4a70ac9869482bb83610bf80d,saved production runtime record; storage path removed only,public path routing and/or serialization only; no algorithm or numeric change
config/production/eval-low-policy-e1028/run_effective-config.json,Research_Workspace/05_P0_RECOVERY/evidence/run_metadata/eval-low-policy-e1028/run_effective-config.json,bf7fb6c880e0391dd85ed51492d091440b76a7a536c052efc5d63b19cb7ffe75,8c82b8182cf42e80d2ff7685e7532745bceb71c039bb190ba437038fc167f2e4,saved production runtime record; storage path removed only,outputPrefix omitted; JSON formatting only; all remaining values unchanged
config/production/eval-low-policy-e1029/run_crn-stream-manifest.json,Research_Workspace/05_P0_RECOVERY/evidence/run_metadata/eval-low-policy-e1029/run_crn-stream-manifest.json,8f0218a18432b6dd46cbdf3be133bbc5dced48952610fa52dccbcb36cad4b67f,b56673aaae6c4da01c701accbb13420eb289bb4e24510428c32e0725fe6777bf,saved production runtime record; storage path removed only,public path routing and/or serialization only; no algorithm or numeric change
config/production/eval-low-policy-e1029/run_effective-config.json,Research_Workspace/05_P0_RECOVERY/evidence/run_metadata/eval-low-policy-e1029/run_effective-config.json,7d829daeb1bccd9a6af0c04dc4c3627e69bea60e17ca686e08e021440f803f05,d66b9a6e8a1aad30e80893fe7d58e306ca22408031e2f4d0836ca82cddacc03f,saved production runtime record; storage path removed only,outputPrefix omitted; JSON formatting only; all remaining values unchanged
config/production/eval-low-policy-e1030/run_crn-stream-manifest.json,Research_Workspace/05_P0_RECOVERY/evidence/run_metadata/eval-low-policy-e1030/run_crn-stream-manifest.json,56bd1953e3c943d9bebf3b8ea152191bf8efeb4041f17cc69974a2d47c5ae03f,8940920e01d95821f3b2b57f6b3c745d1aa9554611e9350d220aceba938eae02,saved production runtime record; storage path removed only,public path routing and/or serialization only; no algorithm or numeric change
config/production/eval-low-policy-e1030/run_effective-config.json,Research_Workspace/05_P0_RECOVERY/evidence/run_metadata/eval-low-policy-e1030/run_effective-config.json,4745575d5891227050cd4e56486547c7d32b697db2c733e726862a2179863558,5d0fac6f48c44f8a277c19cc4f15cd1adade550a870d893b1f6e48b68f42cce3,saved production runtime record; storage path removed only,outputPrefix omitted; JSON formatting only; all remaining values unchanged
config/production/eval-low-policy-e1031/run_crn-stream-manifest.json,Research_Workspace/05_P0_RECOVERY/evidence/run_metadata/eval-low-policy-e1031/run_crn-stream-manifest.json,d047f380f70a826297db8112f9938bb15d0d9af9a98b597e3fa9a9fea224af8c,703c611e60d808d7acee5ba14c197e456ac4ac989ef4dd1807984e5b31af4cdd,saved production runtime record; storage path removed only,public path routing and/or serialization only; no algorithm or numeric change
config/production/eval-low-policy-e1031/run_effective-config.json,Research_Workspace/05_P0_RECOVERY/evidence/run_metadata/eval-low-policy-e1031/run_effective-config.json,6307ec88596934d850f5baa49bb7a60159946cedb01bd1dcd1d3100dcfedebcf,391a17b81175dea95fac058729eea5327baa1c4ff9a38475df0ee0d9b4611f5e,saved production runtime record; storage path removed only,outputPrefix omitted; JSON formatting only; all remaining values unchanged
config/production/eval-low-policy-e1032/run_crn-stream-manifest.json,Research_Workspace/05_P0_RECOVERY/evidence/run_metadata/eval-low-policy-e1032/run_crn-stream-manifest.json,c96b7db753dcf2819f37b61361251715153aec36c7f0bc4ba33e48114d79853b,84e19b83393c9fe7630fd38b5ec110d1e4fa277f1a27acfc7ab4a3dc375a8218,saved production runtime record; storage path removed only,public path routing and/or serialization only; no algorithm or numeric change
config/production/eval-low-policy-e1032/run_effective-config.json,Research_Workspace/05_P0_RECOVERY/evidence/run_metadata/eval-low-policy-e1032/run_effective-config.json,3808a2775940e5b2a9cfeb197666b58397bae429268eb869fad4d201f96c7ac7,3c7d34aabb3244aa0c55abe12d3a670aab33e62fef0f5443e31236bd72c9e34f,saved production runtime record; storage path removed only,outputPrefix omitted; JSON formatting only; all remaining values unchanged
config/production/eval-low-policy-e1033/run_crn-stream-manifest.json,Research_Workspace/05_P0_RECOVERY/evidence/run_metadata/eval-low-policy-e1033/run_crn-stream-manifest.json,d19caaf7a9c7b4575490a3145eb226729d208df7c838a3a5fcf544eac61b440e,3bedef6f1e436591f8a3ac291a38ebe47f50839f59a8ab13f4ff8535b63216b2,saved production runtime record; storage path removed only,public path routing and/or serialization only; no algorithm or numeric change
config/production/eval-low-policy-e1033/run_effective-config.json,Research_Workspace/05_P0_RECOVERY/evidence/run_metadata/eval-low-policy-e1033/run_effective-config.json,51bb57cf7124e9d7e279b138aadf6efbe1681d7b48765f3c77780b474de78b91,a0cc6232bcdf4e733cf4de6dda94e5550916728a01a4347c6e197fee77ef4483,saved production runtime record; storage path removed only,outputPrefix omitted; JSON formatting only; all remaining values unchanged
config/production/eval-low-policy-e1034/run_crn-stream-manifest.json,Research_Workspace/05_P0_RECOVERY/evidence/run_metadata/eval-low-policy-e1034/run_crn-stream-manifest.json,2eb345b4d8d882646cb82cd037dea4bac05cc770a34e0cfd1ba50d269c391cf3,d787272f75fdbe6d33b04bf4a465bf33fa7058b27a2269aff923d83d8aa02c6e,saved production runtime record; storage path removed only,public path routing and/or serialization only; no algorithm or numeric change
config/production/eval-low-policy-e1034/run_effective-config.json,Research_Workspace/05_P0_RECOVERY/evidence/run_metadata/eval-low-policy-e1034/run_effective-config.json,4931ac35436d4432c61e6b6d544a0e6880e17b1bd594c88f263f36329ddbbf65,06d6dd319cbab83410a6593cb504997cdca088b8f3ad3691ad06d85770a2610a,saved production runtime record; storage path removed only,outputPrefix omitted; JSON formatting only; all remaining values unchanged
config/production/eval-low-policy-e1035/run_crn-stream-manifest.json,Research_Workspace/05_P0_RECOVERY/evidence/run_metadata/eval-low-policy-e1035/run_crn-stream-manifest.json,aaf4c5e5f06e1e34b8c8d7a9028d3dd6107ad0129451ee4077e2021431b62836,d697482302035b5c0b6143fac5193b5adc0946b26fceb6f22db37193fef24b30,saved production runtime record; storage path removed only,public path routing and/or serialization only; no algorithm or numeric change
config/production/eval-low-policy-e1035/run_effective-config.json,Research_Workspace/05_P0_RECOVERY/evidence/run_metadata/eval-low-policy-e1035/run_effective-config.json,11d56fc382a8efe963f4465e4953659f1c07f6e25730d6b5491c13062141af37,65b098943c982aaf21954eae2fef4d8e5c3a98b5a10df0f92b8cb8c930481c4f,saved production runtime record; storage path removed only,outputPrefix omitted; JSON formatting only; all remaining values unchanged
config/production/eval-low-policy-e1036/run_crn-stream-manifest.json,Research_Workspace/05_P0_RECOVERY/evidence/run_metadata/eval-low-policy-e1036/run_crn-stream-manifest.json,7958b104048c19ed44b274e89d1cb0ed9dd6b05de586eef02209b3efd35ce325,7269e91f600b3e19563eb569f4f8d0a86ae3349c93f8ebc3577878b48116af62,saved production runtime record; storage path removed only,public path routing and/or serialization only; no algorithm or numeric change
config/production/eval-low-policy-e1036/run_effective-config.json,Research_Workspace/05_P0_RECOVERY/evidence/run_metadata/eval-low-policy-e1036/run_effective-config.json,6137d494d4ebc3f7207598de19612c864e920e6f84a4111cdd7fda60097eb4e7,693c78228f0832506d007b233da62a74bbfad9f6fd2224ee6b43f6ada510f36b,saved production runtime record; storage path removed only,outputPrefix omitted; JSON formatting only; all remaining values unchanged
config/production/eval-low-policy-e1037/run_crn-stream-manifest.json,Research_Workspace/05_P0_RECOVERY/evidence/run_metadata/eval-low-policy-e1037/run_crn-stream-manifest.json,5e6121b838bb0351aff945ebf582bef0d974b14541900352fa03f3132e79c51e,a5b0dd5991f12f896fcbcc76c1557d3c10f9bd2d8df371724f382b1d6cbffdca,saved production runtime record; storage path removed only,public path routing and/or serialization only; no algorithm or numeric change
config/production/eval-low-policy-e1037/run_effective-config.json,Research_Workspace/05_P0_RECOVERY/evidence/run_metadata/eval-low-policy-e1037/run_effective-config.json,993d22954473d3a4691e2ba054f98454a28d935c58dbedb0f5bd377a384393db,f4ce922e38cfffb6ecbc90178c5a03f4faad02ade159918b2e688863acc41100,saved production runtime record; storage path removed only,outputPrefix omitted; JSON formatting only; all remaining values unchanged
config/production/eval-low-policy-e1038/run_crn-stream-manifest.json,Research_Workspace/05_P0_RECOVERY/evidence/run_metadata/eval-low-policy-e1038/run_crn-stream-manifest.json,a3ee1d9afabab70856248e825ad81db85d86420426a35e45f958d94a70833f84,8398795f5130fb247dcdd1d63b47cd6a7d610155d10fbd4561b491c22948decc,saved production runtime record; storage path removed only,public path routing and/or serialization only; no algorithm or numeric change
config/production/eval-low-policy-e1038/run_effective-config.json,Research_Workspace/05_P0_RECOVERY/evidence/run_metadata/eval-low-policy-e1038/run_effective-config.json,7cb8adeccd46b3fb9d2951ad70e1a01da7bf6fa5fd8f714581450cf700cc3ef1,ab23bb8b6f6e5352e17adc7269e16268e9d677f338f075eb411eb77171f2549a,saved production runtime record; storage path removed only,outputPrefix omitted; JSON formatting only; all remaining values unchanged
config/production/eval-low-policy-e1039/run_crn-stream-manifest.json,Research_Workspace/05_P0_RECOVERY/evidence/run_metadata/eval-low-policy-e1039/run_crn-stream-manifest.json,2ab9fb2034aef72816adaea11612ba72c9f76b6cd5b7c7a459668e22809c1b52,0695c50dd590c6855feffad0dcad19d8861b86feab8ce06c00c5ef8c0ed5278b,saved production runtime record; storage path removed only,public path routing and/or serialization only; no algorithm or numeric change
config/production/eval-low-policy-e1039/run_effective-config.json,Research_Workspace/05_P0_RECOVERY/evidence/run_metadata/eval-low-policy-e1039/run_effective-config.json,6240b3ce80cc475351ad0655cd88504df3a0325fcf669eed1cdf7f409bdbdf11,20ec0be136da6a4622e94544567b3431b84d754377bddd257292387b23198ede,saved production runtime record; storage path removed only,outputPrefix omitted; JSON formatting only; all remaining values unchanged
config/production/eval-low-policy-e1040/run_crn-stream-manifest.json,Research_Workspace/05_P0_RECOVERY/evidence/run_metadata/eval-low-policy-e1040/run_crn-stream-manifest.json,c1ccb6e67318669eb3140ce8b9fdcf937993620b701d2b2b1ea4b68aac638c79,e3377da3d1481562675e40221fc87ba63997611f9eb4b661af26f1bc053af33e,saved production runtime record; storage path removed only,public path routing and/or serialization only; no algorithm or numeric change
config/production/eval-low-policy-e1040/run_effective-config.json,Research_Workspace/05_P0_RECOVERY/evidence/run_metadata/eval-low-policy-e1040/run_effective-config.json,fcb562930b46fbd1a8fa664d0e2f54f3986f5d2c344affbabc5366bfd57c3c95,a1f64ec3e63f847d8cd7547617dbe1352723d8f3fc72286fd5a14a72ad5609c4,saved production runtime record; storage path removed only,outputPrefix omitted; JSON formatting only; all remaining values unchanged
config/production/eval-low-policy-e1041/run_crn-stream-manifest.json,Research_Workspace/05_P0_RECOVERY/evidence/run_metadata/eval-low-policy-e1041/run_crn-stream-manifest.json,f89ff085947b5dc9efa6eb3727c672d8819dec151ce7d3ba50bb069e7350bf47,c1dc1febbcb2e09abacc4bb8ccbf545e424efe66c4d0e491c7cdf5862bd719a9,saved production runtime record; storage path removed only,public path routing and/or serialization only; no algorithm or numeric change
config/production/eval-low-policy-e1041/run_effective-config.json,Research_Workspace/05_P0_RECOVERY/evidence/run_metadata/eval-low-policy-e1041/run_effective-config.json,494c971f23e24e4074439e499f750c2865f2acee99ebb2be0a3de5a858a0bbec,3e5aa703655e1a83811cd30d80a23e9b32c9a196ced718d11f7542329fd3d385,saved production runtime record; storage path removed only,outputPrefix omitted; JSON formatting only; all remaining values unchanged
config/production/eval-low-policy-e1042/run_crn-stream-manifest.json,Research_Workspace/05_P0_RECOVERY/evidence/run_metadata/eval-low-policy-e1042/run_crn-stream-manifest.json,684ca325e1db1fd6af919a326ed8984acdd1ac888aadebf77d0e730b3d77becc,df38a42ecbd88d862258c7225f7e1e67f9d4af3167745d1b0f16f6e6d8601596,saved production runtime record; storage path removed only,public path routing and/or serialization only; no algorithm or numeric change
config/production/eval-low-policy-e1042/run_effective-config.json,Research_Workspace/05_P0_RECOVERY/evidence/run_metadata/eval-low-policy-e1042/run_effective-config.json,023824d24f6206b8c487de797a8b2d3857bdc51e04b4f484be1bffa723648d56,2a6cc3e0f988d57448bbca07226a2cf8a59d97325fd891671c6cfb099cbfeea8,saved production runtime record; storage path removed only,outputPrefix omitted; JSON formatting only; all remaining values unchanged
config/production/eval-low-policy-e1043/run_crn-stream-manifest.json,Research_Workspace/05_P0_RECOVERY/evidence/run_metadata/eval-low-policy-e1043/run_crn-stream-manifest.json,b0a0b1739b16963fd5dbe4250252b958a0554e0e0bdd324f1128218d2599e0a9,721501558c2572976127fd1bbc1d88e983698fcba59bf3c80e43984be90b7405,saved production runtime record; storage path removed only,public path routing and/or serialization only; no algorithm or numeric change
config/production/eval-low-policy-e1043/run_effective-config.json,Research_Workspace/05_P0_RECOVERY/evidence/run_metadata/eval-low-policy-e1043/run_effective-config.json,701e30a4f822c0f27d681a4436176036b3cbae324b12c2d408ce17a9a75b7ed8,d12bd95c17049234b524c8b69a9ba6992e71c973e357aefd27c4a9c505c2b93c,saved production runtime record; storage path removed only,outputPrefix omitted; JSON formatting only; all remaining values unchanged
config/production/eval-low-policy-e1044/run_crn-stream-manifest.json,Research_Workspace/05_P0_RECOVERY/evidence/run_metadata/eval-low-policy-e1044/run_crn-stream-manifest.json,08bb5af06ea13ca9fc31b7842df76dfc3798a5946a83c303b0bafd72a3cdce5e,898c4d111d1246c50f917e87d5e613f1991b9816237b95a3c8c03a6fbded1135,saved production runtime record; storage path removed only,public path routing and/or serialization only; no algorithm or numeric change
config/production/eval-low-policy-e1044/run_effective-config.json,Research_Workspace/05_P0_RECOVERY/evidence/run_metadata/eval-low-policy-e1044/run_effective-config.json,d07b0af7c781070fff3e20597703cf728c1366a515a62a7bec496d3dd5b70bd5,b4637805f41db111b90fb95092598019d724ba0eabc665301e401360b333f613,saved production runtime record; storage path removed only,outputPrefix omitted; JSON formatting only; all remaining values unchanged
config/production/eval-low-policy-e1045/run_crn-stream-manifest.json,Research_Workspace/05_P0_RECOVERY/evidence/run_metadata/eval-low-policy-e1045/run_crn-stream-manifest.json,7889056557dc2074ebcaa7f9b35083e3c927b775d19cae5af046e09ce4bb6294,f5adf106123fd0df253c9c95594b772d565ee62adc73d0a0479960246fa5abce,saved production runtime record; storage path removed only,public path routing and/or serialization only; no algorithm or numeric change
config/production/eval-low-policy-e1045/run_effective-config.json,Research_Workspace/05_P0_RECOVERY/evidence/run_metadata/eval-low-policy-e1045/run_effective-config.json,d3f4bf314e45ce202029d1b81720eaa58e4671ed1949ed933591655afa1a1b85,0608fd87b9893b58e931b0f05e4f72867a2e5a93f974cce5a63ecdaa310f4a0f,saved production runtime record; storage path removed only,outputPrefix omitted; JSON formatting only; all remaining values unchanged
config/production/eval-low-policy-e1046/run_crn-stream-manifest.json,Research_Workspace/05_P0_RECOVERY/evidence/run_metadata/eval-low-policy-e1046/run_crn-stream-manifest.json,c960929b7f7309162b4db1136946cf3bc48efa4bd7229fe906b69c57ae4ee1ca,cc818d0105a5f5e99e69cf0561dc3ec3c22bd1ebb12a1556f45f72a68eac39b2,saved production runtime record; storage path removed only,public path routing and/or serialization only; no algorithm or numeric change
config/production/eval-low-policy-e1046/run_effective-config.json,Research_Workspace/05_P0_RECOVERY/evidence/run_metadata/eval-low-policy-e1046/run_effective-config.json,0784f37111d84af520aa30b4a340ce6445e61e5f8cf4219df66118486dd127fa,37da3cf5fa59c955f07df56e4ca6cea4e39367f919af90c253046427e8e6fee7,saved production runtime record; storage path removed only,outputPrefix omitted; JSON formatting only; all remaining values unchanged
config/production/eval-low-policy-e1047/run_crn-stream-manifest.json,Research_Workspace/05_P0_RECOVERY/evidence/run_metadata/eval-low-policy-e1047/run_crn-stream-manifest.json,721e38ef5282b5783c8ac2c344072b2745fe3b5f897c2f528084c27b5e3bf8bd,d7772dc9c79618c51bfede3aac719e1aadf333c7e67143968267eee1dd65ecaa,saved production runtime record; storage path removed only,public path routing and/or serialization only; no algorithm or numeric change
config/production/eval-low-policy-e1047/run_effective-config.json,Research_Workspace/05_P0_RECOVERY/evidence/run_metadata/eval-low-policy-e1047/run_effective-config.json,d29efffd1e6ffc1d4941b9e080396eb80ab78f6d2317bab73b4c58f7e7b4581f,9807df2632eed7da0f597823d0256c7fcbd3424a871e637d881ef674c056d87b,saved production runtime record; storage path removed only,outputPrefix omitted; JSON formatting only; all remaining values unchanged
config/production/eval-low-policy-e1048/run_crn-stream-manifest.json,Research_Workspace/05_P0_RECOVERY/evidence/run_metadata/eval-low-policy-e1048/run_crn-stream-manifest.json,d988035266b7b25f546f3e1a75d0600d1deeb1c7b01ed99ebe216851ac314a16,a16d52ad5b650886bbbeece92df2397974220293da6a2f77612efab9b841390d,saved production runtime record; storage path removed only,public path routing and/or serialization only; no algorithm or numeric change
config/production/eval-low-policy-e1048/run_effective-config.json,Research_Workspace/05_P0_RECOVERY/evidence/run_metadata/eval-low-policy-e1048/run_effective-config.json,c2ddade6f450ea8e3a3f91e931852e5b7fdfa3127fdc487257af4c3a9a2c00ad,035e3f58dffa5c11dc47952745cf1e296d0412b6dd205fc9e84503a27040e80e,saved production runtime record; storage path removed only,outputPrefix omitted; JSON formatting only; all remaining values unchanged
config/production/eval-low-policy-e1049/run_crn-stream-manifest.json,Research_Workspace/05_P0_RECOVERY/evidence/run_metadata/eval-low-policy-e1049/run_crn-stream-manifest.json,b6972a194f821d9c8c2703a7cb4becd30ee5046bde95eeaf28eaa77167479e26,c3f62dae0e5a8368ba12c2dc46eff575f1c74f7ba55951995c092d40ae904bac,saved production runtime record; storage path removed only,public path routing and/or serialization only; no algorithm or numeric change
config/production/eval-low-policy-e1049/run_effective-config.json,Research_Workspace/05_P0_RECOVERY/evidence/run_metadata/eval-low-policy-e1049/run_effective-config.json,7ca91470118bcc3da14025cbcbb7d70477fdd1289dc3bbe54ae0fd24cc7373b1,1ab9f0c9e841bbb0c568567f11646cacd3d3a2b2694a5a3438bd70b7fb46ed9b,saved production runtime record; storage path removed only,outputPrefix omitted; JSON formatting only; all remaining values unchanged
config/production/eval-low-policy-e1050/run_crn-stream-manifest.json,Research_Workspace/05_P0_RECOVERY/evidence/run_metadata/eval-low-policy-e1050/run_crn-stream-manifest.json,43f46debb28e9ece4288d130e64c2a1c682de13710cf370cd63d19623519bee9,325f0c4a612b175476d3b2363ab78618390ed6e0be17c361ae831211d05e22c6,saved production runtime record; storage path removed only,public path routing and/or serialization only; no algorithm or numeric change
config/production/eval-low-policy-e1050/run_effective-config.json,Research_Workspace/05_P0_RECOVERY/evidence/run_metadata/eval-low-policy-e1050/run_effective-config.json,32d2114cf9815ffe2f9710dad3891f64f90d001d09fe81bbcc32f33f5b7905f6,67794db5e1dc92448102c23989a14dbbc41a2717d415cb131133f18f7e23ef14,saved production runtime record; storage path removed only,outputPrefix omitted; JSON formatting only; all remaining values unchanged
config/production/eval-low-policy-e1051/run_crn-stream-manifest.json,Research_Workspace/05_P0_RECOVERY/evidence/run_metadata/eval-low-policy-e1051/run_crn-stream-manifest.json,6be1c0574cb7af7d0428efc1f76c064a92c578f5b9f8c3934eea182a294ed07f,8decd1af52df7e98c58c5653283fafaff6ff43b4e428e4f53224d635f2eb2d84,saved production runtime record; storage path removed only,public path routing and/or serialization only; no algorithm or numeric change
config/production/eval-low-policy-e1051/run_effective-config.json,Research_Workspace/05_P0_RECOVERY/evidence/run_metadata/eval-low-policy-e1051/run_effective-config.json,0c0e84f5b6afadcab509ddb73d27fa4c4b9a8c5afe4d16b78b43cabe2e1e2d7f,9865c525fe131e4e715c8b340fc12636ace742ed25288d570b79f9cbd55bd8bf,saved production runtime record; storage path removed only,outputPrefix omitted; JSON formatting only; all remaining values unchanged
config/production/eval-low-policy-e1052/run_crn-stream-manifest.json,Research_Workspace/05_P0_RECOVERY/evidence/run_metadata/eval-low-policy-e1052/run_crn-stream-manifest.json,4b259df8d1eede2b50322aa834f731f17f8706f5f1f5d16cb71aa28e25de6491,316c0dd665eefbcacef8ba9142451beee583a0de99bf29bd7979cdc4406709ca,saved production runtime record; storage path removed only,public path routing and/or serialization only; no algorithm or numeric change
config/production/eval-low-policy-e1052/run_effective-config.json,Research_Workspace/05_P0_RECOVERY/evidence/run_metadata/eval-low-policy-e1052/run_effective-config.json,548dea8596cc226a3230b828c772c90b84de1f94e1dfb71daec677d95054bae6,72f7fbbda5032c33e9bac862b98ef8cdfee042246d86e66a3a88e1bd6439efd7,saved production runtime record; storage path removed only,outputPrefix omitted; JSON formatting only; all remaining values unchanged
config/production/eval-low-policy-e1053/run_crn-stream-manifest.json,Research_Workspace/05_P0_RECOVERY/evidence/run_metadata/eval-low-policy-e1053/run_crn-stream-manifest.json,14002df94d07355c4323b4e602760af9c5904feb53b16b7aa6f68d374e1110ff,2bb5085fdd1ce4d3400d0d8ce046030b9d7642b378264385b2fc1c49fca2f056,saved production runtime record; storage path removed only,public path routing and/or serialization only; no algorithm or numeric change
config/production/eval-low-policy-e1053/run_effective-config.json,Research_Workspace/05_P0_RECOVERY/evidence/run_metadata/eval-low-policy-e1053/run_effective-config.json,8731daff30521184fcd62b88d9e2f1aaaf6b94396a4a5d995f41433425362a27,afbdcbbccc3fe062ee7962f47e79ad923258026750c67ef71ce56885a9479ca9,saved production runtime record; storage path removed only,outputPrefix omitted; JSON formatting only; all remaining values unchanged
config/production/eval-low-policy-e1054/run_crn-stream-manifest.json,Research_Workspace/05_P0_RECOVERY/evidence/run_metadata/eval-low-policy-e1054/run_crn-stream-manifest.json,2dd2e57fcbba189856fac3cb0f43203d4176546ef46ef1cbf6af304117eebdf8,8f3bb66b22d9bd009f17a8e0d42a5be03c3632d5c7be941a878c326e536118e0,saved production runtime record; storage path removed only,public path routing and/or serialization only; no algorithm or numeric change
config/production/eval-low-policy-e1054/run_effective-config.json,Research_Workspace/05_P0_RECOVERY/evidence/run_metadata/eval-low-policy-e1054/run_effective-config.json,6f8a05979d2ae5327f83c29f2f112346dccb8db95ba6dbcdb8220c100a6d462c,166544dd9b2baeab2d21d3a556615a5b5f3534312c65710b33ca2618c5482d82,saved production runtime record; storage path removed only,outputPrefix omitted; JSON formatting only; all remaining values unchanged
config/production/eval-low-policy-e1055/run_crn-stream-manifest.json,Research_Workspace/05_P0_RECOVERY/evidence/run_metadata/eval-low-policy-e1055/run_crn-stream-manifest.json,beef42aaa857d190b45036324e05772020969080251af5f49e3ad4e98dfa641f,fa6a759d2984b639ca9f9c83213706005262e0a8275c2ff95042267587a721cc,saved production runtime record; storage path removed only,public path routing and/or serialization only; no algorithm or numeric change
config/production/eval-low-policy-e1055/run_effective-config.json,Research_Workspace/05_P0_RECOVERY/evidence/run_metadata/eval-low-policy-e1055/run_effective-config.json,623b59f56338cf7f172eb453cb712ee6a483ce4c0c9da892ba3470cf35198abf,47d318be507099e796c004ca636918a6d27e973d387bc17215f444af0a6d0c85,saved production runtime record; storage path removed only,outputPrefix omitted; JSON formatting only; all remaining values unchanged
config/production/eval-low-policy-e1056/run_crn-stream-manifest.json,Research_Workspace/05_P0_RECOVERY/evidence/run_metadata/eval-low-policy-e1056/run_crn-stream-manifest.json,1b0ddc76b9f06f31153993bfa1e045113f822a9467250cd185890223397b1933,e7f41a9c3af1e34f9e54d82845ce579886fae4c3ecbf46e11f6556884d13f506,saved production runtime record; storage path removed only,public path routing and/or serialization only; no algorithm or numeric change
config/production/eval-low-policy-e1056/run_effective-config.json,Research_Workspace/05_P0_RECOVERY/evidence/run_metadata/eval-low-policy-e1056/run_effective-config.json,7eacf7bb2bb115477bec1161d130c8f7ea6c03256574760c13faadffa07a4af1,45a812c4c082b9fe0eb2686ddf5dba2caf1377183479a7d60861ca8f586224b5,saved production runtime record; storage path removed only,outputPrefix omitted; JSON formatting only; all remaining values unchanged
config/production/eval-low-policy-e1057/run_crn-stream-manifest.json,Research_Workspace/05_P0_RECOVERY/evidence/run_metadata/eval-low-policy-e1057/run_crn-stream-manifest.json,b8ade117c52789645f4d98ead579d861d8532e18883f8c3db63005b65dc93ffd,9adffc80967251faf380ccee82925f6e12cb9b7dabaa1fbbe11dfc2a14384a71,saved production runtime record; storage path removed only,public path routing and/or serialization only; no algorithm or numeric change
config/production/eval-low-policy-e1057/run_effective-config.json,Research_Workspace/05_P0_RECOVERY/evidence/run_metadata/eval-low-policy-e1057/run_effective-config.json,63e737f000b8e6903636d06242b8f7540e49dab547afa86bf098858bd251f3ac,289222a284aa8e66fce0a423e60046569ea782e061a5858d3fe49858186f3dbc,saved production runtime record; storage path removed only,outputPrefix omitted; JSON formatting only; all remaining values unchanged
config/production/eval-low-policy-e1058/run_crn-stream-manifest.json,Research_Workspace/05_P0_RECOVERY/evidence/run_metadata/eval-low-policy-e1058/run_crn-stream-manifest.json,9be28de538a8c5d0b9a791df2a5ca171681f46f211e3d82e237a494753b4592d,d29bccbf1f03e87726a4a68d6a651fbb8a9007f44db58cbc7d46c80354f9be5e,saved production runtime record; storage path removed only,public path routing and/or serialization only; no algorithm or numeric change
config/production/eval-low-policy-e1058/run_effective-config.json,Research_Workspace/05_P0_RECOVERY/evidence/run_metadata/eval-low-policy-e1058/run_effective-config.json,e029483e66a6fa9b4c893e5b83d6c4f2fc57249b394fcc5ab72e2b1df985dad3,e618e4f1c3532aae2b1b29de072c5b7eaf1410046071ef36b3ff2f20e1cc5c54,saved production runtime record; storage path removed only,outputPrefix omitted; JSON formatting only; all remaining values unchanged
config/production/eval-low-policy-e1059/run_crn-stream-manifest.json,Research_Workspace/05_P0_RECOVERY/evidence/run_metadata/eval-low-policy-e1059/run_crn-stream-manifest.json,ebdfc37e7bfc1d9cd437fe187f2253dad7421b3cb72fc5088954af7a254beba3,8a14ae08762e32ecc56ca4f8a633c14fe8716e5431edced31d962c622fda0642,saved production runtime record; storage path removed only,public path routing and/or serialization only; no algorithm or numeric change
config/production/eval-low-policy-e1059/run_effective-config.json,Research_Workspace/05_P0_RECOVERY/evidence/run_metadata/eval-low-policy-e1059/run_effective-config.json,b0b57293d51042b95879ff6019a8d7bd8342933d70670ba0ad80acfe453b5c07,bbb6197ca276e66639366b15e4fa597129de1475ba3f997b6591f3d6d699d281,saved production runtime record; storage path removed only,outputPrefix omitted; JSON formatting only; all remaining values unchanged
config/production/eval-low-policy-e1060/run_crn-stream-manifest.json,Research_Workspace/05_P0_RECOVERY/evidence/run_metadata/eval-low-policy-e1060/run_crn-stream-manifest.json,ded9db1a06bacf0fe02190508957bc5ed6e03c2dbd63ead45cff1765cc78e8f0,0ed881e6c59bd158ff616b6d2b3de009eb0112e01300a65c0e577ab5d348b6e3,saved production runtime record; storage path removed only,public path routing and/or serialization only; no algorithm or numeric change
config/production/eval-low-policy-e1060/run_effective-config.json,Research_Workspace/05_P0_RECOVERY/evidence/run_metadata/eval-low-policy-e1060/run_effective-config.json,da5f1c771ad55cbf547f12eef6778f42d40390a47fee3051466798a15099d7b0,7f217bb5a60d7dde55f21c497e281da6e1c76790be3acf99051a6364dceae4a0,saved production runtime record; storage path removed only,outputPrefix omitted; JSON formatting only; all remaining values unchanged
config/production/eval-low-policy-e1061/run_crn-stream-manifest.json,Research_Workspace/05_P0_RECOVERY/evidence/run_metadata/eval-low-policy-e1061/run_crn-stream-manifest.json,e60c0ebb8fdde91f2c3f80540124626fc1ea3cd7a33885ea67ee99b1a43a2754,09dca8e8e2256a36018dea66ed4c4a3973a03887785a05d9067b229457eef80d,saved production runtime record; storage path removed only,public path routing and/or serialization only; no algorithm or numeric change
config/production/eval-low-policy-e1061/run_effective-config.json,Research_Workspace/05_P0_RECOVERY/evidence/run_metadata/eval-low-policy-e1061/run_effective-config.json,6e7a35a8643f210c9a20250cdec61756d40d2eb4b57b95f9c0b9ce3da82ec8ab,6cdd18e125ccb44f715491b01fa7c097a881c210c5a1f62b089d65b47799d656,saved production runtime record; storage path removed only,outputPrefix omitted; JSON formatting only; all remaining values unchanged
config/production/eval-low-policy-e1062/run_crn-stream-manifest.json,Research_Workspace/05_P0_RECOVERY/evidence/run_metadata/eval-low-policy-e1062/run_crn-stream-manifest.json,c8d21c6307817560a3f63ead894ef43508282680c4362542760f210294c888dd,cf1ebd32aa4a4476653c592e81f993a6edd2d23a305cced5674080b346b90548,saved production runtime record; storage path removed only,public path routing and/or serialization only; no algorithm or numeric change
config/production/eval-low-policy-e1062/run_effective-config.json,Research_Workspace/05_P0_RECOVERY/evidence/run_metadata/eval-low-policy-e1062/run_effective-config.json,464614df1299dd1e955cd9403e9b2a11dd980017f758a70e088de73ead582873,7dc0fd98803fb9922539114b5483e8b4d82f7175f3e4fcc0aeffad179f46a892,saved production runtime record; storage path removed only,outputPrefix omitted; JSON formatting only; all remaining values unchanged
config/production/eval-low-policy-e1063/run_crn-stream-manifest.json,Research_Workspace/05_P0_RECOVERY/evidence/run_metadata/eval-low-policy-e1063/run_crn-stream-manifest.json,e34bb8d75fe12ad0e01fcbdd529f00f2837238f6d04ef47d0796abab706d35b9,1bb65dacfdf64cfaf1015d0e8b7d138cc77e32a4d442b21bf8985e49eb9ebbc2,saved production runtime record; storage path removed only,public path routing and/or serialization only; no algorithm or numeric change
config/production/eval-low-policy-e1063/run_effective-config.json,Research_Workspace/05_P0_RECOVERY/evidence/run_metadata/eval-low-policy-e1063/run_effective-config.json,50d17b4127b61c7cd12833d506abd15697541d0b9852111c01b0d80c293ad170,4ea87d736c89f03af31017528e37f144b8759fdcbdbf9923dba3617e1f8c5d7f,saved production runtime record; storage path removed only,outputPrefix omitted; JSON formatting only; all remaining values unchanged
config/production/eval-low-policy-e1064/run_crn-stream-manifest.json,Research_Workspace/05_P0_RECOVERY/evidence/run_metadata/eval-low-policy-e1064/run_crn-stream-manifest.json,137c9962a46e584f5e4ba77ecb98f2413d6bf510c01a2a12c07cd97b63a69174,4b2f1e5e6271702c9e2bd24d6f46603a3e1f02c42fdc478410a3f52a8a968a1e,saved production runtime record; storage path removed only,public path routing and/or serialization only; no algorithm or numeric change
config/production/eval-low-policy-e1064/run_effective-config.json,Research_Workspace/05_P0_RECOVERY/evidence/run_metadata/eval-low-policy-e1064/run_effective-config.json,95d39b5f2f96df245009a9b478cf41d56534376651256c8e34809e99db72e96d,e21afcc777e7af23a36cec552db84f078b0ce491d1108a2cb2374387094f7ddf,saved production runtime record; storage path removed only,outputPrefix omitted; JSON formatting only; all remaining values unchanged
config/production/eval-low-policy-e1065/run_crn-stream-manifest.json,Research_Workspace/05_P0_RECOVERY/evidence/run_metadata/eval-low-policy-e1065/run_crn-stream-manifest.json,4a651099a3f64b9afe7c6ddea135817f7116ecb24db8fbbfb85a20ef3bc6f907,abb176ce2336edf047662aa7661510e12f8ba75ab862e6b4f3d33446e528ab4a,saved production runtime record; storage path removed only,public path routing and/or serialization only; no algorithm or numeric change
config/production/eval-low-policy-e1065/run_effective-config.json,Research_Workspace/05_P0_RECOVERY/evidence/run_metadata/eval-low-policy-e1065/run_effective-config.json,ba127d0f174a4aa3d65648df7fe06229bc859931fdb61202730fabe3ec3f6191,7d4bd77bcaa0781f08927e12fcbf2f3167330b60c0dba0ea1511a4e7fea5a37e,saved production runtime record; storage path removed only,outputPrefix omitted; JSON formatting only; all remaining values unchanged
config/production/eval-low-policy-e1066/run_crn-stream-manifest.json,Research_Workspace/05_P0_RECOVERY/evidence/run_metadata/eval-low-policy-e1066/run_crn-stream-manifest.json,c11dae7a3de01165b620efee2638f9c8f8b90639237780696f67ac2da73021b8,2dd9cb7e783ff2f8ee05b462386045b6d91c99f48cd954f12bad826bf9ea9b6f,saved production runtime record; storage path removed only,public path routing and/or serialization only; no algorithm or numeric change
config/production/eval-low-policy-e1066/run_effective-config.json,Research_Workspace/05_P0_RECOVERY/evidence/run_metadata/eval-low-policy-e1066/run_effective-config.json,13e1be7ffa8b20b13618d8c584f03e6cf97555bf942a19c168edec1b616374ea,8c4363d985398c3d58377a500f4d918e9726b07d0bcb9178d7127edb5206a90a,saved production runtime record; storage path removed only,outputPrefix omitted; JSON formatting only; all remaining values unchanged
config/production/eval-low-policy-e1067/run_crn-stream-manifest.json,Research_Workspace/05_P0_RECOVERY/evidence/run_metadata/eval-low-policy-e1067/run_crn-stream-manifest.json,93bb3ce7a1da0374b089df98f6c173a6e7be01ce6c9bc556bceaaa2c6cfc81e4,8ea6ecf382ba924dd6656aae351e22bf8633de421af56b365f02cfac0f62e805,saved production runtime record; storage path removed only,public path routing and/or serialization only; no algorithm or numeric change
config/production/eval-low-policy-e1067/run_effective-config.json,Research_Workspace/05_P0_RECOVERY/evidence/run_metadata/eval-low-policy-e1067/run_effective-config.json,dc63d4ddac7662a24b2aa4efc2a83b9d6f2c4756377c6822905b6972548cf385,a63f1af06cf0bb2843b67481c10a0a94fd7485c04312efe8507364605adddacc,saved production runtime record; storage path removed only,outputPrefix omitted; JSON formatting only; all remaining values unchanged
config/production/eval-low-policy-e1068/run_crn-stream-manifest.json,Research_Workspace/05_P0_RECOVERY/evidence/run_metadata/eval-low-policy-e1068/run_crn-stream-manifest.json,5c117f34b385a28c0f942334e8a6a4a1e1d566604662e57c188ee3ef14f0512b,5587e2fc510f4c0a05b8f2c2b5d50d2a97cf2b8661ff9698c635d0f69cf19816,saved production runtime record; storage path removed only,public path routing and/or serialization only; no algorithm or numeric change
config/production/eval-low-policy-e1068/run_effective-config.json,Research_Workspace/05_P0_RECOVERY/evidence/run_metadata/eval-low-policy-e1068/run_effective-config.json,9a70909cb156270a3f01ba188eec2ed339a3f26b066e201795390e057755feff,5a07d5b417d8af8f2b85cb87c950324bda432fcfb6d4617a44f775eaebc92cc8,saved production runtime record; storage path removed only,outputPrefix omitted; JSON formatting only; all remaining values unchanged
config/production/eval-low-policy-e1069/run_crn-stream-manifest.json,Research_Workspace/05_P0_RECOVERY/evidence/run_metadata/eval-low-policy-e1069/run_crn-stream-manifest.json,d9a9bb3ca92c9b7c4e0b2774861506bb48b0028f80dc6449e93115082c70ee8e,a845cdfb91e745aa457dae62788ecfb4063b7365de46c85787d7c58c5ce358fd,saved production runtime record; storage path removed only,public path routing and/or serialization only; no algorithm or numeric change
config/production/eval-low-policy-e1069/run_effective-config.json,Research_Workspace/05_P0_RECOVERY/evidence/run_metadata/eval-low-policy-e1069/run_effective-config.json,ec75d59fa2414b2714d28ef69c8c40655e5f08fc87bc5bfc0a2679f81b216568,4045835173afcb8ad3e86feed0d4c6ae172ae3da3f7a75066a00fa53257f14b0,saved production runtime record; storage path removed only,outputPrefix omitted; JSON formatting only; all remaining values unchanged
config/production/eval-low-policy-e1070/run_crn-stream-manifest.json,Research_Workspace/05_P0_RECOVERY/evidence/run_metadata/eval-low-policy-e1070/run_crn-stream-manifest.json,10c9677419ed88a9d1cc8700f80dbae179cf1254b98d9de5ec84f49d5d6ec753,2621bb0d466af573ae553034e5324846d7831f875271855e038869bf73d782f9,saved production runtime record; storage path removed only,public path routing and/or serialization only; no algorithm or numeric change
config/production/eval-low-policy-e1070/run_effective-config.json,Research_Workspace/05_P0_RECOVERY/evidence/run_metadata/eval-low-policy-e1070/run_effective-config.json,cdad7d8086fb93de943491a516d31f4452800dbd678341bf6f1f4d95cade095e,de1178fa90e6ccf682114b8be0228bac322335911bba46d990bc397f3c6c6b22,saved production runtime record; storage path removed only,outputPrefix omitted; JSON formatting only; all remaining values unchanged
config/production/eval-low-policy-e1071/run_crn-stream-manifest.json,Research_Workspace/05_P0_RECOVERY/evidence/run_metadata/eval-low-policy-e1071/run_crn-stream-manifest.json,128782b6f1e4a1346c0caabbad2508e7c6fdb03dd74897521803d5f42363cc70,3c2476ed650025f34c9c8d42974219088d4e5ce7c0b85f5838c6adb84a57c1e6,saved production runtime record; storage path removed only,public path routing and/or serialization only; no algorithm or numeric change
config/production/eval-low-policy-e1071/run_effective-config.json,Research_Workspace/05_P0_RECOVERY/evidence/run_metadata/eval-low-policy-e1071/run_effective-config.json,877ae3a80355ddfe682b46c46dba96d2b0fde4fab75c2a21757b969fa23ffe02,766588892b46258896f336092497b05733612e80f8fcbae1f5dab7b8a968742f,saved production runtime record; storage path removed only,outputPrefix omitted; JSON formatting only; all remaining values unchanged
config/production/eval-low-policy-e1072/run_crn-stream-manifest.json,Research_Workspace/05_P0_RECOVERY/evidence/run_metadata/eval-low-policy-e1072/run_crn-stream-manifest.json,6bdd0116906ce400b4ae71322b8ad232eae5c196d61128cb414c82271279f0e0,20d7f796c3000fba02e2f0af77158d52eb5605d15a57dd5265acdae47ef011f6,saved production runtime record; storage path removed only,public path routing and/or serialization only; no algorithm or numeric change
config/production/eval-low-policy-e1072/run_effective-config.json,Research_Workspace/05_P0_RECOVERY/evidence/run_metadata/eval-low-policy-e1072/run_effective-config.json,e7e1f12e5950d5cad425c9c54f2e741dcda32d5358aa23be299e82e8126819bf,422d4af65421f6d23f6237a217755cb1b01eb07e0ee3b5c7a04199512a017224,saved production runtime record; storage path removed only,outputPrefix omitted; JSON formatting only; all remaining values unchanged
config/production/eval-low-policy-e1073/run_crn-stream-manifest.json,Research_Workspace/05_P0_RECOVERY/evidence/run_metadata/eval-low-policy-e1073/run_crn-stream-manifest.json,727ed29c915fe6bbe08b65e7850962414ab6f558acc1c8efeed4077f18df574b,12a4e61230c93ad04ba9c05ffd94ea09ed819117faed1c2c6bb7d6afff203ce0,saved production runtime record; storage path removed only,public path routing and/or serialization only; no algorithm or numeric change
config/production/eval-low-policy-e1073/run_effective-config.json,Research_Workspace/05_P0_RECOVERY/evidence/run_metadata/eval-low-policy-e1073/run_effective-config.json,800707f34bf3d196c3701d6f29463f93e628c53e3f3f622ee55c4a349b68dc66,c8135ae5527f226c56b3cd41062803ec7810fe21c2372ac43650acba3d20dada,saved production runtime record; storage path removed only,outputPrefix omitted; JSON formatting only; all remaining values unchanged
config/production/eval-low-policy-e1074/run_crn-stream-manifest.json,Research_Workspace/05_P0_RECOVERY/evidence/run_metadata/eval-low-policy-e1074/run_crn-stream-manifest.json,4e3955bd45a3d146033d50df346b8aa14846179377cb57cc18c796d6513898b6,d7fcbf21bcaa88756871a4fbf7c1aa3a66f118285f7c9fc8e406dbbb5322026f,saved production runtime record; storage path removed only,public path routing and/or serialization only; no algorithm or numeric change
config/production/eval-low-policy-e1074/run_effective-config.json,Research_Workspace/05_P0_RECOVERY/evidence/run_metadata/eval-low-policy-e1074/run_effective-config.json,8d1d366a94910bc352a5b36b2a15c9eced5a3d7ec6c6f53d665c60e6ea416b1a,ad698fd2a3437f5f41e574e20dbd906ce13387f9d6f785d27b88d8d5e147533f,saved production runtime record; storage path removed only,outputPrefix omitted; JSON formatting only; all remaining values unchanged
config/production/eval-low-policy-e1075/run_crn-stream-manifest.json,Research_Workspace/05_P0_RECOVERY/evidence/run_metadata/eval-low-policy-e1075/run_crn-stream-manifest.json,e42af2cc6d10dbb3e0ede6aca6a1399fa148b15fc054a8c9c54bdb49203b2860,a165b22a1d78f680377765ba463d81b822ab28bb7b75a7274fb77a597728e06e,saved production runtime record; storage path removed only,public path routing and/or serialization only; no algorithm or numeric change
config/production/eval-low-policy-e1075/run_effective-config.json,Research_Workspace/05_P0_RECOVERY/evidence/run_metadata/eval-low-policy-e1075/run_effective-config.json,04e277305926ad38a7fd34e6a690892e6ce094c7201142f341bfd1eda9561c16,5c49ff6588c427dd45a4ac6e942595aff76e06914c155cd0ddf5d55b39389c68,saved production runtime record; storage path removed only,outputPrefix omitted; JSON formatting only; all remaining values unchanged
config/production/eval-low-policy-e1076/run_crn-stream-manifest.json,Research_Workspace/05_P0_RECOVERY/evidence/run_metadata/eval-low-policy-e1076/run_crn-stream-manifest.json,99081c9f7be88a81066dcc0d9c0b3bc2bd9b27388797e5af4201dcfb548b4085,0b11dea01809352dd57af8cdd7ed3ee117ecacde98afc4725075ca6359432955,saved production runtime record; storage path removed only,public path routing and/or serialization only; no algorithm or numeric change
config/production/eval-low-policy-e1076/run_effective-config.json,Research_Workspace/05_P0_RECOVERY/evidence/run_metadata/eval-low-policy-e1076/run_effective-config.json,570deb78bace26cd9bd287b7fd272aaeaed0283ba491c6ce69e1fc7b381d66de,39dd843c3c2d4e07b33361a45f7bdf04c6154c7ce7bc7c6b8cb0afbf7e20f4ba,saved production runtime record; storage path removed only,outputPrefix omitted; JSON formatting only; all remaining values unchanged
config/production/eval-low-policy-e1077/run_crn-stream-manifest.json,Research_Workspace/05_P0_RECOVERY/evidence/run_metadata/eval-low-policy-e1077/run_crn-stream-manifest.json,208f2fda231fb5422c1485f5c01f0c02fa0a3b17eac0e1c359e987e93312e1ce,3b4af6393a92e290964d78f19d5b1167cf999fe77da0c4dce591fb00c0960d3c,saved production runtime record; storage path removed only,public path routing and/or serialization only; no algorithm or numeric change
config/production/eval-low-policy-e1077/run_effective-config.json,Research_Workspace/05_P0_RECOVERY/evidence/run_metadata/eval-low-policy-e1077/run_effective-config.json,0304b99cc1180947e2c381eeaa5c69cf115b9b6e67170927112f70ff3795d9ed,a0085dbae1f74d72cdeaac93486c10cc3ed2ad88f1c72c56c61b2be36744dffa,saved production runtime record; storage path removed only,outputPrefix omitted; JSON formatting only; all remaining values unchanged
config/production/eval-low-policy-e1078/run_crn-stream-manifest.json,Research_Workspace/05_P0_RECOVERY/evidence/run_metadata/eval-low-policy-e1078/run_crn-stream-manifest.json,a124bc6b29ca488c94c755edba3c465410bcd41b2deec8fce8b849e9b7aed8ff,cc380b5c383f78f407afdeee3c1c5cc43b3fe99cad4ee0c3addc6c5b33cb0635,saved production runtime record; storage path removed only,public path routing and/or serialization only; no algorithm or numeric change
config/production/eval-low-policy-e1078/run_effective-config.json,Research_Workspace/05_P0_RECOVERY/evidence/run_metadata/eval-low-policy-e1078/run_effective-config.json,0f65c2c80fd38114dd42b0b3141a4ee98314b0c963b626e0d539a20b3e295432,a7e1ed55534330a9444b9859299ed9828ec264e0bac4535de4f5c6365e3f0c01,saved production runtime record; storage path removed only,outputPrefix omitted; JSON formatting only; all remaining values unchanged
config/production/eval-low-policy-e1079/run_crn-stream-manifest.json,Research_Workspace/05_P0_RECOVERY/evidence/run_metadata/eval-low-policy-e1079/run_crn-stream-manifest.json,d05aa15be1236f098f6c8b4bc7a1358ae15776c0017faa40a0b6ef95d7068f3e,c9d455d3f9eecac6c3218dc8c053bc1b9484be827f5fba087e6ccc69e8c4b4c0,saved production runtime record; storage path removed only,public path routing and/or serialization only; no algorithm or numeric change
config/production/eval-low-policy-e1079/run_effective-config.json,Research_Workspace/05_P0_RECOVERY/evidence/run_metadata/eval-low-policy-e1079/run_effective-config.json,e2b7a5d7a27fab161d083456ef237acc638f0d2f386018423f5d46485732dbea,6f778cecc221176ecd8b300cc6ed92b0a0820aa559cd1c5fe44fb2ffe89ba3b2,saved production runtime record; storage path removed only,outputPrefix omitted; JSON formatting only; all remaining values unchanged
config/production/eval-low-policy-e1080/run_crn-stream-manifest.json,Research_Workspace/05_P0_RECOVERY/evidence/run_metadata/eval-low-policy-e1080/run_crn-stream-manifest.json,4cb4a432673cf424eaa0fc3efa08892bb8856f5128daa8090fdd27d09271ebed,88f1fc30ef761ae681b1ad0042ace558e01fb2d177c25d6249ae3bc864fe9402,saved production runtime record; storage path removed only,public path routing and/or serialization only; no algorithm or numeric change
config/production/eval-low-policy-e1080/run_effective-config.json,Research_Workspace/05_P0_RECOVERY/evidence/run_metadata/eval-low-policy-e1080/run_effective-config.json,b7d69d4ee19474bd67355daf6783180474e7f6fa682634a26defbf4f68f07b64,eb7ac419316df22310231485aa8951ab8cd3119197514301965f6864761fc1ba,saved production runtime record; storage path removed only,outputPrefix omitted; JSON formatting only; all remaining values unchanged
config/production/eval-low-policy-e1081/run_crn-stream-manifest.json,Research_Workspace/05_P0_RECOVERY/evidence/run_metadata/eval-low-policy-e1081/run_crn-stream-manifest.json,6a1fe93d3a24957190cbb2a3461fc0cc228803143603e6edfaedff6d79504a4b,d8ac46bd6fd91f2f8d7bc27a898417a7d97b97bbad81ec8ee967b84cbc227fb9,saved production runtime record; storage path removed only,public path routing and/or serialization only; no algorithm or numeric change
config/production/eval-low-policy-e1081/run_effective-config.json,Research_Workspace/05_P0_RECOVERY/evidence/run_metadata/eval-low-policy-e1081/run_effective-config.json,1609ccc532a1be722c04b95e13de213b313acb5f9aba424e08df60c31d67eb14,0e58be334a7734fd66cba9485cafe72800278c5c037b7701de7772819c98594a,saved production runtime record; storage path removed only,outputPrefix omitted; JSON formatting only; all remaining values unchanged
config/production/eval-low-policy-e1082/run_crn-stream-manifest.json,Research_Workspace/05_P0_RECOVERY/evidence/run_metadata/eval-low-policy-e1082/run_crn-stream-manifest.json,403e69090d1cbaaba5c0983263d72c7a7c87f25eda1b66f8e5a5198a3a7975a9,89e80c23a0f737dd8ecf5991c14473fd64e4ff050957afd88dcf531518d894a3,saved production runtime record; storage path removed only,public path routing and/or serialization only; no algorithm or numeric change
config/production/eval-low-policy-e1082/run_effective-config.json,Research_Workspace/05_P0_RECOVERY/evidence/run_metadata/eval-low-policy-e1082/run_effective-config.json,3a7ab1f4a4f0b6dad6a9cb1f8fe100dde146a844f9955bc0712a826863faea26,1422b47423c24a8dc3ce02e33b343b78c0af26bf8fa7862a4a99cace6df18d9a,saved production runtime record; storage path removed only,outputPrefix omitted; JSON formatting only; all remaining values unchanged
config/production/eval-low-policy-e1083/run_crn-stream-manifest.json,Research_Workspace/05_P0_RECOVERY/evidence/run_metadata/eval-low-policy-e1083/run_crn-stream-manifest.json,7ea1ddb0e104570ef6122dd2535b8887ff0a7f1199555866ac483630fbbec98a,8dc8a6609ad91eda005192f74a2fb640fbeb628114f40cd0171f996df51aad0a,saved production runtime record; storage path removed only,public path routing and/or serialization only; no algorithm or numeric change
config/production/eval-low-policy-e1083/run_effective-config.json,Research_Workspace/05_P0_RECOVERY/evidence/run_metadata/eval-low-policy-e1083/run_effective-config.json,67735e98bc0733b3b874a6871a71402fcc442ace929eba033b89c2de565b4bd7,14635f0c630faaf18a74938991d1900d2036b98032fabb7d9d3e44b753285527,saved production runtime record; storage path removed only,outputPrefix omitted; JSON formatting only; all remaining values unchanged
config/production/eval-low-policy-e1084/run_crn-stream-manifest.json,Research_Workspace/05_P0_RECOVERY/evidence/run_metadata/eval-low-policy-e1084/run_crn-stream-manifest.json,e7c1b65ce78dbf43f0c83e4a5e984ba695bd3b8ca26a75f8b33edce6e1ebdf0f,6e4237534629f62a0a7f56588677cc296c77845a393aa5d7bef8d8e0bf1beac2,saved production runtime record; storage path removed only,public path routing and/or serialization only; no algorithm or numeric change
config/production/eval-low-policy-e1084/run_effective-config.json,Research_Workspace/05_P0_RECOVERY/evidence/run_metadata/eval-low-policy-e1084/run_effective-config.json,8720a65bf4c5777cc69e217ce805105b0d3b4295da9b28e75c4ef49a93c74c8f,65c1b8e28c77f2789c1159bd50f30d313b0e1d567ff4ba944dd70a4438be8571,saved production runtime record; storage path removed only,outputPrefix omitted; JSON formatting only; all remaining values unchanged
config/production/eval-low-policy-e1085/run_crn-stream-manifest.json,Research_Workspace/05_P0_RECOVERY/evidence/run_metadata/eval-low-policy-e1085/run_crn-stream-manifest.json,d8220e1ed4177328b2ab7e359278ce9a6f3b7dc880b139bdeff230f66960c6e1,d2cdb75d236780d25c136fcf0881d8731e82bf68e06e6066e73ad7a817079606,saved production runtime record; storage path removed only,public path routing and/or serialization only; no algorithm or numeric change
config/production/eval-low-policy-e1085/run_effective-config.json,Research_Workspace/05_P0_RECOVERY/evidence/run_metadata/eval-low-policy-e1085/run_effective-config.json,0ba2c1b9995ce1774f6782bcbdf75e2de5cbb2eac8ffe229fa320212541f0501,1afd66e72e92d881edea879c426d4d1f168f378ad36b51aa578b2b1f5bcf875a,saved production runtime record; storage path removed only,outputPrefix omitted; JSON formatting only; all remaining values unchanged
config/production/eval-low-policy-e1086/run_crn-stream-manifest.json,Research_Workspace/05_P0_RECOVERY/evidence/run_metadata/eval-low-policy-e1086/run_crn-stream-manifest.json,789f954baa6030fca0d7211854adff9fb54e9d4fa0a347ca8d8aefae4c406539,3770c73146c9f79fc3aee1c355db819a9fbad6aca8bd6f9c6457223119001328,saved production runtime record; storage path removed only,public path routing and/or serialization only; no algorithm or numeric change
config/production/eval-low-policy-e1086/run_effective-config.json,Research_Workspace/05_P0_RECOVERY/evidence/run_metadata/eval-low-policy-e1086/run_effective-config.json,6e52f61fb454957ef4e1fc7fcdc6898b41bbafb33c87af67890ca6c0a8e7147a,90e3ed291dc2ed5436996fa0231c4102ab1fdae6986b16f8cbab610d745c4622,saved production runtime record; storage path removed only,outputPrefix omitted; JSON formatting only; all remaining values unchanged
config/production/eval-low-policy-e1087/run_crn-stream-manifest.json,Research_Workspace/05_P0_RECOVERY/evidence/run_metadata/eval-low-policy-e1087/run_crn-stream-manifest.json,a6e2ae332fcee6d983ce654c37201575e963b8d8eb787e5c5186f33792e271dc,d20860c931742529e8664adab07b32b16b16459fd9ef6152efed4f5765b1aab8,saved production runtime record; storage path removed only,public path routing and/or serialization only; no algorithm or numeric change
config/production/eval-low-policy-e1087/run_effective-config.json,Research_Workspace/05_P0_RECOVERY/evidence/run_metadata/eval-low-policy-e1087/run_effective-config.json,3ee55d8050c178f975d9b442d47299949e5a2a140c1bb0c5ccd0f15452d1f620,f42967f854768eeecb16f2b3bb80d7e65305f7eb16f7217c47fafccad51214c0,saved production runtime record; storage path removed only,outputPrefix omitted; JSON formatting only; all remaining values unchanged
config/production/eval-low-policy-e1088/run_crn-stream-manifest.json,Research_Workspace/05_P0_RECOVERY/evidence/run_metadata/eval-low-policy-e1088/run_crn-stream-manifest.json,3b7ce73bbe42e2ecbb87fb056cec4f825dc288e70d4082b1e5699bf1b500b8a2,e0b5cb2f031bba330308fb618acf6e0ea553a2292e3444dad19660be77380c51,saved production runtime record; storage path removed only,public path routing and/or serialization only; no algorithm or numeric change
config/production/eval-low-policy-e1088/run_effective-config.json,Research_Workspace/05_P0_RECOVERY/evidence/run_metadata/eval-low-policy-e1088/run_effective-config.json,99cc741ba8bba113bf090a577a7ff64370907fe7af88f07c885fe285f2d1a9ce,26155ac5935476607d6716420fc86ce882cef7dd0f939163321416af36158f12,saved production runtime record; storage path removed only,outputPrefix omitted; JSON formatting only; all remaining values unchanged
config/production/production_manifest.csv,Research_Workspace/05_P0_RECOVERY/evidence/production_records/production_manifest.csv,3fd5de4d4a2c646c46835415d3127ce4322ca7ec9e2b52c1ddc074d1e739e1db,36b2d298e7034835f3baf974a56e21c05472c7e63808c1ed8f0e4d7a4aa7ade6,selected workspace evidence,public path routing and/or serialization only; no algorithm or numeric change
config/production/production_crn_audit.csv,Research_Workspace/05_P0_RECOVERY/evidence/production_records/production_crn_audit.csv,b3b64f67a2cb96a5c157d8cad5b688d372b18a0222f554bfca05a2138e4da26d,b3b64f67a2cb96a5c157d8cad5b688d372b18a0222f554bfca05a2138e4da26d,selected workspace evidence,none
config/supporting/robustness_manifest.csv,Research_Workspace/05_P0_RECOVERY/evidence/robustness_records/robustness_manifest.csv,cf6c6d8fbeff8d65ea5299d7fafb665b3552baa45221dc6f1a3a4602c9c15d34,f9259f4e28ea42987e8da3f546b71b057cd6ba7ae209aa11f3b058e20c8f5eda,selected workspace evidence,public path routing and/or serialization only; no algorithm or numeric change
config/supporting/robustness_crn_audit.csv,Research_Workspace/05_P0_RECOVERY/evidence/robustness_records/robustness_crn_audit.csv,a22d664373e708451494fd21890135a9e3769e2fc7cb618ecc130616b809a1f4,a22d664373e708451494fd21890135a9e3769e2fc7cb618ecc130616b809a1f4,selected workspace evidence,none
ns3/modified_source/src/lte/model/lte-rlc-um.cc,recovered/current/src/lte/model/lte-rlc-um.cc,1926738f6681f629f6658c38c675da3937646daa1a3e58b312b9b2107207e6d6,953bc8bdf6fc05db43f4191013f052b8e5172290012cd3b2a601020d781cd0d1,production matching source; GPL-2.0-only retained,none; public GPL/license or dated modification comments added; logic unchanged
ns3/modified_source/src/lte/model/lte-rlc-um.h,recovered/current/src/lte/model/lte-rlc-um.h,c0e14b02e92d5aa947027fd7129277531a3db12e6f38434ce52b2ee038f7e635,68606f4a718e70e3e660227f3d48315c1319c076e40295896b421d731c0d9a04,production matching source; GPL-2.0-only retained,none; public GPL/license or dated modification comments added; logic unchanged
config/production/manifest_bound_argv.json,Research_Workspace/05_P0_RECOVERY/evidence/production_command_reconstruction.json,b6e3b79d0280157ec905d1c6797bd7697ba811b2171bb3a478eb429840ee1b2a,6569f191af6b5a7395a784dba91063edcb639a218dafac94a2898fc926a08ada,selected workspace evidence,public path routing and/or serialization only; no algorithm or numeric change
